CO_PESSOA_FISICA;ID_TURMA;ID_MATRICULA;NU_ANO;NU_IDADE_REFERENCIA;TP_SEXO;TP_COR_RACA;TP_NACIONALIDADE;CO_UF_NASC;CO_MUNICIPIO_NASC;CO_PAIS_RESIDENCIA;CO_UF_END;CO_MUNICIPIO_END;TP_ZONA_RESIDENCIAL;IN_NECESSIDADE_ESPECIAL;IN_TRANSPORTE_PUBLICO;IN_TRANSP_BICICLETA;IN_TRANSP_MICRO_ONIBUS;IN_TRANSP_ONIBUS;IN_TRANSP_TR_ANIMAL;IN_TRANSP_VANS_KOMBI;IN_TRANSP_OUTRO_VEICULO;IN_TRANSP_EMBAR_ATE5;IN_TRANSP_EMBAR_5A15;IN_TRANSP_EMBAR_15A35;IN_TRANSP_EMBAR_35;IN_ESPECIAL_EXCLUSIVA;IN_REGULAR;IN_EJA;IN_PROFISSIONALIZANTE;CO_ENTIDADE;TP_SITUACAO;TP_ETAPA_ENSINO;NU_DIAS_ATIVIDADE;QT_ESCOLAS_ANO;IN_TRANSFERIDO;IN_CONCLUINTE_FINAL;IN_FALECIDO;N_MATRICULAS_REG;IN_TROCA_ESCOLA;evadiu
1000000001;70000054;700000001;2024;28;2;2;1;;00000612;00000004;00000027;00003122;1;0;0;;;;;;;;;;0;0;1;0;0;11000007;;41;5;1;0;0;0;1;0;
1000000004;70000138;700000002;2024;13;1;3;1;;00001882;00000006;00000023;00004754;1;0;0;;;;;;;;0;0;0;0;1;0;0;11000019;;17;5;1;0;0;0;1;0;
1000000005;70000187;700000003;2024;14;2;1;1;;00004568;00000008;00000007;;1;0;0;;0;;;;;;;;;0;1;0;0;11000026;;14;5;1;0;0;0;1;0;
1000000006;70000187;700000004;2024;11;2;3;1;;00002431;00000005;;00001356;1;0;0;;;;;;;;;0;;;1;0;0;11000026;;14;5;1;0;0;0;1;0;
1000000007;70000021;700000005;2024;21;2;3;1;;00002919;00000002;00000025;00004597;2;0;0;;;;;0;;;;;;0;1;0;;11000002;;;5;1;0;0;0;1;0;
1000000008;70000028;700000006;2024;13;1;3;1;;00002684;00000002;;00003721;1;0;0;;;;;;;0;;;;0;1;0;0;11000003;;15;5;1;0;0;0;1;0;
1000000009;70000090;700000007;2024;12;1;0;1;;00005428;00000005;00000012;00005101;1;0;;;0;;;;0;;0;;0;0;1;0;0;11000012;;1;5;1;0;0;0;1;0;
1000000017;70000082;700000010;2024;19;1;0;1;;00005142;00000002;00000017;00004593;1;0;0;;;0;;;;;;0;;0;1;0;0;11000011;;18;5;1;0;0;0;1;0;
1000000021;70000057;700000011;2024;21;2;1;1;;00005012;00000008;00000027;00002917;1;0;0;;;;;;;;0;;0;0;1;0;0;11000008;;20;5;1;0;0;0;1;0;
1000000026;70000167;700000012;2024;22;2;3;1;;00001361;00000006;00000013;;1;0;0;0;;0;;;;0;;;;0;1;0;0;11000023;;15;5;1;0;0;0;1;0;
1000000028;70000027;700000014;2024;15;1;1;1;;00005518;00000003;00000013;00001440;1;0;0;;;;;;;;1;;0;0;1;0;0;11000003;;18;5;1;0;0;0;1;0;
1000000029;70000196;700000015;2024;10;1;1;1;;00005459;00000008;00000006;;1;0;1;;;;;0;;;;;;0;1;0;0;11000027;;;5;1;0;0;0;1;0;
1000000030;70000203;700000016;2024;11;2;0;1;;00001052;00000005;00000005;00002581;1;0;0;;;;;;;;0;;;0;1;0;0;11000028;;1;5;1;0;0;0;1;0;
1000000033;70000142;700000018;2024;12;2;0;1;;00002014;00000002;;00001626;1;0;0;;0;;;;;;0;0;;0;1;0;0;11000020;;27;5;1;0;0;0;1;0;
1000000035;70000014;700000019;2024;10;2;1;1;;00003723;00000009;00000023;;2;0;1;0;;1;;0;;;;0;;;1;;0;11000001;;2;5;1;0;0;0;1;0;
1000000036;70000213;700000020;2024;20;2;1;1;;00005385;00000009;00000001;00004668;2;0;0;;;;0;;;0;1;;;0;1;0;0;11000030;;40;5;1;0;0;0;1;0;
1000000037;70000180;700000021;2024;17;1;3;1;;00001423;00000006;00000003;00002395;1;0;;;0;;;;;;0;;;;1;0;0;11000025;;;5;1;0;0;0;1;0;
1000000039;70000091;700000022;2024;23;1;1;1;;00005336;00000006;;00002398;1;0;0;;;;;;;;;0;;0;1;0;0;11000012;;1;2;1;0;0;0;1;0;
1000000046;70000127;700000023;2024;9;1;0;1;;00001218;00000007;00000007;00002569;1;0;0;;;1;0;0;;;;;;0;1;0;0;11000018;;20;5;1;0;0;0;1;0;
1000000047;70000151;700000024;2024;13;2;1;1;;00001892;00000009;00000001;00002638;1;0;0;0;;1;;;;;0;;;0;1;0;0;11000021;;17;5;1;0;0;0;1;0;
1000000049;70000159;700000025;2024;13;1;1;1;;00003149;00000008;00000018;00004251;1;0;0;;;;;;;;;;;0;1;0;0;11000022;;;5;1;0;0;0;1;0;
1000000050;70000215;700000026;2024;16;1;0;1;;00003113;00000006;;00005191;1;0;0;0;;;;;;;;;0;0;1;0;0;11000030;;;5;1;0;0;0;1;0;
1000000053;70000051;700000027;2024;24;1;0;1;;00000428;00000002;00000003;00003172;1;0;0;;;;;;;;0;;;0;1;0;0;11000007;;25;1;1;0;0;0;1;0;
1000000055;70000199;700000028;2024;11;1;1;1;;00000434;00000008;;;1;0;0;0;;;0;;0;;0;;;0;1;0;0;11000028;;25;5;1;0;0;0;1;0;
1000000056;70000168;700000029;2024;12;1;0;1;;00004859;00000008;;;1;0;0;;;;;;;;;;;0;1;0;0;11000023;;2;1;1;0;0;0;1;0;
1000000057;70000016;700000030;2024;21;2;3;1;;00005088;00000004;;;2;0;0;;;;;;0;;;;;0;1;0;0;11000002;;20;5;1;0;0;0;1;0;
1000000060;70000120;700000031;2024;12;1;1;1;;00000965;00000008;00000015;00001606;1;0;0;;;;0;;;;;;;0;1;0;0;11000017;;40;5;1;0;0;0;1;0;
1000000064;70000022;700000032;2024;10;1;3;1;;00000891;00000006;00000018;00000689;1;0;0;;0;;;;;;;;0;;1;0;0;11000003;;2;5;1;0;0;0;1;0;
1000000065;70000110;700000033;2024;21;1;3;1;;00004510;00000004;00000006;00002508;1;0;1;;;;;;0;;;;;0;1;1;0;11000015;;;5;1;0;0;0;1;0;
1000000066;70000212;700000034;2024;18;2;3;1;;00002121;00000006;;00001738;2;0;0;0;;;;;;;;;;0;1;0;0;11000030;;18;3;1;0;0;0;1;0;
1000000067;70000173;700000035;2024;10;1;3;1;;00001958;00000006;00000006;00003087;1;0;0;;;;0;;;;;;;0;1;0;0;11000024;;17;5;1;0;0;0;1;0;
1000000069;70000022;700000036;2024;17;1;0;1;;00005442;00000007;00000025;00003841;1;0;0;;;1;;;;;;0;;0;1;0;0;11000003;;2;5;1;0;0;0;1;0;
1000000072;70000186;700000038;2024;17;2;3;1;;00005257;00000004;00000025;00002680;1;0;1;;;1;;;;;;;;0;1;0;0;11000026;;27;5;1;0;0;0;1;0;
1000000073;70000140;700000039;2024;15;1;3;1;;00003307;00000008;00000022;00001482;1;0;0;;;;;;;0;;;;;1;0;0;11000019;;1;5;1;0;0;0;1;0;
1000000074;70000058;700000040;2024;17;2;0;1;;00000871;00000003;00000027;00004155;1;0;0;0;;;;;;;;;;0;1;0;0;11000008;;27;5;1;0;0;0;1;0;
1000000077;70000120;700000042;2024;16;1;0;1;;00003522;00000002;00000002;00001974;1;0;0;0;;;;0;;;;;0;0;1;0;0;11000017;;40;5;1;0;0;0;1;0;
1000000078;70000187;700000043;2024;14;1;0;1;;00003303;00000007;00000021;00005413;1;0;0;0;;1;;;;;;;;0;1;0;0;11000026;;14;5;1;0;0;0;1;0;
1000000080;70000063;700000045;2024;23;1;3;1;;00000239;00000002;;00002852;1;0;0;0;;;;;;;;;0;0;1;0;1;11000008;;69;5;1;0;0;0;1;0;
1000000082;70000116;700000046;2024;16;2;3;1;;00001178;00000006;00000025;00001675;1;0;0;;0;;0;;;;0;;;0;1;0;0;11000016;;;5;1;0;0;0;1;0;
1000000083;70000063;700000047;2024;13;2;0;1;;00000492;00000005;;00001348;1;0;0;;;1;;;;0;;;;0;1;0;0;11000008;;69;5;1;0;0;0;1;0;
1000000084;70000067;700000048;2024;24;1;3;1;;00003100;00000003;00000022;00004717;1;0;0;;;;;;0;;;;;0;1;0;;11000009;;16;1;1;0;0;0;1;0;
1000000085;70000171;700000049;2024;23;1;0;1;;00003861;00000004;;;1;0;;;;;;;;;;;;0;1;0;0;11000024;;25;5;1;0;0;0;1;0;
1000000086;70000201;700000050;2024;17;1;3;1;;00000552;00000004;00000023;;1;0;0;;;;0;;;;;;;0;1;0;0;11000028;;;5;1;0;0;0;1;0;
1000000087;70000055;700000051;2024;19;1;3;1;;00003121;00000009;00000023;00004775;2;1;0;;;;;;;;;;;0;1;0;0;11000007;;21;5;1;0;0;0;1;0;
1000000088;70000156;700000052;2024;19;1;3;1;;00000198;00000001;00000010;;1;0;0;;0;;;0;;0;0;;;;1;0;0;11000022;;2;5;1;0;0;0;1;0;
1000000092;70000107;700000055;2024;17;1;3;1;;00005327;00000009;;00000951;2;0;0;;0;;;0;;;;;;0;1;0;0;11000015;;19;1;1;0;0;0;1;0;
1000000093;70000126;700000056;2024;27;1;3;1;;00002853;00000002;00000008;;1;0;0;;0;;0;0;;;;0;;0;1;0;0;11000017;;20;5;1;0;0;0;1;0;
1000000094;70000176;700000057;2024;8;2;3;1;;00000800;00000006;00000019;00002809;1;0;1;;;;;;;0;;0;0;0;1;;0;11000025;;30;5;1;0;0;0;1;0;
1000000096;70000057;700000058;2024;16;1;1;1;;00004649;00000005;;00004785;1;0;0;;;;0;;;;;;;0;1;0;0;11000008;;20;5;1;0;0;0;1;0;
1000000097;70000143;700000059;2024;14;1;0;1;;00004558;00000006;;00002170;1;0;0;0;;1;;0;0;0;;;;0;1;0;0;11000020;;15;5;1;0;0;0;1;0;
1000000098;70000135;700000060;2024;11;1;1;1;;00001975;00000003;00000010;;1;0;0;;;;0;;;;;;0;;1;0;0;11000019;;;5;1;0;0;0;1;0;
1000000101;70000140;700000061;2024;17;1;3;1;;00002599;00000006;;00004356;1;0;0;;;;;0;;0;;;0;0;1;0;0;11000019;;1;5;1;0;0;0;1;0;
1000000102;70000157;700000062;2024;17;2;0;1;;00004227;00000006;00000017;00005161;1;0;0;;;;;;;;;;;0;1;0;0;11000022;;;5;1;0;0;0;1;0;
1000000106;70000066;700000063;2024;11;1;1;1;;00004685;00000001;;00000117;1;0;0;;0;;;;;;;;;0;1;0;0;11000009;;15;5;1;0;0;0;1;0;
1000000108;70000016;700000064;2024;14;1;5;1;;00004040;00000002;;00005369;1;0;0;;;;;;;0;;;;0;1;0;0;11000002;;20;5;1;0;0;0;1;0;
1000000109;70000062;700000065;2024;20;1;3;1;;00003665;00000001;00000015;;1;0;0;;;;0;;;0;;;;0;1;0;;11000008;;1;5;1;0;0;0;1;0;
1000000111;70000085;700000066;2024;10;1;1;1;;00004585;00000001;00000015;00000353;1;0;0;;;;;0;0;;0;0;0;0;1;0;0;11000012;;1;5;1;0;0;0;1;0;
1000000120;70000134;700000069;2024;16;2;3;1;;00001325;00000007;00000026;00000261;2;0;0;;;;;;;;0;0;0;0;1;0;0;11000019;;;5;1;0;0;0;1;0;
1000000122;70000161;700000070;2024;23;1;0;1;;00003493;00000007;00000023;;2;0;0;;;;;;0;;;;;0;1;0;0;11000022;;;5;1;0;0;0;1;0;
1000000124;70000187;700000071;2024;12;1;0;1;;00000060;00000001;00000011;00002179;1;1;1;;;;;;;;;;;0;1;0;0;11000026;;14;5;1;0;0;0;1;0;
1000000126;70000090;700000072;2024;8;2;0;1;;00004138;00000008;;;1;0;0;;;;;;;;;;;0;1;0;0;11000012;;1;5;1;0;0;0;1;0;
1000000128;70000126;700000073;2024;17;2;3;1;;00001969;00000008;00000011;00000122;1;0;0;0;;;;1;;0;;;;0;1;;0;11000017;;20;5;1;0;0;0;1;0;
1000000134;70000073;700000075;2024;10;2;1;1;;00005037;00000009;;00003699;1;0;0;0;;;;;0;;;;;0;1;0;0;11000010;;1;5;1;0;0;0;1;0;
1000000138;70000112;700000076;2024;11;2;1;1;;00004219;00000006;;;1;0;1;;;;;;0;;;;;0;1;0;0;11000015;;21;5;1;0;0;0;1;0;
1000000139;70000034;700000077;2024;13;2;3;1;;00004128;00000008;;00004492;1;0;0;;1;;;;;0;;;0;0;1;0;1;11000004;;16;5;1;0;0;0;1;0;
1000000144;70000134;700000079;2024;11;2;1;1;;00001412;00000006;;00002802;1;0;0;;;1;;;;;0;;;0;1;0;0;11000019;;;5;1;0;0;0;1;0;
1000000145;70000176;700000080;2024;24;2;3;1;;00003026;00000009;;00001451;1;0;0;;;0;;;;;;;;;1;0;0;11000025;;30;5;1;0;0;0;1;0;
1000000150;70000196;700000082;2024;12;2;0;1;;00004584;00000003;00000013;;1;0;0;;;;;;;;;;;0;1;0;0;11000027;;;5;1;0;0;0;1;0;
1000000151;70000009;700000083;2024;16;2;1;1;;00003498;00000005;00000021;;1;1;0;;;;0;;;0;;;;0;1;1;0;11000001;;16;5;1;0;0;0;1;0;
1000000153;70000070;700000084;2024;22;1;1;1;;00005190;00000004;;00002403;1;0;;;;;;;;;;;;0;1;0;1;11000009;;27;5;1;0;0;0;1;0;
1000000154;70000055;700000085;2024;12;2;0;1;;00003942;00000002;00000023;00000099;1;0;0;;;;;;;;;0;0;0;1;0;0;11000007;;21;5;1;0;0;0;1;0;
1000000156;70000122;700000086;2024;21;1;0;1;;00000049;00000009;;00000406;1;0;1;0;;;;0;;;;;;0;1;0;0;11000017;;16;5;1;0;0;0;1;0;
1000000157;70000008;700000087;2024;20;2;0;1;;00002390;00000009;00000003;;1;0;0;0;0;;;;;;;0;0;0;1;0;;11000001;;;5;1;0;0;0;1;0;
1000000160;70000160;700000089;2024;27;1;1;1;;00004424;00000001;;;1;0;1;;;;;0;;;;;;0;1;0;0;11000022;;;2;1;0;0;0;1;0;
1000000162;70000196;700000090;2024;23;1;0;1;;00002776;00000004;00000006;;1;0;0;;;;;;;;;;0;0;1;0;0;11000027;;;5;1;0;0;0;1;0;
1000000163;70000199;700000091;2024;17;1;1;1;;00005463;00000005;00000016;00002007;1;0;0;0;;;;;;;;;;0;1;0;0;11000028;;25;5;1;0;0;0;1;0;
1000000164;70000143;700000092;2024;14;2;3;1;;00003624;00000006;;;1;0;0;0;;;;0;;;;;0;0;1;0;0;11000020;;15;5;1;0;0;0;1;0;
1000000165;70000155;700000093;2024;21;2;0;1;;00005417;00000006;00000016;;1;0;1;;;;;;0;;;;;0;1;;0;11000022;;;5;1;0;0;0;1;0;
1000000172;70000166;700000095;2024;22;1;3;1;;00003078;00000004;00000012;00002018;1;0;0;;;1;;;;;;0;0;0;1;0;0;11000023;;19;5;1;0;0;0;1;0;
1000000173;70000193;700000096;2024;15;2;0;1;;00000421;00000004;00000012;00003117;1;0;0;;1;;;;;;;0;;0;1;;0;11000027;;16;5;1;0;0;0;1;0;
1000000175;70000109;700000097;2024;21;1;1;1;;00003181;00000008;00000025;00002112;1;0;;;;;;;;0;;;;0;1;1;0;11000015;;17;2;1;0;0;0;1;0;
1000000176;70000129;700000098;2024;10;2;1;1;;00003364;00000006;;00003596;1;0;0;;;1;;;;;;0;;0;1;0;0;11000018;;;5;1;0;0;0;1;0;
1000000178;70000158;700000100;2024;24;2;0;1;;00001645;00000001;00000002;00005249;1;0;0;;;;;;;;;;;0;1;1;0;11000022;;;5;1;0;0;0;1;0;
1000000183;70000203;700000101;2024;18;2;0;1;;00005158;00000001;00000002;;2;0;0;;;;;;;;;0;;0;1;0;1;11000028;;1;5;1;0;0;0;1;0;
1000000184;70000026;700000102;2024;11;1;3;1;;00003789;00000008;;00000314;1;0;0;;;;;;;;;;;0;1;0;;11000003;;26;;1;0;0;0;1;0;
1000000185;70000125;700000103;2024;11;2;2;1;;00004724;00000001;00000011;00003692;1;0;0;;;;0;;;;;;0;0;1;0;0;11000017;;25;1;1;0;0;0;1;0;
1000000186;70000147;700000104;2024;8;1;0;1;;00000845;00000007;00000027;00000375;1;0;0;;;;;;;;0;;;0;1;0;0;11000020;;27;5;1;0;0;0;1;0;
1000000190;70000046;700000106;2024;17;1;3;1;;00005325;00000003;00000012;00003651;1;0;0;;;1;;0;;;;;;0;1;0;0;11000006;;19;5;1;0;0;0;1;0;
1000000192;70000065;700000107;2024;21;1;1;1;;00002142;00000007;;00000963;1;0;0;;;;0;;1;0;;;;0;1;0;0;11000009;;17;1;1;0;0;0;1;0;
1000000196;70000210;700000108;2024;14;2;3;1;;00000860;00000001;00000008;;1;0;0;;;1;;;;;;;;;1;0;0;11000029;;17;5;1;0;0;0;1;0;
1000000197;70000131;700000109;2024;19;1;3;1;;00004923;00000002;;00003866;1;0;0;;;;;;;0;;;0;0;1;0;0;11000018;;;5;1;0;0;0;1;0;
1000000198;70000136;700000110;2024;11;1;3;1;;00004184;00000009;00000003;;1;0;0;;;1;;;;;;;;0;1;0;0;11000019;;26;1;1;0;0;0;1;0;
1000000199;70000092;700000111;2024;11;2;1;1;;00004241;00000007;;00001341;2;0;0;;;;0;;;;0;0;;0;1;0;;11000013;;1;3;1;0;0;0;1;0;
1000000200;70000114;700000112;2024;9;2;3;1;;00003391;00000007;00000019;00003602;1;0;0;;0;;;;;;;;;0;1;0;0;11000016;;22;5;1;0;0;0;1;0;
1000000201;70000201;700000113;2024;14;1;3;1;;00001218;00000009;00000008;;1;0;0;;;;;0;;;0;;;0;1;0;0;11000028;;;5;1;0;0;0;1;0;
1000000203;70000105;700000114;2024;15;1;0;1;;;00000008;;;1;0;1;;;;;;;;0;0;0;0;1;0;0;11000014;;25;5;1;0;0;0;1;0;
1000000204;70000030;700000115;2024;21;2;1;1;;00002437;00000001;00000007;00001022;2;0;0;;;;;;;;;;0;0;1;0;0;11000004;;25;5;1;0;0;0;1;0;
1000000208;70000021;700000119;2024;17;2;3;1;;00005506;00000005;;;1;0;0;;0;;0;0;;;0;;;0;1;0;0;11000002;;;5;1;0;0;0;1;0;
1000000209;70000154;700000120;2024;18;2;0;1;;00005510;00000001;;;1;0;1;;;;;;;;;;;;1;0;0;11000021;;1;5;1;0;0;0;1;0;
1000000210;70000193;700000121;2024;14;2;3;1;;00001749;00000005;00000001;00000134;1;0;1;0;;;;0;0;;;0;;0;1;0;0;11000027;;16;5;1;0;0;0;1;0;
1000000212;70000036;700000122;2024;16;2;1;1;;00005171;00000001;;00001459;1;0;;;1;;;;0;0;;;;0;1;0;0;11000005;;;5;1;0;0;0;1;0;
1000000215;70000185;700000124;2024;10;1;3;1;;00002424;00000006;00000009;;1;0;0;;;;;;;;;;0;0;1;0;0;11000026;;26;5;1;0;0;0;1;0;
1000000218;70000023;700000126;2024;14;2;1;1;;00003844;00000005;;;1;0;1;;0;;;;;;;;0;0;1;0;0;11000003;;1;5;1;0;0;0;1;0;
1000000227;70000075;700000130;2024;21;1;3;1;;00000032;00000008;00000015;00005463;2;0;0;;;1;;;;;0;;;0;1;0;0;11000010;;69;5;1;0;0;0;1;0;
1000000228;70000160;700000131;2024;20;2;3;1;;00005172;00000002;00000018;;1;0;0;0;;;0;0;0;;0;;;0;1;;0;11000022;;;2;1;0;0;0;1;0;
1000000231;70000077;700000133;2024;21;2;3;1;;00003135;00000006;00000002;00002860;1;0;0;;;;;;;;;0;;0;1;0;0;11000010;;56;5;1;0;0;0;1;0;
1000000232;70000006;700000134;2024;18;2;1;1;;00001419;00000009;00000014;;1;0;0;;;;;;;0;;;;0;1;0;0;11000000;;16;5;1;0;0;0;1;0;
1000000236;70000010;700000135;2024;19;1;1;1;;00000030;00000004;;00004638;2;0;0;;;;;;;0;;0;;0;1;0;0;11000001;;2;5;1;0;0;0;1;0;
1000000240;70000078;700000136;2024;19;2;1;1;;00002754;00000003;;;1;0;0;0;;;;;0;0;0;;;0;1;1;0;11000011;;17;5;1;0;0;0;1;0;
1000000241;70000106;700000137;2024;23;2;3;1;;00001978;00000009;00000013;00001895;1;0;0;;;;;;;;;;;0;1;0;0;11000015;;32;5;1;0;0;0;1;0;
1000000244;70000148;700000139;2024;14;1;0;1;;00002870;00000007;00000019;00002880;1;0;0;0;;;;0;;;;;;0;1;0;0;11000021;;41;5;1;0;0;0;1;0;
1000000245;70000152;700000140;2024;15;1;3;1;;;00000002;00000010;;1;0;0;;;;;;;;0;;;0;1;0;;11000021;;2;3;1;0;0;0;1;0;
1000000246;70000026;700000141;2024;21;1;1;1;;00001010;00000009;00000016;00003891;1;0;0;;;;;;;;0;;0;0;1;0;0;11000003;;26;;1;0;0;0;1;0;
1000000247;70000054;700000142;2024;21;1;0;1;;00002812;00000001;00000005;00003675;1;0;0;;;;0;;;0;;;;0;1;0;0;11000007;;41;5;1;0;0;0;1;0;
1000000248;70000081;700000143;2024;14;2;3;1;;00002140;00000004;00000003;;1;1;1;;;;;;;;;;;0;1;;0;11000011;;14;5;1;0;0;0;1;0;
1000000249;70000116;700000144;2024;28;2;0;1;;00005536;00000007;00000012;00002917;1;0;0;;;;;;;;;0;;0;1;0;0;11000016;;;5;1;0;0;0;1;0;
1000000250;70000174;700000145;2024;16;1;1;1;;00002007;00000007;00000025;;2;0;0;;;;;0;;;;;;0;1;0;1;11000024;;14;5;1;0;0;0;1;0;
1000000251;70000210;700000146;2024;21;2;1;1;;00002251;00000004;;00002276;1;1;0;;;1;0;;;;0;;;;1;;0;11000029;;17;5;1;0;0;0;1;0;
1000000252;70000026;700000147;2024;18;2;0;1;;00002293;00000005;00000018;00004408;2;0;;;0;;;;;;;;;0;1;0;0;11000003;;26;;1;0;0;0;1;0;
1000000253;70000205;700000148;2024;14;2;3;1;;00001424;00000001;00000002;00004212;1;0;0;;;;;;0;0;;;;0;1;0;0;11000029;;21;5;1;0;0;0;1;0;
1000000254;70000139;700000149;2024;20;2;0;1;;00000574;00000008;00000019;00004398;1;0;0;0;;1;0;;;;;;;0;1;0;0;11000019;;2;5;1;0;0;0;1;0;
1000000255;70000177;700000150;2024;24;1;1;1;;00005300;00000004;;;1;0;0;;;;;;;;0;;;0;1;0;1;11000025;;68;5;1;0;0;0;1;0;
1000000256;70000122;700000151;2024;19;1;0;1;;00005291;00000009;00000026;00003723;1;0;0;;;;0;;0;;;;;;1;;0;11000017;;16;5;1;0;0;0;1;0;
1000000259;70000091;700000152;2024;13;1;1;1;;00002123;00000008;00000012;;2;0;0;0;1;;;;;;;;;0;1;0;0;11000012;;1;2;1;0;0;0;1;0;
1000000260;70000196;700000153;2024;12;1;3;1;;00003339;00000006;00000011;00003738;1;0;0;;0;;;;;;0;;0;0;1;0;;11000027;;;5;1;0;0;0;1;0;
1000000261;70000074;700000154;2024;19;2;0;1;;00002014;00000001;00000001;00004884;1;0;1;0;;;;;;;;;;0;1;0;0;11000010;;1;5;1;0;0;0;1;0;
1000000262;70000113;700000155;2024;18;1;1;1;;00001242;00000007;00000026;00003754;1;0;0;;;0;0;;;;;0;0;0;1;0;0;11000016;;15;1;1;0;0;0;1;0;
1000000264;70000048;700000156;2024;14;1;3;1;;00002990;00000006;00000004;;2;0;0;;;1;;0;;;;;;0;1;0;0;11000006;;17;5;1;0;0;0;1;0;
1000000265;70000038;700000157;2024;21;2;0;1;;00004476;00000001;;00002637;2;0;0;0;;;;;;0;;;;0;1;0;0;11000005;;26;2;1;0;0;0;1;0;
1000000272;70000139;700000159;2024;15;1;3;1;;00000665;00000006;00000021;00000161;1;0;1;;0;;;;;0;;0;;0;1;0;0;11000019;;2;5;1;0;0;0;1;0;
1000000273;70000213;700000160;2024;21;2;0;1;;00000869;00000001;00000023;;1;0;0;;;;;;;;;;;0;1;0;0;11000030;;40;5;1;0;0;0;1;0;
1000000274;70000207;700000161;2024;9;1;1;1;;00004300;00000002;00000017;00001635;1;0;1;;0;;;;;0;;;0;0;1;0;0;11000029;;21;5;1;0;0;0;1;0;
1000000276;70000141;700000162;2024;16;2;0;1;;00005560;00000003;00000010;00000661;1;0;;;;;;;;;0;;;0;1;0;0;11000020;;41;5;1;0;0;0;1;0;
1000000278;70000019;700000163;2024;15;2;2;1;;00001273;00000009;00000015;00003736;1;0;1;;;0;;;;;;;;;1;0;0;11000002;;;5;1;0;0;0;1;0;
1000000279;70000100;700000164;2024;16;2;1;1;;00005509;00000001;00000026;;1;0;0;;;;;;0;;;;;0;1;0;0;11000014;;15;1;1;0;0;0;1;0;
1000000285;70000145;700000166;2024;21;2;2;1;;00000311;00000008;00000003;00004049;2;0;0;;;;;;;;0;0;;0;1;1;0;11000020;;2;5;1;0;0;0;1;0;
1000000287;70000052;700000167;2024;20;1;1;1;;00001053;00000007;;00003627;1;0;1;;;;;;;0;0;0;;0;1;0;0;11000007;;;5;1;0;0;0;1;0;
1000000288;70000014;700000168;2024;16;2;2;1;;00003659;00000002;;00001193;2;0;1;;;;;;;;;;;0;1;0;0;11000001;;2;5;1;0;0;0;1;0;
1000000290;70000022;700000169;2024;25;2;0;1;;00001388;00000003;;00001930;1;0;1;;;;;;;0;;0;;0;1;0;;11000003;;2;5;1;0;0;0;1;0;
1000000291;70000162;700000170;2024;11;1;1;1;;00002955;00000002;00000011;;1;0;1;;;1;;;0;;;;0;0;1;0;0;11000023;;72;1;1;0;0;0;1;0;
1000000292;70000078;700000171;2024;18;2;1;1;;00003792;00000001;00000022;;1;0;0;0;;;;0;;;;;;0;1;0;0;11000011;;17;5;1;0;0;0;1;0;
1000000294;70000189;700000172;2024;16;1;0;1;;00002907;00000009;00000015;00004377;1;0;0;;;;;0;;;0;0;;0;1;0;0;11000026;;1;5;1;0;0;0;1;0;
1000000295;70000192;700000173;2024;19;2;1;1;;00002319;00000006;00000017;00003896;1;0;0;0;;;;;;;;;;0;1;0;0;11000027;;1;5;1;0;0;0;1;0;
1000000296;70000190;700000174;2024;11;1;2;1;;00003397;00000004;00000025;00000262;2;0;1;;;;;;;;;;;0;1;0;0;11000027;;14;5;1;0;0;0;1;0;
1000000297;70000144;700000175;2024;23;1;1;1;;00003346;00000003;00000016;;1;0;0;;0;;;;;;0;;;0;1;0;0;11000020;;25;5;1;0;0;0;1;0;
1000000298;70000020;700000176;2024;21;1;0;1;;00002302;00000002;00000006;00002598;1;0;0;;;;;;;;;;;0;1;0;0;11000002;;14;6;1;0;0;0;1;0;
1000000300;70000142;700000177;2024;15;2;2;1;;00003137;00000004;00000022;00000527;2;1;0;;;;;;0;;;0;;0;1;0;0;11000020;;27;5;1;0;0;0;1;0;
1000000303;70000042;700000178;2024;16;2;3;1;;00003106;00000004;00000025;00002000;1;0;0;;;;;0;0;;;;;0;1;0;;11000005;;;1;1;0;0;0;1;0;
1000000314;70000069;700000180;2024;17;2;3;1;;00005444;00000004;;;1;0;0;;;;;;;;;;;0;1;0;0;11000009;;15;5;1;0;0;0;1;0;
1000000316;70000053;700000181;2024;18;1;0;1;;00002941;00000006;00000012;;1;0;0;;;0;;0;;;;0;;;1;0;0;11000007;;14;6;1;0;0;0;1;0;
1000000318;70000004;700000182;2024;9;1;2;1;;00003413;00000009;;00004578;1;0;0;;;;;;;;0;;;0;1;0;0;11000000;;20;5;1;0;0;0;1;0;
1000000321;70000078;700000184;2024;22;1;3;1;;00002473;00000004;;00005320;1;0;0;;;;;;;;;;;0;1;0;0;11000011;;17;5;1;0;0;0;1;0;
1000000322;70000100;700000185;2024;21;2;3;1;;00001646;00000005;00000024;00003655;1;0;0;;;;;;;;;;;0;1;0;0;11000014;;15;1;1;0;0;0;1;0;
1000000328;70000044;700000186;2024;12;1;1;1;;00001559;00000004;;00000900;1;0;0;;0;;;;;;;;;0;1;0;0;11000006;;;1;1;0;0;0;1;0;
1000000329;70000125;700000187;2024;11;2;2;1;;00004118;00000002;;00003323;1;0;0;;;;;;;;0;;;0;1;0;0;11000017;;25;1;1;0;0;0;1;0;
1000000331;70000015;700000189;2024;20;2;3;1;;00001621;00000007;00000023;00003706;1;0;1;;;;0;0;;;;;;0;1;0;0;11000002;;;5;1;0;0;0;1;0;
1000000334;70000108;700000191;2024;12;2;1;1;;00004170;00000003;00000008;00002220;1;0;0;0;;;;;1;;;;;0;1;0;0;11000015;;68;5;1;0;0;0;1;0;
1000000339;70000051;700000193;2024;18;2;3;1;;00000953;00000002;00000014;00001052;1;0;0;;;1;;;;;;;;0;1;;0;11000007;;25;1;1;0;0;0;1;0;
1000000343;70000077;700000195;2024;16;2;3;1;;00002571;00000009;00000023;;1;0;0;0;;;;;;;;;;0;1;0;0;11000010;;56;5;1;0;0;0;1;0;
1000000344;70000116;700000196;2024;20;1;3;1;;00004517;00000001;00000016;00003568;1;0;1;;;;0;;;;;;;0;1;0;0;11000016;;;5;1;0;0;0;1;0;
1000000347;70000078;700000197;2024;16;2;1;1;;00004380;00000003;00000024;00003198;1;1;0;;;0;;;;;;;;0;1;0;0;11000011;;17;5;1;0;0;0;1;0;
1000000350;70000216;700000198;2024;15;1;1;1;;00003945;00000003;00000010;00004963;1;0;0;;;1;0;;;;;;;0;1;;0;11000030;;1;5;1;0;0;0;1;0;
1000000353;70000207;700000199;2024;21;1;1;1;;00000647;00000001;00000016;;1;1;0;;;;;;;;;;;0;1;0;0;11000029;;21;5;1;0;0;0;1;0;
1000000355;70000108;700000201;2024;15;1;1;1;;00005118;00000005;;00000110;2;0;0;;;;;;;;;;;0;1;0;0;11000015;;68;5;1;0;0;0;1;0;
1000000356;70000025;700000202;2024;12;1;1;1;;00000433;00000008;00000027;;1;0;1;;0;;;;;0;;;;0;1;0;0;11000003;;14;1;1;0;0;0;1;0;
1000000359;70000098;700000203;2024;15;2;3;1;;00003183;00000004;00000020;00004124;1;0;0;;;;;0;;;;;;0;1;0;0;11000013;;17;5;1;0;0;0;1;0;
1000000360;70000062;700000204;2024;23;2;3;1;;00003082;00000007;00000016;;2;0;0;;;;;;;;;;0;0;1;0;0;11000008;;1;5;1;0;0;0;1;0;
1000000361;70000132;700000205;2024;13;1;0;1;;00000972;00000003;00000025;00004459;1;0;0;;;;;;;0;;0;;0;1;0;0;11000018;;1;5;1;0;0;0;1;0;
1000000362;70000033;700000206;2024;18;1;0;1;;00003314;00000009;00000003;;1;0;0;;0;;;;;;;0;;0;1;0;0;11000004;;20;1;1;0;0;0;1;0;
1000000368;70000073;700000209;2024;22;2;1;1;;00002914;00000003;;00000219;1;1;0;;;;;;;0;;;0;0;1;0;0;11000010;;1;5;1;0;0;0;1;0;
1000000369;70000004;700000210;2024;18;1;3;1;;00003200;00000001;00000008;00000597;1;0;;;;;;;0;;;;;0;1;0;0;11000000;;20;5;1;0;0;0;1;0;
1000000371;70000159;700000212;2024;16;1;0;1;;00000085;00000005;00000014;00001222;1;0;1;;;;0;;;;;;0;0;1;0;0;11000022;;;5;1;0;0;0;1;0;
1000000372;70000019;700000213;2024;11;1;0;1;;00004840;00000007;;00004170;1;0;0;0;;;0;;;;0;;;0;1;0;0;11000002;;;5;1;0;0;0;1;0;
1000000373;70000062;700000214;2024;19;1;1;1;;00004391;00000009;00000002;00000873;1;0;0;;;;;;;;;;;0;1;0;0;11000008;;1;5;1;0;0;0;1;0;
1000000378;70000148;700000216;2024;20;2;0;1;;00000511;00000003;;00003343;1;0;0;0;;;;;0;;;;0;0;1;0;0;11000021;;41;5;1;0;0;0;1;0;
1000000379;70000042;700000217;2024;10;2;0;3;;00002553;00000004;00000025;;1;0;0;;;;;0;;0;;0;;0;1;0;0;11000005;;;1;1;0;0;0;1;0;
1000000381;70000117;700000218;2024;15;2;1;1;;00005536;00000006;00000025;00000437;1;1;0;;0;;0;;;;;;0;0;1;0;0;11000016;;15;1;1;0;0;0;1;0;
1000000383;70000123;700000219;2024;18;1;3;1;;00001025;00000007;;;1;0;0;;;;;;;;0;;;0;1;0;0;11000017;;20;5;1;0;0;0;1;0;
1000000394;70000157;700000220;2024;12;2;1;1;;00003585;00000009;;00000256;1;0;0;;;;;;;;;;;0;1;0;0;11000022;;;5;1;0;0;0;1;0;
1000000397;70000178;700000221;2024;26;2;1;1;;00001598;00000006;00000022;00004648;1;0;0;;;;;;;;;;;;1;0;0;11000025;;25;5;1;0;0;0;1;0;
1000000398;70000035;700000222;2024;14;1;1;1;;00003731;00000002;00000017;00001778;1;0;0;;0;0;;;;0;;;;0;1;0;0;11000004;;15;5;1;0;0;0;1;0;
1000000401;70000078;700000223;2024;14;2;2;1;;;00000006;;00004437;2;0;1;;;;;;;0;;;;0;1;0;0;11000011;;17;5;1;0;0;0;1;0;
1000000402;70000013;700000224;2024;13;1;1;1;;00004749;00000006;;00001173;1;0;0;;;;;;;;;;;;1;0;0;11000001;;;4;1;0;0;0;1;0;
1000000405;70000004;700000225;2024;19;2;3;1;;00002458;00000002;00000025;;1;0;0;0;;;;;;;;;0;0;1;1;;11000000;;20;5;1;0;0;0;1;0;
1000000408;70000202;700000226;2024;19;2;0;1;;00004564;00000002;;;1;1;0;0;;;;;;;;;0;0;1;0;0;11000028;;;5;1;0;0;0;1;0;
1000000409;70000150;700000227;2024;22;1;3;1;;00000150;00000006;00000016;00003483;2;0;0;;0;;;;;;;;0;0;1;0;0;11000021;;19;5;1;0;0;0;1;0;
1000000415;70000019;700000229;2024;21;1;1;1;;00002613;00000007;00000011;;1;0;0;;;1;;0;0;;0;;;0;1;0;1;11000002;;;5;1;0;0;0;1;0;
1000000418;70000217;700000230;2024;22;1;3;1;;00000521;00000009;;;1;0;0;0;;0;;;;;0;;;0;1;0;0;11000030;;16;5;1;0;0;0;1;0;
1000000419;70000122;700000231;2024;20;2;3;1;;00001618;00000004;00000026;00004453;1;0;0;;;;0;;;;;;;0;1;0;0;11000017;;16;5;1;0;0;0;1;0;
1000000421;70000091;700000232;2024;15;1;0;1;;00004259;00000009;00000023;;1;0;0;;;;;;;0;;;;0;1;0;0;11000012;;1;2;1;0;0;0;1;0;
1000000424;70000146;700000235;2024;14;2;1;1;;00002815;00000004;;;1;0;1;;;1;;;0;;;0;;0;1;0;;11000020;;2;5;1;0;0;0;1;0;
1000000427;70000125;700000237;2024;16;2;3;1;;00001280;00000001;00000024;00002956;2;0;0;;0;1;;;;;;;;0;1;0;0;11000017;;25;1;1;0;0;0;1;0;
1000000429;70000178;700000238;2024;14;2;3;1;;00003532;00000005;;;1;0;0;;;;;;;;;;;;1;0;0;11000025;;25;5;1;0;0;0;1;0;
1000000430;70000053;700000239;2024;14;2;1;1;;00003336;00000002;00000004;00001893;1;0;0;;;;0;;0;;;0;;0;1;0;0;11000007;;14;6;1;0;0;0;1;0;
1000000433;70000074;700000240;2024;19;1;0;1;;00003754;00000006;00000009;00003946;1;0;0;;;;;;;;;;;0;1;0;0;11000010;;1;5;1;0;0;0;1;0;
1000000435;70000022;700000241;2024;20;2;0;1;;00004529;00000001;;00004669;1;1;0;;;;0;;;;;;;0;1;0;0;11000003;;2;5;1;0;0;0;1;0;
1000000438;70000059;700000242;2024;19;2;3;1;;00005559;00000001;00000018;00001430;1;0;0;;;;;;;0;;;;0;1;0;1;11000008;;26;5;1;0;0;0;1;0;
1000000439;70000087;700000243;2024;15;1;1;1;;00003321;00000003;00000024;;1;0;0;;;;;;;;;;0;0;1;0;0;11000012;;21;3;1;0;0;0;1;0;
1000000440;70000217;700000244;2024;13;1;2;1;;00004730;00000004;;;1;0;0;;;;0;;;;;;;0;1;0;0;11000030;;16;5;1;0;0;0;1;0;
1000000444;70000163;700000245;2024;18;2;0;1;;00000567;00000001;00000009;00000142;1;0;0;;0;1;;;;0;;;;0;1;0;0;11000023;;16;5;1;0;0;0;1;0;
1000000452;70000151;700000247;2024;12;1;1;1;;00000932;00000004;00000010;00002426;1;0;0;;0;;;0;;;0;;;0;1;0;0;11000021;;17;5;1;0;0;0;1;0;
1000000453;70000133;700000248;2024;13;2;4;1;;00003629;00000004;;;1;0;1;;0;;;0;0;;0;;;0;1;0;0;11000018;;14;5;1;0;0;0;1;0;
1000000456;70000028;700000249;2024;17;2;1;1;;00002757;00000003;00000023;00004143;1;0;0;;;;;;;;;;;0;1;0;0;11000003;;15;5;1;0;0;0;1;0;
1000000459;70000062;700000250;2024;10;2;5;1;;00000716;00000007;00000006;00000634;1;0;0;0;;;;;;;;0;;0;1;;0;11000008;;1;5;1;0;0;0;1;0;
1000000462;70000018;700000251;2024;10;1;3;1;;00004288;00000006;00000002;;1;0;0;;;;;;;;;0;;0;1;0;0;11000002;;16;5;1;0;0;0;1;0;
1000000463;70000165;700000252;2024;19;1;0;1;;00004408;00000001;00000010;;1;0;0;;;;0;;;;;;;0;1;0;0;11000023;;1;5;1;0;0;0;1;0;
1000000465;70000052;700000253;2024;13;1;3;1;;00004019;00000002;00000006;00002886;1;0;1;;0;;0;0;;;;;;0;1;0;0;11000007;;;5;1;0;0;0;1;0;
1000000467;70000081;700000254;2024;21;2;0;1;;00004451;00000008;00000012;00000195;1;0;0;;;0;;;0;;;0;;0;1;0;0;11000011;;14;5;1;0;0;0;1;0;
1000000472;70000086;700000257;2024;26;1;3;1;;00004946;00000001;;00002119;1;0;0;;;0;;;;;;;;0;1;0;0;11000012;;14;2;1;0;0;0;1;0;
1000000474;70000095;700000258;2024;15;2;3;1;;00004568;00000007;00000016;;1;0;0;0;0;;;;;;0;0;;0;1;0;0;11000013;;1;5;1;0;0;0;1;0;
1000000480;70000101;700000259;2024;17;1;0;1;;00002707;00000001;00000008;00002381;1;0;0;;;1;;;;;;;;0;1;0;0;11000014;;32;5;1;0;0;0;1;0;
1000000484;70000133;700000261;2024;9;1;1;1;;00004676;00000005;00000025;;2;0;0;0;;;0;;;;;;;0;1;0;0;11000018;;14;5;1;0;0;0;1;0;
1000000488;70000188;700000262;2024;19;2;3;1;;00005524;00000002;00000008;;1;0;0;;;;0;0;;;;;0;0;1;0;0;11000026;;;5;1;0;0;0;1;0;
1000000491;70000081;700000263;2024;15;2;1;1;;00002648;00000007;;00004378;1;0;1;0;0;;;0;;0;;;;0;1;0;0;11000011;;14;5;1;0;0;0;1;0;
1000000494;70000006;700000264;2024;15;1;0;1;;00004617;00000009;00000002;;1;0;0;;0;;;;;;;;;0;1;0;0;11000000;;16;5;1;0;0;0;1;0;
1000000496;70000160;700000265;2024;11;2;3;1;;00002083;00000005;00000027;;1;0;0;0;1;;;;;0;;;;0;1;0;0;11000022;;;2;1;0;0;0;1;0;
1000000498;70000073;700000266;2024;21;1;1;1;;00002195;00000002;00000022;00004855;1;0;0;;;;;;;;;;;0;1;0;0;11000010;;1;5;1;0;0;0;1;0;
1000000502;70000026;700000267;2024;14;1;0;1;;00000518;00000007;00000025;;1;0;0;;;;;;0;;0;0;;0;1;0;0;11000003;;26;;1;0;0;0;1;0;
1000000503;70000116;700000268;2024;24;2;1;1;;00005448;00000009;;;1;0;0;;;;0;;;;;;0;0;1;0;0;11000016;;;5;1;0;0;0;1;0;
1000000507;70000005;700000270;2024;21;1;3;1;;00004077;00000007;00000011;00004906;1;0;0;;;;;;;;;;;0;1;0;0;11000000;;20;5;1;0;0;0;1;0;
1000000510;70000003;700000271;2024;21;2;1;1;;00002427;00000002;00000010;;1;0;0;;;;;;;;0;;;0;1;0;0;11000000;;;5;1;0;0;0;1;0;
1000000511;70000142;700000272;2024;11;2;3;1;;00003409;00000007;;;1;0;0;;;;;;;;;;0;0;1;0;0;11000020;;27;5;1;0;0;0;1;0;
1000000513;70000185;700000273;2024;18;2;0;1;;00000582;00000001;00000025;00000344;2;0;0;;0;;;;;0;0;;;0;1;0;0;11000026;;26;5;1;0;0;0;1;0;
1000000516;70000063;700000276;2024;21;2;1;1;;00005142;00000006;;00001373;2;0;0;;;;0;;0;;;;;0;1;0;0;11000008;;69;5;1;0;0;0;1;0;
1000000525;70000070;700000280;2024;12;1;1;1;;00004842;00000003;;;2;0;1;;;1;;;0;;;;;0;1;0;0;11000009;;27;5;1;0;0;0;1;0;
1000000526;70000150;700000281;2024;20;2;3;1;;00002309;00000005;00000027;;2;0;0;0;;;;;;;;;;0;1;0;0;11000021;;19;5;1;0;0;0;1;0;
1000000530;70000100;700000283;2024;10;1;0;1;;;00000008;00000014;;2;0;0;;;;;;;;;;;0;1;0;0;11000014;;15;1;1;0;0;0;1;0;
1000000531;70000064;700000284;2024;17;2;3;1;;00002394;00000004;00000008;00002752;1;0;1;0;;;;;;0;;;;0;1;0;0;11000009;;2;5;1;0;0;0;1;0;
1000000533;70000217;700000285;2024;13;1;3;1;;00000005;00000007;00000022;00003015;1;0;0;;;1;;;;;;;;0;1;0;0;11000030;;16;5;1;0;0;0;1;0;
1000000536;70000034;700000288;2024;20;1;3;1;;00005454;00000002;;00003797;1;0;0;;;;;;;0;;;;0;1;0;0;11000004;;16;5;1;0;0;0;1;0;
1000000538;70000128;700000289;2024;14;2;1;1;;00002895;00000002;00000014;00004326;1;0;0;;;;;;;;;;;0;1;0;0;11000018;;14;2;1;0;0;0;1;0;
1000000539;70000132;700000290;2024;17;2;0;1;;00003149;00000007;;00001092;1;0;0;;;;0;;0;;;0;;0;1;0;0;11000018;;1;5;1;0;0;0;1;0;
1000000542;70000116;700000291;2024;14;1;1;1;;00004097;00000006;00000018;;1;0;1;;;;;0;;;;;;0;1;0;;11000016;;;5;1;0;0;0;1;0;
1000000543;70000207;700000292;2024;21;1;3;1;;00001241;00000003;00000013;00001247;1;0;0;;;;;;0;;;;;0;1;0;;11000029;;21;5;1;0;0;0;1;0;
1000000545;70000040;700000293;2024;11;1;3;1;;00004944;00000003;00000024;;2;0;1;;;;;;;0;;;0;0;1;0;0;11000005;;;5;1;0;0;0;1;0;
1000000547;70000027;700000295;2024;17;1;1;1;;00005446;00000001;00000022;00004887;2;0;0;0;;1;;0;;;;;0;0;1;0;0;11000003;;18;5;1;0;0;0;1;0;
1000000557;70000190;700000296;2024;18;1;3;1;;00004117;00000001;;;1;1;1;;;1;;;;0;;;;0;1;;0;11000027;;14;5;1;0;0;0;1;0;
1000000559;70000185;700000297;2024;11;2;1;1;;00001840;00000006;00000026;;2;0;0;;;;;;;0;;;;0;1;0;0;11000026;;26;5;1;0;0;0;1;0;
1000000561;70000126;700000299;2024;17;2;0;1;;00003511;00000003;00000003;00001470;1;0;0;;;;0;;;;;;;0;1;0;0;11000017;;20;5;1;0;0;0;1;0;
1000000563;70000112;700000300;2024;20;1;1;1;;00001455;00000004;;00001244;1;0;0;;;;;;;;;1;;0;1;0;0;11000015;;21;5;1;0;0;0;1;0;
1000000564;70000116;700000301;2024;18;2;3;1;;00005164;00000006;00000019;;1;0;0;;;;;;;;0;;0;0;1;0;0;11000016;;;5;1;0;0;0;1;0;
1000000565;70000035;700000302;2024;16;1;1;1;;00000135;00000007;;00000767;1;0;0;0;;;;;;;;;;0;1;0;0;11000004;;15;5;1;0;0;0;1;0;
1000000566;70000085;700000303;2024;11;2;3;1;;00003084;00000006;00000027;00001460;2;1;0;0;0;;0;;;;;0;0;;1;0;0;11000012;;1;5;1;0;0;0;1;0;
1000000567;70000192;700000304;2024;17;2;0;1;;00001172;00000003;;;1;0;1;0;;1;;0;;;;;;0;1;0;0;11000027;;1;5;1;0;0;0;1;0;
1000000570;70000019;700000306;2024;13;1;0;1;;00002700;00000004;00000009;;1;0;1;;;;;;;;0;;;0;1;;0;11000002;;;5;1;0;0;0;1;0;
1000000571;70000177;700000307;2024;17;2;3;1;;00005211;00000008;00000005;00003143;1;0;0;;;;;0;;;;;;0;1;0;0;11000025;;68;5;1;0;0;0;1;0;
1000000573;70000158;700000308;2024;20;1;1;1;;00000020;00000001;00000002;00002632;2;0;1;;;;;;;0;0;;;0;1;0;0;11000022;;;5;1;0;0;0;1;0;
1000000575;70000211;700000309;2024;13;1;3;1;;00002820;00000005;00000026;00004703;1;0;0;;;;;;;;;;;0;1;0;0;11000030;;16;5;1;0;0;0;1;0;
1000000580;70000024;700000310;2024;17;2;0;1;;00003252;00000004;00000001;00001055;1;0;0;0;0;0;;;;;;;0;;1;0;0;11000003;;19;5;1;0;0;0;1;0;
1000000581;70000113;700000311;2024;8;1;3;1;;00002123;00000005;00000009;00002877;1;0;1;;;;;;;0;0;;;0;1;0;0;11000016;;15;1;1;0;0;0;1;0;
1000000582;70000148;700000312;2024;12;1;0;1;;00003649;00000004;;00004839;1;0;0;;0;0;;0;;;0;;;0;1;0;0;11000021;;41;5;1;0;0;0;1;0;
1000000585;70000137;700000313;2024;15;2;0;1;;00003640;00000007;00000005;;1;0;0;;;1;;;;;0;;0;0;1;0;;11000019;;14;5;1;0;0;0;1;0;
1000000590;70000038;700000314;2024;18;2;0;1;;00001574;00000002;00000015;00004322;1;0;0;;0;;;;;;0;;;0;1;0;0;11000005;;26;2;1;0;0;0;1;0;
1000000591;70000197;700000315;2024;10;1;3;1;;00002808;00000001;00000004;00001860;1;0;0;;;;;;;;0;;;0;1;0;0;11000028;;1;5;1;0;0;0;1;0;
1000000592;70000030;700000316;2024;22;1;1;1;;00004918;00000003;00000024;;1;0;0;;;;;;;;;;;0;1;1;0;11000004;;25;5;1;0;0;0;1;0;
1000000595;70000094;700000317;2024;15;1;3;1;;00002524;00000008;00000010;00002333;1;0;0;;;;;0;;;;;;0;1;0;0;11000013;;18;5;1;0;0;0;1;0;
1000000600;70000134;700000319;2024;15;1;0;1;;00003658;00000002;00000017;00003197;2;1;0;;;;;0;;;;1;;0;1;0;0;11000019;;;5;1;0;0;0;1;0;
1000000603;70000100;700000320;2024;18;2;3;1;;00003030;00000002;00000019;;1;0;0;;;1;;;0;0;;;;0;1;0;0;11000014;;15;1;1;0;0;0;1;0;
1000000604;70000064;700000321;2024;14;1;3;1;;00002925;00000005;;00000603;1;0;;;;;;;0;;;;;0;1;0;0;11000009;;2;5;1;0;0;0;1;0;
1000000605;70000196;700000322;2024;15;1;1;1;;00000472;00000005;00000008;;1;0;0;0;;;;0;0;0;;0;;0;1;0;0;11000027;;;5;1;0;0;0;1;0;
1000000606;70000181;700000323;2024;11;1;1;1;;00001787;00000009;;;1;0;0;;;1;;;;;;;;0;1;0;0;11000025;;;2;1;0;0;0;1;0;
1000000608;70000010;700000324;2024;15;1;3;1;;00002944;00000004;00000004;;1;0;0;;;;;;;;;;;0;1;0;;11000001;;2;5;1;0;0;0;1;0;
1000000609;70000112;700000325;2024;14;1;0;1;;00002807;00000001;00000004;00002832;1;0;1;0;;;0;0;;;;;0;0;1;0;0;11000015;;21;5;1;0;0;0;1;0;
1000000610;70000125;700000326;2024;15;1;1;1;;00001531;00000007;;00001554;1;0;1;;;1;;;;;;;0;0;1;0;0;11000017;;25;1;1;0;0;0;1;0;
1000000612;70000045;700000327;2024;12;2;3;1;;00004950;00000005;00000003;00000939;2;0;0;;;;;1;;;;;0;0;1;;0;11000006;;;5;1;0;0;0;1;0;
1000000613;70000164;700000328;2024;16;2;1;1;;00001481;00000002;00000008;;2;1;0;;0;;0;0;0;;;;0;0;1;0;0;11000023;;18;5;1;0;0;0;1;0;
1000000614;70000195;700000329;2024;10;2;1;1;;00002871;00000001;;00001439;1;0;0;0;;;;;0;;0;;;;1;0;0;11000027;;14;2;1;0;0;0;1;0;
1000000617;70000036;700000330;2024;17;2;3;1;;00003272;00000006;;;1;0;0;0;;;0;;0;;;;;0;1;;0;11000005;;;5;1;0;0;0;1;0;
1000000618;70000011;700000331;2024;15;2;0;1;;00003987;00000005;;00002765;2;0;0;;;;;;;;;0;;0;1;;0;11000001;;25;5;1;0;0;0;1;0;
1000000620;70000074;700000332;2024;15;1;1;1;;00004202;00000008;00000020;;1;0;0;;;;;;;;;0;;0;1;0;0;11000010;;1;5;1;0;0;0;1;0;
1000000621;70000021;700000333;2024;23;1;0;1;;00004583;00000008;00000006;;1;1;1;;;;;;0;;;;;0;1;0;;11000002;;;5;1;0;0;0;1;0;
1000000623;70000098;700000334;2024;11;1;0;1;;00001168;00000003;;00003861;1;0;1;;0;1;0;;0;;;;;0;1;0;0;11000013;;17;5;1;0;0;0;1;0;
1000000624;70000103;700000335;2024;21;2;3;1;;00001726;00000004;00000014;00005166;1;0;1;;0;;0;;;0;;0;0;;1;0;0;11000014;;;5;1;0;0;0;1;0;
1000000627;70000075;700000336;2024;22;1;0;1;;00002832;00000009;;00004029;1;0;0;;;;;;;;;;0;0;1;0;0;11000010;;69;5;1;0;0;0;1;0;
1000000628;70000195;700000337;2024;12;2;3;1;;00000908;00000002;00000011;00002511;1;0;1;;;;;;0;;;;;0;1;0;0;11000027;;14;2;1;0;0;0;1;0;
1000000629;70000060;700000338;2024;15;2;0;1;;00005416;00000009;;;1;0;0;;;1;;;;;;;;0;1;0;0;11000008;;;5;1;0;0;0;1;0;
1000000631;70000093;700000339;2024;17;1;0;1;;00001183;00000006;00000013;;1;0;0;0;;;0;;;;;;;0;1;0;0;11000013;;25;5;1;0;0;0;1;0;
1000000638;70000184;700000341;2024;10;2;1;1;;00000837;00000005;;00003506;1;0;0;0;;;0;;;;;;0;0;1;0;0;11000026;;16;5;1;0;0;0;1;0;
1000000640;70000160;700000342;2024;18;2;1;1;;00005564;00000009;;00002612;2;0;1;;0;;;;;;;;;0;1;0;0;11000022;;;2;1;0;0;0;1;0;
1000000643;70000098;700000343;2024;10;2;1;1;;00003380;00000006;;;1;0;0;;;;;;;;;;;0;1;0;0;11000013;;17;5;1;0;0;0;1;0;
1000000645;70000148;700000344;2024;12;1;3;1;;00004615;00000003;00000019;00001707;1;0;0;;;;;;1;;;;;0;1;1;0;11000021;;41;5;1;0;0;0;1;0;
1000000646;70000067;700000345;2024;14;1;0;1;;00004667;00000008;00000021;;2;0;0;;;;;;;;;;0;;1;0;0;11000009;;16;1;1;0;0;0;1;0;
1000000647;70000164;700000346;2024;16;2;1;1;;00001542;00000002;00000008;;2;0;0;;;;;;;;;;0;0;1;0;0;11000023;;18;5;1;0;0;0;1;0;
1000000649;70000134;700000347;2024;8;2;3;1;;00003172;00000001;;;1;1;1;;0;1;;;;;;0;;0;1;;0;11000019;;;5;1;0;0;0;1;0;
1000000653;70000135;700000349;2024;12;2;1;1;;00002183;00000001;;00000269;1;1;;0;;;;0;;0;;;;0;1;0;0;11000019;;;5;1;0;0;0;1;0;
1000000657;70000086;700000350;2024;19;2;0;1;;00005211;00000007;00000010;00001040;1;0;0;;;;;;;;;;;0;1;0;0;11000012;;14;2;1;0;0;0;1;0;
1000000658;70000217;700000351;2024;15;2;0;1;;00005343;00000006;00000023;00002717;1;0;0;;;;0;;;;;;;0;1;0;0;11000030;;16;5;1;0;0;0;1;0;
1000000660;70000190;700000353;2024;11;1;1;1;;00000831;00000005;00000008;00001060;1;0;0;;0;;;;;;;;0;0;1;;0;11000027;;14;5;1;0;0;0;1;0;
1000000662;70000127;700000355;2024;16;2;1;1;;00004225;00000005;;00004019;1;0;0;;;;;;0;;;;;0;1;0;0;11000018;;20;5;1;0;0;0;1;0;
1000000663;70000130;700000356;2024;10;2;1;1;;00005080;00000009;00000002;00004019;1;0;0;;;;;0;;;0;;;0;1;0;0;11000018;;25;3;1;0;0;0;1;0;
1000000665;70000076;700000357;2024;11;1;3;1;;00002041;00000009;;00003829;1;0;0;;;;;0;;;;;;0;1;;;11000010;;;5;1;0;0;0;1;0;
1000000666;70000037;700000358;2024;23;2;0;1;;00001035;00000009;00000021;00000362;1;0;0;;;;;;;;;;0;0;1;0;0;11000005;;26;5;1;0;0;0;1;0;
1000000667;70000076;700000359;2024;22;1;0;1;;00002025;00000004;00000004;;2;0;0;;;;;;;;;;;0;1;;0;11000010;;;5;1;0;0;0;1;0;
1000000668;70000066;700000360;2024;10;2;1;1;;00004775;00000007;00000005;00005162;1;0;0;;0;;0;;;;;;;0;1;0;;11000009;;15;5;1;0;0;0;1;0;
1000000672;70000211;700000362;2024;19;2;2;1;;00003082;00000005;;00000931;1;0;0;;;;;0;;;;;0;0;1;0;0;11000030;;16;5;1;0;0;0;1;0;
1000000673;70000209;700000363;2024;22;2;1;1;;00002411;00000005;00000001;;1;0;0;;;;;;;;;;;0;1;0;0;11000029;;21;5;1;0;0;0;1;0;
1000000678;70000209;700000364;2024;18;1;0;1;;00005187;00000009;00000003;;1;0;0;;;;;;;0;0;;;0;1;0;0;11000029;;21;5;1;0;0;0;1;0;
1000000679;70000005;700000365;2024;16;2;1;1;;00004109;00000005;00000006;00002938;1;0;0;;0;;;;0;;;;;0;1;0;0;11000000;;20;5;1;0;0;0;1;0;
1000000680;70000058;700000366;2024;15;2;3;1;;00005402;00000002;00000003;;1;0;1;0;;1;;;;;;;;0;1;0;0;11000008;;27;5;1;0;0;0;1;0;
1000000681;70000160;700000367;2024;25;1;3;1;;00003221;00000009;;00004883;1;0;0;;;0;;0;0;;;;;;1;0;0;11000022;;;2;1;0;0;0;1;0;
1000000682;70000091;700000368;2024;11;2;3;1;;00000456;00000005;00000026;00002714;2;0;0;;;;0;;;;;;;0;1;0;0;11000012;;1;2;1;0;0;0;1;0;
1000000684;70000042;700000369;2024;16;1;3;1;;00000555;00000005;00000024;00004116;1;0;0;;0;1;;;;;;;;0;1;0;0;11000005;;;1;1;0;0;0;1;0;
1000000685;70000137;700000370;2024;10;1;0;1;;00002391;00000001;;00002153;1;0;0;;;;;0;;;;;;0;1;0;0;11000019;;14;5;1;0;0;0;1;0;
1000000688;70000048;700000373;2024;11;1;3;1;;00004639;00000005;00000008;;1;0;0;;;;;;;;;0;;0;1;0;0;11000006;;17;5;1;0;0;0;1;0;
1000000690;70000108;700000374;2024;23;2;3;1;;00001672;00000003;;;1;0;1;;1;;;;;;;;;0;1;0;0;11000015;;68;5;1;0;0;0;1;0;
1000000693;70000066;700000375;2024;10;1;0;1;;00003081;00000006;00000011;00004184;1;0;1;;;;0;;;;;;0;0;1;0;0;11000009;;15;5;1;0;0;0;1;0;
1000000694;70000068;700000376;2024;20;1;1;1;;00004157;00000002;;00000554;1;0;1;;;;0;;;;;;0;0;1;0;0;11000009;;2;5;1;0;0;0;1;0;
1000000695;70000194;700000377;2024;12;1;0;1;;00001815;00000004;00000013;;1;0;0;;;1;;;;;;;;0;1;0;0;11000027;;2;5;1;0;0;0;1;0;
1000000696;70000167;700000378;2024;14;1;1;1;;00001497;00000001;00000020;;1;0;0;;;1;;;1;;;;;0;1;0;1;11000023;;15;5;1;0;0;0;1;0;
1000000701;70000045;700000380;2024;14;2;1;1;;00004462;00000003;00000017;;1;0;0;;;;;;;0;;;;0;1;0;0;11000006;;;5;1;0;0;0;1;0;
1000000702;70000209;700000381;2024;17;2;1;1;;00002680;00000008;;;1;0;0;;;;;;;;;;0;0;1;0;0;11000029;;21;5;1;0;0;0;1;0;
1000000703;70000015;700000382;2024;12;2;0;1;;00004668;00000005;00000002;00001793;1;0;0;;0;;;;;;;;;0;1;0;0;11000002;;;5;1;0;0;0;1;0;
1000000705;70000075;700000383;2024;12;1;3;1;;00004999;00000007;00000020;00001307;1;0;0;;;;;;;;;0;;0;1;0;0;11000010;;69;5;1;0;0;0;1;0;
1000000708;70000083;700000384;2024;16;2;0;1;;00002996;00000007;00000012;00004707;2;0;0;;0;;;;;0;0;;0;;1;0;0;11000011;;;5;1;0;0;0;1;0;
1000000710;70000178;700000386;2024;9;2;1;1;;00000820;00000002;00000006;00000042;1;0;0;;;;;;;;0;;;0;1;0;0;11000025;;25;5;1;0;0;0;1;0;
1000000713;70000073;700000387;2024;11;2;3;1;;00000389;00000004;00000018;;1;0;0;;;;0;0;;;;;;0;1;0;0;11000010;;1;5;1;0;0;0;1;0;
1000000717;70000204;700000388;2024;18;2;0;1;;00005532;00000004;00000014;00001445;1;0;0;;;;;;;;;;;0;1;0;0;11000029;;18;5;1;0;0;0;1;0;
1000000719;70000166;700000389;2024;12;2;1;1;;00002992;00000002;00000004;00003781;1;0;0;0;;;;;;0;;;;0;1;0;0;11000023;;19;5;1;0;0;0;1;0;
1000000724;70000179;700000390;2024;18;2;0;1;;00005390;00000003;00000025;00000863;2;0;1;0;;;;;;;;;;0;1;;0;11000025;;1;5;1;0;0;0;1;0;
1000000726;70000059;700000391;2024;16;1;3;1;;00003764;00000001;;;1;0;0;0;;;0;;;;;;;0;1;0;0;11000008;;26;5;1;0;0;0;1;0;
1000000727;70000040;700000392;2024;15;2;1;1;;00003653;00000008;;;1;0;0;;;0;0;;;;;0;0;0;1;0;0;11000005;;;5;1;0;0;0;1;0;
1000000728;70000047;700000393;2024;22;1;1;1;;00002376;00000001;00000027;;2;0;0;0;;1;;;0;;;0;0;0;1;0;0;11000006;;;5;1;0;0;0;1;0;
1000000729;70000090;700000394;2024;23;2;1;1;;00000163;00000004;;00001498;1;0;0;;;;;;;;;0;;0;1;0;0;11000012;;1;5;1;0;0;0;1;0;
1000000734;70000001;700000395;2024;19;1;3;1;;00000964;00000002;00000007;00004790;1;0;0;;;;;;;;;;;0;1;0;0;11000000;;14;5;1;0;0;0;1;0;
1000000738;70000070;700000399;2024;13;2;1;1;;00000403;00000002;00000008;00005230;1;0;0;0;;0;;;;;;;;0;1;0;0;11000009;;27;5;1;0;0;0;1;0;
1000000739;70000154;700000400;2024;25;1;1;1;;00002339;00000007;;00001330;1;0;0;;;;;0;;;;;;0;1;0;0;11000021;;1;5;1;0;0;0;1;0;
1000000742;70000012;700000401;2024;14;2;3;1;;00002140;00000007;00000002;00003867;2;0;0;;;1;;;;;0;0;;0;1;0;0;11000001;;19;4;1;0;0;0;1;0;
1000000747;70000101;700000402;2024;24;1;0;1;;00001128;00000005;;00000783;1;0;0;;;;;;;;;0;;0;1;0;0;11000014;;32;5;1;0;0;0;1;0;
1000000748;70000105;700000403;2024;8;1;0;1;;00000253;00000004;;00000098;1;0;0;;;;;0;;;;;;0;1;0;0;11000014;;25;5;1;0;0;0;1;0;
1000000750;70000150;700000404;2024;17;2;1;1;;00004011;00000009;00000016;00003922;1;0;1;;;;;;0;;0;;;0;1;0;0;11000021;;19;5;1;0;0;0;1;0;
1000000754;70000155;700000405;2024;21;1;3;1;;00003070;00000007;00000002;00004716;1;0;0;;;;;;;0;;;;0;1;0;0;11000022;;;5;1;0;0;0;1;0;
1000000755;70000041;700000406;2024;18;1;0;1;;00002362;00000001;00000003;;1;0;0;;;;;;;0;;;;0;1;0;0;11000005;;20;5;1;0;0;0;1;0;
1000000756;70000098;700000407;2024;14;2;0;1;;00001433;00000002;;00001024;1;0;0;;;;;;;;;;;0;1;0;0;11000013;;17;5;1;0;0;0;1;0;
1000000757;70000048;700000408;2024;21;2;1;1;;00003684;00000003;;00005345;1;0;0;;;;;;;;;;;0;1;1;0;11000006;;17;5;1;0;0;0;1;0;
1000000765;70000134;700000411;2024;12;2;3;1;;00004304;00000003;;00003184;1;0;0;;;;0;;;;;;;0;1;;0;11000019;;;5;1;0;0;0;1;0;
1000000766;70000178;700000412;2024;8;2;3;1;;00004724;00000005;;;1;0;0;;;1;;0;;;0;;;0;1;0;0;11000025;;25;5;1;0;0;0;1;0;
1000000767;70000136;700000413;2024;22;1;1;1;;00001678;00000008;00000002;00000067;2;0;0;0;;;;;;;;;;0;1;;0;11000019;;26;1;1;0;0;0;1;0;
1000000768;70000048;700000414;2024;22;1;0;1;;00005463;00000005;;;1;1;1;;;;;;;;;;;0;1;0;0;11000006;;17;5;1;0;0;0;1;0;
1000000773;70000152;700000415;2024;17;1;2;1;;00003589;00000003;00000012;00004148;1;0;1;;;;;;;;0;;;0;1;0;0;11000021;;2;3;1;0;0;0;1;0;
1000000774;70000097;700000416;2024;11;2;0;1;;00003774;00000003;00000004;;2;0;1;;;;0;;;;;;;0;1;0;0;11000013;;;5;1;0;0;0;1;0;
1000000776;70000098;700000417;2024;8;2;3;1;;00004802;00000007;00000010;00005100;1;0;1;;;;;;0;;;;0;;1;0;0;11000013;;17;5;1;0;0;0;1;0;
1000000777;70000124;700000418;2024;9;1;1;1;;00003451;00000001;00000007;00001396;1;0;0;;;1;;;;;;;0;0;1;;0;11000017;;70;5;1;0;0;0;1;0;
1000000778;70000198;700000419;2024;11;1;1;1;;00003543;00000006;00000024;00002649;1;0;0;;0;;;0;;;;;;0;1;0;0;11000028;;18;5;1;0;0;0;1;0;
1000000779;70000214;700000420;2024;31;1;3;1;;00002257;00000005;00000027;00001191;1;1;0;;;;;;;;;;;0;1;0;0;11000030;;;5;1;0;0;0;1;0;
1000000781;70000196;700000421;2024;13;2;0;1;;00004324;00000001;;00000794;2;0;0;;0;;;;;;;0;;0;1;1;0;11000027;;;5;1;0;0;0;1;0;
1000000783;70000135;700000423;2024;19;1;5;1;;00001195;00000008;00000016;;1;0;0;;;;;;;;;;;0;1;0;0;11000019;;;5;1;0;0;0;1;0;
1000000784;70000096;700000424;2024;12;2;1;1;;00005462;00000009;00000003;00000143;2;0;0;;;;;;0;;;;;0;1;0;0;11000013;;18;5;1;0;0;0;1;0;
1000000785;70000165;700000425;2024;19;2;1;1;;00005231;00000008;00000020;00005295;1;0;0;;;;0;;;;;;;0;1;0;0;11000023;;1;5;1;0;0;0;1;0;
1000000787;70000050;700000426;2024;13;1;2;1;;00002030;00000009;;00001187;1;0;1;;;1;;;0;;;;;0;1;1;0;11000007;;;4;1;0;0;0;1;0;
1000000791;70000198;700000427;2024;22;2;3;1;;00005163;00000003;00000021;00002595;1;0;0;0;0;1;;;;;;0;;0;1;0;0;11000028;;18;5;1;0;0;0;1;0;
1000000792;70000189;700000428;2024;13;1;1;1;;00000336;00000007;00000023;;1;0;0;;;;0;0;0;;;;;0;1;0;0;11000026;;1;5;1;0;0;0;1;0;
1000000798;70000041;700000429;2024;10;2;0;1;;00000950;00000008;00000008;;2;0;0;;;;0;;;;0;;;0;1;0;0;11000005;;20;5;1;0;0;0;1;0;
1000000799;70000070;700000430;2024;21;1;1;1;;00000727;00000009;00000018;00005336;1;0;0;;1;;;;;;0;;;0;1;0;1;11000009;;27;5;1;0;0;0;1;0;
1000000801;70000068;700000431;2024;9;1;3;1;;00003853;00000002;00000012;;1;0;0;;;1;;;0;;;;;0;1;0;0;11000009;;2;5;1;0;0;0;1;0;
1000000804;70000070;700000432;2024;14;2;1;1;;00000740;00000005;00000010;00001466;2;0;0;;;;;;;;;;;;1;0;0;11000009;;27;5;1;0;0;0;1;0;
1000000805;70000083;700000433;2024;21;1;1;1;;00003143;00000007;00000005;00002390;1;0;0;;;;;;;;;;;0;1;0;;11000011;;;5;1;0;0;0;1;0;
1000000809;70000101;700000434;2024;14;1;1;1;;00005439;00000005;;00004284;2;0;0;;;;;0;;;;;;0;1;0;0;11000014;;32;5;1;0;0;0;1;0;
1000000811;70000034;700000435;2024;8;1;0;1;;00001935;00000005;;;1;0;1;0;0;;;;0;;;;;0;1;0;0;11000004;;16;5;1;0;0;0;1;0;
1000000813;70000105;700000436;2024;13;1;3;1;;00004304;00000008;;;2;0;0;;;;0;;;;;;;1;1;0;;11000014;;25;5;1;0;0;0;1;0;
1000000819;70000176;700000437;2024;14;1;0;1;;00003598;00000008;00000027;;1;0;0;;;;;;;;;0;;0;1;0;0;11000025;;30;5;1;0;0;0;1;0;
1000000820;70000212;700000438;2024;17;2;1;1;;00005001;00000002;00000020;;1;0;0;;;;;;;;;0;;0;1;0;0;11000030;;18;3;1;0;0;0;1;0;
1000000826;70000195;700000440;2024;17;2;1;1;;00004434;00000007;00000025;;1;0;0;;;;0;0;0;;;;0;0;1;0;0;11000027;;14;2;1;0;0;0;1;0;
1000000831;70000194;700000441;2024;22;2;0;1;;00003950;00000004;00000006;;1;0;0;;;;;;;;0;;0;0;1;0;0;11000027;;2;5;1;0;0;0;1;0;
1000000839;70000201;700000445;2024;20;2;3;1;;00003661;00000009;;00001078;2;0;0;;;;;;;;;0;;0;1;0;0;11000028;;;5;1;0;0;0;1;0;
1000000847;70000196;700000447;2024;16;2;3;1;;00003242;00000008;;00000327;2;0;0;;;;;;;;;;;0;1;0;0;11000027;;;5;1;0;0;0;1;0;
1000000849;70000204;700000448;2024;21;2;1;1;;00001467;00000002;00000017;00001760;1;0;0;;;;;;;;;;0;0;1;0;0;11000029;;18;5;1;0;0;0;1;0;
1000000851;70000159;700000449;2024;11;2;1;1;;00000206;00000001;00000016;00000120;1;0;0;0;;;;;;;;;;0;1;0;0;11000022;;;5;1;0;0;0;1;0;
1000000853;70000044;700000450;2024;22;1;1;1;;00001654;00000005;;;2;0;0;;;;;;;;;;;0;1;0;0;11000006;;;1;1;0;0;0;1;0;
1000000854;70000123;700000451;2024;13;2;1;1;;00003633;00000002;;;1;0;1;;;0;;;;0;;;;0;1;1;0;11000017;;20;5;1;0;0;0;1;0;
1000000856;70000160;700000452;2024;23;1;0;1;;00004694;00000003;;00003808;1;0;0;;;;;0;;;;0;0;0;1;0;0;11000022;;;2;1;0;0;0;1;0;
1000000864;70000088;700000453;2024;16;1;1;1;;00003848;00000004;00000001;00005431;2;0;0;0;;;;;;;;;0;0;1;0;0;11000012;;19;1;1;0;0;0;1;0;
1000000865;70000189;700000454;2024;10;1;0;1;;00002429;00000004;;00000901;1;0;0;0;;;0;;;;;;;0;1;0;;11000026;;1;5;1;0;0;0;1;0;
1000000866;70000123;700000455;2024;20;1;3;1;;00003516;00000004;;00002219;1;1;0;;;;;;;0;;;;0;1;0;1;11000017;;20;5;1;0;0;0;1;0;
1000000868;70000065;700000457;2024;15;1;3;1;;00005519;00000002;00000003;;1;0;0;;;;;0;;;;;0;;1;0;0;11000009;;17;1;1;0;0;0;1;0;
1000000870;70000094;700000458;2024;24;2;2;1;;00004318;00000005;00000027;;1;1;1;;;;;;;;0;0;0;0;1;0;;11000013;;18;5;1;0;0;0;1;0;
1000000871;70000009;700000459;2024;25;1;1;1;;00002387;00000001;00000027;;1;0;1;0;;;;;0;;;;;0;1;0;0;11000001;;16;5;1;0;0;0;1;0;
1000000872;70000110;700000460;2024;20;1;1;1;;00005297;00000005;00000008;00000555;1;0;0;;;;;;;;;;;;1;0;0;11000015;;;5;1;0;0;0;1;0;
1000000873;70000037;700000461;2024;10;2;1;1;;00002966;00000007;00000006;00004932;1;0;1;0;;;;0;;;;;;0;1;;0;11000005;;26;5;1;0;0;0;1;0;
1000000875;70000162;700000462;2024;12;2;3;1;;00002137;00000007;00000009;00001454;1;0;0;;;;;0;;;;;;0;1;;0;11000023;;72;1;1;0;0;0;1;0;
1000000878;70000212;700000463;2024;8;1;0;1;;00005238;00000006;00000004;00002587;1;0;0;;0;;;;0;;;;;0;1;0;0;11000030;;18;3;1;0;0;0;1;0;
1000000881;70000123;700000464;2024;11;2;0;1;;00005372;00000001;00000026;00001163;1;0;1;;;;;;;;;;;0;1;0;0;11000017;;20;5;1;0;0;0;1;0;
1000000882;70000051;700000465;2024;13;1;1;1;;00001701;00000001;;00003172;1;0;0;;;1;;0;;;0;;;0;1;0;0;11000007;;25;1;1;0;0;0;1;0;
1000000884;70000185;700000466;2024;8;1;0;1;;00002318;00000006;00000005;;1;0;0;;;1;0;;;;0;;;0;1;0;0;11000026;;26;5;1;0;0;0;1;0;
1000000886;70000025;700000467;2024;17;1;1;1;;00004363;00000008;00000026;00000579;1;0;1;;;1;;;;;;;;0;1;0;0;11000003;;14;1;1;0;0;0;1;0;
1000000888;70000070;700000468;2024;10;1;3;1;;00005402;00000007;00000004;00002910;2;0;0;;;;;;;;;0;;0;1;0;0;11000009;;27;5;1;0;0;0;1;0;
1000000890;70000125;700000470;2024;18;1;0;1;;00000993;00000004;;00005432;1;0;0;0;;;;;;0;;;;0;1;0;0;11000017;;25;1;1;0;0;0;1;0;
1000000892;70000213;700000471;2024;13;1;1;1;;00000341;00000008;;;1;0;0;0;;;;0;;;;;;0;1;0;1;11000030;;40;5;1;0;0;0;1;0;
1000000894;70000103;700000472;2024;22;1;1;1;;00004166;00000002;00000010;00004313;2;0;1;;;;;;;;0;;;0;1;0;0;11000014;;;5;1;0;0;0;1;0;
1000000896;70000082;700000473;2024;22;2;3;1;;00000096;00000008;00000014;;1;0;0;;;;;;;;0;;;0;1;0;0;11000011;;18;5;1;0;0;0;1;0;
1000000899;70000041;700000475;2024;12;2;1;1;;00004073;00000005;00000025;;1;0;0;;;;;0;;;0;;0;0;1;;0;11000005;;20;5;1;0;0;0;1;0;
1000000901;70000080;700000476;2024;20;1;2;1;;00000899;00000002;00000025;00001808;2;0;0;;;;;;;;;;;0;1;0;0;11000011;;2;5;1;0;0;0;1;0;
1000000903;70000021;700000477;2024;20;2;1;1;;00000004;00000004;;00002803;1;0;0;;;;;;;;0;;0;0;1;0;0;11000002;;;5;1;0;0;0;1;0;
1000000905;70000012;700000479;2024;29;2;0;1;;00002515;00000008;00000026;00003965;1;0;0;;;;;;;;;;;0;1;0;0;11000001;;19;4;1;0;0;0;1;0;
1000000906;70000051;700000480;2024;16;1;1;1;;00004065;00000002;00000014;;1;0;0;;0;;;;;;;0;;0;1;;0;11000007;;25;1;1;0;0;0;1;0;
1000000907;70000208;700000481;2024;17;2;0;1;;00003163;00000005;;00003084;1;0;1;;;;;;;0;;;;0;1;0;0;11000029;;1;5;1;0;0;0;1;0;
1000000911;70000157;700000482;2024;16;2;1;1;;00002135;00000007;;00004545;1;0;0;;;;;;;;;;;0;1;0;0;11000022;;;5;1;0;0;0;1;0;
1000000914;70000178;700000483;2024;11;2;3;1;;00002268;00000005;00000026;00002075;1;0;0;;;;0;;1;;;;;0;1;;0;11000025;;25;5;1;0;0;0;1;0;
1000000917;70000142;700000484;2024;23;2;1;1;;00002909;00000007;;00000860;1;0;1;;;;0;;;0;;;;;1;0;0;11000020;;27;5;1;0;0;0;1;0;
1000000918;70000021;700000485;2024;17;1;3;1;;00002174;00000002;00000009;;1;1;0;0;;0;;;;;;0;;;1;0;0;11000002;;;5;1;0;0;0;1;0;
1000000923;70000094;700000486;2024;19;2;0;1;;00002716;00000009;;00003640;1;0;0;;;;0;0;;;;;;0;1;0;0;11000013;;18;5;1;0;0;0;1;0;
1000000926;70000069;700000487;2024;21;1;3;1;;00004968;00000003;00000009;;1;0;0;;0;1;;;;;0;0;;0;1;;0;11000009;;15;5;1;0;0;0;1;0;
1000000928;70000086;700000488;2024;21;1;3;1;;00004810;00000009;00000022;00003284;1;0;0;;;;;0;;;;;;0;1;0;0;11000012;;14;2;1;0;0;0;1;0;
1000000929;70000147;700000489;2024;15;2;3;1;;00002407;00000003;00000006;;1;0;0;;;;;;;;;;0;0;1;0;0;11000020;;27;5;1;0;0;0;1;0;
1000000930;70000055;700000490;2024;15;2;5;1;;00003345;00000001;00000013;;1;0;1;;;;;0;;;;0;;0;1;;0;11000007;;21;5;1;0;0;0;1;0;
1000000933;70000029;700000492;2024;28;1;0;1;;00002644;00000003;;00001346;1;0;0;;;0;;0;0;;;;;0;1;0;0;11000004;;;5;1;0;0;0;1;0;
1000000934;70000028;700000493;2024;11;2;1;1;;00004387;00000002;;00000425;2;0;1;;;;;0;;;;;;0;1;0;0;11000003;;15;5;1;0;0;0;1;0;
1000000940;70000169;700000494;2024;15;2;0;1;;;00000009;00000009;00000890;2;0;1;;;;0;0;;;;;;0;1;0;0;11000024;;1;5;1;0;0;0;1;0;
1000000941;70000013;700000495;2024;14;2;1;1;;00005493;00000007;00000004;;1;1;0;;;;;;;;0;0;;;1;0;1;11000001;;;4;1;0;0;0;1;0;
1000000943;70000112;700000496;2024;16;1;0;1;;00000954;00000001;00000017;00004809;1;0;0;;0;;;;;;;;;0;1;0;0;11000015;;21;5;1;0;0;0;1;0;
1000000944;70000191;700000497;2024;11;2;1;1;;00000065;00000003;;00004169;2;0;0;;;1;;;;;;;;0;1;0;0;11000027;;19;5;1;0;0;0;1;0;
1000000945;70000013;700000498;2024;22;1;1;1;;00004926;00000007;;;1;0;0;;;;;;;;;;;0;1;0;0;11000001;;;4;1;0;0;0;1;0;
1000000947;70000203;700000499;2024;12;1;0;1;;00003618;00000005;00000017;;1;0;0;;;;;;0;;;;;0;1;0;0;11000028;;1;5;1;0;0;0;1;0;
1000000948;70000018;700000500;2024;14;2;3;1;;00001124;00000006;00000023;;1;0;1;;0;1;;;;;;0;;;1;0;0;11000002;;16;5;1;0;0;0;1;0;
1000000951;70000097;700000501;2024;22;2;3;1;;00001617;00000003;;00003344;1;0;0;;1;;;1;0;;;;;0;1;0;0;11000013;;;5;1;0;0;0;1;0;
1000000953;70000199;700000502;2024;11;1;0;1;;00002578;00000004;;;1;0;0;;;;;0;;0;;;;0;1;0;0;11000028;;25;5;1;0;0;0;1;0;
1000000954;70000194;700000503;2024;22;2;1;1;;00002061;00000001;00000020;00001602;2;1;0;;;;;0;;;0;0;;0;1;0;0;11000027;;2;5;1;0;0;0;1;0;
1000000955;70000095;700000504;2024;13;2;0;1;;00002671;00000005;00000027;00001622;1;0;0;;;;;;;0;0;;;;1;0;0;11000013;;1;5;1;0;0;0;1;0;
1000000957;70000200;700000506;2024;24;1;3;1;;00005491;00000008;;;2;0;1;;;;0;;;;;;;0;1;0;0;11000028;;41;5;1;0;0;0;1;0;
1000000961;70000045;700000507;2024;13;1;3;1;;00001789;00000009;00000003;;1;0;1;;;;;;0;;;;0;0;1;0;0;11000006;;;5;1;0;0;0;1;0;
1000000962;70000062;700000508;2024;20;2;3;1;;00003360;00000003;00000013;;2;0;0;;0;;;;;;;0;;0;1;0;0;11000008;;1;5;1;0;0;0;1;0;
1000000965;70000210;700000509;2024;9;1;1;1;;00002643;00000006;00000015;00001124;1;0;0;0;;;;0;;;;;;0;1;0;0;11000029;;17;5;1;0;0;0;1;0;
1000000971;70000087;700000510;2024;15;2;5;1;;00000647;00000007;00000020;;2;0;0;;;;;;;;;;0;0;1;0;0;11000012;;21;3;1;0;0;0;1;0;
1000000972;70000216;700000511;2024;23;1;1;1;;00000337;00000007;00000010;;1;0;0;;;;;;;0;0;0;;0;1;0;0;11000030;;1;5;1;0;0;0;1;0;
1000000973;70000039;700000512;2024;23;2;1;1;;00001401;00000004;00000013;;1;0;1;0;;;;;;;;0;;0;1;0;0;11000005;;19;4;1;0;0;0;1;0;
1000000976;70000196;700000513;2024;18;1;1;1;;00000903;00000009;00000023;00000283;2;0;0;0;0;;;;;0;;0;;0;1;0;0;11000027;;;5;1;0;0;0;1;0;
1000000977;70000073;700000514;2024;16;2;2;1;;00005051;00000006;00000013;;1;0;0;;;;;;;;;;;0;1;0;1;11000010;;1;5;1;0;0;0;1;0;
1000000979;70000125;700000515;2024;19;2;0;1;;00005412;00000008;00000021;00000067;2;0;0;;;;;;;;;;;;1;0;0;11000017;;25;1;1;0;0;0;1;0;
1000000982;70000100;700000516;2024;15;1;0;1;;00004876;00000002;00000019;00001886;2;0;0;;;1;0;;;;0;;;0;1;1;0;11000014;;15;1;1;0;0;0;1;0;
1000000984;70000073;700000517;2024;15;2;3;1;;00003819;00000001;00000011;;2;0;0;;;;;;;0;;;;0;1;0;0;11000010;;1;5;1;0;0;0;1;0;
1000000987;70000155;700000518;2024;19;1;3;1;;00001160;00000005;00000019;00003558;2;0;0;;;;;;;;;;;0;1;0;0;11000022;;;5;1;0;0;0;1;0;
1000000998;70000016;700000521;2024;15;2;0;1;;00001757;00000003;;00005293;1;0;0;;;;;;;;;;;0;1;0;0;11000002;;20;5;1;0;0;0;1;0;
1000000999;70000116;700000522;2024;20;1;3;1;;00000799;00000006;;;2;0;1;;;;;;;;;;;0;1;0;0;11000016;;;5;1;0;0;0;1;0;
1000001000;70000179;700000523;2024;19;1;1;1;;00000932;00000001;00000012;00005099;1;0;0;0;;;;;;0;;;;0;1;0;;11000025;;1;5;1;0;0;0;1;0;
1000001001;70000148;700000524;2024;17;1;1;1;;00004720;00000006;;00005248;1;0;0;;0;;;0;;;;0;;0;1;;0;11000021;;41;5;1;0;0;0;1;0;
1000001005;70000001;700000525;2024;20;1;1;1;;00000649;00000003;;;1;0;0;;;;;;;;;;;0;1;0;0;11000000;;14;5;1;0;0;0;1;0;
1000001007;70000016;700000526;2024;13;2;3;1;;00002143;00000009;00000025;00001782;1;0;0;;;;;;;;0;;;0;1;0;0;11000002;;20;5;1;0;0;0;1;0;
1000001012;70000082;700000527;2024;19;1;1;1;;00000346;00000004;00000003;;1;1;0;;;;0;;;0;;;;0;1;0;0;11000011;;18;5;1;0;0;0;1;0;
1000001019;70000108;700000528;2024;31;2;0;1;;00000650;00000008;00000009;00001709;1;0;0;;0;;;;;;;;;0;1;0;0;11000015;;68;5;1;0;0;0;1;0;
1000001022;70000050;700000530;2024;15;2;3;1;;00000076;00000004;00000010;00001128;1;0;0;;;;;;1;;;;;0;1;0;0;11000007;;;4;1;0;0;0;1;0;
1000001024;70000067;700000531;2024;11;1;3;1;;00004391;00000006;00000006;00000374;1;0;0;;0;;;;0;0;;;;0;1;0;0;11000009;;16;1;1;0;0;0;1;0;
1000001026;70000096;700000532;2024;16;2;0;1;;00005445;00000002;;00002919;1;0;0;;;;;;;0;;;;0;1;1;0;11000013;;18;5;1;0;0;0;1;0;
1000001027;70000082;700000533;2024;22;2;0;1;;00000332;00000006;00000006;00005052;1;0;0;;0;0;;;;;;;0;0;1;0;0;11000011;;18;5;1;0;0;0;1;0;
1000001031;70000190;700000534;2024;14;2;3;1;;00000290;00000005;00000002;;2;0;0;;;0;;;;;;;;0;1;0;0;11000027;;14;5;1;0;0;0;1;0;
1000001033;70000010;700000536;2024;15;1;1;1;;00002477;00000005;00000020;00000930;1;0;0;;0;;0;;0;;;0;;0;1;0;0;11000001;;2;5;1;0;0;0;1;0;
1000001034;70000167;700000537;2024;14;1;0;1;;00004464;00000005;00000016;00003284;1;0;0;0;;;;0;;;;;;0;1;0;0;11000023;;15;5;1;0;0;0;1;0;
1000001035;70000200;700000538;2024;14;2;0;1;;00003437;00000002;;;1;0;0;;;;0;;;;;;0;0;1;1;1;11000028;;41;5;1;0;0;0;1;0;
1000001036;70000124;700000539;2024;10;2;1;1;;00000431;00000009;;00000344;1;0;0;;;;;;;;;;0;0;1;0;0;11000017;;70;5;1;0;0;0;1;0;
1000001039;70000052;700000541;2024;18;2;1;1;;;00000002;00000023;;1;0;1;;0;;0;;0;;;0;;0;1;0;0;11000007;;;5;1;0;0;0;1;0;
1000001042;70000071;700000542;2024;15;1;0;1;;00004760;00000001;00000019;00004811;2;0;0;;;;0;0;0;;0;;;0;1;0;0;11000010;;14;5;1;0;0;0;1;0;
1000001043;70000018;700000543;2024;13;1;3;1;;00001682;00000008;00000011;;1;0;0;;;1;;;;0;;;0;;1;0;0;11000002;;16;5;1;0;0;0;1;0;
1000001044;70000034;700000544;2024;31;1;1;1;;00005289;00000006;;00004585;1;0;1;;;;;;;;;;;;1;0;0;11000004;;16;5;1;0;0;0;1;0;
1000001048;70000152;700000545;2024;9;1;0;1;;00004615;00000009;00000013;00003182;1;0;0;;;;;0;;;;;;0;1;0;0;11000021;;2;3;1;0;0;0;1;0;
1000001056;70000044;700000549;2024;14;1;1;1;;00005049;00000007;00000001;00003629;1;0;0;;;;;;;;;;;0;1;0;0;11000006;;;1;1;0;0;0;1;0;
1000001058;70000119;700000551;2024;26;2;0;1;;00002190;00000008;00000022;00002630;1;1;0;;;;;;1;;;;;0;1;0;0;11000016;;;5;1;0;0;0;1;0;
1000001061;70000086;700000552;2024;22;1;1;1;;00003232;00000005;00000024;;1;0;1;;;;;;;;;;;0;1;0;;11000012;;14;2;1;0;0;0;1;0;
1000001062;70000063;700000553;2024;13;2;5;1;;00003506;00000003;;00000430;1;0;0;;;;;;;0;;;;0;1;0;0;11000008;;69;5;1;0;0;0;1;0;
1000001064;70000089;700000554;2024;14;2;3;1;;00005041;00000008;00000015;00001089;2;0;0;;;;;;;;;0;;0;1;0;0;11000012;;25;5;1;0;0;0;1;0;
1000001066;70000206;700000556;2024;14;2;3;1;;00005337;00000002;00000012;;1;0;0;;;;;;;;;;;0;1;0;0;11000029;;14;2;1;0;0;0;1;0;
1000001067;70000159;700000557;2024;17;2;1;1;;00004620;00000003;;;1;0;0;;;;;;;;;;;0;1;0;0;11000022;;;5;1;0;0;0;1;0;
1000001068;70000179;700000558;2024;17;2;1;1;;00001486;00000003;;00003850;1;0;0;;;;;;0;;;;;0;1;0;0;11000025;;1;5;1;0;0;0;1;0;
1000001069;70000052;700000559;2024;23;2;0;1;;00000566;00000005;;00004617;1;0;0;;0;1;0;;;0;;0;0;0;1;;0;11000007;;;5;1;0;0;0;1;0;
1000001070;70000207;700000560;2024;10;1;1;1;;00000042;00000004;;;2;0;0;0;0;0;;;0;;;;;0;1;0;0;11000029;;21;5;1;0;0;0;1;0;
1000001071;70000097;700000561;2024;14;1;1;1;;00003528;00000005;00000023;00005135;1;0;0;;;;;;;;;;;0;1;1;0;11000013;;;5;1;0;0;0;1;0;
1000001072;70000041;700000562;2024;18;1;3;1;;00004628;00000009;00000009;00003966;1;0;0;;;0;;;;0;;;;0;1;0;0;11000005;;20;5;1;0;0;0;1;0;
1000001073;70000076;700000563;2024;9;1;3;1;;00000952;00000007;00000009;00000955;1;0;0;;;;;;;;0;;;0;1;;0;11000010;;;5;1;0;0;0;1;0;
1000001075;70000092;700000564;2024;10;1;1;1;;00002957;00000001;;00004662;1;0;0;;;;0;;;;;;;0;1;0;0;11000013;;1;3;1;0;0;0;1;0;
1000001076;70000074;700000565;2024;19;1;3;1;;00004018;00000002;00000018;;1;0;1;;0;;;;0;;;0;;0;1;0;0;11000010;;1;5;1;0;0;0;1;0;
1000001077;70000163;700000566;2024;18;1;3;1;;00002023;00000003;;00000922;1;0;0;;;;;0;;;;;;0;1;0;0;11000023;;16;5;1;0;0;0;1;0;
1000001078;70000208;700000567;2024;27;1;0;1;;00005079;00000002;00000023;00001054;1;0;0;0;;1;;;;;0;;;0;1;0;0;11000029;;1;5;1;0;0;0;1;0;
1000001079;70000036;700000568;2024;7;2;3;1;;00004831;00000003;00000027;;1;0;0;;0;1;;;;;;;;0;1;0;0;11000005;;;5;1;0;0;0;1;0;
1000001083;70000038;700000570;2024;8;1;2;1;;00000398;00000009;00000008;00003294;1;0;0;0;;;;;;0;;;;0;1;0;0;11000005;;26;2;1;0;0;0;1;0;
1000001084;70000176;700000571;2024;19;1;1;1;;00002705;00000007;00000017;00000429;1;0;0;;;;;;;0;;;0;0;1;0;0;11000025;;30;5;1;0;0;0;1;0;
1000001086;70000165;700000572;2024;14;2;1;1;;00005371;00000006;;;1;0;0;;0;;;;;0;;;;0;1;0;0;11000023;;1;5;1;0;0;0;1;0;
1000001089;70000135;700000573;2024;12;1;3;1;;00003876;00000002;;00004949;1;0;0;;;;;;;;;;;0;1;0;0;11000019;;;5;1;0;0;0;1;0;
1000001091;70000018;700000574;2024;18;1;3;1;;00001834;00000006;00000004;;1;0;0;;0;;;;;;0;;;0;1;0;0;11000002;;16;5;1;0;0;0;1;0;
1000001092;70000134;700000575;2024;19;1;3;1;;00004204;00000003;00000027;00000854;1;0;1;;;;;;;;;0;;0;1;0;0;11000019;;;5;1;0;0;0;1;0;
1000001095;70000087;700000576;2024;23;1;3;1;;00004806;00000006;00000005;00005192;1;0;0;;;;;;;;;;0;0;1;0;0;11000012;;21;3;1;0;0;0;1;0;
1000001103;70000024;700000578;2024;8;2;1;1;;00004281;00000009;00000009;00001908;2;0;0;;;;;0;;;;;;0;1;0;0;11000003;;19;5;1;0;0;0;1;0;
1000001104;70000024;700000579;2024;13;2;1;1;;00005095;00000003;00000025;;1;0;0;;0;;;0;;;0;;;0;1;0;0;11000003;;19;5;1;0;0;0;1;0;
1000001107;70000216;700000581;2024;19;2;3;1;;00000208;00000001;00000010;00005097;1;0;0;;0;;;0;;;;0;;0;1;0;;11000030;;1;5;1;0;0;0;1;0;
1000001108;70000063;700000582;2024;21;2;0;1;;00003992;00000007;;00001989;1;0;0;;;0;;;0;;;;0;0;1;0;0;11000008;;69;5;1;0;0;0;1;0;
1000001110;70000034;700000583;2024;16;1;3;1;;00002719;00000007;;00005162;1;0;0;;0;;;;;;;;;0;1;0;0;11000004;;16;5;1;0;0;0;1;0;
1000001111;70000094;700000584;2024;14;1;1;1;;00002058;00000008;;00001444;1;0;0;;;;0;;;;;;;0;1;0;0;11000013;;18;5;1;0;0;0;1;0;
1000001114;70000077;700000585;2024;8;2;3;1;;00001326;00000001;;;1;0;1;;;0;;;;;;;;0;1;0;0;11000010;;56;5;1;0;0;0;1;0;
1000001116;70000088;700000587;2024;15;2;0;1;;00000418;00000007;00000002;00001032;1;0;0;;;;;;;;;;0;0;1;0;0;11000012;;19;1;1;0;0;0;1;0;
1000001117;70000215;700000588;2024;11;1;1;1;;00004414;00000009;00000021;00004694;1;0;1;;;;;;0;0;;;;;1;0;0;11000030;;;5;1;0;0;0;1;0;
1000001121;70000200;700000590;2024;8;2;1;3;;00002208;00000003;00000022;;1;0;0;;;;;0;;;;;;;1;;0;11000028;;41;5;1;0;0;0;1;0;
1000001125;70000130;700000592;2024;6;1;3;1;;00002350;00000004;;00004936;1;0;0;;;;;;0;0;;;;0;1;0;0;11000018;;25;3;1;0;0;0;1;0;
1000001127;70000212;700000594;2024;18;2;3;1;;00002934;00000001;;;1;0;0;0;;1;;;;;;;;0;1;0;;11000030;;18;3;1;0;0;0;1;0;
1000001134;70000084;700000595;2024;20;1;1;1;;00004754;00000006;00000016;00000711;1;0;0;;0;;;;;;;;;0;1;0;0;11000011;;19;5;1;0;0;0;1;0;
1000001135;70000043;700000596;2024;13;1;3;1;;00001491;00000003;;00002068;1;0;;;;;0;;;;;;;0;1;0;0;11000006;;;5;1;0;0;0;1;0;
1000001136;70000071;700000597;2024;14;1;3;1;;00002971;00000003;00000026;00003313;1;0;1;;;;;;;;;0;;0;1;0;0;11000010;;14;5;1;0;0;0;1;0;
1000001137;70000040;700000598;2024;20;2;1;1;;00003031;00000005;;00000141;1;0;1;;;;;;;0;;;;0;1;0;0;11000005;;;5;1;0;0;0;1;0;
1000001139;70000094;700000599;2024;15;1;0;1;;00005115;00000004;00000004;00001820;1;0;0;;;;;;;0;;0;;0;1;0;0;11000013;;18;5;1;0;0;0;1;0;
1000001140;70000069;700000600;2024;20;1;1;1;;00002451;00000008;;;1;0;0;;;;0;;;;0;;;0;1;0;0;11000009;;15;5;1;0;0;0;1;0;
1000001142;70000192;700000601;2024;8;2;0;1;;00002135;00000003;00000020;00004321;1;0;0;;0;0;;;;;0;;;0;1;0;0;11000027;;1;5;1;0;0;0;1;0;
1000001146;70000051;700000602;2024;16;2;3;1;;00002206;00000001;;00000247;1;0;0;;;0;;0;;;0;;;0;1;0;0;11000007;;25;1;1;0;0;0;1;0;
1000001147;70000027;700000603;2024;19;2;1;1;;00004810;00000005;;00000178;2;0;0;;;;0;;;;;;;0;1;0;0;11000003;;18;5;1;0;0;0;1;0;
1000001149;70000053;700000604;2024;15;2;0;1;;00003386;00000005;00000022;;1;0;1;0;;;;;0;;;0;;;1;0;0;11000007;;14;6;1;0;0;0;1;0;
1000001150;70000188;700000605;2024;9;2;2;1;;00004147;00000005;00000026;00002483;1;0;1;;;;;;;;0;;0;0;1;;0;11000026;;;5;1;0;0;0;1;0;
1000001151;70000143;700000606;2024;13;2;0;1;;00000109;00000007;;00001979;1;0;0;;;;;;;;;0;;0;1;0;0;11000020;;15;5;1;0;0;0;1;0;
1000001152;70000169;700000607;2024;20;2;0;1;;00003940;00000008;00000010;;1;0;0;;0;;;;;;;;;0;1;0;0;11000024;;1;5;1;0;0;0;1;0;
1000001153;70000146;700000608;2024;18;1;3;1;;00000995;00000002;00000027;00004323;1;0;0;0;;1;0;;;0;;;;0;1;0;0;11000020;;2;5;1;0;0;0;1;0;
1000001155;70000082;700000609;2024;20;1;1;1;;00002696;00000005;00000017;00002741;1;0;0;;0;1;;;;;0;;;0;1;0;;11000011;;18;5;1;0;0;0;1;0;
1000001156;70000158;700000610;2024;14;2;1;1;;00001442;00000001;00000009;;2;0;0;;;1;;;;0;;0;;0;1;0;0;11000022;;;5;1;0;0;0;1;0;
1000001161;70000145;700000611;2024;12;1;3;1;;00000011;00000003;00000001;00004715;1;0;0;;;;;0;;;;0;0;0;1;0;0;11000020;;2;5;1;0;0;0;1;0;
1000001162;70000059;700000612;2024;16;2;0;1;;00001849;00000008;;00003905;1;1;0;;;1;;0;0;0;;;;0;1;0;0;11000008;;26;5;1;0;0;0;1;0;
1000001164;70000109;700000613;2024;12;1;3;1;;00002379;00000001;00000001;;1;0;0;;;;;;;;;;;0;1;0;0;11000015;;17;2;1;0;0;0;1;0;
1000001165;70000122;700000614;2024;20;1;0;1;;00001682;00000001;00000023;;1;0;0;;;;;;;;;;;;1;0;0;11000017;;16;5;1;0;0;0;1;0;
1000001166;70000074;700000615;2024;10;1;1;1;;00004362;00000008;00000011;00003968;1;0;1;;;;0;;0;;;;;0;1;0;0;11000010;;1;5;1;0;0;0;1;0;
1000001167;70000002;700000616;2024;19;1;0;1;;00001469;00000008;00000026;00004372;1;0;0;;0;;0;;;;;;0;0;1;0;0;11000000;;74;5;1;0;0;0;1;0;
1000001170;70000020;700000617;2024;16;1;1;1;;00004666;00000002;00000008;00002807;1;0;0;0;;;0;;;;;;;0;1;0;0;11000002;;14;6;1;0;0;0;1;0;
1000001171;70000127;700000618;2024;17;2;3;1;;00001227;00000004;00000021;;1;0;1;;;;;0;1;0;0;;;0;1;0;0;11000018;;20;5;1;0;0;0;1;0;
1000001172;70000085;700000619;2024;18;1;0;1;;00003277;00000002;;;1;0;0;;;;0;;;;;;;0;1;0;0;11000012;;1;5;1;0;0;0;1;0;
1000001173;70000212;700000620;2024;18;2;1;1;;00000572;00000001;;00004684;1;0;0;;;;;0;;;;;;0;1;0;;11000030;;18;3;1;0;0;0;1;0;
1000001174;70000142;700000621;2024;10;1;3;1;;00003479;00000007;;;2;0;0;;;;0;;;;;;;0;1;0;0;11000020;;27;5;1;0;0;0;1;0;
1000001175;70000180;700000622;2024;8;2;3;1;;00003595;00000008;00000002;00000921;2;0;0;;;;;;;0;;;;0;1;1;0;11000025;;;5;1;0;0;0;1;0;
1000001176;70000087;700000623;2024;9;1;0;1;;00005470;00000003;00000008;00003531;1;0;0;;;;0;;;;;;;0;1;0;0;11000012;;21;3;1;0;0;0;1;0;
1000001177;70000177;700000624;2024;21;1;0;1;;00005168;00000007;;;2;0;0;;;;;;;;;;;0;1;0;0;11000025;;68;5;1;0;0;0;1;0;
1000001178;70000183;700000625;2024;13;1;0;1;;00003022;00000009;;00001699;1;0;0;0;;;;;;;0;;0;0;1;0;0;11000026;;41;5;1;0;0;0;1;0;
1000001179;70000153;700000626;2024;21;1;1;1;;00003649;00000002;;00001994;1;0;;;1;;0;;;;;;;;1;0;0;11000021;;2;5;1;0;0;0;1;0;
1000001180;70000054;700000627;2024;12;2;0;1;;00002139;00000004;;;1;0;0;;;;;;0;;;;0;0;1;0;0;11000007;;41;5;1;0;0;0;1;0;
1000001181;70000214;700000628;2024;12;2;3;1;;00002224;00000005;00000018;00004369;1;0;0;0;;1;;;;0;;0;;0;1;0;0;11000030;;;5;1;0;0;0;1;0;
1000001182;70000166;700000629;2024;18;1;0;1;;00000054;00000006;00000014;;1;0;0;0;;1;;;;;;;0;0;1;0;0;11000023;;19;5;1;0;0;0;1;0;
1000001183;70000093;700000630;2024;10;1;3;1;;00003164;00000007;;00005028;1;0;1;;;;;;;0;;;;0;1;0;0;11000013;;25;5;1;0;0;0;1;0;
1000001185;70000193;700000631;2024;23;1;1;1;;00004380;00000008;00000026;;1;0;0;;0;;;;;;;0;;0;1;0;0;11000027;;16;5;1;0;0;0;1;0;
1000001188;70000016;700000633;2024;6;2;1;1;;00004294;00000004;;00001808;1;0;1;0;;;;;;;;;0;0;1;;0;11000002;;20;5;1;0;0;0;1;0;
1000001189;70000065;700000634;2024;14;1;1;1;;00001335;00000005;00000004;00001505;1;0;0;;;;;;;;;;;0;1;0;;11000009;;17;1;1;0;0;0;1;0;
1000001192;70000031;700000635;2024;11;2;3;1;;00003129;00000006;;;1;0;0;;;;;;;;;;0;0;1;0;0;11000004;;;5;1;0;0;0;1;0;
1000001198;70000035;700000636;2024;12;2;0;1;;00000143;00000003;00000011;00000012;2;0;0;;;;;;0;0;;;;0;1;0;0;11000004;;15;5;1;0;0;0;1;0;
1000001200;70000014;700000637;2024;37;1;3;1;;00000854;00000009;00000005;00003301;1;0;1;0;;;;;;;;;;0;1;0;0;11000001;;2;5;1;0;0;0;1;0;
1000001204;70000109;700000639;2024;6;1;3;1;;00004446;00000002;;00002458;1;0;0;;;;;;0;;;;;0;1;0;0;11000015;;17;2;1;0;0;0;1;0;
1000001205;70000211;700000640;2024;12;2;0;1;;00003086;00000006;00000004;;1;0;1;;;;;;;;;;0;0;1;;0;11000030;;16;5;1;0;0;0;1;0;
1000001206;70000188;700000641;2024;14;1;3;1;;00002721;00000007;;;1;1;0;;0;;;;;;;;;;1;0;0;11000026;;;5;1;0;0;0;1;0;
1000001207;70000209;700000642;2024;9;1;3;1;;00005388;00000007;00000025;;1;0;0;;;;;;;;;;;0;1;0;0;11000029;;21;5;1;0;0;0;1;0;
1000001209;70000019;700000644;2024;8;1;3;1;;00002900;00000009;00000016;;1;0;0;0;;;;0;;;;;;0;1;1;0;11000002;;;5;1;0;0;0;1;0;
1000001212;70000027;700000647;2024;13;1;1;1;;00000624;00000008;00000012;;1;0;0;;;;0;;;;0;;;0;1;0;0;11000003;;18;5;1;0;0;0;1;0;
1000001213;70000184;700000648;2024;20;2;0;1;;00004337;00000004;00000020;00002566;2;0;0;;0;;;;;;;;;;1;0;0;11000026;;16;5;1;0;0;0;1;0;
1000001214;70000125;700000649;2024;17;1;3;1;;00005324;00000004;00000027;00005284;1;0;0;;;;;;;;;;0;0;1;1;0;11000017;;25;1;1;0;0;0;1;0;
1000001217;70000093;700000651;2024;7;2;1;1;;00001681;00000001;00000007;00003151;2;1;0;;;;0;0;;;;0;;0;1;0;0;11000013;;25;5;1;0;0;0;1;0;
1000001218;70000127;700000652;2024;20;1;3;1;;00000230;00000005;00000014;00004137;2;0;0;;;;0;;;;;;;0;1;0;0;11000018;;20;5;1;0;0;0;1;0;
1000001219;70000204;700000653;2024;10;2;1;1;;00003370;00000001;00000001;00002732;1;0;0;;0;;;0;;;;;;0;1;1;;11000029;;18;5;1;0;0;0;1;0;
1000001221;70000102;700000654;2024;6;1;3;1;;00002982;00000008;00000008;;2;0;0;;;0;0;;;;;;;0;1;0;0;11000014;;;5;1;0;0;0;1;0;
1000001224;70000026;700000656;2024;13;1;1;1;;00000701;00000009;;;1;0;1;0;;;;;;0;;;;0;1;0;0;11000003;;26;;1;0;0;0;1;0;
1000001225;70000045;700000657;2024;9;2;3;1;;00000584;00000009;00000007;00001842;1;0;0;;;;;;;;;;;;1;0;0;11000006;;;5;1;0;0;0;1;0;
1000001226;70000050;700000658;2024;17;1;1;1;;00002609;00000002;;00000301;1;0;0;;;;0;;0;;;;;0;1;0;0;11000007;;;4;1;0;0;0;1;0;
1000001227;70000124;700000659;2024;8;1;1;1;;00001870;00000005;00000023;00003454;1;0;0;0;;;;;;;;;;0;1;0;0;11000017;;70;5;1;0;0;0;1;0;
1000001228;70000189;700000660;2024;12;1;1;1;;00003154;00000006;00000011;00001929;1;0;0;;;;;;0;;;1;;0;1;0;0;11000026;;1;5;1;0;0;0;1;0;
1000001229;70000153;700000661;2024;5;1;0;1;;00001210;00000009;00000012;00004235;1;1;0;;0;;;;0;;0;;;0;1;0;0;11000021;;2;5;1;0;0;0;1;0;
1000001231;70000057;700000663;2024;10;1;0;1;;00002674;00000008;;00000936;1;0;0;0;;;;0;;;;;;0;1;0;0;11000008;;20;5;1;0;0;0;1;0;
1000001235;70000060;700000664;2024;7;1;0;1;;00000597;00000009;;;1;0;0;;;;0;;;;;;;0;1;0;0;11000008;;;5;1;0;0;0;1;0;
1000001236;70000124;700000665;2024;14;1;3;1;;00004030;00000009;00000026;00005140;1;0;0;;;1;0;;;;0;0;;0;1;0;0;11000017;;70;5;1;0;0;0;1;0;
1000001238;70000029;700000667;2024;15;1;0;1;;00002915;00000009;00000026;;2;0;1;0;;;;;0;;0;;;0;1;0;0;11000004;;;5;1;0;0;0;1;0;
1000001239;70000103;700000668;2024;13;2;1;1;;00003196;00000004;00000009;00001758;2;0;0;;;;0;;;;;;0;;1;0;0;11000014;;;5;1;0;0;0;1;0;
1000001243;70000078;700000671;2024;19;2;3;1;;00000662;00000005;;00001431;1;0;0;;;;;;;0;0;;;0;1;1;0;11000011;;17;5;1;0;0;0;1;0;
1000001244;70000215;700000672;2024;21;2;1;1;;;00000006;;00000995;1;0;0;;0;;;;;;;;0;0;1;0;0;11000030;;;5;1;0;0;0;1;0;
1000001245;70000064;700000673;2024;12;2;0;1;;00003867;00000002;;;1;0;0;;;;;;;;;;0;0;1;0;0;11000009;;2;5;1;0;0;0;1;0;
1000001246;70000058;700000674;2024;11;2;3;1;;00004785;00000006;00000019;00001597;2;0;0;;;;;;;;;0;;0;1;0;0;11000008;;27;5;1;0;0;0;1;0;
1000001247;70000062;700000675;2024;19;2;1;1;;00003829;00000005;;;1;0;0;;;;;;;;;;;0;1;0;0;11000008;;1;5;1;0;0;0;1;0;
1000001248;70000206;700000676;2024;5;1;0;1;;00000376;00000007;00000026;00005226;1;0;0;;;;0;;;0;0;0;;0;1;0;1;11000029;;14;2;1;0;0;0;1;0;
1000001249;70000198;700000677;2024;22;2;0;1;;00004921;00000004;00000002;00001450;1;1;0;;;;;;;;0;0;;0;1;0;0;11000028;;18;5;1;0;0;0;1;0;
1000001250;70000022;700000678;2024;11;2;0;1;;00004548;00000003;;00003633;2;0;0;0;;;;0;;;;;0;0;1;0;0;11000003;;2;5;1;0;0;0;1;0;
1000001251;70000146;700000679;2024;12;1;0;1;;00003983;00000002;;00004940;1;0;0;;;;;;0;;;;;0;1;0;0;11000020;;2;5;1;0;0;0;1;0;
1000001252;70000001;700000680;2024;17;2;3;1;;00002700;00000002;;;1;0;0;;;;;;;;;;0;0;1;0;0;11000000;;14;5;1;0;0;0;1;0;
1000001256;70000062;700000683;2024;12;1;3;1;;00005179;00000007;00000024;00000069;1;0;0;;;1;;;0;;;0;;0;1;0;1;11000008;;1;5;1;0;0;0;1;0;
1000001257;70000153;700000684;2024;7;1;5;1;;00000751;00000004;00000019;00003014;1;0;0;;0;;;;;0;;;;0;1;0;0;11000021;;2;5;1;0;0;0;1;0;
1000001258;70000002;700000685;2024;8;2;3;1;;00003630;00000007;00000017;00000705;1;0;0;;;;;;;0;;;;0;1;0;0;11000000;;74;5;1;0;0;0;1;0;
1000001261;70000201;700000687;2024;15;1;3;1;;00000210;00000009;00000024;00004280;1;0;0;0;;;;;;;;0;;0;1;0;;11000028;;;5;1;0;0;0;1;0;
1000001262;70000193;700000688;2024;8;1;3;1;;00000446;00000008;;;2;0;0;;;;0;;;;;;;0;1;1;0;11000027;;16;5;1;0;0;0;1;0;
1000001263;70000005;700000689;2024;8;2;1;1;;00001901;00000007;00000019;;1;0;0;;;;0;;;;;;;0;1;0;0;11000000;;20;5;1;0;0;0;1;0;
1000001265;70000148;700000691;2024;18;2;3;1;;00002881;00000001;;00004809;1;0;0;;;;;;;0;;;;0;1;1;0;11000021;;41;5;1;0;0;0;1;0;
1000001267;70000198;700000692;2024;11;2;1;1;;00004155;00000007;;00002836;1;0;0;;;;;;;;;;;0;1;0;0;11000028;;18;5;1;0;0;0;1;0;
1000001268;70000119;700000693;2024;10;1;0;1;;00002639;00000005;00000009;00005374;1;0;0;;;;;0;0;;;;;0;1;0;0;11000016;;;5;1;0;0;0;1;0;
1000001269;70000072;700000694;2024;17;1;1;1;;00003354;00000003;00000009;;1;0;0;0;;;;;;;;;;0;1;0;0;11000010;;15;5;1;0;0;0;1;0;
1000001271;70000199;700000695;2024;12;2;1;1;;00003429;00000009;;00002211;1;0;0;;;;;;;;0;;;0;1;0;0;11000028;;25;5;1;0;0;0;1;0;
1000001273;70000010;700000697;2024;8;1;0;1;;00004692;00000002;00000003;00002737;1;0;0;0;;;;;0;;;;;0;1;0;0;11000001;;2;5;1;0;0;0;1;0;
1000001274;70000056;700000698;2024;10;1;0;1;;00000885;00000008;00000004;00001112;1;0;0;;;;;;0;;;;;0;1;0;0;11000007;;1;5;1;0;0;0;1;0;
1000001276;70000061;700000699;2024;19;2;3;1;;00000879;00000009;00000025;00002009;1;0;0;0;;;;;1;;0;;;0;1;0;0;11000008;;;5;1;0;0;0;1;0;
1000001277;70000103;700000700;2024;18;2;0;1;;00004514;00000007;00000020;00004762;1;0;0;;;;;;0;;;;;0;1;0;0;11000014;;;5;1;0;0;0;1;0;
1000001279;70000061;700000701;2024;17;2;0;1;;00000215;00000004;00000027;00000579;1;0;1;;;;0;;;0;;0;;0;1;0;0;11000008;;;5;1;0;0;0;1;0;
1000001280;70000102;700000702;2024;10;1;0;1;;00005305;00000002;00000026;00002450;1;0;1;0;;1;;;0;;;;;0;1;1;0;11000014;;;5;1;0;0;0;1;0;
1000001281;70000044;700000703;2024;9;2;0;1;;00002024;00000005;00000024;00005081;1;0;0;;;;;;0;0;;;;0;1;;0;11000006;;;1;1;0;0;0;1;0;
1000001282;70000190;700000704;2024;18;1;3;1;;00001311;00000003;00000017;00001243;1;0;1;;;;;;;;0;0;;0;1;0;0;11000027;;14;5;1;0;0;0;1;0;
1000001285;70000148;700000706;2024;21;1;0;1;;00003408;00000009;00000010;00003032;2;0;0;;;;0;;;;;0;;0;1;1;0;11000021;;41;5;1;0;0;0;1;0;
1000001286;70000010;700000707;2024;14;2;1;1;;00004572;00000009;00000019;;1;0;1;;;;;0;;;;0;;0;1;;0;11000001;;2;5;1;0;0;0;1;0;
1000001289;70000012;700000709;2024;10;2;0;1;;00004332;00000008;00000003;00004571;1;0;0;;;;;;0;;;;;0;1;1;0;11000001;;19;4;1;0;0;0;1;0;
1000001291;70000115;700000711;2024;12;1;0;1;;00001636;00000008;00000014;00005047;1;0;0;;;;;;0;;;0;0;0;1;;0;11000016;;18;2;1;0;0;0;1;0;
1000001292;70000152;700000712;2024;14;1;3;1;;00001406;00000001;00000020;00003967;1;0;0;;;;;0;;0;;;;0;1;0;0;11000021;;2;3;1;0;0;0;1;0;
1000001293;70000215;700000713;2024;17;1;1;1;;00003776;00000009;;00000557;1;0;0;;;1;0;;0;;0;;;0;1;0;0;11000030;;;5;1;0;0;0;1;0;
1000001294;70000092;700000714;2024;17;2;3;1;;00005330;00000003;;;1;0;0;;;;;;;;;;0;0;1;0;0;11000013;;1;3;1;0;0;0;1;0;
1000001295;70000118;700000715;2024;8;2;0;1;;00000814;00000002;00000012;00004509;2;0;0;0;;;0;;;;0;;;0;1;0;0;11000016;;;5;1;0;0;0;1;0;
1000001297;70000173;700000717;2024;9;2;3;1;;00003515;00000003;00000022;00001583;1;0;0;;0;;;;;;;;;0;1;0;0;11000024;;17;5;1;0;0;0;1;0;
1000001299;70000089;700000718;2024;12;1;1;1;;00002907;00000003;00000002;;1;0;1;;;1;;;;;;;;0;1;0;0;11000012;;25;5;1;0;0;0;1;0;
1000001301;70000044;700000720;2024;19;2;3;1;;00001604;00000002;00000026;00003539;1;0;0;;;;0;;;;0;;;0;1;0;0;11000006;;;1;1;0;0;0;1;0;
1000001302;70000035;700000721;2024;11;1;3;1;;00004792;00000006;00000012;00002650;1;0;0;;;1;;;;;;;;0;1;0;0;11000004;;15;5;1;0;0;0;1;0;
1000001304;70000114;700000722;2024;6;2;0;1;;00000721;00000002;00000010;;1;1;0;0;;;;;;;;;;0;1;0;0;11000016;;22;5;1;0;0;0;1;0;
1000001307;70000124;700000724;2024;20;1;3;1;;00003079;00000007;00000010;00003435;1;0;0;0;;;;0;;;;;;0;1;0;0;11000017;;70;5;1;0;0;0;1;0;
1000001308;70000038;700000725;2024;9;1;0;1;;00004431;00000005;00000021;00000658;1;0;0;;;;;;;0;;;;0;1;0;0;11000005;;26;2;1;0;0;0;1;0;
1000001309;70000161;700000726;2024;8;1;3;1;;00004828;00000001;00000009;;1;0;0;;1;;;0;0;0;;;;0;1;1;0;11000022;;;5;1;0;0;0;1;0;
1000001310;70000005;700000727;2024;11;2;3;1;;00003123;00000001;;00000464;2;0;0;0;0;;;;;;;;;0;1;0;0;11000000;;20;5;1;0;0;0;1;0;
1000001311;70000124;700000728;2024;16;1;1;1;;00001522;00000001;00000003;00001474;1;0;0;;;;;;;;0;;;0;1;0;0;11000017;;70;5;1;0;0;0;1;0;
1000001314;70000040;700000729;2024;16;2;1;1;;00003050;00000002;00000005;00002168;1;0;1;;;;;;;;;;;0;1;0;0;11000005;;;5;1;0;0;0;1;0;
1000001317;70000098;700000731;2024;9;1;1;1;;00004584;00000002;;;2;0;0;;;1;;;;0;;;0;0;1;1;;11000013;;17;5;1;0;0;0;1;0;
1000001318;70000174;700000732;2024;9;1;0;1;;00000814;00000005;00000008;;1;1;0;;0;;;0;;;0;;;0;1;0;0;11000024;;14;5;1;0;0;0;1;0;
1000001319;70000117;700000733;2024;14;2;0;1;;00004837;00000001;;;1;0;0;;;;;;;;;0;0;0;1;;0;11000016;;15;1;1;0;0;0;1;0;
1000001321;70000010;700000734;2024;17;2;0;1;;00005278;00000004;00000017;;1;0;0;;0;;;;;;0;;;0;1;;0;11000001;;2;5;1;0;0;0;1;0;
1000001322;70000119;700000735;2024;12;2;0;1;;00004300;00000005;00000005;00004162;1;0;0;;;1;;;;;0;;;0;1;0;0;11000016;;;5;1;0;0;0;1;0;
1000001325;70000217;700000736;2024;12;2;0;1;;00005382;00000005;;;1;0;0;;;1;;;;;;;;0;1;0;0;11000030;;16;5;1;0;0;0;1;0;
1000001326;70000183;700000737;2024;22;2;1;1;;00001437;00000006;00000004;00001135;1;0;;;;;;;;0;;;;0;1;0;0;11000026;;41;5;1;0;0;0;1;0;
1000001327;70000083;700000738;2024;17;1;0;1;;00004511;00000007;00000007;;1;0;0;;;;;;;0;;0;;0;1;0;0;11000011;;;5;1;0;0;0;1;0;
1000001328;70000112;700000739;2024;15;1;1;1;;00002582;00000003;00000011;00003555;1;0;0;;;;;;;;;;0;0;1;0;0;11000015;;21;5;1;0;0;0;1;0;
1000001329;70000167;700000740;2024;7;1;3;1;;00001265;00000001;00000019;;1;0;0;;;;;;;;;;;;1;0;0;11000023;;15;5;1;0;0;0;1;0;
1000001331;70000009;700000741;2024;11;1;1;1;;00001225;00000001;;00001700;1;0;1;0;;;;;;;;;;0;1;0;0;11000001;;16;5;1;0;0;0;1;0;
1000001332;70000060;700000742;2024;18;1;1;1;;00001355;00000006;00000018;00001609;1;0;0;;;;;;;;0;;;0;1;0;0;11000008;;;5;1;0;0;0;1;0;
1000001333;70000182;700000743;2024;4;2;1;1;;00005046;00000006;00000027;00003398;1;0;0;;;;;;0;;;;;0;1;0;0;11000025;;21;5;1;0;0;0;1;0;
1000001334;70000190;700000744;2024;21;1;0;1;;00003854;00000003;00000003;00000725;1;0;0;;;;;;;;;;;0;1;0;0;11000027;;14;5;1;0;0;0;1;0;
1000001335;70000125;700000745;2024;11;1;0;1;;00005371;00000009;00000024;00003689;1;0;0;;0;;;0;;;;;;;1;0;0;11000017;;25;1;1;0;0;0;1;0;
1000001340;70000068;700000746;2024;19;2;3;1;;00001508;00000004;00000026;;2;0;0;0;;;;;;;;;;0;1;0;0;11000009;;2;5;1;0;0;0;1;0;
1000001341;70000115;700000747;2024;13;2;1;1;;00002989;00000001;00000009;00004359;2;0;0;;;;0;;;;0;;;0;1;;;11000016;;18;2;1;0;0;0;1;0;
1000001342;70000011;700000748;2024;15;1;3;1;;00003962;00000009;00000013;00002315;1;0;0;;0;;;;;;;;;0;1;0;0;11000001;;25;5;1;0;0;0;1;0;
1000001343;70000054;700000749;2024;14;2;3;1;;00000787;00000002;00000020;;1;0;1;;;;;;;0;;;;0;1;0;0;11000007;;41;5;1;0;0;0;1;0;
1000001344;70000159;700000750;2024;15;2;2;1;;00003042;00000001;;;1;0;0;;;;0;0;0;;;;;0;1;0;0;11000022;;;5;1;0;0;0;1;0;
1000001345;70000092;700000751;2024;21;2;3;1;;00001494;00000007;00000018;00003151;1;0;0;;0;;;;;;;;;0;1;0;0;11000013;;1;3;1;0;0;0;1;0;
1000001347;70000050;700000752;2024;15;1;0;1;;00002503;00000002;;00005042;1;0;0;;;;0;;;0;;0;0;;1;0;0;11000007;;;4;1;0;0;0;1;0;
1000001348;70000105;700000753;2024;6;1;0;1;;00000872;00000007;;00003294;1;0;0;;;;;;;0;;;;0;1;0;0;11000014;;25;5;1;0;0;0;1;0;
1000001349;70000147;700000754;2024;32;2;0;1;;00001454;00000002;;;1;0;0;0;;;;;;;;;;0;1;0;0;11000020;;27;5;1;0;0;0;1;0;
1000001350;70000111;700000755;2024;4;1;0;1;;;00000009;00000004;00002545;1;0;0;0;;;;0;;;;0;;0;1;0;0;11000015;;17;5;1;0;0;0;1;0;
1000001351;70000159;700000756;2024;8;2;0;1;;00004926;00000009;00000013;00001336;2;0;0;;;;0;;;;;;;0;1;0;;11000022;;;5;1;0;0;0;1;0;
1000001353;70000018;700000757;2024;8;2;1;1;;00001382;00000007;00000018;00003022;1;0;0;;;1;;;;;;;;0;1;0;0;11000002;;16;5;1;0;0;0;1;0;
1000001354;70000201;700000758;2024;7;2;1;1;;00003132;00000003;00000011;;1;0;0;;;;;;0;;;;;0;1;0;0;11000028;;;5;1;0;0;0;1;0;
1000001355;70000058;700000759;2024;18;1;2;1;;00002385;00000001;00000005;00002887;2;1;0;;;1;;;;;0;;;0;1;0;;11000008;;27;5;1;0;0;0;1;0;
1000001356;70000204;700000760;2024;6;2;1;1;;00001195;00000001;00000024;;1;0;0;;0;;;;0;;0;0;;0;1;0;0;11000029;;18;5;1;0;0;0;1;0;
1000001357;70000137;700000761;2024;19;1;0;1;;00004747;00000001;;00003426;1;0;0;;;0;;;;;0;;;0;1;0;0;11000019;;14;5;1;0;0;0;1;0;
1000001358;70000204;700000762;2024;20;1;3;1;;00003148;00000009;00000011;;1;0;0;;;;;;;;0;;;0;1;0;0;11000029;;18;5;1;0;0;0;1;0;
1000001359;70000180;700000763;2024;18;1;0;1;;00001465;00000006;00000021;;1;0;1;0;;1;;;;;;;;0;1;0;1;11000025;;;5;1;0;0;0;1;0;
1000001360;70000013;700000764;2024;15;1;0;1;;00000270;00000009;;00003650;1;0;0;;;;;;;;;;;0;1;0;0;11000001;;;4;1;0;0;0;1;0;
1000001361;70000081;700000765;2024;14;2;1;1;;00003082;00000009;;;1;0;0;;;0;;;;;;;0;0;1;0;0;11000011;;14;5;1;0;0;0;1;0;
1000001362;70000066;700000766;2024;14;1;3;1;;00000959;00000002;;;1;0;0;0;;;;;;;;0;;0;1;;0;11000009;;15;5;1;0;0;0;1;0;
1000001363;70000095;700000767;2024;14;1;3;1;;00004973;00000008;00000010;;1;0;0;;0;;0;0;0;;;;;0;1;0;0;11000013;;1;5;1;0;0;0;1;0;
1000001365;70000189;700000769;2024;4;2;0;1;;00002328;00000002;;00004813;1;0;0;0;0;;;;;;;;;0;1;0;0;11000026;;1;5;1;0;0;0;1;0;
1000001367;70000082;700000771;2024;8;2;3;1;;00001842;00000003;00000022;;1;0;;0;;;;;;;;;;0;1;0;0;11000011;;18;5;1;0;0;0;1;0;
1000001368;70000069;700000772;2024;15;2;1;1;;00000054;00000008;;00002807;2;0;0;;0;1;;;;;;;;0;1;0;0;11000009;;15;5;1;0;0;0;1;0;
1000001371;70000156;700000773;2024;7;1;0;1;;00004432;00000007;00000024;00005252;1;0;0;0;0;;;;;;;;;0;1;0;0;11000022;;2;5;1;0;0;0;1;0;
1000001372;70000044;700000774;2024;18;2;3;1;;00000685;00000003;00000019;00000534;2;0;1;;0;;0;;;0;0;;0;0;1;0;1;11000006;;;1;1;0;0;0;1;0;
1000001373;70000093;700000775;2024;8;2;3;1;;00005554;00000009;;00000647;1;0;0;0;;;0;0;;;0;;0;0;1;0;0;11000013;;25;5;1;0;0;0;1;0;
1000001374;70000059;700000776;2024;8;2;1;1;;00002156;00000004;;;1;0;0;;;;;;;;0;;;0;1;0;0;11000008;;26;5;1;0;0;0;1;0;
1000001375;70000046;700000777;2024;9;2;1;1;;00004556;00000006;00000023;;1;0;0;;;;;;;;0;;;0;1;;0;11000006;;19;5;1;0;0;0;1;0;
1000001377;70000066;700000779;2024;23;1;1;1;;00004127;00000001;00000022;00002121;1;0;0;;0;;;0;;;;;;0;1;0;0;11000009;;15;5;1;0;0;0;1;0;
1000001378;70000092;700000780;2024;6;2;3;1;;00003108;00000003;00000015;00000545;1;0;;;;0;;;;;;0;;0;1;0;0;11000013;;1;3;1;0;0;0;1;0;
1000001379;70000019;700000781;2024;9;2;3;1;;00000855;00000004;00000019;00000089;1;0;0;;0;;;;0;;;;;0;1;1;0;11000002;;;5;1;0;0;0;1;0;
1000001380;70000040;700000782;2024;16;1;3;1;;00003629;00000004;00000002;;2;0;1;;;;;;;;0;;;0;1;0;0;11000005;;;5;1;0;0;0;1;0;
1000001381;70000130;700000783;2024;17;1;3;1;;00003244;00000007;00000022;00001246;1;0;1;;;;;0;;0;;0;0;0;1;1;0;11000018;;25;3;1;0;0;0;1;0;
1000001382;70000199;700000784;2024;16;2;1;1;;00000806;00000004;00000005;00000051;1;1;0;;;0;0;;;;;;;0;1;0;0;11000028;;25;5;1;0;0;0;1;0;
1000001383;70000040;700000785;2024;13;1;1;1;;00002053;00000001;00000008;;1;0;0;;;;;;;;;;;0;1;0;0;11000005;;;5;1;0;0;0;1;0;
1000001384;70000085;700000786;2024;15;1;3;1;;00001415;00000004;;00000816;1;1;0;;;;;;;;;;;0;1;0;0;11000012;;1;5;1;0;0;0;1;0;
1000001386;70000016;700000788;2024;14;1;3;1;;00004031;00000002;;;1;0;1;;;0;;0;;;;;;0;1;0;0;11000002;;20;5;1;0;0;0;1;0;
1000001387;70000022;700000789;2024;15;1;1;1;;00002293;00000009;00000019;00004493;1;1;1;0;;;;;;0;0;;;1;1;0;0;11000003;;2;5;1;0;0;0;1;0;
1000001388;70000142;700000790;2024;7;1;0;1;;00001893;00000006;00000018;00002181;2;0;;;;;;0;;0;;;;;1;0;0;11000020;;27;5;1;0;0;0;1;0;
1000001389;70000112;700000791;2024;5;1;0;1;;00005395;00000003;00000016;;1;0;0;;;0;;0;;0;;;0;0;1;0;0;11000015;;21;5;1;0;0;0;1;0;
1000001390;70000116;700000792;2024;18;1;3;1;;00000550;00000005;00000012;;1;0;;0;0;;;;;;;;;1;1;0;0;11000016;;;5;1;0;0;0;1;0;
1000001391;70000156;700000793;2024;10;2;3;1;;00004847;00000009;00000003;00000202;1;0;0;;;;0;;0;;;;;0;1;;;11000022;;2;5;1;0;0;0;1;0;
1000001392;70000022;700000794;2024;6;1;1;1;;00002365;00000005;;00002360;1;0;0;;;;0;;;;;;;0;1;0;0;11000003;;2;5;1;0;0;0;1;0;
1000001393;70000058;700000795;2024;15;2;3;1;;00000768;00000009;00000008;00000931;1;0;1;;;1;0;;0;;;;;0;1;0;;11000008;;27;5;1;0;0;0;1;0;
1000001394;70000028;700000796;2024;17;1;3;1;;00001006;00000002;00000014;00002024;1;0;0;0;0;;;;;;;;;0;1;0;0;11000003;;15;5;1;0;0;0;1;0;
1000001396;70000157;700000797;2024;46;1;0;1;;00001363;00000007;00000022;00000517;1;0;0;0;;;;;0;;;;;0;1;0;0;11000022;;;5;1;0;0;0;1;0;
1000001400;70000030;700000800;2024;10;2;0;1;;00000790;00000003;00000014;00000535;1;0;0;;0;;0;;;0;;;;0;1;0;;11000004;;25;5;1;0;0;0;1;0;
1000001401;70000214;700000801;2024;10;2;3;1;;00000145;00000002;00000014;00001638;1;0;0;;;1;0;;;;;;;0;1;0;0;11000030;;;5;1;0;0;0;1;0;
1000001402;70000152;700000802;2024;10;1;0;1;;00000324;00000009;;00000800;2;0;0;0;0;;;;1;;0;;;;1;0;0;11000021;;2;3;1;0;0;0;1;0;
1000001404;70000189;700000804;2024;22;1;3;1;;00000599;00000009;00000006;00002021;1;0;0;;;;;0;;0;;;;0;1;0;0;11000026;;1;5;1;0;0;0;1;0;
1000001405;70000154;700000805;2024;9;1;3;1;;00000457;00000003;00000019;00003784;1;0;0;;;;0;;0;;;;;0;1;1;0;11000021;;1;5;1;0;0;0;1;0;
1000001406;70000024;700000806;2024;18;2;1;1;;00003303;00000007;;00004849;1;0;0;;;;;;;;;;0;0;1;1;1;11000003;;19;5;1;0;0;0;1;0;
1000001407;70000028;700000807;2024;17;2;1;1;;00000396;00000005;00000003;00004075;1;0;0;;;1;;0;0;;;;;;1;0;0;11000003;;15;5;1;0;0;0;1;0;
1000001408;70000027;700000808;2024;13;1;0;1;;00003600;00000007;;00001439;1;0;0;0;;;;;;;;;0;0;1;0;0;11000003;;18;5;1;0;0;0;1;0;
1000001409;70000212;700000809;2024;13;2;3;1;;00005058;00000006;00000003;;2;0;0;;;;;;;;;;;0;1;0;0;11000030;;18;3;1;0;0;0;1;0;
1000001410;70000198;700000810;2024;18;1;3;1;;00002080;00000003;00000005;00000905;2;0;0;;;0;;1;;;;0;;0;1;0;0;11000028;;18;5;1;0;0;0;1;0;
1000001412;70000170;700000811;2024;6;2;3;1;;00003600;00000003;;00000829;1;0;0;0;;;;;;;;;;0;1;0;0;11000024;;1;5;1;0;0;0;1;0;
1000001413;70000209;700000812;2024;14;2;1;1;;00003047;00000003;00000024;00001181;1;0;0;;;;0;;;;;;;0;1;0;0;11000029;;21;5;1;0;0;0;1;0;
1000001414;70000088;700000813;2024;16;2;1;1;;00003643;00000009;;;1;0;0;;;;;;;;;;;0;1;0;0;11000012;;19;1;1;0;0;0;1;0;
1000001415;70000110;700000814;2024;8;1;1;1;;00001888;00000007;;00003580;1;0;0;;;;;;;;0;;;0;1;0;1;11000015;;;5;1;0;0;0;1;0;
1000001416;70000172;700000815;2024;7;1;0;1;;00005084;00000002;;;1;0;0;;;;;0;;;;;;0;1;0;0;11000024;;14;5;1;0;0;0;1;0;
1000001417;70000171;700000816;2024;9;2;3;1;;00004701;00000002;00000007;00005280;1;0;0;;;;0;;;;;;;0;1;0;0;11000024;;25;5;1;0;0;0;1;0;
1000001419;70000075;700000818;2024;8;1;0;1;;00004889;00000008;00000012;00005427;1;0;1;;;;0;;0;;;;;0;1;0;;11000010;;69;5;1;0;0;0;1;0;
1000001420;70000048;700000819;2024;9;1;2;1;;00000697;00000004;00000013;00001230;1;0;1;;;1;;;;0;;;;;1;0;0;11000006;;17;5;1;0;0;0;1;0;
1000001421;70000045;700000820;2024;19;2;1;1;;00001355;00000002;00000022;;1;0;0;;;;;;;;;;;0;1;0;0;11000006;;;5;1;0;0;0;1;0;
1000001423;70000176;700000822;2024;16;2;3;1;;00005272;00000008;;00004205;1;0;0;0;;;;;;0;;;;0;1;;0;11000025;;30;5;1;0;0;0;1;0;
1000001424;70000095;700000823;2024;6;1;1;1;;00004625;00000009;00000001;00004061;1;0;;;;;;;;;;;0;0;1;0;0;11000013;;1;5;1;0;0;0;1;0;
1000001425;70000152;700000824;2024;10;1;0;1;;00003768;00000007;00000010;00005173;1;0;0;;;1;;;0;0;0;;;;1;0;0;11000021;;2;3;1;0;0;0;1;0;
1000001426;70000045;700000825;2024;21;1;3;1;;00003813;00000007;00000010;00000502;1;0;0;0;;;;;;;;;0;0;1;0;0;11000006;;;5;1;0;0;0;1;0;
1000001427;70000145;700000826;2024;10;2;0;1;;00003679;00000006;00000018;00005021;1;1;0;;0;;;;;;0;;0;0;1;0;;11000020;;2;5;1;0;0;0;1;0;
1000001428;70000083;700000827;2024;19;2;3;1;;00002067;00000001;;00002007;1;0;0;;;;;;;;;;;0;1;0;0;11000011;;;5;1;0;0;0;1;0;
1000001430;70000022;700000828;2024;19;2;3;1;;00003944;00000003;00000004;00003735;1;0;0;;;;;;0;0;0;;0;0;1;0;0;11000003;;2;5;1;0;0;0;1;0;
1000001431;70000088;700000829;2024;4;2;3;1;;;00000009;00000017;00002158;1;0;1;;;;0;;;;;;;0;1;0;0;11000012;;19;1;1;0;0;0;1;0;
1000001432;70000033;700000830;2024;12;2;3;1;;00000894;00000003;00000004;00002974;2;0;0;;;;;;;;;;;0;1;0;0;11000004;;20;1;1;0;0;0;1;0;
1000001433;70000210;700000831;2024;4;2;0;1;;00000387;00000001;;00002250;1;0;0;0;;;0;;;;;;;0;1;0;0;11000029;;17;5;1;0;0;0;1;0;
1000001434;70000076;700000832;2024;14;1;1;1;;00000515;00000008;00000003;;1;0;1;;;0;;;;0;;;;0;1;0;0;11000010;;;5;1;0;0;0;1;0;
1000001435;70000181;700000833;2024;43;2;1;1;;00002564;00000001;;;1;0;;;;;;;;;;;;0;1;0;0;11000025;;;2;1;0;0;0;1;0;
1000001436;70000049;700000834;2024;18;1;1;1;;00004276;00000005;00000014;00002131;1;1;0;;;1;0;0;;0;0;;;0;1;0;0;11000006;;1;5;1;0;0;0;1;0;
1000001438;70000040;700000835;2024;16;1;0;1;;00000564;00000008;;00002654;1;1;1;0;;0;0;1;;;0;;0;0;1;0;0;11000005;;;5;1;0;0;0;1;0;
1000001439;70000159;700000836;2024;14;2;3;1;;00004362;00000004;;00003204;1;0;1;;;;;;;;;0;;;1;0;0;11000022;;;5;1;0;0;0;1;0;
1000001440;70000023;700000837;2024;17;2;2;1;;00000810;00000005;00000003;00000629;1;1;0;0;;;;;;0;;;;0;1;0;0;11000003;;1;5;1;0;0;0;1;0;
1000001442;70000210;700000839;2024;12;1;1;1;;00003608;00000004;;00000939;1;0;0;;;0;;;0;;;;;;1;0;0;11000029;;17;5;1;0;0;0;1;0;
1000001443;70000080;700000840;2024;14;1;3;1;;00003804;00000002;00000020;;1;0;0;0;;;;;;;0;;;0;1;0;0;11000011;;2;5;1;0;0;0;1;0;
1000001445;70000129;700000842;2024;16;2;1;1;;00000215;00000003;00000011;00000355;2;0;1;;;;;;1;0;;;;0;1;0;0;11000018;;;5;1;0;0;0;1;0;
1000001446;70000159;700000843;2024;4;1;1;1;;00003922;00000004;00000022;00001503;1;0;0;0;;;;;;;;;;0;1;0;0;11000022;;;5;1;0;0;0;1;0;
1000001447;70000114;700000844;2024;13;1;3;1;;00002950;00000007;;;1;0;0;;;;;;;;1;;;0;1;0;0;11000016;;22;5;1;0;0;0;1;0;
1000001448;70000150;700000845;2024;19;2;0;1;;00002846;00000008;;;1;0;0;;;;0;;;;;;;0;1;0;0;11000021;;19;5;1;0;0;0;1;0;
1000001449;70000165;700000846;2024;58;1;1;1;;00003071;00000002;;00000991;1;1;1;;;;;;0;;;;;0;1;0;;11000023;;1;5;1;0;0;0;1;0;
1000001450;70000117;700000847;2024;54;1;3;1;;00002986;00000005;;;2;1;0;;;;;;;;;0;;;1;0;0;11000016;;15;1;1;0;0;0;1;0;
1000001451;70000189;700000848;2024;4;1;0;1;;00004180;00000002;;;1;0;0;;;;;;;;;;;0;1;0;0;11000026;;1;5;1;0;0;0;1;0;
1000001452;70000044;700000849;2024;16;1;3;1;;00005283;00000008;;;1;0;0;;;;;;;;;;0;0;1;0;0;11000006;;;1;1;0;0;0;1;0;
1000001453;70000053;700000850;2024;6;1;1;1;;00000893;00000006;00000018;00004781;1;0;0;;;;;;;0;;;;0;1;0;0;11000007;;14;6;1;0;0;0;1;0;
1000001454;70000023;700000851;2024;9;2;0;1;;00001554;00000006;;00003588;1;0;0;;1;;;;;;;;;;1;0;0;11000003;;1;5;1;0;0;0;1;0;
1000001455;70000077;700000852;2024;12;2;0;1;;00005288;00000005;;00004559;1;0;0;0;0;;;1;0;0;;0;0;0;1;0;0;11000010;;56;5;1;0;0;0;1;0;
1000001456;70000019;700000853;2024;43;1;0;1;;00000263;00000006;;00003113;1;0;1;;;;;0;;0;;;0;0;1;0;0;11000002;;;5;1;0;0;0;1;0;
1000001457;70000201;700000854;2024;9;2;1;1;;00003445;00000009;00000022;;2;0;0;;;;;;;;;;;0;1;0;0;11000028;;;5;1;0;0;0;1;0;
1000001458;70000019;700000855;2024;13;1;3;1;;00000949;00000001;;00002393;1;0;0;;;;;;;0;;;;0;1;0;0;11000002;;;5;1;0;0;0;1;0;
1000001459;70000089;700000856;2024;16;2;3;1;;00000729;00000003;;00001960;1;0;0;;;;;0;;;;;;0;1;0;0;11000012;;25;5;1;0;0;0;1;0;
1000001461;70000183;700000857;2024;12;2;3;1;;00002119;00000005;00000004;00002992;1;0;0;0;;;;0;;;;1;;0;1;0;0;11000026;;41;5;1;0;0;0;1;0;
1000001463;70000191;700000859;2024;4;1;1;1;;00003679;00000007;00000011;;2;0;1;;0;;;;;;;;0;0;1;0;0;11000027;;19;5;1;0;0;0;1;0;
1000001464;70000082;700000860;2024;18;1;1;1;;00004756;00000007;;00000002;1;0;0;;;;;0;;;;0;;;1;0;0;11000011;;18;5;1;0;0;0;1;0;
1000001465;70000088;700000861;2024;18;2;0;1;;00002171;00000002;00000027;00003095;1;0;0;;;;;;;;;;0;0;1;;0;11000012;;19;1;1;0;0;0;1;0;
1000001466;70000024;700000862;2024;4;2;0;1;;00004021;00000007;00000027;00002696;1;1;0;0;0;1;0;;;;0;;;0;1;0;0;11000003;;19;5;1;0;0;0;1;0;
1000001467;70000124;700000863;2024;6;1;0;1;;00002393;00000002;00000001;;1;0;;;;1;;;;0;;;;0;1;0;0;11000017;;70;5;1;0;0;0;1;0;
1000001468;70000129;700000864;2024;7;2;1;1;;00000050;00000003;00000021;;1;0;0;0;;;;;;;;;0;0;1;0;0;11000018;;;5;1;0;0;0;1;0;
1000001470;70000160;700000865;2024;18;2;0;1;;00005367;00000004;00000022;00004122;1;0;0;;;;;0;0;;;;;0;1;0;;11000022;;;2;1;0;0;0;1;0;
1000001471;70000189;700000866;2024;9;2;0;1;;00002905;00000002;00000023;00001571;2;0;0;;;0;;;;;0;;;0;1;0;0;11000026;;1;5;1;0;0;0;1;0;
1000001473;70000009;700000867;2024;9;1;3;1;;00000323;00000009;;00002390;1;0;0;;;;;;;;;;;0;1;0;0;11000001;;16;5;1;0;0;0;1;0;
1000001474;70000023;700000868;2024;15;1;3;1;;00004500;00000002;;00002305;1;0;0;;;;;;;0;;0;;0;1;0;0;11000003;;1;5;1;0;0;0;1;0;
1000001475;70000018;700000869;2024;7;1;3;1;;00001994;00000007;;00001859;1;0;0;;;;;0;;;;;0;0;1;;0;11000002;;16;5;1;0;0;0;1;0;
1000001476;70000016;700000870;2024;8;2;1;1;;00005511;00000008;00000023;00003685;1;0;0;;;;;;;;;;;0;1;0;0;11000002;;20;5;1;0;0;0;1;0;
1000001477;70000039;700000871;2024;10;2;0;1;;00001375;00000009;;00001417;2;0;1;0;;;;;;;;;;0;1;0;0;11000005;;19;4;1;0;0;0;1;0;
1000001478;70000031;700000872;2024;16;1;1;1;;00000396;00000008;00000016;00005173;1;0;0;;;1;;;;;0;0;;0;1;;0;11000004;;;5;1;0;0;0;1;0;
1000001479;70000066;700000873;2024;10;2;1;1;;00000749;00000004;00000003;;1;0;0;;;;0;;;;;0;;0;1;0;0;11000009;;15;5;1;0;0;0;1;0;
1000001480;70000101;700000874;2024;16;1;3;1;;00001609;00000008;;00002158;1;0;0;0;;;;;;0;;;;0;1;0;0;11000014;;32;5;1;0;0;0;1;0;
1000001481;70000184;700000875;2024;4;2;3;1;;00004411;00000002;00000009;00002837;1;0;0;;;;;;;0;;;;0;1;0;0;11000026;;16;5;1;0;0;0;1;0;
1000001484;70000089;700000877;2024;8;1;3;1;;00001253;00000005;00000007;00004945;1;0;0;;;;0;;;0;;;0;0;1;0;0;11000012;;25;5;1;0;0;0;1;0;
1000001485;70000003;700000878;2024;11;2;3;1;;00000901;00000005;00000018;;1;0;0;;0;1;;0;;0;;;;0;1;;0;11000000;;;5;1;0;0;0;1;0;
1000001487;70000139;700000880;2024;5;2;5;1;;00001330;00000004;00000017;00000083;1;0;0;0;;;;;;0;;;;0;1;0;1;11000019;;2;5;1;0;0;0;1;0;
1000001488;70000165;700000881;2024;11;1;0;1;;00004176;00000002;;00000413;1;0;1;;;;0;;;;;;;0;1;0;0;11000023;;1;5;1;0;0;0;1;0;
1000001489;70000131;700000882;2024;16;2;3;1;;00001918;00000006;00000014;00005093;1;0;0;0;;;;;;;0;;;0;1;0;0;11000018;;;5;1;0;0;0;1;0;
1000001491;70000172;700000884;2024;5;1;0;1;;00005218;00000002;;00003635;1;0;0;;;;;;;;;;0;0;1;0;;11000024;;14;5;1;0;0;0;1;0;
1000001492;70000164;700000885;2024;7;2;3;1;;00005148;00000007;00000020;00000766;1;0;0;;0;;;;;;;0;;0;1;0;0;11000023;;18;5;1;0;0;0;1;0;
1000001493;70000055;700000886;2024;7;1;3;1;;00000565;00000006;00000013;00004885;1;0;1;;;;;;0;0;;;;0;1;0;0;11000007;;21;5;1;0;0;0;1;0;
1000001494;70000169;700000887;2024;7;1;3;1;;00005101;00000001;00000002;00003376;1;0;1;;1;;;0;;;;0;;0;1;0;;11000024;;1;5;1;0;0;0;1;0;
1000001496;70000095;700000889;2024;15;2;3;1;;00001056;00000006;00000018;;1;0;0;;;;0;;;;0;;;0;1;0;0;11000013;;1;5;1;0;0;0;1;0;
1000001497;70000110;700000890;2024;15;2;3;1;;00005058;00000008;00000007;00005144;1;0;1;0;;1;;;;0;0;;;0;1;0;0;11000015;;;5;1;0;0;0;1;0;
1000001498;70000200;700000891;2024;11;2;3;1;;00005104;00000004;;00002138;1;0;0;;;;;;;;;;;0;1;0;0;11000028;;41;5;1;0;0;0;1;0;
1000001499;70000087;700000892;2024;13;2;3;1;;00004168;00000002;;00002946;1;0;0;;;;0;;;;;;;0;1;0;0;11000012;;21;3;1;0;0;0;1;0;
1000001500;70000127;700000893;2024;15;2;1;1;;00000871;00000004;00000018;;1;0;0;0;;;;;;;;;;0;1;0;0;11000018;;20;5;1;0;0;0;1;0;
1000001502;70000024;700000895;2024;10;2;3;1;;00002822;00000003;00000005;00005022;1;0;0;;;;0;;;;;0;;0;1;0;0;11000003;;19;5;1;0;0;0;1;0;
1000001504;70000104;700000897;2024;12;2;2;1;;00002705;00000004;;;1;0;1;;;;;0;;;;;;0;1;1;1;11000014;;14;5;1;0;0;0;1;0;
1000001506;70000008;700000899;2024;10;1;1;1;;00002259;00000006;;00005190;1;0;0;0;1;;;;;0;;;;0;1;0;1;11000001;;;5;1;0;0;0;1;0;
1000001507;70000205;700000900;2024;5;2;3;1;;00003536;00000005;00000012;;1;0;0;;;;0;;;;0;;;0;1;0;0;11000029;;21;5;1;0;0;0;1;0;
1000001509;70000187;700000902;2024;17;1;0;1;;00003393;00000005;;;1;0;1;;;;;;;;;0;;0;1;;0;11000026;;14;5;1;0;0;0;1;0;
1000001512;70000065;700000904;2024;20;1;0;1;;00005121;00000003;00000010;00000565;2;0;1;;;;0;0;;0;;;;0;1;;0;11000009;;17;1;1;0;0;0;1;0;
1000001513;70000054;700000905;2024;7;1;0;1;;00003671;00000008;;00000089;1;0;0;;;1;;;;;;;;0;1;0;0;11000007;;41;5;1;0;0;0;1;0;
1000001515;70000019;700000907;2024;18;1;3;1;;00003977;00000008;;;1;0;0;;0;;;1;;;;;0;0;1;0;0;11000002;;;5;1;0;0;0;1;0;
1000001516;70000060;700000908;2024;18;2;3;1;;00001738;00000002;00000013;;2;0;0;;;;;;;;;;;0;1;0;0;11000008;;;5;1;0;0;0;1;0;
1000001517;70000214;700000909;2024;10;2;1;1;;00005411;00000004;;00000663;2;0;1;;;1;;;;0;;;;0;1;0;0;11000030;;;5;1;0;0;0;1;0;
1000001518;70000142;700000910;2024;12;2;1;1;;00002522;00000003;00000003;00001062;2;0;0;;0;;0;;;;;;;0;1;0;0;11000020;;27;5;1;0;0;0;1;0;
1000001520;70000070;700000912;2024;6;2;3;1;;00001213;00000005;00000025;;1;0;0;;;;0;;;0;;;0;0;1;;0;11000009;;27;5;1;0;0;0;1;0;
1000001521;70000028;700000913;2024;4;2;1;1;;00001409;00000006;00000019;00005003;1;0;0;;;1;;;;0;;;;0;1;0;0;11000003;;15;5;1;0;0;0;1;0;
1000001523;70000124;700000915;2024;12;1;3;1;;00002654;00000006;00000006;00004202;1;0;0;;;;;0;;;;;;0;1;1;1;11000017;;70;5;1;0;0;0;1;0;
1000001524;70000074;700000916;2024;13;2;1;1;;00001592;00000004;00000001;00003473;1;0;0;;;;;1;;;;;;0;1;0;0;11000010;;1;5;1;0;0;0;1;0;
1000001525;70000044;700000917;2024;5;2;3;1;;00002302;00000009;00000009;00004703;1;0;0;0;;1;;;;;;;;0;1;0;0;11000006;;;1;1;0;0;0;1;0;
1000001526;70000056;700000918;2024;16;2;3;1;;00004112;00000008;;00004996;1;0;0;;;;;;;;;;0;;1;0;0;11000007;;1;5;1;0;0;0;1;0;
1000001527;70000078;700000919;2024;4;1;3;1;;00005266;00000006;00000015;00000293;1;0;0;;;;0;;;;;;0;0;1;;0;11000011;;17;5;1;0;0;0;1;0;
1000001529;70000125;700000921;2024;36;2;3;1;;00002995;00000004;00000008;;2;0;0;;;;0;;;;;;;0;1;0;0;11000017;;25;1;1;0;0;0;1;0;
1000001530;70000122;700000922;2024;10;2;3;1;;00005475;00000007;00000023;00001707;1;0;0;;;1;;;;;0;;;0;1;0;0;11000017;;16;5;1;0;0;0;1;0;
1000001531;70000049;700000923;2024;4;1;0;1;;00001345;00000005;00000007;00003292;1;0;1;0;;;;;;;;;;0;1;0;0;11000006;;1;5;1;0;0;0;1;0;
1000001533;70000143;700000925;2024;10;1;3;1;;00002977;00000006;00000022;;1;0;0;;;;;;;;;;0;0;1;0;0;11000020;;15;5;1;0;0;0;1;0;
1000001534;70000056;700000926;2024;16;2;0;1;;00000394;00000005;00000011;00005418;1;0;0;;0;;;;;;;0;;0;1;1;0;11000007;;1;5;1;0;0;0;1;0;
1000001535;70000118;700000927;2024;12;1;1;1;;00004328;00000002;00000025;00004808;1;0;1;;;;0;0;;;;;;0;1;0;0;11000016;;;5;1;0;0;0;1;0;
1000001537;70000001;700000929;2024;13;1;3;1;;00003535;00000007;00000018;00002848;1;0;0;;;;;;;;;0;;0;1;0;0;11000000;;14;5;1;0;0;0;1;0;
1000001538;70000030;700000930;2024;4;2;1;1;;00002519;00000002;00000014;;1;0;0;;0;;;0;1;;0;;;0;1;0;0;11000004;;25;5;1;0;0;0;1;0;
1000001539;70000044;700000931;2024;4;2;1;1;;00000919;00000003;00000026;00001279;1;0;0;;0;;;;;0;;;0;0;1;0;0;11000006;;;1;1;0;0;0;1;0;
1000001540;70000042;700000932;2024;11;2;3;1;;00001308;00000003;00000003;00001106;1;0;1;;;;;;0;0;;;;0;1;;0;11000005;;;1;1;0;0;0;1;0;
1000001541;70000146;700000933;2024;4;1;0;1;;00001031;00000005;;00003780;1;1;0;;0;;;;;;0;;;0;1;;0;11000020;;2;5;1;0;0;0;1;0;
1000001542;70000115;700000934;2024;11;2;1;1;;00005370;00000001;00000019;00003706;1;0;1;;0;;;;;;;;;0;1;0;0;11000016;;18;2;1;0;0;0;1;0;
1000001543;70000012;700000935;2024;6;2;3;1;;00003347;00000008;00000027;;1;0;0;;;;;0;;;0;;;0;1;0;0;11000001;;19;4;1;0;0;0;1;0;
1000001544;70000081;700000936;2024;5;1;3;1;;00000664;00000001;;00004222;1;0;0;;;;;;;;0;;;0;1;0;0;11000011;;14;5;1;0;0;0;1;0;
1000001546;70000114;700000938;2024;7;1;1;1;;00002225;00000006;;00004679;1;0;0;;;;;;;;;;0;0;1;0;0;11000016;;22;5;1;0;0;0;1;0;
1000001547;70000089;700000939;2024;11;2;3;1;;00002667;00000009;;;1;0;0;;;;;;;;;0;;0;1;;0;11000012;;25;5;1;0;0;0;1;0;
1000001548;70000183;700000940;2024;16;2;1;1;;00004076;00000006;00000012;;1;0;0;0;;;;0;;;;0;;0;1;;0;11000026;;41;5;1;0;0;0;1;0;
1000001549;70000020;700000941;2024;16;2;3;1;;00003628;00000001;00000013;00001077;1;1;0;;;;;0;;;;;0;0;1;0;0;11000002;;14;6;1;0;0;0;1;0;
1000001550;70000148;700000942;2024;60;1;3;1;;00002545;00000002;;00000114;1;0;0;;;;;0;;;0;;;0;1;0;0;11000021;;41;5;1;0;0;0;1;0;
1000001552;70000143;700000944;2024;6;1;1;1;;00005110;00000001;00000025;;1;1;0;0;;0;;;;0;;;;0;1;0;0;11000020;;15;5;1;0;0;0;1;0;
1000001554;70000052;700000946;2024;7;2;1;1;;00000174;00000001;;00002603;1;1;0;;;;;;;;;;;0;1;0;0;11000007;;;5;1;0;0;0;1;0;
1000001555;70000171;700000947;2024;13;2;3;1;;00001477;00000001;00000012;00004951;1;0;0;0;0;1;;;;;;;;0;1;0;0;11000024;;25;5;1;0;0;0;1;0;
1000001556;70000023;700000948;2024;13;2;1;1;;00003646;00000007;00000027;00004462;1;0;0;0;;;;;;0;0;;0;0;1;0;;11000003;;1;5;1;0;0;0;1;0;
1000001557;70000007;700000949;2024;12;2;1;1;;00001530;00000005;;00000380;1;0;0;;0;;0;;;;;;;0;1;0;0;11000000;;2;1;1;0;0;0;1;0;
1000001558;70000199;700000950;2024;11;2;1;1;;00000913;00000002;;00003394;1;0;0;;;;;;0;;;;;0;1;0;0;11000028;;25;5;1;0;0;0;1;0;
1000001559;70000173;700000951;2024;11;2;1;1;;00004810;00000001;00000004;00000045;2;0;0;;;1;;;;;;;;0;1;;0;11000024;;17;5;1;0;0;0;1;0;
1000001560;70000076;700000952;2024;6;1;3;1;;00002072;00000005;00000022;00004996;1;0;0;;0;;;;;;;;0;0;1;0;0;11000010;;;5;1;0;0;0;1;0;
1000001562;70000172;700000954;2024;12;1;1;1;;00002665;00000005;00000005;00001798;1;0;0;;;;;;;;;;0;0;1;0;;11000024;;14;5;1;0;0;0;1;0;
1000001563;70000034;700000955;2024;15;2;3;1;;00004115;00000006;;;1;0;0;;;;;;;;0;;0;0;1;0;0;11000004;;16;5;1;0;0;0;1;0;
1000001565;70000192;700000957;2024;16;1;1;1;;00004031;00000004;;;1;0;1;;;;0;;;;;;;0;1;0;0;11000027;;1;5;1;0;0;0;1;0;
1000001567;70000164;700000959;2024;27;2;3;1;;00004972;00000008;00000011;00004669;1;0;0;;;;;0;;0;;;;0;1;0;0;11000023;;18;5;1;0;0;0;1;0;
1000001568;70000163;700000960;2024;6;1;3;1;;00003900;00000001;;00005466;1;0;1;;;;;;;;;;;0;1;0;0;11000023;;16;5;1;0;0;0;1;0;
1000001569;70000116;700000961;2024;6;1;1;1;;00001957;00000003;00000001;00000751;2;0;0;0;;;;;;;0;;;0;1;0;0;11000016;;;5;1;0;0;0;1;0;
1000001570;70000138;700000962;2024;24;2;3;1;;00000185;00000005;00000023;;1;0;0;;;;;;;0;;;;0;1;0;0;11000019;;17;5;1;0;0;0;1;0;
1000001571;70000058;700000963;2024;15;1;1;1;;00000065;00000009;00000022;;1;0;0;;;;;;;;;;;0;1;0;0;11000008;;27;5;1;0;0;0;1;0;
1000001572;70000044;700000964;2024;11;2;3;1;;00000500;00000007;00000005;;1;0;0;;;;;;;;;;;0;1;0;0;11000006;;;1;1;0;0;0;1;0;
1000001573;70000207;700000965;2024;10;2;0;1;;00002193;00000003;;;1;0;0;;;;;;;;;;;0;1;0;0;11000029;;21;5;1;0;0;0;1;0;
1000001574;70000028;700000966;2024;16;1;3;1;;00004486;00000004;00000004;;1;0;0;0;;;;;0;;;;;0;1;0;0;11000003;;15;5;1;0;0;0;1;0;
1000001575;70000008;700000967;2024;7;2;3;1;;00001754;00000008;00000003;;1;0;0;;0;;;;0;;;;;;1;0;0;11000001;;;5;1;0;0;0;1;0;
1000001576;70000166;700000968;2024;4;1;0;1;;00005513;00000004;;;1;0;1;;;;;;0;0;;;;0;1;0;0;11000023;;19;5;1;0;0;0;1;0;
1000001577;70000176;700000969;2024;7;2;3;1;;00005525;00000009;00000012;00004684;1;0;0;;0;;;;;;;;;0;1;;0;11000025;;30;5;1;0;0;0;1;0;
1000001580;70000077;700000972;2024;4;2;0;1;;00001025;00000002;00000014;00001744;1;0;1;0;0;;;;;0;;;;0;1;0;0;11000010;;56;5;1;0;0;0;1;0;
1000001582;70000209;700000974;2024;4;2;3;1;;00004213;00000005;00000004;00004751;1;0;0;;;;;;;;;;;0;1;0;0;11000029;;21;5;1;0;0;0;1;0;
1000001583;70000212;700000975;2024;11;2;2;1;;00001014;00000007;00000026;00000209;1;0;0;;;0;;;;0;;1;;0;1;0;;11000030;;18;3;1;0;0;0;1;0;
1000001584;70000177;700000976;2024;14;2;3;1;;00003505;00000008;00000019;;1;0;0;;;1;;0;;;;0;;0;1;0;;11000025;;68;5;1;0;0;0;1;0;
1000001585;70000043;700000977;2024;15;1;3;1;;00001750;00000006;;00005034;1;0;1;;;1;;;;0;;;;0;1;;0;11000006;;;5;1;0;0;0;1;0;
1000001586;70000014;700000978;2024;17;1;0;1;;00002039;00000009;00000021;;1;0;0;0;;;;;0;;;0;;0;1;0;0;11000001;;2;5;1;0;0;0;1;0;
1000001587;70000069;700000979;2024;11;2;0;1;;00000553;00000006;00000005;00000772;1;0;1;;;1;;;;;;;;0;1;0;0;11000009;;15;5;1;0;0;0;1;0;
1000001589;70000167;700000981;2024;14;2;2;1;;00000079;00000006;00000001;;1;0;1;;;;;;;;;;;0;1;;0;11000023;;15;5;1;0;0;0;1;0;
1000001590;70000107;700000982;2024;15;2;3;1;;00004038;00000006;00000011;00001371;2;0;0;0;;;;;;;;;;0;1;0;0;11000015;;19;1;1;0;0;0;1;0;
1000001591;70000045;700000983;2024;18;1;3;1;;00005220;00000006;00000005;00003947;1;0;1;0;;1;;;;;;;;0;1;;0;11000006;;;5;1;0;0;0;1;0;
1000001593;70000109;700000985;2024;16;2;3;1;;00000840;00000001;00000019;00002271;2;0;0;;0;;;;;;;;;0;1;0;0;11000015;;17;2;1;0;0;0;1;0;
1000001594;70000196;700000986;2024;13;2;0;1;;00000491;00000001;;;2;0;0;0;1;;;;;;;0;;0;1;0;0;11000027;;;5;1;0;0;0;1;0;
1000001595;70000056;700000987;2024;9;2;0;1;;00002680;00000003;;00001896;1;0;1;;;;;;;;0;;;0;1;0;0;11000007;;1;5;1;0;0;0;1;0;
1000001596;70000163;700000988;2024;12;2;0;1;;00000586;00000008;00000016;00002868;1;0;1;0;;;;;;;0;;;0;1;1;0;11000023;;16;5;1;0;0;0;1;0;
1000001597;70000074;700000989;2024;16;2;3;1;;00001527;00000006;00000006;00003312;2;0;0;;;;;;;;;0;;0;1;1;0;11000010;;1;5;1;0;0;0;1;0;
1000001599;70000149;700000991;2024;8;1;1;1;;00002115;00000007;00000003;;1;0;0;;;;0;;;;;;;0;1;0;0;11000021;;69;5;1;0;0;0;1;0;
1000001600;70000039;700000992;2024;14;1;3;1;;00003409;00000006;00000020;00004677;2;0;1;;;;0;;0;;;;;0;1;0;0;11000005;;19;4;1;0;0;0;1;0;
1000001601;70000083;700000993;2024;4;2;4;1;;00005161;00000003;;00002345;1;0;0;;;;;;;;0;;;0;1;0;0;11000011;;;5;1;0;0;0;1;0;
1000001602;70000047;700000994;2024;13;1;1;1;;00005247;00000009;00000022;00003339;1;0;0;;0;;;;0;;;;0;0;1;0;0;11000006;;;5;1;0;0;0;1;0;
1000001603;70000051;700000995;2024;4;1;1;1;;00004649;00000004;00000017;00000312;1;0;0;;;;;;;;;;;0;1;0;0;11000007;;25;1;1;0;0;0;1;0;
1000001605;70000019;700000997;2024;18;2;1;1;;00004892;00000002;00000009;00000246;2;0;0;0;0;;;0;;;;0;;1;1;1;0;11000002;;;5;1;0;0;0;1;0;
1000001607;70000006;700000999;2024;7;2;3;1;;00001216;00000002;00000007;00000437;1;0;0;0;;;;0;;0;;;0;0;1;0;0;11000000;;16;5;1;0;0;0;1;0;
