CO_PESSOA_FISICA;ID_TURMA;ID_MATRICULA;NU_ANO;NU_IDADE_REFERENCIA;TP_SEXO;TP_COR_RACA;TP_NACIONALIDADE;CO_UF_NASC;CO_MUNICIPIO_NASC;CO_PAIS_RESIDENCIA;CO_UF_END;CO_MUNICIPIO_END;TP_ZONA_RESIDENCIAL;IN_NECESSIDADE_ESPECIAL;IN_TRANSPORTE_PUBLICO;IN_TRANSP_BICICLETA;IN_TRANSP_MICRO_ONIBUS;IN_TRANSP_ONIBUS;IN_TRANSP_TR_ANIMAL;IN_TRANSP_VANS_KOMBI;IN_TRANSP_OUTRO_VEICULO;IN_TRANSP_EMBAR_ATE5;IN_TRANSP_EMBAR_5A15;IN_TRANSP_EMBAR_15A35;IN_TRANSP_EMBAR_35;IN_ESPECIAL_EXCLUSIVA;IN_REGULAR;IN_EJA;IN_PROFISSIONALIZANTE;CO_ENTIDADE;TP_SITUACAO;TP_ETAPA_ENSINO;NU_DIAS_ATIVIDADE;QT_ESCOLAS_ANO;IN_TRANSFERIDO;IN_CONCLUINTE_FINAL;IN_FALECIDO;N_MATRICULAS_REG;IN_TROCA_ESCOLA;evadiu
1000000001;30000122;300000001;2020;24;2;2;1;;00005373;00000008;;00004038;2;0;0;;;;;;;;;0;0;0;1;0;;11000017;5;1;5;1;0;0;0;1;0;0
1000000002;30000058;300000002;2020;14;1;1;1;;00003872;00000002;;00002149;2;0;1;0;0;;;0;;0;;;;0;1;0;0;11000008;4;17;5;1;0;0;0;1;0;1
1000000004;30000179;300000003;2020;9;1;3;1;;00001979;00000007;00000021;00001685;1;0;0;;;;0;;;;;;;0;1;0;0;11000025;5;1;5;1;0;0;0;1;0;0
1000000005;30000035;300000004;2020;10;2;1;1;;00001370;00000005;;;1;0;0;;;;;0;;;;;;0;1;0;0;11000004;9;;5;1;0;0;0;1;0;0
1000000007;30000053;300000006;2020;17;2;3;1;;;00000006;00000006;00004058;2;0;0;;;;;;;;;0;;0;1;0;0;11000007;5;19;5;1;0;0;0;1;0;0
1000000008;30000057;300000007;2020;9;1;3;1;;00001959;00000003;00000022;00003874;1;0;0;;;;;;0;;;0;;0;1;0;0;11000008;9;2;5;1;0;0;0;1;0;0
1000000009;30000082;300000008;2020;8;1;0;1;;00000334;00000008;;00002490;2;0;0;;;;;;;;;;;0;1;0;0;11000011;5;40;5;1;0;0;0;1;0;0
1000000010;30000131;300000009;2020;11;2;1;1;;00001534;00000006;;00004155;1;0;0;;;;;;;;;;0;0;1;0;0;11000018;5;71;5;1;0;0;0;1;0;0
1000000011;30000039;300000010;2020;8;2;3;1;;00002134;00000004;;;1;0;0;;;;;;;;;;;0;1;0;0;11000005;9;;5;1;0;0;0;1;0;0
1000000017;30000045;300000011;2020;15;1;0;1;;00000810;00000004;;00000110;1;0;0;;;;;0;;;0;;;0;1;0;0;11000006;5;1;5;1;0;0;0;1;0;0
1000000018;30000028;300000012;2020;11;1;0;1;;00003353;00000006;;00002109;1;0;0;;;;;;;;;0;;0;1;0;0;11000003;4;19;5;1;0;0;0;1;0;1
1000000019;30000097;300000013;2020;19;1;1;1;;00000513;00000005;00000017;00005202;1;0;0;;;1;;;;0;;;;;1;0;0;11000013;5;14;5;1;0;0;0;1;0;0
1000000021;30000165;300000014;2020;17;2;1;1;;00003207;00000003;00000023;00003343;1;0;0;;0;;;;;;;;0;0;1;0;0;11000023;5;1;5;1;0;0;0;1;0;0
1000000023;30000107;300000015;2020;26;1;1;1;;00000343;00000006;00000003;00003579;1;0;1;;;;;;;;;;0;0;1;0;0;11000015;5;26;5;1;0;0;0;1;0;0
1000000026;30000157;300000017;2020;18;2;3;1;;00002647;00000007;00000020;00000648;1;0;1;;;;;0;;;;;0;0;1;0;0;11000022;5;1;5;1;0;0;0;1;0;0
1000000027;30000135;300000018;2020;22;2;0;1;;00004497;00000008;;00001281;1;0;0;;;;;0;;0;;;;0;1;0;0;11000019;5;17;5;1;0;0;0;1;0;0
1000000028;30000161;300000019;2020;11;1;1;1;;00000716;00000004;;00005083;1;0;0;;0;1;;;;;0;;;0;1;;0;11000022;5;27;5;1;0;0;0;1;0;0
1000000030;30000160;300000021;2020;7;2;0;1;;00001416;00000007;00000005;;1;0;0;;;;;;;0;;;;0;1;0;0;11000022;5;17;5;1;0;0;0;1;0;0
1000000031;30000002;300000022;2020;20;2;0;1;;00000561;00000002;00000006;00003958;1;0;0;;;;;;;;;;;0;1;0;0;11000000;2;20;5;1;0;0;0;1;0;1
1000000032;30000133;300000023;2020;18;2;0;1;;00002794;00000008;;00001273;1;0;1;;0;1;;;;;0;;;0;1;;0;11000018;5;18;5;1;0;0;0;1;0;0
1000000033;30000180;300000024;2020;8;2;0;1;;00005067;00000001;00000016;00001607;1;0;0;0;;;0;0;;0;;;;0;1;0;0;11000025;5;20;3;1;0;0;0;1;0;0
1000000035;30000029;300000025;2020;6;2;1;1;;00000640;00000008;00000013;;1;0;1;;;;;;;;;;;0;1;0;1;11000004;5;;5;1;0;0;0;1;0;0
1000000036;30000181;300000026;2020;16;2;1;1;;00003599;00000003;;;1;0;0;;;;;;0;;;;;0;1;0;1;11000025;5;2;5;1;0;0;0;1;0;0
1000000037;30000058;300000027;2020;13;1;3;1;;00002423;00000004;00000021;00000551;1;0;0;;;;;0;0;;;;;0;1;0;0;11000008;5;17;5;1;0;0;0;1;0;0
1000000038;30000200;300000028;2020;22;1;1;1;;00001928;00000005;00000020;00004824;1;0;0;;;;;;;;;;;0;1;0;0;11000028;5;26;5;1;0;0;0;1;0;0
1000000039;30000051;300000029;2020;19;1;1;1;;00005332;00000007;00000022;00004151;1;0;0;;;0;;;;;0;;0;0;1;;0;11000007;5;19;5;1;0;0;0;1;0;0
1000000040;30000114;300000030;2020;18;1;1;1;;00003501;00000007;;00000284;1;0;1;;;;;;;;;;;0;1;0;0;11000016;5;19;5;1;0;0;0;1;0;0
1000000044;30000034;300000032;2020;18;2;3;1;;00000575;00000002;;;1;0;0;;;;;;;;;;;0;1;0;0;11000004;2;27;5;1;0;0;0;1;0;1
1000000047;30000124;300000035;2020;9;2;1;1;;00003688;00000006;00000010;;2;0;0;;;;;;;;;0;;0;1;0;0;11000017;5;2;5;1;0;0;0;1;0;0
1000000048;30000203;300000036;2020;35;2;0;1;;00002315;00000001;00000005;00002337;1;0;0;;;;;;0;;;;;;1;0;0;11000028;5;69;5;1;0;0;0;1;0;0
1000000050;30000003;300000038;2020;12;1;0;1;;00002770;00000007;;;1;0;0;;;;;0;;;;0;;0;1;;0;11000000;5;2;5;1;0;0;0;1;0;0
1000000051;30000017;300000039;2020;12;2;1;1;;00002648;00000007;00000016;00004899;1;0;0;;1;1;;;;;;;;0;1;0;0;11000002;5;17;1;1;0;0;0;1;0;0
1000000052;30000130;300000040;2020;18;2;0;1;;00002905;00000003;00000009;;1;0;0;;0;;0;;;;;;0;0;1;0;0;11000018;5;16;5;1;0;0;0;1;0;0
1000000053;30000038;300000041;2020;20;1;0;1;;00005153;00000006;00000007;00001184;1;0;1;;;;;;;0;0;;0;0;1;0;0;11000005;5;1;5;1;0;0;0;1;0;0
1000000054;30000004;300000042;2020;16;1;0;1;;00002907;00000004;00000020;;1;0;0;;;1;;;;;;;;0;1;0;1;11000000;2;;5;1;0;0;0;1;0;1
1000000055;30000085;300000043;2020;7;1;1;1;;00003008;00000007;00000022;00005071;1;0;0;;;;;;;;;0;;0;1;0;0;11000012;9;14;5;1;0;0;0;1;0;0
1000000056;30000098;300000044;2020;8;1;0;1;;00003487;00000004;;00005182;1;0;0;;;1;0;;;;;0;;0;1;0;0;11000013;9;18;5;1;0;0;0;1;0;0
1000000057;30000050;300000045;2020;17;2;3;1;;00005160;00000003;00000010;00000906;1;0;0;;;;;;;;;;;0;1;0;0;11000007;5;25;5;1;0;0;0;1;0;0
1000000058;30000189;300000046;2020;14;2;1;1;;00004185;00000006;00000020;;1;0;0;;;;;;;;;;;0;1;0;0;11000026;5;14;3;1;0;0;0;1;0;0
1000000062;30000094;300000048;2020;7;1;3;1;;00002852;00000001;00000014;00002027;1;0;0;0;;;;0;0;0;;;;0;1;0;0;11000013;5;15;5;1;0;0;0;1;0;0
1000000064;30000140;300000049;2020;6;1;3;1;;00002706;00000004;00000019;00003172;1;0;0;;;;;;;;;;;0;1;0;0;11000019;5;;5;1;0;0;0;1;0;0
1000000065;30000189;300000050;2020;17;1;3;1;;00000073;00000007;00000025;00003349;2;0;0;;;;;;;;;;;0;1;0;0;11000026;5;14;3;1;0;0;0;1;0;0
1000000066;30000093;300000051;2020;14;2;3;1;;00003904;00000008;00000016;;1;1;0;;;1;;;;;;;0;0;1;0;0;11000013;5;1;5;1;0;0;0;1;0;0
1000000067;30000090;300000052;2020;6;1;3;1;;00000450;00000001;00000010;00002391;1;0;1;;;;;;;;;;;0;1;0;0;11000012;5;41;5;1;0;0;0;1;0;0
1000000068;30000178;300000053;2020;8;2;0;1;;00003236;00000006;00000003;00000978;1;0;1;;;;0;;;;;;;0;1;0;0;11000025;;2;5;1;0;0;0;1;0;0
1000000070;30000166;300000055;2020;16;2;1;1;;00000520;00000006;00000021;00000818;1;0;0;;;;;;0;;0;;;0;1;1;0;11000023;5;;5;1;0;0;0;1;0;0
1000000071;30000115;300000056;2020;17;2;0;1;;00005480;00000005;00000010;00001931;1;0;0;;;;0;;;0;0;;;0;1;0;0;11000016;9;1;2;1;0;0;0;1;0;0
1000000072;30000163;300000057;2020;13;2;3;1;;00000453;00000008;00000008;00003110;1;0;1;;;;0;;;;0;;;0;1;0;0;11000023;5;20;5;1;0;0;0;1;0;0
1000000073;30000086;300000058;2020;11;1;3;1;;00000839;00000001;00000008;;1;0;1;0;;;0;;;;;;;0;1;0;0;11000012;9;14;5;1;0;0;0;1;0;0
1000000074;30000092;300000059;2020;13;2;0;1;;00001843;00000004;00000012;;1;0;0;0;;;;;;0;;;;;1;0;0;11000013;9;2;5;1;0;0;0;1;0;0
1000000075;30000097;300000060;2020;8;2;2;1;;00002405;00000004;;;1;0;0;0;;;0;;;;;;0;0;1;0;0;11000013;5;14;5;1;0;0;0;1;0;0
1000000077;30000015;300000061;2020;12;1;0;1;;00000516;00000008;;;1;0;1;0;;;;0;;0;;0;0;0;1;0;1;11000002;9;25;5;1;0;0;0;1;0;0
1000000078;30000172;300000062;2020;10;1;0;1;;00004461;00000005;00000002;00004921;1;0;0;;;;;0;0;;;0;;0;1;0;0;11000024;5;;6;1;0;0;0;1;0;0
1000000079;30000163;300000063;2020;16;2;0;1;;00004754;00000008;00000013;;1;0;0;;;0;;;;;;;;;1;0;;11000023;5;20;5;1;0;0;0;1;0;0
1000000080;30000019;300000064;2020;19;1;3;1;;00005304;00000005;00000025;00002527;1;0;0;;0;;;;;;;;;0;1;0;0;11000002;5;18;5;1;0;0;0;1;0;0
1000000082;30000205;300000066;2020;12;2;3;1;;00002328;00000002;00000012;;1;0;0;;;;;0;;;;;0;0;1;0;0;11000029;9;1;5;1;0;0;0;1;0;0
1000000083;30000056;300000067;2020;9;2;0;1;;00003446;00000002;00000004;00003479;2;0;0;;;;;;;;;;;0;1;0;0;11000007;5;17;5;1;0;0;0;1;0;0
1000000084;30000059;300000068;2020;20;1;3;1;;00002105;00000005;00000025;00001521;1;0;0;;;;;;;;;;;0;1;0;0;11000008;9;15;5;1;0;0;0;1;0;0
1000000085;30000102;300000069;2020;19;1;0;1;;00001737;00000004;;;1;0;0;;;1;;;0;;0;;;0;1;0;1;11000014;5;17;5;1;0;0;0;1;0;0
1000000086;30000159;300000070;2020;13;1;3;1;;00002330;00000006;00000001;00004591;1;0;0;;0;1;;;;0;;;0;0;1;0;0;11000022;9;2;5;1;0;0;0;1;0;0
1000000087;30000176;300000071;2020;15;1;3;1;;00004543;00000003;;;2;0;0;0;;;;0;;;0;0;;0;1;0;;11000025;5;16;5;1;0;0;0;1;0;0
1000000088;30000076;300000072;2020;15;1;3;1;;00004765;00000007;00000019;00004663;2;0;0;0;;;0;;;;;;;0;1;0;0;11000010;5;25;5;1;0;0;0;1;0;0
1000000089;30000142;300000073;2020;14;2;3;1;;00000620;00000001;;00000107;1;0;0;;;;;;;;;;0;0;1;0;0;11000020;5;2;5;1;0;0;0;1;0;0
1000000090;30000168;300000074;2020;9;1;3;1;;00001103;00000005;00000016;00002568;1;0;0;;;;;0;;;;;;0;1;0;0;11000023;4;1;5;1;0;0;0;1;0;1
1000000091;30000069;300000075;2020;16;2;3;1;;00005569;00000005;00000006;00002531;1;0;0;;0;;0;0;;;;;;0;1;0;1;11000009;9;26;5;1;0;0;0;1;0;0
1000000092;30000023;300000076;2020;13;1;3;1;;00001330;00000005;00000008;;1;0;1;;;;;;;;0;;;0;1;0;0;11000003;9;1;5;1;0;0;0;1;0;0
1000000093;30000051;300000077;2020;23;1;3;1;;00005541;00000005;;00000304;1;0;0;;;;;;;;;;;0;1;0;0;11000007;5;19;5;1;0;0;0;1;0;0
1000000094;30000154;300000078;2020;4;2;3;1;;00004350;00000002;00000025;00001087;1;0;0;0;;;;;;;0;;;0;1;0;0;11000021;5;1;5;1;0;0;0;1;0;0
1000000095;30000206;300000079;2020;7;2;1;1;;00002028;00000004;00000013;00005104;1;0;1;;;;;;;;;0;;0;1;0;0;11000029;5;;5;1;0;0;0;1;0;0
1000000096;30000086;300000080;2020;12;1;1;1;;00004518;00000006;;00005197;1;0;0;;;;;;;;;;;0;1;0;0;11000012;5;14;5;1;0;0;0;1;0;0
1000000098;30000006;300000082;2020;7;1;1;1;;00001544;00000002;;;1;0;0;;;;;;0;0;0;0;;0;1;0;0;11000000;5;2;5;1;0;0;0;1;0;0
1000000100;30000214;300000083;2020;9;2;0;1;;00001286;00000004;00000014;00001178;1;0;0;;0;;;0;;;;;;0;1;0;0;11000030;9;2;5;1;0;0;0;1;0;0
1000000102;30000033;300000085;2020;13;2;0;1;;00003730;00000006;00000017;;1;0;0;;0;;;;0;;;;;0;1;0;0;11000004;9;41;6;1;0;0;0;1;0;0
1000000103;30000010;300000086;2020;18;1;1;1;;00005162;00000005;;;1;0;0;;;;;;;;;0;;0;1;1;0;11000001;9;19;5;1;0;0;0;1;0;0
1000000104;30000110;300000087;2020;25;1;3;1;;00002303;00000001;00000004;00003120;1;1;0;;;;;;;0;;;0;0;1;0;0;11000015;5;1;5;1;0;0;0;1;0;0
1000000106;30000042;300000088;2020;7;1;1;1;;00003553;00000001;00000019;00000922;1;0;0;;;1;;;;;;;;0;1;0;0;11000005;5;15;5;1;0;0;0;1;0;0
1000000107;30000064;300000089;2020;7;2;0;1;;00004537;00000001;;00003057;2;0;;;;;0;;0;;;;;0;1;0;0;11000009;5;41;5;1;0;0;0;1;0;0
1000000108;30000216;300000090;2020;10;1;5;1;;;00000005;00000013;00004572;1;0;0;;;;;;;;;;;0;1;0;0;11000030;9;2;5;1;0;0;0;1;0;0
1000000109;30000182;300000091;2020;16;1;3;1;;00003176;00000006;00000014;00003619;2;0;0;;0;;0;;;;;;;0;1;0;0;11000025;9;27;5;1;0;0;0;1;0;0
1000000110;30000130;300000092;2020;19;1;3;1;;00002870;00000005;00000015;00002979;1;1;0;;;;;0;;;;;;0;1;0;0;11000018;5;16;5;1;0;0;0;1;0;0
1000000111;30000175;300000093;2020;6;1;1;1;;00000153;00000002;00000013;;1;0;1;;;;;0;;;0;;0;0;1;0;0;11000024;5;26;5;1;0;0;0;1;0;0
1000000112;30000064;300000094;2020;7;2;0;1;;00002408;00000006;00000007;00001242;1;0;0;;;;;;;;;;;0;1;0;0;11000009;9;41;5;1;0;0;0;1;0;0
1000000116;30000122;300000097;2020;16;1;0;1;;00000774;00000005;00000007;00003634;1;0;0;;;;;;;;;;;0;1;0;0;11000017;9;1;5;1;0;0;0;1;0;1
1000000118;30000078;300000098;2020;19;2;0;1;;00001477;00000002;00000012;00004207;1;0;0;;;;;;0;0;1;;0;0;1;0;0;11000011;4;21;5;1;0;0;0;1;0;1
1000000119;30000190;300000099;2020;6;1;1;1;;00001933;00000003;;00004610;2;0;0;;;;;;;;;;0;0;1;0;0;11000027;9;27;5;1;0;0;0;1;0;0
1000000120;30000069;300000100;2020;12;2;3;1;;00001919;00000004;00000014;;1;0;1;;0;;;;;;;;;0;1;0;0;11000009;5;26;5;1;0;0;0;1;0;0
1000000122;30000022;300000101;2020;19;1;0;1;;00001729;00000001;00000001;00003978;1;0;0;0;1;1;;;;;0;;;0;1;0;0;11000003;5;1;5;1;0;0;0;1;0;0
1000000124;30000179;300000102;2020;8;1;0;1;;00003783;00000006;00000008;;1;0;0;;;;;;;;;;;0;1;;0;11000025;5;1;5;1;0;0;0;1;0;0
1000000125;30000111;300000103;2020;18;1;1;1;;00004940;00000002;00000014;00002938;1;0;0;;;0;;;;;;;0;0;1;0;0;11000015;5;23;5;1;0;0;0;1;0;0
1000000128;30000086;300000105;2020;13;2;3;1;;00001758;00000008;;00003160;1;0;0;;;;;;;;;;;0;1;0;0;11000012;5;14;5;1;0;0;0;1;0;0
1000000130;30000176;300000106;2020;22;2;1;1;;00004138;00000007;00000026;;1;0;1;;;;;;;;;;;0;1;1;0;11000025;2;16;5;1;0;0;0;1;0;1
1000000131;30000032;300000107;2020;19;2;3;1;;00003491;00000003;;00005195;1;0;1;;;;;1;;0;;;;0;1;0;0;11000004;5;;5;1;0;0;0;1;0;0
1000000132;30000059;300000108;2020;9;1;0;1;;00001476;00000008;;00001863;1;0;0;;;;;;;;0;0;0;0;1;0;0;11000008;;15;5;1;0;0;0;1;0;0
1000000133;30000011;300000109;2020;24;1;2;1;;00004655;00000006;00000003;00001421;1;1;0;;;;;;;0;;;;0;1;0;0;11000001;5;1;5;1;0;0;0;1;0;0
1000000135;30000023;300000111;2020;19;1;0;1;;00004722;00000001;00000020;00000846;1;0;0;;;;0;;;;;;;0;1;1;0;11000003;5;1;5;1;0;0;0;1;0;0
1000000137;30000028;300000112;2020;15;2;1;1;;00004213;00000005;00000019;00000898;1;0;0;0;;;;;;;;;;0;1;0;0;11000003;5;19;5;1;0;0;0;1;0;0
1000000138;30000063;300000113;2020;7;2;1;1;;00002964;00000004;00000021;;1;0;1;;1;;;;;;;;;0;1;0;0;11000008;5;19;5;1;0;0;0;1;0;0
1000000139;30000013;300000114;2020;9;2;3;1;;00002534;00000008;00000012;00003324;1;0;0;;;;;;;;0;;;0;1;0;0;11000001;5;17;5;1;0;0;0;1;0;0
1000000140;30000043;300000115;2020;17;1;3;1;;00002168;00000001;00000009;00000834;1;0;0;;;;;;;;;;;0;1;0;0;11000006;2;27;6;1;0;1;0;1;0;
1000000141;30000008;300000116;2020;15;1;1;1;;00001237;00000004;00000004;;1;0;0;;;;;;;;0;;;0;1;0;0;11000001;9;1;5;1;0;0;0;1;0;0
1000000142;30000192;300000117;2020;11;1;3;1;;00001680;00000003;;00000766;1;0;1;;;1;0;;;;;0;;0;1;0;0;11000027;9;21;5;1;0;0;0;1;0;0
1000000143;30000215;300000118;2020;20;1;2;1;;00002360;00000008;;;1;0;0;;;0;;;;;;0;;0;1;0;0;11000030;5;22;5;1;0;0;0;1;0;0
1000000144;30000107;300000119;2020;7;2;1;1;;00001964;00000004;;00003083;1;0;0;;;;;;;;;;0;0;1;1;0;11000015;5;26;5;1;0;0;0;1;0;0
1000000145;30000137;300000120;2020;20;2;3;1;;00005406;00000005;;00002279;1;0;1;0;;;;;;;;;;0;1;0;0;11000019;5;21;5;1;0;0;0;1;0;0
1000000148;30000069;300000122;2020;14;1;1;1;;00004380;00000005;00000016;00003612;2;0;0;;1;;;;;;;;;0;1;0;0;11000009;9;26;5;1;0;0;0;1;0;0
1000000149;30000078;300000123;2020;17;2;1;1;;00003611;00000002;00000020;;1;0;0;;;;;;0;;;;0;0;1;0;0;11000011;5;21;5;1;0;0;0;1;0;0
1000000150;30000105;300000124;2020;8;2;0;1;;00001607;00000008;;00000500;1;0;1;;;;;;;;0;;;0;1;0;0;11000014;5;27;5;1;0;0;0;1;0;0
1000000153;30000024;300000126;2020;18;1;1;1;;00004485;00000005;;00001089;1;0;0;;;;;;;0;;;;0;1;0;0;11000003;9;16;5;1;0;0;0;1;0;0
1000000156;30000122;300000128;2020;17;1;0;1;;00003168;00000003;00000002;00001726;1;0;0;;;;;;;;;;;0;1;0;0;11000017;5;1;5;1;0;0;0;1;0;0
1000000157;30000208;300000129;2020;16;2;0;1;;00000616;00000002;;;2;0;0;;0;;;;;0;;0;;0;1;0;0;11000029;9;;5;1;0;0;0;1;0;0
1000000158;30000100;300000130;2020;17;2;0;1;;00005175;00000003;;00002282;1;1;0;;;;;;;;;0;0;0;1;0;0;11000014;5;1;2;1;0;0;0;1;0;0
1000000159;30000063;300000131;2020;8;1;3;1;;00001526;00000002;00000005;00003593;1;0;0;0;;;;;0;;;;;0;1;0;0;11000008;5;19;5;1;0;0;0;1;0;0
1000000160;30000002;300000132;2020;23;1;1;1;;00003576;00000003;00000006;00004997;1;0;0;;0;;;;;;;;;0;1;0;0;11000000;5;20;5;1;0;0;0;1;0;0
1000000162;30000144;300000133;2020;19;1;0;1;;00002937;00000005;;00002746;2;0;0;;;;0;;;;;;;0;1;0;;11000020;5;25;5;1;0;0;0;1;0;0
1000000163;30000095;300000134;2020;13;1;1;1;;00005032;00000001;00000020;00004508;2;0;0;;;;;;;0;;;;0;1;0;0;11000013;;;5;1;0;0;0;1;0;0
1000000164;30000095;300000135;2020;10;2;3;1;;00001378;00000001;00000022;;1;0;0;;;1;;0;;;0;;;0;1;0;0;11000013;5;;5;1;0;0;0;1;0;0
1000000165;30000132;300000136;2020;17;2;0;1;;00005173;00000004;00000026;00002480;2;0;0;;;;0;;;;;;;0;1;0;0;11000018;9;16;5;1;0;0;0;1;0;0
1000000167;30000161;300000137;2020;14;1;3;1;;00004940;00000005;00000010;00003615;1;0;0;;;0;;;;;;;;0;1;1;0;11000022;9;27;5;1;0;0;0;1;0;0
1000000168;30000007;300000138;2020;15;1;3;1;;00004654;00000003;00000025;00003563;1;0;0;;;1;;;;;;;;0;1;0;0;11000000;5;22;5;1;0;0;0;1;0;0
1000000169;30000060;300000139;2020;17;1;1;1;;00004396;00000003;;00001452;1;0;0;;;;;;0;;;;0;0;1;0;0;11000008;5;71;5;1;0;0;0;1;0;0
1000000170;30000068;300000140;2020;7;1;1;1;;00004301;00000008;00000012;00003590;1;0;0;0;;;;;0;0;;0;;0;1;0;0;11000009;5;;5;1;0;0;0;1;0;0
1000000172;30000193;300000142;2020;18;1;3;1;;00002610;00000003;;00004067;1;0;0;;0;;;;;;;;;0;1;0;0;11000027;5;2;4;1;0;0;0;1;0;0
1000000175;30000025;300000144;2020;17;1;1;1;;00000267;00000008;00000024;;1;0;0;;;1;;;;;;;;0;1;0;0;11000003;5;2;1;1;0;0;0;1;0;0
1000000176;30000170;300000145;2020;6;2;1;1;;00000042;00000004;;00000379;1;0;0;;;1;0;;;;0;;;0;1;0;0;11000024;5;14;5;1;0;0;0;1;0;0
1000000177;30000061;300000146;2020;19;1;1;1;;00001635;00000004;;00004397;1;0;0;;;1;;0;;;;;;0;1;0;1;11000008;5;15;5;1;0;0;0;1;0;0
1000000179;30000197;300000148;2020;7;1;0;1;;00005286;00000003;00000008;00005502;1;0;0;;;;;;;;;;;0;1;0;0;11000028;5;14;5;1;0;0;0;1;0;0
1000000180;30000088;300000149;2020;4;2;0;1;;00001670;00000005;00000027;00000355;1;0;0;0;;;;0;;;0;;;0;1;0;0;11000012;5;21;6;1;0;0;0;1;0;0
1000000181;30000133;300000150;2020;21;2;1;1;;00002764;00000002;;00001762;2;0;0;;;;;;;;0;;0;0;1;0;0;11000018;5;18;5;1;0;0;0;1;0;0
1000000183;30000075;300000151;2020;14;2;0;1;;00000954;00000002;00000014;;1;0;0;;0;;;0;;;;;;0;1;0;0;11000010;5;26;6;1;0;0;0;1;0;0
1000000184;30000068;300000152;2020;7;1;3;1;;00000006;00000005;00000006;;1;0;0;0;;;;0;;0;;;;0;1;;0;11000009;5;;5;1;0;0;0;1;0;0
1000000185;30000137;300000153;2020;7;2;2;1;;00003562;00000005;00000010;;1;0;0;;;;0;;;;;0;;0;1;0;0;11000019;5;21;5;1;0;0;0;1;0;0
1000000186;30000026;300000154;2020;4;1;0;1;;00000342;00000001;00000016;;1;0;0;;;1;;0;;;;;;0;1;0;0;11000003;9;19;5;1;0;0;0;1;0;0
1000000187;30000066;300000155;2020;20;1;1;1;;00001682;00000001;00000017;00000967;1;0;1;0;;;;;;;;;;0;1;0;;11000009;5;;5;1;0;0;0;1;0;0
1000000188;30000095;300000156;2020;17;2;1;1;;00000366;00000001;00000019;00004759;2;0;1;;;;;;0;;;;;0;1;0;0;11000013;9;;5;1;0;0;0;1;0;0
1000000190;30000207;300000157;2020;13;1;3;1;;00002417;00000004;00000001;00005176;1;1;0;;;;;;;;;;;0;1;0;0;11000029;9;1;5;1;0;0;0;1;0;0
1000000192;30000021;300000159;2020;17;1;1;1;;00001599;00000007;00000004;;1;0;0;0;;;;;0;;;;;0;1;0;0;11000002;5;;5;1;0;0;0;1;0;0
1000000195;30000113;300000160;2020;16;1;0;1;;00002602;00000001;00000007;00004899;1;0;0;;;;;;;;;;0;0;1;0;0;11000016;5;16;2;1;0;0;0;1;0;0
1000000197;30000048;300000162;2020;15;1;3;1;;00004854;00000007;00000027;00000625;1;0;0;;;;;;;;;0;0;0;1;;0;11000006;5;15;5;1;0;0;0;1;0;0
1000000198;30000210;300000163;2020;7;1;3;1;;00003113;00000001;;;2;0;0;0;0;;;0;;;;;;0;1;0;0;11000029;5;;5;1;0;0;0;1;0;0
1000000199;30000059;300000164;2020;7;2;1;1;;00002737;00000008;00000001;00002334;1;0;0;;;;;;;;;;;0;1;0;0;11000008;;15;5;1;0;0;0;1;0;0
1000000200;30000014;300000165;2020;5;2;3;1;;00001299;00000002;00000006;00005059;1;0;1;;;;;;;;;;;0;1;;0;11000001;5;1;5;1;1;0;0;1;0;0
1000000201;30000187;300000166;2020;10;1;3;1;;00004007;00000002;00000013;;1;0;1;;;;;0;;;;;;0;1;0;0;11000026;9;17;5;1;0;0;0;1;0;0
1000000203;30000081;300000167;2020;11;1;0;1;;00004723;00000006;;00003266;1;0;1;;;;;;;0;;;;0;1;0;0;11000011;5;2;5;1;0;0;0;1;0;0
1000000204;30000138;300000168;2020;17;2;1;1;;00004367;00000003;;;2;0;0;;0;;;;;;;;;0;1;0;0;11000019;5;2;5;1;0;0;0;1;0;0
1000000205;30000011;300000169;2020;11;1;3;1;;00001442;00000004;00000013;00000323;1;1;1;;;1;;;;;;;;0;1;0;0;11000001;5;1;5;1;0;0;0;1;0;0
1000000206;30000029;300000170;2020;33;1;3;1;;00001824;00000005;;00002532;1;0;0;;;;;;;;;;0;0;1;0;0;11000004;9;;5;1;0;0;0;1;0;0
1000000207;30000093;300000171;2020;11;1;0;1;;00002413;00000001;00000024;;1;0;1;;;;;;;;;;;0;1;0;0;11000013;5;1;5;1;0;0;0;1;0;0
1000000208;30000038;300000172;2020;13;2;3;1;;00000434;00000006;;;1;0;0;;0;;;;;;;;;0;1;0;0;11000005;9;1;5;1;0;0;0;1;0;0
1000000209;30000134;300000173;2020;14;2;0;1;;00003971;00000007;;00004839;2;0;0;;0;;;;;;;;;0;1;0;1;11000019;;20;5;1;0;0;0;1;0;0
1000000210;30000203;300000174;2020;10;2;3;1;;00003285;00000007;00000024;;1;0;0;;0;1;;;;;;;;0;1;1;0;11000028;2;69;5;1;0;0;0;1;0;0
1000000212;30000099;300000175;2020;12;2;1;1;;00001146;00000007;;00003752;1;0;1;;0;;;;;;;;0;0;1;0;0;11000014;5;41;5;1;0;0;0;1;0;0
1000000213;30000071;300000176;2020;16;1;1;1;;00000113;00000002;00000001;;1;0;0;;;1;;;;;;;;0;1;0;0;11000010;5;15;1;1;0;0;0;1;0;0
1000000215;30000029;300000178;2020;6;1;3;1;;00002619;00000005;00000026;00003437;2;0;0;;;;;;;1;;0;0;0;1;0;0;11000004;5;;5;1;0;0;0;1;0;0
1000000216;30000021;300000179;2020;19;2;3;1;;00003464;00000007;;00001131;1;0;0;;0;1;0;;;;0;0;;0;1;0;0;11000002;2;;5;1;0;0;0;1;0;1
1000000217;30000077;300000180;2020;12;2;3;1;;00001915;00000001;00000015;00001699;1;0;0;;;;;;;;;;;0;1;0;0;11000010;9;70;5;1;0;0;0;1;0;0
1000000218;30000209;300000181;2020;10;2;1;1;;00004836;00000005;00000005;;1;0;0;;;;;;;;;0;;0;1;0;0;11000029;5;2;5;1;0;0;0;1;0;0
1000000219;30000165;300000182;2020;5;2;3;1;;00003574;00000006;00000007;;1;0;0;;;;;;;0;0;;;0;1;0;0;11000023;5;1;5;1;0;0;0;1;0;0
1000000220;30000094;300000183;2020;11;1;0;1;;00005527;00000008;00000022;;2;0;0;;0;0;;0;0;0;;;;0;1;0;0;11000013;4;15;5;1;0;0;0;1;0;1
1000000221;30000187;300000184;2020;17;1;3;1;;00001658;00000004;;;1;0;;;;;;;;;0;;;0;1;0;0;11000026;4;17;5;1;0;0;0;1;0;1
1000000222;30000199;300000185;2020;10;2;3;1;;00002513;00000007;;00002254;2;0;0;;;;0;;;0;;;;0;1;0;0;11000028;;2;5;1;0;0;0;1;0;0
1000000226;30000050;300000186;2020;14;2;1;1;;00004704;00000006;;00003890;1;0;1;0;;0;;;;;0;0;0;0;1;0;0;11000007;;25;5;1;0;0;0;1;0;0
1000000227;30000015;300000187;2020;17;1;3;1;;00003614;00000002;;;1;0;0;;;1;;;;;;;0;0;1;;0;11000002;5;25;5;1;0;0;0;1;0;0
1000000228;30000195;300000188;2020;16;2;3;1;;00002072;00000005;00000008;;1;0;0;0;;;;;;;;;;0;1;0;0;11000027;5;25;5;1;0;0;0;1;0;0
1000000229;30000106;300000189;2020;13;2;0;1;;00001608;00000004;00000020;00003786;1;0;1;;;;;;;;0;;0;;1;0;0;11000015;5;27;5;1;0;0;0;1;0;0
1000000231;30000119;300000190;2020;17;2;3;1;;00002957;00000004;00000007;;1;0;0;;1;;;;;;;;;0;1;0;0;11000016;5;41;5;1;0;0;0;1;0;0
1000000232;30000144;300000191;2020;14;2;1;1;;00000394;00000008;00000012;;1;0;0;;;;;;;;;;;0;1;0;0;11000020;5;25;5;1;0;0;0;1;0;0
1000000235;30000175;300000192;2020;20;2;3;1;;00001486;00000003;00000026;;1;0;0;;;;;;;;;;;0;1;0;0;11000024;2;26;5;1;0;0;0;1;0;1
1000000236;30000156;300000193;2020;15;1;1;1;;00001129;00000007;;00002216;1;0;0;;0;;0;;;;;;;0;1;0;0;11000022;5;14;5;1;0;0;0;1;0;0
1000000238;30000193;300000194;2020;10;2;3;1;;00002173;00000008;00000001;00002750;1;0;0;;;1;;;;;;;;0;1;0;0;11000027;5;2;4;1;0;0;0;1;0;0
1000000239;30000089;300000195;2020;18;1;3;1;;00000921;00000007;00000016;00002379;1;0;1;;;;;;;0;;0;;0;1;1;0;11000012;;15;5;1;0;0;0;1;0;0
1000000240;30000133;300000196;2020;15;2;1;1;;00002622;00000001;;00003758;1;0;0;0;;;0;;;;;0;;0;1;0;0;11000018;9;18;5;1;0;0;0;1;0;0
1000000241;30000160;300000197;2020;19;2;3;1;;00000475;00000004;;00001577;1;0;0;;0;;;;;;;;;0;1;0;0;11000022;5;17;5;1;0;0;0;1;0;0
1000000243;30000163;300000198;2020;13;1;3;1;;00003515;00000003;;00000358;1;0;0;;;;;;;;;0;;;1;0;0;11000023;5;20;5;1;0;0;0;1;0;0
1000000244;30000195;300000199;2020;10;1;0;1;;00004327;00000007;;00004822;1;0;0;;;;;;0;;;0;;0;1;0;0;11000027;;25;5;1;0;0;0;1;0;0
1000000245;30000155;300000200;2020;11;1;3;1;;00000670;00000002;00000024;;1;0;0;;;;;;0;;;;;0;1;0;0;11000022;9;15;5;1;0;0;0;1;0;0
1000000247;30000152;300000202;2020;17;1;0;1;;00000372;00000001;00000027;;1;0;0;;;;;;;;;0;;0;1;0;0;11000021;5;64;5;1;0;0;0;1;0;0
1000000249;30000199;300000204;2020;24;2;0;1;;00000930;00000002;00000002;00004898;1;0;1;;0;;;;;;;;;0;1;0;0;11000028;5;2;5;1;0;0;0;1;0;0
1000000250;30000138;300000205;2020;12;1;1;1;;00002137;00000001;;00003403;1;0;0;;;;;;0;;0;;;0;1;0;0;11000019;5;2;5;1;0;0;0;1;0;0
1000000251;30000096;300000206;2020;17;2;1;1;;00002665;00000005;00000013;;1;0;0;;;;;0;0;;0;;;0;1;0;0;11000013;9;25;2;1;0;0;0;1;0;0
1000000252;30000144;300000207;2020;14;2;0;1;;00000484;00000002;;00005102;1;0;1;;;;;;;0;;0;;0;1;0;0;11000020;5;25;5;1;0;0;0;1;0;0
1000000253;30000032;300000208;2020;10;2;3;1;;00002428;00000004;00000007;00004552;1;0;0;;;;;0;;;;;;0;1;0;0;11000004;5;;5;1;0;0;0;1;0;0
1000000254;30000123;300000209;2020;16;2;0;1;;00002449;00000007;00000007;00001923;1;0;1;0;;;;;;;;;;0;1;0;0;11000017;5;20;5;1;0;0;0;1;0;0
1000000255;30000025;300000210;2020;20;1;1;1;;00001169;00000007;;00003544;1;0;0;;1;1;;;;0;;;;;1;0;0;11000003;5;2;1;1;0;0;0;1;0;0
1000000256;30000069;300000211;2020;15;1;0;1;;00003446;00000006;00000020;00001933;1;0;0;;;;0;;;;;;;0;1;0;0;11000009;5;26;5;1;0;0;0;1;0;0
1000000259;30000084;300000212;2020;9;1;1;1;;00005002;00000007;00000024;00004289;1;0;0;0;;;;;;;;;;0;1;0;0;11000011;5;17;5;1;0;0;0;1;0;0
1000000261;30000036;300000214;2020;15;2;0;1;;00002830;00000008;00000007;00002166;1;0;0;;;;;;;;;;;0;1;0;0;11000005;5;69;5;1;0;0;0;1;0;0
1000000262;30000134;300000215;2020;14;1;1;1;;00001871;00000008;00000016;00004722;1;0;0;;;;;;;;;;;0;1;1;0;11000019;5;20;5;1;0;0;0;1;0;0
1000000264;30000174;300000216;2020;10;1;3;1;;00005474;00000002;00000017;00002993;2;0;0;0;;;;;;;;;;0;1;0;0;11000024;5;18;5;1;0;0;0;1;0;0
1000000265;30000181;300000217;2020;17;2;0;1;;00000174;00000003;00000016;;1;0;0;;1;;;;;;;0;;0;1;0;0;11000025;5;2;5;1;0;0;0;1;0;0
1000000270;30000181;300000219;2020;17;2;1;1;;00004359;00000007;00000010;00000227;1;0;1;;;;;;;;;;;1;1;0;0;11000025;2;2;5;1;0;0;0;1;0;1
1000000271;30000123;300000220;2020;20;2;0;1;;00002394;00000007;;;1;0;0;0;;;;;;;;;0;0;1;0;0;11000017;4;20;5;1;0;0;0;1;0;0
1000000272;30000050;300000221;2020;11;1;3;1;;00001016;00000001;00000027;00001063;2;0;0;;;;0;;;;;;;0;1;0;0;11000007;5;25;5;1;0;0;0;1;0;0
1000000275;30000089;300000224;2020;12;1;0;1;;00003922;00000001;00000007;00003443;1;0;0;;;;;;;;0;;;0;1;0;0;11000012;4;15;5;1;0;0;0;1;0;1
1000000276;30000074;300000225;2020;12;2;0;1;;00001470;00000001;;;1;0;;;;0;;;0;;0;0;;0;1;0;0;11000010;5;1;5;1;0;0;0;1;0;0
1000000277;30000169;300000226;2020;18;1;3;1;;00001873;00000001;00000014;;1;0;1;;;;;;;;;;;0;1;0;0;11000024;5;;5;1;0;0;0;1;0;0
1000000278;30000116;300000227;2020;11;2;2;1;;00003170;00000006;00000007;00005260;1;0;0;;0;1;0;0;;0;;0;;0;1;0;0;11000016;;16;5;1;0;0;0;1;0;0
1000000279;30000193;300000228;2020;12;2;1;1;;00005115;00000002;00000019;;2;0;0;;;;;;0;;0;;;0;1;0;1;11000027;5;2;4;1;0;0;0;1;0;0
1000000280;30000046;300000229;2020;11;2;3;1;;00001740;00000004;00000021;;2;0;0;;;;;;;;0;;0;0;1;0;0;11000006;9;;5;1;0;0;0;1;0;0
1000000282;30000085;300000230;2020;17;1;3;1;;00004258;00000006;00000017;00004012;1;0;1;0;;;;0;;;;;;0;1;0;0;11000012;9;14;5;1;0;0;0;1;0;1
1000000285;30000024;300000231;2020;17;2;2;1;;00001958;00000002;00000021;00001802;1;0;1;;0;;0;;;;0;;;0;1;0;0;11000003;5;16;5;1;0;0;0;1;0;0
1000000287;30000072;300000232;2020;16;1;1;1;;00000848;00000002;;;1;1;0;;;;;;;0;1;;;0;1;0;0;11000010;9;20;5;1;0;0;0;1;0;0
1000000288;30000184;300000233;2020;12;2;2;1;;00001948;00000006;00000013;00005451;1;0;1;;;;0;;;;;;;0;1;;0;11000026;9;2;5;1;0;0;0;1;0;0
1000000289;30000105;300000234;2020;16;1;3;1;;00001759;00000002;00000027;00001150;1;0;0;;;;;;;;;0;;0;1;0;0;11000014;5;27;5;1;0;0;0;1;0;0
1000000290;30000182;300000235;2020;21;2;0;1;;00001140;00000006;00000009;;1;0;0;;;;;;;0;;;;0;1;0;1;11000025;5;27;5;1;0;0;0;1;0;0
1000000291;30000099;300000236;2020;7;1;1;1;;00000578;00000006;00000008;;1;0;1;;0;;;0;;;0;0;;0;1;0;0;11000014;5;41;5;1;0;0;0;1;0;0
1000000292;30000148;300000237;2020;14;2;1;1;;00004821;00000001;;00002253;1;0;0;;;;;;;;0;;0;0;1;0;0;11000021;5;2;5;1;0;0;0;1;0;0
1000000294;30000174;300000238;2020;12;1;0;1;;00003437;00000003;;00003957;1;0;0;;;;;;;;0;;;0;1;0;0;11000024;5;18;5;1;0;0;0;1;0;0
1000000295;30000068;300000239;2020;15;2;1;1;;00002284;00000004;;;1;1;0;0;;1;;;;;;0;;0;1;;0;11000009;5;;5;1;0;0;0;1;0;0
1000000296;30000198;300000240;2020;7;1;2;1;;00004123;00000007;00000005;;1;0;0;0;0;;;1;;;;;;0;1;0;0;11000028;2;14;5;1;0;0;0;1;0;0
1000000297;30000105;300000241;2020;19;1;1;1;;00000663;00000002;00000013;;1;0;1;0;;;;;;;;;;0;1;0;0;11000014;5;27;5;1;0;0;0;1;0;0
1000000298;30000154;300000242;2020;17;1;0;1;;00002401;00000001;;;1;0;0;;1;;;;;;;;;0;1;0;0;11000021;5;1;5;1;0;0;0;1;0;0
1000000299;30000058;300000243;2020;16;1;0;1;;00004514;00000005;;00001242;1;0;0;;;;;;;;;;;0;1;0;0;11000008;5;17;5;1;0;0;0;1;0;0
1000000300;30000130;300000244;2020;11;2;2;1;;00000211;00000008;;00001539;1;0;0;;1;;;;0;;;;;0;1;0;0;11000018;5;16;5;1;0;0;0;1;0;0
1000000303;30000213;300000245;2020;12;2;3;1;;00001100;00000006;00000011;00004469;1;1;0;;;;;;;;0;0;0;0;1;0;0;11000030;5;19;5;1;0;0;0;1;0;0
1000000304;30000019;300000246;2020;21;1;3;1;;00003677;00000001;00000002;00001500;1;0;0;;;1;;;0;;;;;0;1;0;0;11000002;5;18;5;1;0;0;0;1;0;0
1000000305;30000139;300000247;2020;23;1;1;1;;00005448;00000008;;;1;0;0;;;;0;;;0;;;0;0;1;0;0;11000019;5;15;5;1;0;0;0;1;0;0
1000000306;30000217;300000248;2020;18;1;0;1;;00001554;00000008;00000009;;1;0;0;;;;;;;;;;;0;1;;0;11000030;9;16;5;1;0;0;0;1;0;1
1000000307;30000056;300000249;2020;17;1;0;1;;00004568;00000004;00000003;00001902;2;0;0;;;;;;;0;;;;0;1;0;;11000007;5;17;5;1;0;0;0;1;0;0
1000000309;30000067;300000250;2020;14;1;1;1;;00004731;00000007;00000005;00003792;1;0;0;;;;;0;;;;;;0;1;0;0;11000009;5;1;5;1;0;0;0;1;0;0
1000000311;30000182;300000251;2020;38;1;0;1;;00002982;00000005;00000021;;1;0;0;;;1;;0;;;;;;0;1;0;1;11000025;2;27;5;1;0;0;0;1;0;1
1000000314;30000047;300000252;2020;13;2;3;1;;00003568;00000001;00000025;00000545;1;0;0;0;;;;;;;;;;0;1;0;0;11000006;5;21;5;1;0;0;0;1;0;0
1000000315;30000196;300000253;2020;23;2;1;1;;00004329;00000003;00000001;00004244;1;0;0;;;;;;;;;;;0;1;0;0;11000027;9;21;5;1;0;0;0;1;0;1
1000000316;30000201;300000254;2020;14;1;0;1;;00002612;00000003;00000014;00001137;1;0;0;;;;;;;;;;;0;1;0;0;11000028;5;1;5;1;0;0;0;1;0;0
1000000317;30000163;300000255;2020;9;1;3;1;;00004864;00000003;;00000495;1;0;0;;;;;;0;;;0;;0;1;0;0;11000023;4;20;5;1;0;0;0;1;0;1
1000000318;30000004;300000256;2020;5;1;2;1;;00004865;00000004;00000018;00000334;1;0;0;;;;;0;;;0;;0;0;1;0;0;11000000;5;;5;1;0;0;0;1;0;0
1000000320;30000159;300000257;2020;18;2;0;1;;00000312;00000002;00000011;;1;0;0;;;;0;0;;0;0;0;;0;1;0;1;11000022;9;2;5;1;0;0;0;1;0;0
1000000321;30000040;300000258;2020;18;1;3;1;;00002245;00000004;;00001687;1;0;0;;;;;;;;;;;0;1;0;0;11000005;5;27;5;1;0;0;0;1;0;0
1000000325;30000177;300000261;2020;24;2;3;1;;00000781;00000005;;00003651;2;0;0;;;;;;;0;0;;;0;1;0;0;11000025;5;;5;1;0;0;0;1;0;0
1000000326;30000161;300000262;2020;12;2;1;1;;00000693;00000002;00000008;00001084;1;0;1;;;;;;;0;;;;0;1;0;0;11000022;4;27;5;1;0;0;0;1;0;1
1000000327;30000125;300000263;2020;6;2;1;1;;00004050;00000001;00000025;00004873;1;0;1;;;;;;;;;;;0;1;0;0;11000017;5;14;5;1;0;0;0;1;0;0
1000000328;30000101;300000264;2020;8;1;1;1;;00000529;00000005;;00003685;1;0;0;;;;0;;;0;;;0;0;1;0;0;11000014;9;17;5;1;0;0;0;1;0;0
1000000329;30000011;300000265;2020;7;2;2;1;;00003638;00000007;00000025;;1;0;0;;0;;;;;;;;;0;1;1;0;11000001;5;1;5;1;0;0;0;1;0;0
1000000330;30000075;300000266;2020;4;2;1;1;;00001214;00000007;00000014;00005093;2;0;0;;;;;0;0;;;0;;;1;0;0;11000010;5;26;6;1;0;0;0;1;0;0
1000000331;30000191;300000267;2020;16;2;3;1;;00002533;00000006;00000026;00004492;2;0;0;;;;;;0;;;0;;0;1;0;0;11000027;5;23;5;1;0;0;0;1;0;0
1000000333;30000084;300000268;2020;18;1;1;1;;00002206;00000006;00000024;00005317;1;0;1;;;;;;;;;;;0;1;0;0;11000011;9;17;5;1;0;0;0;1;0;0
1000000334;30000097;300000269;2020;8;2;1;1;;00004328;00000002;;00002522;1;0;0;;;1;;;;;;;;0;1;0;0;11000013;5;14;5;1;0;0;0;1;0;0
1000000335;30000175;300000270;2020;11;2;3;1;;00001179;00000006;00000015;00003506;1;0;0;0;;;;0;;;;;;0;1;0;0;11000024;5;26;5;1;0;0;0;1;0;0
1000000336;30000177;300000271;2020;10;1;0;1;;00002721;00000003;00000003;00003848;1;1;0;;;;;;;0;;;;0;1;0;0;11000025;5;;5;1;0;0;0;1;0;0
1000000339;30000049;300000272;2020;14;2;3;1;;00003051;00000001;00000005;00003500;1;0;1;;0;;;;;;;;;0;1;0;0;11000006;;15;5;1;0;0;0;1;0;0
1000000340;30000168;300000273;2020;18;2;0;1;;00001136;00000005;00000015;00005423;2;0;1;;;;;;;0;;;;0;1;0;0;11000023;5;1;5;1;0;0;0;1;0;0
1000000342;30000188;300000274;2020;20;1;3;1;;00003619;00000003;;;1;0;0;;;;0;;;;;;;0;1;0;;11000026;5;19;6;1;0;0;0;1;0;0
1000000344;30000067;300000276;2020;16;1;3;1;;00001685;00000008;00000019;;2;0;1;;;;;;0;;;;;0;1;0;1;11000009;5;1;5;1;0;0;0;1;0;0
1000000345;30000107;300000277;2020;16;2;1;1;;00003865;00000001;00000021;00001460;2;0;0;;;;;;;0;;;;0;1;0;0;11000015;5;26;5;1;0;0;0;1;0;0
1000000347;30000201;300000278;2020;12;2;1;1;;00002563;00000001;;00000501;1;0;1;;0;;;1;;;;;;0;1;0;0;11000028;5;1;5;1;0;0;0;1;0;0
1000000349;30000035;300000279;2020;22;2;1;1;;00004272;00000005;;00005154;1;0;1;;;;;0;;0;;;;0;1;0;0;11000004;5;;5;1;0;0;0;1;0;0
1000000350;30000136;300000280;2020;11;1;1;1;;00004066;00000005;00000020;00001925;1;0;0;;;;;;;;;;;0;1;0;0;11000019;5;1;5;1;0;0;0;1;0;0
1000000355;30000042;300000283;2020;11;1;1;1;;00000573;00000001;00000015;;2;0;0;;;;;;;;;;;0;1;0;0;11000005;5;15;5;1;0;0;0;1;0;0
1000000356;30000169;300000284;2020;8;1;1;1;;00004339;00000006;00000003;00002477;1;0;0;;;;;;0;;;;;0;1;0;0;11000024;9;;5;1;0;0;0;1;0;0
1000000359;30000088;300000285;2020;11;2;3;1;;00004242;00000007;00000013;;1;0;0;;;;;;;0;;;0;0;1;;0;11000012;9;21;6;1;0;0;0;1;0;0
1000000360;30000041;300000286;2020;19;2;3;1;;00003283;00000005;00000026;00003216;1;0;0;;;;;0;0;;;;;0;1;0;0;11000005;9;1;5;1;0;0;0;1;0;0
1000000361;30000143;300000287;2020;9;1;0;1;;00000414;00000003;00000027;00005416;2;0;0;0;;;;;;0;0;;;;1;0;0;11000020;9;26;5;1;0;0;0;1;0;0
1000000362;30000213;300000288;2020;14;1;0;1;;00001336;00000007;00000018;;1;0;1;;;0;;;;;0;;;0;1;0;0;11000030;5;19;5;1;0;0;0;1;0;0
1000000363;30000020;300000289;2020;41;1;1;1;;00004247;00000004;00000024;00005239;1;0;0;;;;;;0;;;;;0;1;;0;11000002;;25;5;1;0;0;0;1;0;0
1000000364;30000016;300000290;2020;9;1;3;1;;00003107;00000005;00000002;00001546;1;0;1;;;;;;;;;;;0;1;0;0;11000002;5;27;5;1;0;0;0;1;0;0
1000000365;30000193;300000291;2020;19;2;1;1;;00003367;00000003;;00005048;1;0;0;;;;;;;;;;;0;1;0;0;11000027;9;2;4;1;0;0;0;1;0;0
1000000367;30000036;300000292;2020;4;2;1;1;;00004453;00000006;;00005367;1;0;0;0;;1;;;0;;0;;0;0;1;0;0;11000005;;69;5;1;0;0;0;1;0;0
1000000369;30000002;300000294;2020;14;1;3;1;;00003731;00000008;00000022;;1;0;0;;;;;0;;;;;;0;1;0;0;11000000;5;20;5;1;0;0;0;1;0;0
1000000370;30000088;300000295;2020;15;2;3;1;;00004788;00000008;00000024;00001373;1;0;0;;;;;0;;;;;0;0;1;0;0;11000012;5;21;6;1;0;0;0;1;0;0
1000000371;30000121;300000296;2020;12;1;0;1;;00001133;00000006;00000005;00003165;1;0;1;;;;;;;0;;0;;0;1;0;1;11000017;5;21;5;1;0;0;0;1;0;0
1000000372;30000036;300000297;2020;7;1;0;1;;00004768;00000006;00000012;00000986;1;0;0;;;;;0;;0;;;0;0;1;0;0;11000005;9;69;5;1;0;0;0;1;0;0
1000000373;30000090;300000298;2020;15;1;1;1;;00001463;00000006;;;2;0;0;;;;;0;;;;;;0;1;0;0;11000012;5;41;5;1;0;0;0;1;0;0
1000000375;30000023;300000299;2020;33;1;3;1;;00002003;00000001;00000020;00001986;2;0;1;;;;;;;;0;;;0;1;0;0;11000003;5;1;5;1;0;0;0;1;0;0
1000000376;30000024;300000300;2020;13;2;3;1;;00004764;00000001;00000022;00004489;1;0;1;;;;;;0;;;0;0;0;1;0;0;11000003;9;16;5;1;0;0;0;1;0;0
1000000377;30000207;300000301;2020;15;1;0;1;;00003995;00000004;00000020;00003432;1;0;0;;0;0;0;;;0;0;;;0;1;0;0;11000029;5;1;5;1;0;0;0;1;0;0
1000000378;30000066;300000302;2020;16;2;0;1;;00004576;00000004;;;1;0;1;0;;;0;0;;;;;;0;1;0;0;11000009;5;;5;1;0;0;0;1;0;0
1000000380;30000021;300000304;2020;19;2;3;1;;00004255;00000008;;00002839;1;1;0;;;;;;;0;0;;;0;1;0;0;11000002;2;;5;1;0;0;0;1;0;1
1000000381;30000009;300000305;2020;11;2;1;1;;00004937;00000001;;00005383;2;0;0;0;;;;;;;;;0;0;1;0;0;11000001;;2;5;1;0;0;0;1;0;0
1000000383;30000048;300000306;2020;14;1;3;1;;00004833;00000004;;;1;0;0;;;0;0;;;;;;;;1;0;0;11000006;9;15;5;1;0;0;0;1;0;0
1000000391;30000125;300000307;2020;10;2;3;1;;00002781;00000005;;00003514;1;0;0;;;;;;;;;;;0;1;0;0;11000017;5;14;5;1;0;0;0;1;0;0
1000000393;30000112;300000309;2020;13;1;1;1;;00003448;00000006;;00003283;1;0;0;;;;;0;;;;;;0;1;0;0;11000015;5;1;5;1;0;0;0;1;0;0
1000000394;30000032;300000310;2020;8;2;1;1;;00002231;00000003;00000007;00001986;1;0;1;;;;0;;;;;;;0;1;0;0;11000004;9;;5;1;0;0;0;1;0;0
1000000397;30000169;300000311;2020;22;2;1;1;;00002470;00000004;00000009;00003814;1;0;0;;0;;;;;;;0;0;0;1;1;0;11000024;5;;5;1;0;0;0;1;0;0
1000000398;30000020;300000312;2020;10;1;1;1;;00000879;00000006;;00002350;1;0;0;;;;;;0;;;;;0;1;0;0;11000002;5;25;5;1;0;0;0;1;0;0
1000000399;30000128;300000313;2020;15;1;0;1;;00001725;00000002;00000017;;1;0;1;0;;;;;;;;;0;0;1;0;0;11000018;9;2;5;1;0;0;0;1;0;0
1000000402;30000092;300000315;2020;9;1;1;1;;00000483;00000007;00000001;00004386;1;0;0;;;;0;;;;0;0;;0;1;0;0;11000013;5;2;5;1;0;0;0;1;0;0
1000000403;30000043;300000316;2020;18;1;0;1;;00003625;00000002;00000009;00001570;1;0;0;;;;;;;;;;;0;1;0;0;11000006;4;27;6;1;0;0;0;1;0;1
1000000404;30000214;300000317;2020;21;1;1;1;;00000336;00000002;00000023;00001278;2;0;0;0;;0;;;;;0;;;0;1;0;0;11000030;5;2;5;1;0;0;0;1;0;0
1000000405;30000094;300000318;2020;15;2;3;1;;00002141;00000005;;00004750;1;0;0;;;;;;0;;;;;0;1;1;0;11000013;5;15;5;1;0;0;0;1;0;0
1000000407;30000204;300000319;2020;14;2;0;1;;00000010;00000007;00000021;;1;0;0;;1;;;;0;;;0;;0;1;0;0;11000029;4;26;5;1;0;0;0;1;0;0
1000000408;30000213;300000320;2020;15;2;0;1;;00003604;00000002;00000001;;1;0;;0;;;;0;;0;;;0;0;1;0;0;11000030;5;19;5;1;0;0;0;1;0;0
1000000409;30000037;300000321;2020;18;1;3;1;;00001274;00000007;00000003;00000780;1;0;1;0;;1;;;;;;;;0;1;0;0;11000005;5;;5;1;0;0;0;1;0;0
1000000413;30000015;300000324;2020;8;1;1;1;;00000232;00000006;00000018;00003973;1;0;0;0;0;0;;;;;;;;0;1;0;0;11000002;5;25;5;1;0;0;0;1;0;0
1000000415;30000159;300000325;2020;17;1;1;1;;00001540;00000004;00000022;;1;0;0;;0;;;;;;;;;0;1;;0;11000022;5;2;5;1;0;0;0;1;0;0
1000000418;30000138;300000326;2020;18;1;3;1;;00002993;00000008;00000015;00004725;1;0;0;;;;;;;0;;;;0;1;0;0;11000019;5;2;5;1;0;0;0;1;0;0
1000000419;30000137;300000327;2020;16;2;3;1;;00003879;00000005;;00004824;1;0;0;;;;;0;;;0;;;0;1;0;0;11000019;5;21;5;1;0;0;0;1;0;0
1000000420;30000034;300000328;2020;15;1;1;1;;00000033;00000005;00000025;00004114;1;0;1;;;1;;;;;;;;0;1;0;0;11000004;2;27;5;1;0;0;0;1;0;1
1000000421;30000028;300000329;2020;11;1;0;1;;00000268;00000006;;;1;0;0;0;;;;;;;;;;0;1;0;0;11000003;5;19;5;1;0;0;0;1;0;0
1000000422;30000052;300000330;2020;38;1;3;1;;00005396;00000001;00000009;;2;0;0;;;;;;;;;;0;0;1;0;0;11000007;9;41;5;1;0;0;0;1;0;0
1000000423;30000085;300000331;2020;20;1;1;1;;00001418;00000005;;00003868;1;0;0;;;;;;;;;;0;0;1;0;0;11000012;9;14;5;1;0;0;0;1;0;0
1000000424;30000151;300000332;2020;10;2;1;1;;00002798;00000005;00000019;;1;0;1;0;;;;;;0;;;;0;1;0;1;11000021;;2;5;1;0;0;0;1;0;0
1000000426;30000173;300000333;2020;11;1;0;1;;00001400;00000006;00000014;;1;0;0;;;;;;;;;;;0;1;0;0;11000024;5;32;5;1;0;0;0;1;0;0
1000000427;30000096;300000334;2020;12;2;3;1;;00000263;00000004;00000024;00001197;2;0;0;;;;;;;;;0;0;0;1;0;0;11000013;5;25;2;1;0;0;0;1;0;0
1000000429;30000158;300000336;2020;10;2;3;1;;00003236;00000003;00000010;;1;0;0;0;;;;;;0;;;;0;1;0;;11000022;5;2;5;1;0;0;0;1;0;0
1000000430;30000045;300000337;2020;10;2;1;1;;00002511;00000004;;;1;0;1;0;;;0;1;;;;;0;0;1;0;0;11000006;9;1;5;1;0;0;0;1;0;0
1000000433;30000006;300000338;2020;15;1;0;1;;00000749;00000008;00000026;00004408;1;0;0;;;;;;;;;;;0;1;0;0;11000000;5;2;5;1;0;0;0;1;0;0
1000000435;30000141;300000339;2020;16;2;0;1;;00002544;00000007;;;1;0;0;;;1;;;0;;;;;0;1;0;0;11000020;9;14;5;1;0;0;0;1;0;0
1000000437;30000083;300000340;2020;13;2;0;1;;00003644;00000008;00000006;00003154;1;0;0;0;;;;;;;;;;0;1;0;0;11000011;9;2;5;1;0;0;0;1;0;0
1000000438;30000002;300000341;2020;15;2;3;1;;00001720;00000006;00000025;00002538;1;0;0;;;;;;;;;;;0;1;0;0;11000000;5;20;5;1;0;0;0;1;0;0
1000000443;30000128;300000344;2020;6;2;0;1;;00002600;00000007;00000017;00001939;1;1;0;;;;;;;;;0;;0;1;0;0;11000018;9;2;5;1;0;0;0;1;0;0
1000000444;30000025;300000345;2020;14;2;0;1;;00005263;00000006;;00002713;1;0;0;;;;;1;;;;;0;0;1;0;0;11000003;9;2;1;1;0;0;0;1;0;0
1000000446;30000159;300000346;2020;17;2;0;1;;00003440;00000001;;;1;0;1;;;;;;;;0;0;;0;1;0;0;11000022;9;2;5;1;0;0;0;1;0;0
1000000447;30000141;300000347;2020;20;1;1;1;;00003612;00000008;;00003370;2;0;0;;;;;;;;;0;;0;1;0;0;11000020;5;14;5;1;0;0;0;1;0;0
1000000448;30000038;300000348;2020;9;1;3;1;;00002314;00000003;;;1;0;1;;;;;;;0;;;;;1;0;0;11000005;2;1;5;1;0;0;0;1;0;1
1000000449;30000010;300000349;2020;16;2;1;1;;00003927;00000007;;00003002;1;0;0;0;;0;;;;;0;;;0;1;0;0;11000001;2;19;5;1;0;0;0;1;0;1
1000000450;30000017;300000350;2020;18;1;2;1;;00000788;00000005;00000022;00003717;1;0;0;;;;;;;;;;0;0;1;0;0;11000002;9;17;1;1;0;0;0;1;0;0
1000000452;30000113;300000351;2020;8;1;1;1;;00002857;00000008;00000005;00000976;1;0;0;;0;;;0;;;;;;0;1;0;0;11000016;5;16;2;1;0;0;0;1;0;0
1000000453;30000141;300000352;2020;9;2;4;1;;00000449;00000004;00000014;;1;0;0;;;1;;;;;0;;;0;1;0;0;11000020;5;14;5;1;0;0;0;1;0;0
1000000454;30000167;300000353;2020;18;2;2;1;;00003595;00000001;00000026;00002057;1;0;1;;;;0;;;;;;;0;1;0;0;11000023;5;;5;1;0;0;0;1;0;0
1000000456;30000190;300000354;2020;13;2;1;1;;00003840;00000005;;;1;0;0;;;1;;;;0;;;;0;1;0;0;11000027;9;27;5;1;0;0;0;1;0;0
1000000458;30000037;300000355;2020;5;1;0;1;;00001267;00000005;00000026;00000530;1;0;0;0;;;0;;;;;;;0;1;0;0;11000005;9;;5;1;0;0;0;1;0;0
1000000459;30000187;300000356;2020;6;2;5;1;;00004707;00000002;00000007;;1;0;0;;;;0;;;;0;;;0;1;0;0;11000026;9;17;5;1;0;0;0;1;0;0
1000000462;30000074;300000357;2020;6;1;3;1;;00000857;00000004;00000020;00005409;1;0;0;0;;1;;;0;;;;;0;1;0;0;11000010;5;1;5;1;0;0;0;1;0;0
1000000465;30000183;300000359;2020;9;1;3;1;;00003102;00000004;00000022;;1;0;1;;;;;;;;;0;;0;1;0;0;11000026;5;25;5;1;0;0;0;1;0;0
1000000467;30000123;300000360;2020;17;2;0;1;;00005448;00000008;00000022;00002325;2;0;0;;;;;;0;;;;;0;1;0;0;11000017;5;20;5;1;0;0;0;1;0;0
1000000468;30000118;300000361;2020;18;1;0;1;;00004876;00000006;;00000135;1;0;0;;;1;;;;;0;;0;0;1;0;0;11000016;5;1;6;1;0;0;0;1;0;0
1000000469;30000034;300000362;2020;21;2;0;1;;00003999;00000004;;;1;0;1;;;0;;;0;;;;;0;1;0;0;11000004;9;27;5;1;0;0;0;1;0;0
1000000470;30000113;300000363;2020;12;1;3;1;;00003449;00000002;00000009;00000452;1;0;0;;;0;;;;;;;;0;1;0;0;11000016;9;16;2;1;0;0;0;1;0;0
1000000471;30000127;300000364;2020;16;2;3;1;;00004130;00000003;00000007;00003116;1;0;1;;;0;;0;;;;;;0;1;0;0;11000018;5;18;5;1;0;0;0;1;0;0
1000000472;30000165;300000365;2020;22;1;3;1;;00002894;00000007;;00003654;1;0;0;;;;;;;0;;;;0;1;0;0;11000023;5;1;5;1;0;0;0;1;0;0
1000000474;30000007;300000366;2020;11;2;3;1;;00002383;00000002;00000009;;1;0;1;0;;;;;;;;;;0;1;0;0;11000000;5;22;5;1;0;0;0;1;0;0
1000000478;30000066;300000367;2020;17;1;3;1;;00003923;00000002;00000025;00003832;1;0;0;;;;;;;;;;;0;1;0;0;11000009;2;;5;1;0;0;0;1;0;1
1000000480;30000122;300000368;2020;13;1;0;1;;00004159;00000004;;;1;0;0;;0;;;0;;;;;0;0;1;0;0;11000017;5;1;5;1;0;0;0;1;0;0
1000000481;30000001;300000369;2020;19;1;0;1;;00004864;00000008;;;1;0;0;;;;;;;;;0;;0;1;0;0;11000000;5;15;5;1;0;0;0;1;0;0
1000000482;30000095;300000370;2020;6;2;1;1;;00000944;00000007;;00002014;1;0;0;;1;0;;;;;0;;;0;1;0;0;11000013;5;;5;1;0;0;0;1;0;0
1000000484;30000091;300000371;2020;5;1;1;1;;00003508;00000008;00000010;00005256;1;1;1;;;;;;;;;;;0;1;0;0;11000012;5;16;6;1;0;0;0;1;0;0
1000000488;30000192;300000372;2020;15;2;3;1;;00003185;00000006;00000011;;1;0;0;;;;;;0;;;;;0;1;0;0;11000027;5;21;5;1;0;0;0;1;0;0
1000000489;30000160;300000373;2020;16;1;0;1;;00001699;00000004;00000015;00004752;1;0;0;;;;;;;;;;;0;1;0;0;11000022;5;17;5;1;0;0;0;1;0;0
1000000491;30000146;300000374;2020;11;2;1;1;;00004138;00000008;00000011;00005325;1;0;0;;;1;;;;0;;;;0;1;0;0;11000020;9;21;5;1;0;0;0;1;0;0
1000000492;30000055;300000375;2020;6;1;1;1;;00000639;00000002;00000026;00002600;1;0;0;;;;;;;;0;;0;0;1;0;0;11000007;5;14;5;1;0;0;0;1;0;0
1000000494;30000172;300000376;2020;11;1;0;1;;00003779;00000001;00000026;00004415;1;0;0;;;;;;;;;;;0;1;0;0;11000024;5;;6;1;0;0;0;1;0;0
1000000496;30000082;300000377;2020;7;2;3;1;;00004947;00000007;00000011;;1;0;0;;;;;;;;;;;0;1;0;0;11000011;9;40;5;1;0;0;0;1;0;0
1000000497;30000083;300000378;2020;14;2;0;1;;00004042;00000002;;;1;0;0;;;;0;;0;;;;0;0;1;0;0;11000011;9;2;5;1;0;0;0;1;0;0
1000000498;30000060;300000379;2020;17;1;1;1;;00001412;00000008;;;1;0;1;;;;;;;;;;;0;1;0;0;11000008;5;71;5;1;0;0;0;1;0;0
1000000499;30000061;300000380;2020;16;1;3;1;;00004237;00000008;00000018;00001848;1;0;0;;;;0;;;;;;;0;1;1;0;11000008;5;15;5;1;0;0;0;1;0;0
1000000501;30000037;300000381;2020;17;2;3;1;;00000152;00000003;;;1;0;0;;;1;;0;;;;;0;0;1;0;0;11000005;5;;5;1;0;0;0;1;0;0
1000000502;30000119;300000382;2020;10;1;0;1;;00003766;00000003;00000013;00003569;1;0;0;;;;;;;;;;;0;1;0;0;11000016;5;41;5;1;0;0;0;1;0;0
1000000503;30000166;300000383;2020;20;2;1;1;;00000678;00000001;00000018;00003568;1;0;0;;;;;;;;0;;0;0;1;0;0;11000023;5;;5;1;0;0;0;1;0;0
1000000504;30000081;300000384;2020;15;1;1;1;;00003970;00000006;00000010;00004722;1;0;0;;;;;;0;;;;;0;1;1;0;11000011;9;2;5;1;0;0;0;1;0;0
1000000505;30000103;300000385;2020;5;1;3;1;;00002512;00000004;;00004506;1;0;0;;0;;;;;;;;;0;1;0;0;11000014;4;21;5;1;0;0;0;1;0;0
1000000507;30000096;300000386;2020;17;1;3;1;;00004857;00000007;00000025;00001098;1;0;0;0;0;;;;0;;;0;;0;1;0;0;11000013;9;25;2;1;0;0;0;1;0;0
1000000510;30000166;300000387;2020;17;2;1;1;;00001725;00000008;00000025;00001696;2;0;0;;;;0;0;;;;;;0;1;0;0;11000023;5;;5;1;0;0;0;1;0;0
1000000511;30000209;300000388;2020;7;2;3;1;;00000683;00000005;;00002803;1;0;1;;;;;;;0;;;;0;1;0;0;11000029;5;2;5;1;0;0;0;1;0;0
1000000513;30000161;300000389;2020;14;2;0;1;;00003680;00000004;00000018;00002713;1;0;0;;;;;;0;;;;0;0;1;0;0;11000022;5;27;5;1;0;1;0;1;0;
1000000514;30000123;300000390;2020;10;1;1;1;;00000360;00000007;00000006;;1;0;0;;0;;;;;;;;;0;1;0;0;11000017;5;20;5;1;0;0;0;1;0;0
1000000515;30000053;300000391;2020;12;1;1;1;;00004555;00000008;00000012;00004869;1;0;0;;;;0;;;0;;;;0;1;0;0;11000007;9;19;5;1;0;0;0;1;0;0
1000000516;30000042;300000392;2020;17;2;1;1;;00003995;00000002;00000019;;1;0;0;;;;;;;;0;;;0;1;0;0;11000005;9;15;5;1;0;0;0;1;0;0
1000000517;30000126;300000393;2020;14;2;3;1;;00003877;00000001;;00004075;1;0;0;;0;1;0;0;;0;;0;;0;1;1;0;11000017;9;20;1;1;0;0;0;1;0;0
1000000519;30000124;300000395;2020;19;2;0;1;;00000541;00000001;00000002;00005139;1;0;0;0;;;;0;;;0;;;0;1;1;0;11000017;;2;5;1;0;0;0;1;0;0
1000000522;30000098;300000396;2020;6;1;4;1;;00004938;00000007;00000023;00001579;1;0;0;;;;;;;;0;;;0;1;0;0;11000013;5;18;5;1;0;0;0;1;0;0
1000000524;30000002;300000397;2020;9;2;1;1;;00002314;00000005;;00001839;1;0;1;;0;;;0;;;;;;0;1;1;0;11000000;9;20;5;1;0;0;0;1;0;0
1000000525;30000096;300000398;2020;8;1;1;1;;00004094;00000004;00000025;00003276;1;0;0;;;1;;;0;;;;;0;1;0;0;11000013;5;25;2;1;0;0;0;1;0;0
1000000526;30000025;300000399;2020;16;2;3;1;;00004184;00000008;00000011;;2;0;0;0;1;;;;;;;0;0;0;1;0;0;11000003;5;2;1;1;0;0;0;1;0;0
1000000529;30000184;300000400;2020;14;1;3;1;;00000126;00000004;00000009;00003673;1;0;0;;;;0;;;;;;;0;1;0;0;11000026;5;2;5;1;0;0;0;1;0;0
1000000530;30000215;300000401;2020;6;1;0;1;;00003858;00000002;00000020;;1;0;1;;;;;;;0;;;;0;1;0;0;11000030;5;22;5;1;0;0;0;1;0;0
1000000531;30000088;300000402;2020;13;2;3;1;;00004111;00000002;00000013;;2;0;1;;;;;;0;;;;;0;1;0;0;11000012;5;21;6;1;0;0;0;1;0;0
1000000533;30000111;300000403;2020;9;1;3;1;;00000512;00000008;00000017;;1;0;0;;;;;;;;;;;0;1;0;0;11000015;5;23;5;1;0;0;0;1;0;0
1000000534;30000061;300000404;2020;18;2;3;1;;00002878;00000003;00000021;;1;0;1;;;;0;;;;;0;;0;1;0;0;11000008;2;15;5;1;0;0;0;1;0;0
1000000535;30000152;300000405;2020;15;2;3;1;;00002982;00000006;;00005074;1;0;0;;0;;;;;;0;;;0;1;;0;11000021;5;64;5;1;0;0;0;1;0;0
1000000536;30000183;300000406;2020;16;1;3;1;;00004003;00000005;;00002898;1;0;1;;;;;;0;0;0;;;0;1;0;0;11000026;5;25;5;1;0;0;0;1;0;0
1000000538;30000120;300000407;2020;10;2;1;1;;00004510;00000002;;00004421;1;1;0;;0;;0;0;;;;0;;0;1;0;0;11000017;5;15;5;1;0;0;0;1;0;0
1000000539;30000106;300000408;2020;13;2;0;1;;00004083;00000007;;00001248;1;0;0;;0;0;;;;;0;;;0;1;1;1;11000015;5;27;5;1;0;0;0;1;0;0
1000000540;30000142;300000409;2020;8;1;0;1;;00002090;00000003;;;1;0;0;;;;0;;;;;;0;0;1;0;0;11000020;5;2;5;1;0;0;0;1;0;0
1000000541;30000052;300000410;2020;30;2;3;1;;00002405;00000005;;00005209;1;0;0;0;;;;;;;;;0;0;1;;0;11000007;5;41;5;1;0;0;0;1;0;0
1000000542;30000186;300000411;2020;10;1;1;1;;00004674;00000001;00000024;00003828;2;0;0;;;;;;;;;0;;0;1;0;0;11000026;5;25;5;1;0;0;0;1;0;0
1000000543;30000062;300000412;2020;17;1;3;1;;00005430;00000005;00000001;00002085;1;0;0;;;;;0;;0;;0;0;0;1;0;0;11000008;5;20;5;1;0;0;0;1;0;0
1000000544;30000055;300000413;2020;19;1;0;1;;00003566;00000008;;00004626;1;0;1;;;;;0;;;;;;0;1;0;0;11000007;5;14;5;1;0;0;0;1;0;1
1000000545;30000076;300000414;2020;7;1;3;1;;00004959;00000004;00000005;00002366;1;0;0;;;1;;;;0;0;;;0;1;0;0;11000010;5;25;5;1;0;0;0;1;0;0
1000000546;30000139;300000415;2020;9;2;1;1;;00000679;00000002;00000003;;1;0;0;;;;;;;;;0;;;1;0;0;11000019;5;15;5;1;0;0;0;1;0;0
1000000552;30000049;300000417;2020;8;1;3;1;;00003187;00000007;00000024;00001250;2;0;0;0;;;;;;;0;;;0;1;0;0;11000006;5;15;5;1;0;0;0;1;0;0
1000000557;30000067;300000418;2020;14;1;3;1;;00003508;00000008;00000026;00004199;1;1;0;;;;0;0;0;;;;;0;1;0;0;11000009;5;1;5;1;0;0;0;1;0;0
1000000558;30000130;300000419;2020;5;1;1;1;;00004595;00000004;;00001693;1;0;1;;;0;;;;0;;0;;0;1;1;0;11000018;2;16;5;1;0;0;0;1;0;1
1000000560;30000029;300000421;2020;20;2;3;1;;00003721;00000008;;00004158;2;0;1;0;;;;;;;;0;;0;1;0;0;11000004;5;;5;1;0;0;0;1;0;0
1000000561;30000002;300000422;2020;13;2;0;1;;00004518;00000007;00000001;;1;0;0;;;;;;;0;;;;0;1;0;0;11000000;9;20;5;1;0;0;0;1;0;0
1000000563;30000070;300000424;2020;16;1;1;1;;00002696;00000006;00000007;00002384;1;0;1;;;;0;;;;;;;0;1;0;0;11000009;5;16;5;1;0;0;0;1;0;0
1000000564;30000190;300000425;2020;14;2;3;1;;00004012;00000004;00000021;;1;0;0;;;;;;;;;;;0;1;0;0;11000027;5;27;5;1;0;0;0;1;0;0
1000000565;30000153;300000426;2020;12;1;1;1;;00005443;00000001;;00002185;1;0;0;;;;0;1;;;;;0;0;1;0;0;11000021;9;;5;1;0;0;0;1;0;0
1000000566;30000203;300000427;2020;7;2;3;1;;00000927;00000003;00000019;00002935;1;0;1;0;0;;;;;0;;;;0;1;0;0;11000028;5;69;5;1;0;0;0;1;0;0
1000000567;30000127;300000428;2020;13;2;0;1;;00004650;00000001;;00000444;1;0;0;;;1;;;;;0;;;0;1;0;0;11000018;5;18;5;1;0;0;0;1;0;0
1000000568;30000181;300000429;2020;10;1;2;1;;00003420;00000003;;00002639;1;0;1;;;;;0;0;;0;;;0;1;0;;11000025;9;2;5;1;0;0;0;1;0;0
1000000569;30000112;300000430;2020;7;2;3;1;;00000741;00000007;00000002;;1;0;0;;;;;;;;;;;0;1;0;0;11000015;5;1;5;1;0;0;0;1;0;0
1000000570;30000023;300000431;2020;9;1;0;1;;00000591;00000004;;00003013;1;0;0;;;1;;;;;;;;0;1;0;0;11000003;9;1;5;1;0;0;0;1;0;0
1000000571;30000050;300000432;2020;13;2;3;1;;00004121;00000008;00000020;00001538;1;0;0;0;;;0;;;;;;0;0;1;1;0;11000007;5;25;5;1;0;0;0;1;0;0
1000000573;30000156;300000433;2020;16;1;1;1;;00003613;00000004;00000013;;2;0;1;;;;;;;;;;;0;1;0;0;11000022;5;14;5;1;0;0;0;1;0;0
1000000574;30000017;300000434;2020;13;1;0;1;;00000085;00000007;00000022;00004088;1;0;1;;;;;;;;;;;0;1;0;0;11000002;2;17;1;1;0;0;0;1;0;1
1000000575;30000092;300000435;2020;9;1;3;1;;00004496;00000001;;00003605;1;0;0;;;;;;;0;;;;0;1;0;0;11000013;5;2;5;1;0;0;0;1;0;0
1000000580;30000123;300000437;2020;13;2;0;1;;00000320;00000007;;00005361;1;0;0;;;1;0;;0;;;;;0;1;;1;11000017;5;20;5;1;0;0;0;1;0;0
1000000581;30000155;300000438;2020;4;1;3;1;;00001015;00000007;00000012;;2;0;0;;;;0;;;;;;;0;1;0;0;11000022;5;15;5;1;0;0;0;1;0;0
1000000582;30000190;300000439;2020;8;1;0;1;;00005243;00000003;;00000586;1;0;0;0;;;;0;;0;;;;0;1;0;0;11000027;5;27;5;1;0;0;0;1;0;0
1000000584;30000015;300000440;2020;13;1;0;1;;00001301;00000005;00000007;00000501;1;0;0;;;1;0;;;;;;;0;1;0;0;11000002;9;25;5;1;0;0;0;1;0;0
1000000585;30000166;300000441;2020;11;2;0;1;;00001928;00000003;;00005322;1;0;0;;;;;;;0;;;0;0;1;0;0;11000023;9;;5;1;0;0;0;1;0;0
1000000590;30000190;300000442;2020;14;2;0;1;;00004127;00000003;;00004720;1;0;1;;;;;;;;;;0;0;1;0;0;11000027;5;27;5;1;0;0;0;1;0;0
1000000592;30000136;300000444;2020;18;1;1;1;;00000506;00000001;00000021;00000412;1;1;1;0;;;;;;;;;;0;1;0;0;11000019;5;1;5;1;0;0;0;1;0;0
1000000594;30000204;300000445;2020;20;1;3;1;;00001241;00000002;00000017;00001471;1;0;0;;;;;;;0;;0;0;0;1;0;0;11000029;2;26;5;1;0;0;0;1;0;1
1000000595;30000196;300000446;2020;11;1;3;1;;00004375;00000006;00000001;00001852;1;0;0;;;;;;;;0;;;0;1;0;0;11000027;5;21;5;1;0;0;0;1;0;0
1000000596;30000102;300000447;2020;10;1;3;1;;00002642;00000005;00000025;00000595;1;0;0;;;;0;;;;;;;0;1;0;0;11000014;5;17;5;1;0;0;0;1;0;0
1000000597;30000021;300000448;2020;12;2;0;1;;00002960;00000001;00000018;00003534;1;0;0;;;;;;;;;;0;0;1;0;0;11000002;5;;5;1;0;0;0;1;0;0
1000000599;30000069;300000449;2020;11;2;1;1;;00002289;00000003;00000003;;1;0;0;0;;;;;;;;;;0;1;0;0;11000009;2;26;5;1;0;0;0;1;0;1
1000000600;30000165;300000450;2020;11;1;0;1;;00000991;00000006;00000018;;2;0;1;;;;;;0;0;;;;0;1;0;0;11000023;5;1;5;1;0;0;0;1;0;0
1000000603;30000013;300000452;2020;14;2;3;1;;00005400;00000007;00000013;00004616;1;0;0;;;;;;;0;;;;0;1;0;0;11000001;9;17;5;1;0;0;0;1;0;0
1000000604;30000079;300000453;2020;10;1;3;1;;00003180;00000001;;;1;1;0;;;;;;;;;;0;0;1;0;0;11000011;5;2;5;1;0;0;0;1;0;0
1000000605;30000207;300000454;2020;11;1;1;1;;00001964;00000001;00000003;00002483;2;0;0;;;;;0;;;;;;;1;0;0;11000029;5;1;5;1;0;0;0;1;0;0
1000000606;30000188;300000455;2020;7;1;1;1;;00002397;00000004;00000016;;1;0;1;0;;1;;;;0;;;;0;1;0;0;11000026;5;19;6;1;0;0;0;1;0;0
1000000608;30000169;300000456;2020;11;1;3;1;;00002575;00000008;;;1;0;;;;1;;;0;;;;;0;1;0;0;11000024;9;;5;1;0;0;0;1;0;0
1000000609;30000211;300000457;2020;10;1;0;1;;00004481;00000001;;;1;0;0;;0;1;;;;0;;;;;1;0;0;11000030;5;19;5;1;0;0;0;1;0;0
1000000610;30000036;300000458;2020;11;1;1;1;;00002716;00000003;00000011;00005454;1;0;0;;;;;0;;0;;;;0;1;0;0;11000005;9;69;5;1;0;0;0;1;0;0
1000000612;30000122;300000459;2020;8;2;3;1;;00000209;00000005;00000024;;1;0;0;;;;;0;;;0;;;0;1;0;0;11000017;9;1;5;1;0;0;0;1;0;0
1000000613;30000015;300000460;2020;12;2;1;1;;00004924;00000006;00000026;00004156;1;0;0;;;;;0;;0;;;;0;1;0;0;11000002;5;25;5;1;0;0;0;1;0;0
1000000614;30000168;300000461;2020;6;2;1;1;;00000110;00000001;00000025;;1;0;1;;0;;;0;;;;;;0;1;0;0;11000023;5;1;5;1;0;0;0;1;0;0
1000000617;30000161;300000462;2020;13;2;3;1;;00005022;00000005;00000001;;1;0;0;;0;;0;;;;;;;0;1;0;0;11000022;9;27;5;1;0;0;0;1;0;0
1000000618;30000120;300000463;2020;11;2;0;1;;00002491;00000003;;00001339;1;0;0;0;;;;;;;0;0;;0;1;0;0;11000017;5;15;5;1;0;0;0;1;0;0
1000000620;30000009;300000464;2020;11;1;1;1;;00000923;00000003;;00005093;1;0;0;;;;;;0;;;;;0;1;0;0;11000001;5;2;5;1;0;0;0;1;0;0
1000000621;30000197;300000465;2020;19;1;0;1;;00004888;00000003;00000027;00000158;1;0;1;;;;;;;0;;;;0;1;0;0;11000028;9;14;5;1;0;0;0;1;0;0
1000000623;30000062;300000466;2020;7;1;0;1;;00000893;00000008;00000015;00000148;1;0;1;;;;;;;;;;;0;1;0;0;11000008;5;20;5;1;0;0;0;1;0;0
1000000624;30000056;300000467;2020;17;2;3;1;;00000540;00000006;;;2;0;0;;;1;0;;;0;0;0;;0;1;0;0;11000007;5;17;5;1;0;0;0;1;0;0
1000000625;30000129;300000468;2020;8;2;1;1;;00000089;00000002;00000013;00002565;1;0;0;;;;;;;0;;;0;0;1;0;;11000018;9;;5;1;0;0;0;1;0;0
1000000626;30000152;300000469;2020;14;2;3;1;;00000865;00000007;;;1;0;0;;;;;;;;;;0;0;1;0;0;11000021;2;64;5;1;0;0;0;1;0;1
1000000628;30000142;300000471;2020;8;2;3;1;;00002923;00000002;;00001061;2;0;1;0;;;;;;;;;;0;1;0;0;11000020;5;2;5;1;0;0;0;1;0;0
1000000629;30000120;300000472;2020;11;2;0;1;;00003675;00000005;;;2;0;1;;;;;;;;;;0;0;1;0;0;11000017;5;15;5;1;0;0;0;1;0;0
1000000631;30000006;300000473;2020;13;1;0;1;;00002424;00000002;;;2;0;0;0;;;0;;;;0;0;;0;1;0;0;11000000;5;2;5;1;0;0;0;1;0;0
1000000632;30000205;300000474;2020;13;2;1;1;;00002955;00000004;00000021;00004272;1;0;0;;0;;;;;;;;;0;1;0;0;11000029;5;1;5;1;0;0;0;1;0;0
1000000634;30000200;300000476;2020;19;1;3;1;;00005293;00000008;00000005;00001393;1;0;0;;;;;;;0;0;;0;0;1;0;0;11000028;2;26;5;1;0;0;0;1;0;1
1000000637;30000187;300000477;2020;10;1;3;1;;00003385;00000004;00000016;00002916;1;0;0;;;;;;;;;;;0;1;;0;11000026;5;17;5;1;0;0;0;1;0;0
1000000638;30000188;300000478;2020;6;2;1;1;;00000826;00000002;00000006;00004037;1;0;0;0;0;;;;;;;;0;0;1;0;0;11000026;9;19;6;1;0;0;0;1;0;0
1000000639;30000186;300000479;2020;8;1;3;1;;00005274;00000008;00000003;00003675;1;0;0;;0;;;;;;;;;0;1;0;0;11000026;4;25;5;1;0;0;0;1;0;1
1000000640;30000183;300000480;2020;14;2;1;1;;00003131;00000002;00000020;00000962;1;0;0;0;0;1;;;;;;;;0;1;0;0;11000026;5;25;5;1;0;0;0;1;0;0
1000000642;30000047;300000481;2020;19;1;1;1;;00001881;00000005;;;1;0;0;;;1;;;;;;;;0;1;0;0;11000006;5;21;5;1;0;0;0;1;0;0
1000000643;30000081;300000482;2020;6;2;1;1;;00004201;00000006;;;2;0;0;;0;0;0;0;;;;0;;0;1;0;0;11000011;9;2;5;1;0;0;0;1;0;0
1000000644;30000068;300000483;2020;10;1;0;1;;00004443;00000008;00000013;00003165;1;0;1;0;;;0;;;;;;;0;1;0;1;11000009;5;;5;1;0;0;0;1;0;0
1000000645;30000065;300000484;2020;8;1;3;1;;00004197;00000002;;00005510;1;0;0;;;;;;;;;;;0;1;1;0;11000009;5;1;5;1;0;0;0;1;0;0
1000000646;30000201;300000485;2020;10;1;0;1;;00003831;00000007;00000016;00000728;2;0;0;;0;;;;0;;;;;0;1;0;0;11000028;4;1;5;1;0;0;0;1;0;0
1000000647;30000167;300000486;2020;12;2;1;1;;00005055;00000008;00000012;;1;0;0;;;;;;;;0;0;;0;1;0;0;11000023;9;;5;1;0;0;0;1;0;0
1000000649;30000027;300000487;2020;4;2;3;1;;00005050;00000007;00000020;00001962;1;0;1;;;1;;;;;;;;0;1;0;0;11000003;5;25;5;1;0;0;0;1;0;0
1000000653;30000022;300000489;2020;8;2;1;1;;00002408;00000008;00000018;00004902;1;0;0;0;;;0;0;0;;0;;;0;1;0;0;11000003;5;1;5;1;0;0;0;1;0;0
1000000654;30000021;300000490;2020;10;2;1;1;;00003062;00000007;00000005;00001563;1;0;0;;;;;0;0;;;;;0;1;0;0;11000002;5;;5;1;0;0;0;1;0;0
1000000657;30000090;300000492;2020;15;2;0;1;;00002031;00000006;00000026;;1;0;0;0;0;;;;;;;0;;0;1;0;0;11000012;5;41;5;1;0;0;0;1;0;0
1000000658;30000123;300000493;2020;11;2;0;1;;00002192;00000008;00000021;00003309;1;0;0;;;;;;;;;;;0;1;0;0;11000017;5;20;5;1;0;0;0;1;0;0
1000000659;30000081;300000494;2020;14;1;1;1;;00001941;00000001;00000007;00001296;1;0;0;;;;;;;;;;;0;1;0;0;11000011;5;2;5;1;0;0;0;1;0;0
1000000660;30000032;300000495;2020;7;1;1;1;;00003751;00000003;;;1;0;0;;;;;0;0;0;;;;0;1;0;0;11000004;5;;5;1;0;0;0;1;0;0
1000000661;30000179;300000496;2020;5;2;2;1;;00003305;00000006;00000002;00001680;1;0;0;;;;;;;;;;;0;1;0;0;11000025;5;1;5;1;0;0;0;1;0;0
1000000662;30000132;300000497;2020;12;2;1;1;;00001977;00000001;;00002536;1;0;1;0;;1;;0;;0;;0;;0;1;0;0;11000018;5;16;5;1;0;0;0;1;0;0
1000000663;30000018;300000498;2020;6;2;1;1;;00002288;00000001;;00005180;1;0;0;;;;;;;0;0;;;0;1;0;0;11000002;9;56;5;1;0;0;0;1;0;0
1000000664;30000064;300000499;2020;13;2;2;1;;00004776;00000008;;00002801;2;0;0;;;;0;;0;0;;;;0;1;0;0;11000009;9;41;5;1;0;0;0;1;0;0
1000000665;30000217;300000500;2020;7;1;3;1;;00002579;00000003;00000015;;1;0;0;;;;;0;;0;;0;;0;1;0;0;11000030;5;16;5;1;0;0;0;1;0;0
1000000666;30000096;300000501;2020;19;2;0;1;;00003306;00000007;00000006;00004969;1;0;0;;;;;0;0;;;;;0;1;0;0;11000013;5;25;2;1;0;0;0;1;0;0
1000000667;30000181;300000502;2020;18;1;0;1;;00003740;00000005;00000013;00003976;1;0;0;;0;;;;;;;;;0;1;1;1;11000025;5;2;5;1;0;0;0;1;0;0
1000000668;30000152;300000503;2020;6;2;1;1;;00000929;00000008;00000005;;1;0;1;;;;;;;;0;0;;0;1;0;0;11000021;9;64;5;1;1;0;0;1;0;0
1000000669;30000047;300000504;2020;14;2;3;1;;00002272;00000008;;00001782;1;0;0;;;;0;;;;0;0;0;0;1;0;0;11000006;5;21;5;1;0;0;0;1;0;0
1000000671;30000164;300000505;2020;20;1;3;1;;00002109;00000008;00000022;00004592;1;0;0;;;;;;;;;0;;0;1;0;0;11000023;5;2;5;1;0;0;0;1;0;0
1000000673;30000173;300000507;2020;18;2;1;1;;00003271;00000005;;;1;0;0;0;;;;;;;;;;0;1;0;0;11000024;5;32;5;1;0;0;0;1;0;0
1000000678;30000180;300000508;2020;14;1;0;1;;00001238;00000006;;;1;0;0;0;;;0;0;;;;;0;0;1;0;0;11000025;5;20;3;1;0;0;0;1;0;0
1000000681;30000169;300000511;2020;21;1;3;1;;00001641;00000001;00000005;00002892;1;0;0;;;;;;;;;;0;0;1;0;0;11000024;5;;5;1;0;0;0;1;0;0
1000000682;30000059;300000512;2020;7;2;3;1;;00002171;00000004;00000006;00004232;1;0;1;;;;;;;;;;0;0;1;0;0;11000008;;15;5;1;0;0;0;1;0;0
1000000683;30000007;300000513;2020;4;2;1;1;;00003301;00000008;00000026;00002399;1;0;0;;;;;;;0;;;0;0;1;0;0;11000000;5;22;5;1;0;0;0;1;0;0
1000000684;30000014;300000514;2020;12;1;3;1;;00001440;00000006;;00001425;1;0;0;;;;;;;;;;;0;1;0;0;11000001;9;1;5;1;0;0;0;1;0;0
1000000685;30000191;300000515;2020;6;1;0;1;;00000871;00000006;;00002106;1;0;0;0;;;;;;;;;;0;1;1;0;11000027;5;23;5;1;0;0;0;1;0;0
1000000686;30000189;300000516;2020;17;2;1;1;;00000300;00000005;00000014;00001463;1;0;0;0;;;0;;0;0;;0;;0;1;0;0;11000026;5;14;3;1;0;0;0;1;0;0
1000000687;30000153;300000517;2020;15;2;1;1;;00001157;00000006;00000009;00004382;1;0;0;;;;;;;;;;;0;1;0;0;11000021;5;;5;1;0;0;0;1;0;0
1000000688;30000210;300000518;2020;7;1;3;1;;00000694;00000002;00000005;00001315;1;0;0;;;;;;;;;0;;0;1;0;0;11000029;9;;5;1;0;0;0;1;0;0
1000000689;30000080;300000519;2020;10;2;0;1;;00003021;00000006;00000002;00003531;1;0;0;;;;;;0;;;;;0;1;0;0;11000011;5;2;5;1;0;0;0;1;0;0
1000000690;30000106;300000520;2020;19;2;3;1;;00000226;00000006;00000014;00004129;1;0;0;;;;;0;0;;;;;0;1;0;1;11000015;9;27;5;1;0;1;0;1;0;
1000000691;30000063;300000521;2020;15;2;0;1;;00001609;00000001;00000010;00004888;1;0;0;;;;;;;0;;;;0;1;0;0;11000008;5;19;5;1;0;0;0;1;0;1
1000000693;30000168;300000522;2020;6;1;0;1;;00005225;00000001;;;1;0;1;;0;;;;0;;;;0;0;1;0;0;11000023;5;1;5;1;0;0;0;1;0;0
1000000694;30000162;300000523;2020;16;1;1;1;;00005411;00000001;00000004;00004469;1;0;0;;;0;;;;;;0;;0;1;0;0;11000023;9;14;1;1;1;0;0;1;0;0
1000000695;30000086;300000524;2020;8;1;0;1;;00004875;00000004;00000023;00001677;1;0;1;;;;0;;;0;0;;;0;1;0;0;11000012;5;14;5;1;0;0;0;1;0;0
1000000697;30000165;300000526;2020;26;2;3;1;;00003314;00000004;00000018;;1;0;0;;;;;0;;;;;;0;1;0;0;11000023;5;1;5;1;0;0;0;1;0;0
1000000699;30000146;300000527;2020;11;2;1;1;;00002535;00000004;00000010;;1;0;0;;;;;;;0;;;;0;1;0;1;11000020;5;21;5;1;0;0;0;1;0;0
1000000700;30000169;300000528;2020;7;1;1;1;;00004943;00000001;;00003487;2;0;0;;;;;0;;;;;0;0;1;0;0;11000024;5;;5;1;0;0;0;1;0;0
1000000701;30000079;300000529;2020;10;2;1;1;;00002186;00000007;;00002190;1;0;0;;;;;;;;;0;;0;1;0;0;11000011;5;2;5;1;0;0;0;1;0;0
1000000702;30000173;300000530;2020;13;2;1;1;;00000213;00000001;00000016;;2;0;0;;;;;;;;;0;;0;1;0;0;11000024;5;32;5;1;0;0;0;1;0;0
1000000703;30000118;300000531;2020;8;2;0;1;;00002344;00000004;00000026;;2;0;0;;;;;;;;;;;0;1;0;0;11000016;9;1;6;1;0;0;0;1;0;0
1000000704;30000180;300000532;2020;7;2;1;1;;00001436;00000005;00000022;;1;0;0;0;;;;;;;;;;0;1;0;0;11000025;5;20;3;1;0;0;0;1;0;0
1000000705;30000075;300000533;2020;8;1;3;1;;00000504;00000007;;00003097;1;0;0;;;;;;;;;;;0;1;0;0;11000010;5;26;6;1;0;0;0;1;0;0
1000000706;30000024;300000534;2020;17;2;0;1;;00001540;00000004;00000008;00003718;1;0;0;0;;;;;;0;;;0;0;1;0;0;11000003;5;16;5;1;0;0;0;1;0;0
1000000708;30000151;300000536;2020;12;2;0;1;;00001689;00000008;00000006;;1;0;0;;;0;0;;;;;;0;0;1;0;0;11000021;5;2;5;1;0;0;0;1;0;0
1000000709;30000116;300000537;2020;19;2;1;1;;00001852;00000001;00000027;;1;0;0;;;1;;;;0;;;;0;1;0;0;11000016;5;16;5;1;0;0;0;1;0;0
1000000710;30000126;300000538;2020;5;2;1;1;;00003925;00000008;;;1;0;0;;;;0;;0;;;;;0;1;0;0;11000017;2;20;1;1;0;0;0;1;0;0
1000000712;30000183;300000539;2020;18;1;3;1;;00001449;00000003;00000025;00002854;1;0;0;;;;0;;;;;;;;1;0;0;11000026;5;25;5;1;0;0;0;1;0;0
1000000713;30000130;300000540;2020;7;2;3;1;;00004464;00000003;00000009;00002087;1;0;0;;;;0;;;;;;;0;1;0;;11000018;5;16;5;1;0;0;0;1;0;0
1000000714;30000008;300000541;2020;20;2;1;1;;00004287;00000001;;00001207;1;0;0;0;;;;;;;;;0;0;1;0;0;11000001;4;1;5;1;0;0;0;1;0;1
1000000715;30000051;300000542;2020;7;1;1;1;;00002053;00000006;;00000958;1;0;0;0;;;;;;;;;;0;1;0;0;11000007;4;19;5;1;0;0;0;1;0;0
1000000719;30000215;300000544;2020;8;2;1;1;;00003107;00000007;00000013;00000023;2;0;1;;;;0;;;;;;;0;1;0;0;11000030;;22;5;1;0;0;0;1;0;0
1000000722;30000103;300000546;2020;17;2;1;1;;00001628;00000005;;;1;1;0;;;;0;;;0;;;;0;1;0;0;11000014;2;21;5;1;0;0;0;1;0;1
1000000723;30000202;300000547;2020;12;1;0;3;;00004688;00000006;00000011;00002062;1;0;1;;;;;;;;;0;;0;1;0;0;11000028;9;18;5;1;0;0;0;1;0;1
1000000724;30000172;300000548;2020;14;2;0;1;;00002561;00000005;00000025;00002281;1;0;0;0;;;;;;;;;;0;1;0;0;11000024;9;;6;1;0;0;0;1;0;0
1000000726;30000189;300000549;2020;12;1;3;1;;00005566;00000001;00000009;00005385;1;0;0;;;;;;0;;0;;0;0;1;0;0;11000026;5;14;3;1;0;0;0;1;0;0
1000000728;30000061;300000551;2020;18;1;1;1;;00001271;00000004;00000021;;1;0;0;;;;0;;;;0;;;0;1;0;0;11000008;9;15;5;1;0;0;0;1;0;0
1000000729;30000205;300000552;2020;19;2;1;1;;00002869;00000003;00000019;00000134;1;0;1;;;1;;1;;;;0;;0;1;0;0;11000029;5;1;5;1;0;0;0;1;0;0
1000000731;30000197;300000553;2020;29;1;2;1;;00000089;00000004;;;1;0;0;0;1;1;;;;0;;0;;0;1;0;0;11000028;5;14;5;1;0;0;0;1;0;0
1000000734;30000183;300000554;2020;15;1;3;1;;00000349;00000003;;;1;0;0;0;;;;;;0;0;;0;0;1;0;0;11000026;9;25;5;1;0;0;0;1;0;0
1000000735;30000053;300000555;2020;11;1;1;1;;00002230;00000003;;00001033;2;0;0;;;;;0;;;;0;0;0;1;0;0;11000007;5;19;5;1;0;0;0;1;0;0
1000000736;30000155;300000556;2020;12;2;0;1;;00005084;00000002;00000016;00005409;1;0;1;;0;;;;;;;;0;0;1;0;0;11000022;4;15;5;1;0;0;0;1;0;0
1000000737;30000030;300000557;2020;8;2;1;1;;00001563;00000001;;00002315;1;0;0;;;1;;;;;;;;0;1;0;0;11000004;5;19;5;1;0;0;0;1;0;0
1000000738;30000022;300000558;2020;9;2;1;1;;00004301;00000005;;;1;0;0;;;;;;0;;;;;0;1;0;0;11000003;5;1;5;1;0;0;0;1;0;0
1000000741;30000006;300000560;2020;19;2;0;1;;00004267;00000001;;00001377;2;0;0;;;;;;;;;;;0;1;0;0;11000000;5;2;5;1;0;0;0;1;0;0
1000000742;30000072;300000561;2020;10;2;3;1;;00002313;00000005;;00001929;1;0;0;;;;;0;;;;;;0;1;0;;11000010;5;20;5;1;0;0;0;1;0;0
1000000744;30000045;300000562;2020;5;1;3;1;;00002273;00000006;;00000026;1;0;0;;0;1;;;;;;;;0;1;;0;11000006;5;1;5;1;0;0;0;1;0;0
1000000747;30000129;300000563;2020;20;1;0;1;;00003609;00000001;00000017;00000309;1;0;1;;;;;;0;;0;;;0;1;1;0;11000018;5;;5;1;0;0;0;1;0;0
1000000748;30000016;300000564;2020;4;1;0;1;;00000411;00000003;00000015;00003255;1;0;1;0;;;;;0;;;;0;0;1;1;0;11000002;5;27;5;1;0;0;0;1;0;0
1000000749;30000090;300000565;2020;12;1;1;1;;00002178;00000007;00000027;00003483;1;0;0;;;;;0;0;;;;;0;1;0;0;11000012;4;41;5;1;0;0;0;1;0;1
1000000750;30000042;300000566;2020;13;2;1;1;;00004402;00000003;00000020;;1;0;0;;;0;;;;;;;;0;1;0;0;11000005;2;15;5;1;0;0;0;1;0;0
1000000753;30000109;300000567;2020;17;2;1;1;;00003688;00000008;00000002;00001208;1;0;0;;;;;;;;;0;;0;1;0;0;11000015;5;19;5;1;0;0;0;1;0;0
1000000754;30000090;300000568;2020;17;1;3;1;;00000139;00000001;00000011;;1;0;1;;;;;;0;;0;;;0;1;0;0;11000012;9;41;5;1;0;0;0;1;0;0
1000000755;30000024;300000569;2020;14;1;0;1;;00005137;00000002;;00001413;1;0;0;;;1;;;0;0;;;0;0;1;0;0;11000003;9;16;5;1;0;0;0;1;0;0
1000000757;30000010;300000571;2020;17;2;1;1;;00005314;00000008;;;1;0;0;;;;;;;;;;;0;1;0;;11000001;9;19;5;1;0;0;0;1;0;0
1000000759;30000046;300000572;2020;25;1;3;1;;00005117;00000008;00000010;00001907;1;0;0;0;0;1;;;0;;0;;;0;1;1;0;11000006;5;;5;1;0;0;0;1;0;0
1000000761;30000136;300000573;2020;8;1;3;1;;00005255;00000005;00000027;;1;0;0;;;;;;;;;;0;0;1;1;0;11000019;5;1;5;1;0;0;0;1;0;0
1000000763;30000053;300000574;2020;16;2;1;1;;00003783;00000004;;00002769;2;0;0;;;;0;;;0;;;0;;1;0;0;11000007;5;19;5;1;0;0;0;1;0;0
1000000764;30000164;300000575;2020;8;2;1;1;;00002966;00000008;;00003910;1;0;0;;;;;;0;;0;;;0;1;0;0;11000023;2;2;5;1;0;0;0;1;0;1
1000000765;30000162;300000576;2020;8;2;3;1;;00004965;00000001;;;2;1;0;;;1;;0;;;0;;;0;1;0;0;11000023;5;14;1;1;0;0;0;1;0;0
1000000767;30000125;300000578;2020;18;1;1;1;;00005115;00000003;00000015;00000129;1;0;0;0;0;;;1;;;0;0;;0;1;1;0;11000017;5;14;5;1;0;0;0;1;0;0
1000000768;30000088;300000579;2020;18;1;0;1;;00004535;00000001;00000007;00003654;1;0;0;;;1;;;;;;;0;0;1;0;1;11000012;5;21;6;1;1;0;0;1;0;0
1000000769;30000184;300000580;2020;10;2;3;1;;00003529;00000008;00000012;00000767;1;0;0;;;;;;;;;;;0;1;0;0;11000026;5;2;5;1;0;0;0;1;0;0
1000000771;30000012;300000581;2020;15;1;1;1;;00002000;00000007;00000018;;1;0;0;;;;;;;;;;;0;1;0;0;11000001;9;2;5;1;0;0;0;1;0;0
1000000773;30000190;300000582;2020;13;1;2;1;;00001846;00000004;00000002;00004619;1;0;0;;;;0;;;;;;;0;1;0;0;11000027;2;27;5;1;0;0;0;1;0;0
1000000774;30000146;300000583;2020;7;2;0;1;;00004827;00000005;;00005470;1;0;0;0;;;;;;0;;;;0;1;0;0;11000020;5;21;5;1;0;0;0;1;0;0
1000000776;30000213;300000584;2020;4;2;3;1;;00001132;00000001;00000015;00005116;1;0;0;;0;;;0;;0;;;0;0;1;0;;11000030;5;19;5;1;0;0;0;1;0;0
1000000777;30000042;300000585;2020;5;1;1;1;;00001740;00000001;;00000746;1;0;0;;;;0;;0;;;0;;0;1;0;0;11000005;5;15;5;1;0;0;0;1;0;0
1000000778;30000179;300000586;2020;7;1;1;1;;00005239;00000006;00000011;00003208;1;0;0;;;;;;;;0;0;;;1;0;0;11000025;5;1;5;1;0;0;0;1;0;0
1000000779;30000124;300000587;2020;27;1;3;1;;00005503;00000008;;;1;0;0;;1;;;;;;;;;0;1;0;0;11000017;5;2;5;1;0;0;0;1;0;0
1000000780;30000144;300000588;2020;9;1;0;1;;00001007;00000001;;00004233;1;0;0;0;;0;;;;;;;;0;1;1;0;11000020;2;25;5;1;0;0;0;1;0;0
1000000781;30000199;300000589;2020;9;2;0;1;;00003859;00000004;00000011;;1;0;0;0;0;1;;;0;;;;;0;1;0;0;11000028;5;2;5;1;0;0;0;1;0;0
1000000782;30000205;300000590;2020;18;1;3;1;;00001123;00000005;00000014;00002542;1;0;0;0;;;;;;;;;;0;1;0;0;11000029;5;1;5;1;0;0;0;1;0;0
1000000783;30000203;300000591;2020;15;1;5;1;;00000757;00000008;;00000277;2;0;0;;;;;;;;;;;0;1;0;0;11000028;5;69;5;1;0;0;0;1;0;0
1000000784;30000052;300000592;2020;8;2;1;1;;00005344;00000005;;00000161;1;0;0;;;;;;;;;;;0;1;1;0;11000007;9;41;5;1;1;0;0;1;0;0
1000000785;30000124;300000593;2020;15;2;1;1;;00000163;00000002;00000007;00001481;1;0;0;;;;;;;;;0;;0;1;0;1;11000017;4;2;5;1;0;0;0;1;0;0
1000000786;30000157;300000594;2020;14;1;3;1;;00001451;00000001;00000009;00002623;1;0;0;;;0;0;;0;;;;;0;1;0;0;11000022;2;1;5;1;0;0;0;1;0;1
1000000787;30000201;300000595;2020;9;1;2;1;;00003187;00000004;;00002725;1;0;0;;;;;;0;;0;;;0;1;0;0;11000028;5;1;5;1;1;0;0;1;0;0
1000000788;30000043;300000596;2020;18;1;3;1;;00002216;00000004;00000014;00001517;1;0;0;;;1;;0;0;0;;;;0;1;0;0;11000006;9;27;6;1;0;1;0;1;0;
1000000789;30000129;300000597;2020;15;1;0;1;;00000419;00000003;00000006;;1;0;1;;;;;;;;;;;0;1;0;0;11000018;2;;5;1;0;0;0;1;0;1
1000000790;30000031;300000598;2020;21;1;1;1;;00003698;00000005;00000027;;1;0;0;;;;;;;;;;0;0;1;0;0;11000004;5;2;2;1;0;0;0;1;0;0
1000000791;30000024;300000599;2020;18;2;3;1;;00005115;00000002;;;1;0;0;;;;;;;;;;;0;1;1;0;11000003;5;16;5;1;0;0;0;1;0;0
1000000792;30000119;300000600;2020;9;1;1;1;;00003416;00000005;;;1;0;1;;;;;;0;;;0;;0;1;0;0;11000016;5;41;5;1;0;0;0;1;0;0
1000000793;30000072;300000601;2020;16;2;3;1;;00000960;00000008;;00002144;1;0;1;;;;;;0;;;;;0;1;0;0;11000010;9;20;5;1;0;0;0;1;0;0
1000000794;30000104;300000602;2020;19;1;1;1;;00002822;00000001;;00005401;1;0;0;;;;0;;;0;;;;0;1;;0;11000014;9;22;5;1;0;0;0;1;0;0
1000000795;30000204;300000603;2020;14;1;0;1;;00001889;00000002;00000014;00000514;2;0;1;0;0;;;;;;;;;0;1;0;0;11000029;;26;5;1;0;0;0;1;0;0
1000000798;30000001;300000604;2020;6;2;0;1;;00000855;00000002;00000007;00003687;1;0;0;;;0;;;;;;0;;0;1;0;0;11000000;5;15;5;1;0;0;0;1;0;0
1000000799;30000136;300000605;2020;17;1;1;1;;00000270;00000006;00000024;;1;0;0;0;0;;;;;;;;;0;1;0;0;11000019;5;1;5;1;0;0;0;1;0;0
1000000800;30000047;300000606;2020;22;2;0;1;;00002536;00000002;00000026;00005055;1;0;0;;;;;;;;;;;0;1;0;0;11000006;5;21;5;1;0;0;0;1;0;0
1000000801;30000132;300000607;2020;5;1;3;1;;00002045;00000005;00000004;00004807;1;0;0;;;;;;0;;;;;0;1;0;0;11000018;9;16;5;1;0;0;0;1;0;0
1000000804;30000213;300000609;2020;10;2;1;1;;00000710;00000005;;00000191;1;0;0;;;1;0;;;;;0;;0;1;0;0;11000030;5;19;5;1;0;0;0;1;0;0
1000000805;30000114;300000610;2020;17;1;1;1;;00000959;00000001;;00003340;1;0;0;;0;;;;0;;;;;0;1;0;0;11000016;5;19;5;1;0;0;0;1;0;0
1000000808;30000182;300000611;2020;14;1;1;1;;00001315;00000004;;;1;0;0;;;;;;;;0;;;0;1;1;;11000025;5;27;5;1;0;0;0;1;0;0
1000000809;30000029;300000612;2020;10;1;1;1;;00001197;00000004;;00005440;1;0;0;0;;;;;;0;;;;;1;0;0;11000004;;;5;1;0;0;0;1;0;0
1000000810;30000208;300000613;2020;17;2;1;1;;00004656;00000002;;;2;0;1;;;;;;;;;;;0;1;0;0;11000029;5;;5;1;0;0;0;1;0;0
1000000811;30000035;300000614;2020;4;1;0;1;;00004024;00000007;00000017;;2;0;0;;;;;;;;0;;;0;1;0;0;11000004;4;;5;1;0;0;0;1;0;0
1000000812;30000097;300000615;2020;11;1;1;1;;00002242;00000003;;00002015;1;0;0;;;1;;;;0;;;;0;1;0;0;11000013;5;14;5;1;0;0;0;1;0;0
1000000814;30000131;300000617;2020;7;1;3;1;;00002363;00000007;00000007;;1;0;0;;;;;;;;;0;0;0;1;0;0;11000018;4;71;5;1;0;0;0;1;0;1
1000000816;30000050;300000618;2020;23;1;3;1;;00003222;00000003;00000020;;2;0;0;;;1;;;;;;;;0;1;0;0;11000007;5;25;5;1;0;0;0;1;0;0
1000000817;30000071;300000619;2020;15;2;0;1;;00003600;00000003;00000017;;1;0;0;0;;;;0;;;;;;0;1;;0;11000010;9;15;1;1;0;0;0;1;0;0
1000000819;30000207;300000620;2020;10;1;0;1;;00002468;00000008;;;1;0;0;;1;;;;;;;;;0;1;0;0;11000029;9;1;5;1;0;0;0;1;0;0
1000000820;30000157;300000621;2020;13;2;1;1;;00004861;00000004;;00004752;1;0;0;;;;;;0;;;;;0;1;0;0;11000022;5;1;5;1;0;0;0;1;0;0
1000000821;30000025;300000622;2020;9;2;3;1;;00001147;00000001;00000016;00000324;1;0;0;;;;;;;0;;;;0;1;;0;11000003;9;2;1;1;0;0;0;1;0;0
1000000822;30000134;300000623;2020;12;1;3;1;;00000746;00000002;00000001;;1;0;0;;;;;;;;;;;0;1;0;0;11000019;5;20;5;1;0;0;0;1;0;0
1000000826;30000019;300000626;2020;13;2;1;1;;00003016;00000008;00000003;00002605;2;0;0;;;;;0;0;;;;;;1;0;0;11000002;5;18;5;1;0;0;0;1;0;0
1000000828;30000101;300000627;2020;13;1;1;1;;00002317;00000002;00000023;00000594;1;0;1;;;;;;;;;;;0;1;0;0;11000014;5;17;5;1;0;0;0;1;0;0
1000000829;30000102;300000628;2020;16;2;2;1;;00001848;00000004;00000014;;1;0;1;;;1;;;;;;;;0;1;0;0;11000014;9;17;5;1;0;0;0;1;0;1
1000000830;30000035;300000629;2020;13;1;3;1;;00005143;00000003;;00003483;2;0;0;;0;;0;;;;;;0;0;1;0;0;11000004;2;;5;1;0;0;0;1;0;1
1000000831;30000200;300000630;2020;18;2;0;1;;00003093;00000001;00000017;;1;0;0;;;;;0;;;;;;0;1;0;0;11000028;5;26;5;1;0;0;0;1;0;0
1000000832;30000118;300000631;2020;16;1;1;1;;00004947;00000008;;00000228;2;0;1;0;;;;0;;;;;;0;1;0;0;11000016;5;1;6;1;0;0;0;1;0;0
1000000836;30000040;300000633;2020;14;2;1;1;;00003762;00000008;00000020;;1;0;0;0;;;;;;;;;;0;1;0;0;11000005;9;27;5;1;0;0;0;1;0;0
1000000837;30000189;300000634;2020;8;1;3;1;;00002911;00000002;00000012;00001700;1;0;0;;0;;0;;0;0;0;;;0;1;;0;11000026;9;14;3;1;0;0;0;1;0;0
1000000838;30000180;300000635;2020;24;2;0;1;;00002167;00000006;00000023;00001885;1;0;0;;;;;;;;;;;0;1;0;0;11000025;5;20;3;1;0;0;0;1;0;0
1000000839;30000012;300000636;2020;16;2;3;1;;00003456;00000007;00000020;00005424;1;0;0;0;;;;;;;;;;0;1;0;0;11000001;5;2;5;1;0;0;0;1;0;0
1000000840;30000129;300000637;2020;20;2;0;1;;00004625;00000001;00000016;00001411;1;0;0;;1;;;;0;;;;;;1;0;0;11000018;5;;5;1;0;0;0;1;0;0
1000000842;30000122;300000638;2020;15;2;1;1;;00003451;00000002;00000025;00001835;1;0;0;;;;;;;;;;;0;1;0;0;11000017;9;1;5;1;0;0;0;1;0;0
1000000844;30000168;300000639;2020;10;1;0;1;;00002683;00000002;;;1;0;1;;;;;0;;0;;0;;0;1;0;0;11000023;9;1;5;1;0;0;0;1;0;1
1000000845;30000178;300000640;2020;17;1;2;1;;00005097;00000001;00000010;00004864;1;0;0;;;;0;;;;0;;;0;1;0;0;11000025;4;2;5;1;0;0;0;1;0;1
1000000847;30000158;300000641;2020;12;2;3;1;;00005105;00000006;00000025;00001993;1;1;0;0;0;;;0;;;;0;;;1;0;0;11000022;5;2;5;1;0;0;0;1;0;0
1000000850;30000167;300000643;2020;10;2;3;1;;00000865;00000006;;00002555;1;0;0;;0;1;;;;;;;;0;1;0;0;11000023;4;;5;1;0;0;0;1;0;0
1000000851;30000046;300000644;2020;7;2;1;1;;00002009;00000006;;;1;0;0;;;;;;;;0;;0;0;1;0;0;11000006;5;;5;1;0;0;0;1;0;0
1000000852;30000186;300000645;2020;14;1;3;1;;00000983;00000008;00000015;00003906;1;0;0;;;;;;;0;;;;0;1;0;0;11000026;2;25;5;1;0;0;0;1;0;1
1000000853;30000123;300000646;2020;18;1;1;1;;00004434;00000003;00000018;00001732;1;0;0;0;;;;;;;;;;0;1;0;0;11000017;4;20;5;1;0;0;0;1;0;0
1000000856;30000199;300000648;2020;19;1;0;1;;00004330;00000001;00000016;00000064;1;0;0;;;;;;;0;;;;0;1;;0;11000028;5;2;5;1;0;0;0;1;0;0
1000000859;30000026;300000650;2020;24;2;0;1;;00001693;00000001;;00001322;1;0;0;;;1;;;0;0;;;0;0;1;0;0;11000003;9;19;5;1;0;0;0;1;0;0
1000000862;30000157;300000651;2020;14;1;1;1;;00000885;00000004;00000006;00000621;2;0;0;;;;0;;;;;;0;0;1;0;0;11000022;5;1;5;1;0;0;0;1;0;0
1000000863;30000156;300000652;2020;13;2;1;1;;00005342;00000007;00000019;;1;0;1;;;;;;0;;;;;0;1;1;0;11000022;4;14;5;1;1;0;0;1;0;1
1000000864;30000197;300000653;2020;12;1;1;1;;00001475;00000008;00000017;00002723;1;0;0;;0;;;0;;;;0;;0;1;0;0;11000028;5;14;5;1;0;0;0;1;0;0
1000000865;30000120;300000654;2020;6;1;0;1;;00003405;00000001;00000007;00004455;1;0;1;;;1;;0;;;;;;0;1;0;0;11000017;5;15;5;1;0;0;0;1;0;0
1000000867;30000183;300000656;2020;17;2;1;1;;00002859;00000001;00000012;00001953;2;0;0;;;;;;;;;;;0;1;0;0;11000026;5;25;5;1;0;0;0;1;0;0
1000000868;30000186;300000657;2020;11;1;3;1;;00001813;00000003;;00005041;2;0;0;0;;;;;;0;;;;0;1;0;0;11000026;5;25;5;1;0;0;0;1;0;0
1000000870;30000097;300000658;2020;20;2;2;1;;00004725;00000003;00000004;00001274;2;0;0;;;;;;;;0;0;;0;1;0;0;11000013;5;14;5;1;0;0;0;1;0;0
1000000871;30000030;300000659;2020;21;1;1;1;;00003302;00000005;00000020;00001582;1;0;0;;;;;;;0;0;;0;0;1;0;0;11000004;9;19;5;1;0;0;0;1;0;0
1000000872;30000028;300000660;2020;16;1;1;1;;00002727;00000007;00000004;00004680;1;0;0;;;0;0;;;0;;0;;0;1;0;0;11000003;5;19;5;1;0;0;0;1;0;0
1000000873;30000195;300000661;2020;6;2;1;1;;00001575;00000003;;00001218;2;0;0;;;;;0;;;;;;0;1;0;1;11000027;5;25;5;1;0;0;0;1;0;0
1000000875;30000038;300000662;2020;8;2;3;1;;00005251;00000003;;00001822;1;1;1;0;;;;;;0;0;0;;0;1;0;0;11000005;5;1;5;1;0;0;0;1;0;0
1000000876;30000135;300000663;2020;15;2;0;1;;00004367;00000006;00000001;;1;0;1;;;;;;;;;;0;0;1;0;0;11000019;4;17;5;1;0;0;0;1;0;0
1000000878;30000209;300000665;2020;4;1;0;1;;00001778;00000005;;;1;0;0;;;;;0;;0;;;;0;1;0;0;11000029;5;2;5;1;0;0;0;1;0;0
1000000879;30000047;300000666;2020;19;1;1;1;;00000240;00000004;;;2;0;0;;;;0;;;;;;0;0;1;0;0;11000006;5;21;5;1;0;0;0;1;0;1
1000000880;30000173;300000667;2020;22;1;0;1;;00003955;00000003;00000025;00003114;1;0;0;0;;;;;;;;;;0;1;0;0;11000024;4;32;5;1;0;0;0;1;0;1
1000000881;30000172;300000668;2020;7;2;0;1;;00005200;00000004;00000013;;1;0;0;;;1;;;;0;;;;0;1;0;0;11000024;5;;6;1;0;0;0;1;0;0
1000000882;30000188;300000669;2020;9;1;1;1;;00000970;00000001;;00003325;1;0;1;;;;;;;;;;;0;1;1;0;11000026;5;19;6;1;0;0;0;1;0;0
1000000884;30000189;300000671;2020;4;1;0;1;;00000661;00000004;;00000437;1;0;0;;;;;0;;;;;0;0;1;0;0;11000026;5;14;3;1;0;0;0;1;0;0
1000000886;30000081;300000672;2020;13;1;1;1;;00003142;00000007;00000003;00004895;1;0;0;;;;;;0;;;0;;0;1;0;0;11000011;9;2;5;1;0;0;0;1;0;0
1000000888;30000155;300000673;2020;6;1;3;1;;00003543;00000001;;00002797;1;0;0;0;1;;;;;;;;;0;1;0;0;11000022;5;15;5;1;0;0;0;1;0;0
1000000889;30000158;300000674;2020;20;2;3;1;;00003126;00000003;00000014;;1;0;0;;;;;1;;;;;;0;1;0;0;11000022;5;2;5;1;0;0;0;1;0;0
1000000891;30000195;300000676;2020;11;2;3;1;;00004698;00000003;00000007;00003614;1;0;0;;0;;;;;;;;;0;1;0;0;11000027;5;25;5;1;0;0;0;1;0;0
1000000892;30000042;300000677;2020;9;1;1;1;;00001664;00000007;;;1;0;0;;1;;;;;;;0;;0;1;0;0;11000005;5;15;5;1;0;0;0;1;0;0
1000000896;30000136;300000679;2020;18;2;3;1;;00004248;00000004;00000023;;2;0;0;;;;;;;;;;;0;1;0;0;11000019;9;1;5;1;0;0;0;1;0;0
1000000897;30000178;300000680;2020;15;2;1;1;;00001832;00000002;00000015;;1;0;0;;;;;;;;;;;0;1;1;1;11000025;;2;5;1;0;0;0;1;0;0
1000000898;30000134;300000681;2020;8;1;0;1;;00005081;00000006;00000006;00004242;2;0;0;;;;;;;0;;0;0;0;1;0;0;11000019;9;20;5;1;0;0;0;1;0;0
1000000899;30000025;300000682;2020;8;2;1;1;;00001235;00000002;00000001;00003808;1;0;0;;;;;;;;0;;;0;1;0;0;11000003;9;2;1;1;0;0;0;1;0;0
1000000900;30000078;300000683;2020;15;2;3;1;;00003358;00000006;;;1;0;0;;;;;;;;;;;0;1;0;0;11000011;5;21;5;1;0;0;0;1;0;0
1000000901;30000017;300000684;2020;16;1;2;1;;00005326;00000005;00000011;00002987;1;0;0;;;1;;0;;;;;;0;1;0;0;11000002;5;17;1;1;0;0;0;1;0;0
1000000902;30000012;300000685;2020;18;1;1;1;;00005570;00000005;00000004;00000985;1;0;0;;;0;;0;;;;;;0;1;0;0;11000001;5;2;5;1;0;0;0;1;0;0
1000000903;30000091;300000686;2020;16;2;1;1;;00000560;00000008;00000016;00001213;1;0;0;0;;;;;;;;;;0;1;0;0;11000012;9;16;6;1;0;0;0;1;0;0
1000000904;30000131;300000687;2020;19;2;1;1;;00003953;00000006;;00001032;1;0;0;0;;;;;;0;;;;0;1;1;0;11000018;5;71;5;1;0;0;0;1;0;0
1000000907;30000110;300000690;2020;13;2;0;1;;00001248;00000002;00000024;;2;0;0;;1;1;;0;;;;0;;0;1;0;0;11000015;5;1;5;1;0;0;0;1;0;0
1000000908;30000163;300000691;2020;10;2;0;1;;00000975;00000008;00000026;00002695;1;0;0;0;;;;0;;0;;;;0;1;;0;11000023;5;20;5;1;0;0;0;1;0;0
1000000909;30000141;300000692;2020;15;1;0;1;;00005198;00000002;;00002407;1;0;0;;1;;;;0;;0;0;;0;1;0;0;11000020;5;14;5;1;0;0;0;1;0;0
1000000911;30000116;300000693;2020;12;2;1;1;;00004342;00000005;;;1;0;0;;;;;;;;;;0;0;1;0;0;11000016;5;16;5;1;0;0;0;1;0;0
1000000912;30000002;300000694;2020;26;2;0;1;;00004953;00000007;00000001;00001040;1;0;0;;;;;0;;;;;;0;1;0;0;11000000;9;20;5;1;0;0;0;1;0;1
1000000914;30000177;300000695;2020;7;2;3;1;;00002317;00000006;00000026;00003340;1;0;0;;0;1;;;0;;;;0;0;1;0;0;11000025;9;;5;1;0;0;0;1;0;0
1000000917;30000198;300000696;2020;19;2;1;1;;00005386;00000004;00000003;00001334;1;0;1;;;1;;;;;;;;0;1;0;0;11000028;5;14;5;1;0;0;0;1;0;0
1000000918;30000113;300000697;2020;13;1;3;1;;00002608;00000004;00000023;;1;0;0;;;0;;0;;;;;;0;1;1;0;11000016;5;16;2;1;0;0;0;1;0;0
1000000920;30000039;300000698;2020;20;2;1;1;;00003840;00000005;00000015;00001726;1;0;0;;0;;;;;;;;0;0;1;1;0;11000005;4;;5;1;0;0;0;1;0;0
1000000923;30000034;300000699;2020;15;2;0;1;;00005416;00000006;00000008;00003073;1;0;0;0;;;;;0;;;;;0;1;0;0;11000004;9;27;5;1;0;1;0;1;0;
1000000925;30000094;300000701;2020;21;1;3;1;;00003246;00000002;;;1;0;0;;;;;;;0;0;;0;0;1;0;0;11000013;9;15;5;1;0;0;0;1;0;0
1000000926;30000044;300000702;2020;17;1;3;1;;00001834;00000008;00000002;;2;0;1;0;;1;;0;;0;;;;0;1;0;0;11000006;5;;5;1;0;0;0;1;0;0
1000000927;30000030;300000703;2020;12;1;1;1;;00002598;00000005;00000014;00003088;1;1;0;;;1;0;;0;;0;;;0;1;1;0;11000004;5;19;5;1;0;0;0;1;0;0
1000000928;30000012;300000704;2020;17;1;3;1;;00004581;00000008;00000019;00000009;2;0;0;;;;;;;;;;0;0;1;0;;11000001;5;2;5;1;0;0;0;1;0;0
1000000929;30000209;300000705;2020;11;2;3;1;;00003240;00000001;00000019;00003597;1;0;0;;;;;;;;;;0;0;1;0;0;11000029;5;2;5;1;0;0;0;1;0;0
1000000930;30000042;300000706;2020;11;2;5;1;;00000701;00000004;;;1;0;0;;;;;;;0;;;;0;1;0;0;11000005;5;15;5;1;0;0;0;1;0;0
1000000931;30000196;300000707;2020;27;2;0;1;;00004358;00000004;00000009;00004437;1;0;0;;0;;;;;;;0;;0;1;0;0;11000027;5;21;5;1;0;0;0;1;0;0
1000000933;30000056;300000708;2020;24;1;0;1;;00001385;00000008;;;1;0;0;;;;;;;;;;;0;1;0;0;11000007;5;17;5;1;0;0;0;1;0;0
1000000934;30000006;300000709;2020;7;2;1;1;;00005043;00000003;00000015;00001165;1;0;0;;;0;;;;;;;;0;1;0;0;11000000;9;2;5;1;0;0;0;1;0;0
1000000936;30000202;300000710;2020;16;2;3;1;;00001735;00000007;00000015;00003862;1;0;0;;;;;;;;;;;0;1;0;0;11000028;5;18;5;1;0;0;0;1;0;0
1000000937;30000086;300000711;2020;12;2;3;1;;00001286;00000003;00000001;00001094;1;0;0;;;;;;;;;0;0;0;1;0;0;11000012;5;14;5;1;0;0;0;1;0;0
1000000940;30000057;300000712;2020;11;2;0;1;;00003642;00000004;00000010;;1;0;0;;;;0;;;;;;0;0;1;0;0;11000008;9;2;5;1;0;0;0;1;0;0
1000000941;30000209;300000713;2020;10;2;1;1;;00002522;00000003;00000023;00000019;1;0;0;;;;;;;;;0;0;0;1;1;0;11000029;5;2;5;1;0;0;0;1;0;0
1000000943;30000110;300000715;2020;12;1;0;1;;00005134;00000002;00000015;00001792;2;0;0;0;;;;;;;;;;0;1;0;0;11000015;5;1;5;1;0;0;0;1;0;0
1000000944;30000134;300000716;2020;7;2;1;1;;00002855;00000008;;00000670;1;0;0;;;;;0;0;0;0;0;;0;1;0;0;11000019;5;20;5;1;0;0;0;1;0;0
1000000945;30000139;300000717;2020;18;1;1;1;;00001730;00000002;00000007;00005463;2;0;0;;;;;;;;;;;0;1;0;0;11000019;9;15;5;1;0;0;0;1;0;0
1000000947;30000120;300000718;2020;8;1;0;1;;00004840;00000007;;00001050;2;0;1;;;;;;;;;;;;1;0;0;11000017;5;15;5;1;0;0;0;1;0;0
1000000948;30000156;300000719;2020;10;2;3;1;;00004106;00000004;00000024;00001002;1;0;0;;;;;1;;;;;;0;1;1;0;11000022;5;14;5;1;0;0;0;1;0;0
1000000950;30000164;300000720;2020;12;1;3;1;;00002453;00000001;00000011;00001686;1;0;1;;;;;;0;0;;0;;0;1;0;;11000023;5;2;5;1;0;0;0;1;0;0
1000000951;30000163;300000721;2020;18;2;3;1;;00003249;00000002;00000014;00002905;2;0;1;;;;;;;;;;;0;1;0;0;11000023;9;20;5;1;0;0;0;1;0;0
1000000953;30000099;300000722;2020;7;1;0;1;;00000819;00000007;00000019;;1;0;0;;;;0;;;;;0;0;0;1;0;0;11000014;9;41;5;1;0;0;0;1;0;0
1000000954;30000056;300000723;2020;18;2;1;1;;00003129;00000003;00000023;00000430;2;0;0;;0;;;;;;;;;0;1;0;0;11000007;5;17;5;1;0;0;0;1;0;0
1000000955;30000038;300000724;2020;9;2;0;1;;00002871;00000005;00000011;;1;0;1;;0;;;;;;;;;0;1;0;0;11000005;5;1;5;1;0;0;0;1;0;0
1000000956;30000204;300000725;2020;9;1;3;1;;00002954;00000005;00000021;;1;0;1;0;;;0;;;;;;;0;1;0;0;11000029;5;26;5;1;0;0;0;1;0;0
1000000957;30000097;300000726;2020;20;1;3;1;;00001747;00000001;00000015;00001903;1;0;0;;;;;;;0;;;0;0;1;0;0;11000013;9;14;5;1;0;0;0;1;0;0
1000000959;30000090;300000727;2020;8;1;0;1;;00004902;00000007;;;1;0;0;;;;;;;;;;;0;1;0;0;11000012;5;41;5;1;0;0;0;1;0;1
1000000961;30000062;300000728;2020;9;1;3;1;;00003790;00000003;00000005;00001533;2;0;1;;;;;;;;;;;0;1;0;0;11000008;9;20;5;1;0;0;0;1;0;0
1000000962;30000144;300000729;2020;16;2;3;1;;00004523;00000002;;00005367;1;0;0;;;;;;;;;;;0;1;0;1;11000020;5;25;5;1;0;0;0;1;0;0
1000000965;30000159;300000731;2020;5;1;1;1;;00000559;00000008;00000009;00002498;1;0;0;;;1;;;;;;;;0;1;0;0;11000022;5;2;5;1;0;0;0;1;0;0
1000000967;30000164;300000732;2020;17;2;3;1;;00002090;00000002;00000001;00000924;1;0;0;;;;;;;;;;0;0;1;0;0;11000023;9;2;5;1;0;0;0;1;0;0
1000000969;30000033;300000733;2020;13;1;3;1;;00000849;00000008;00000016;00002557;1;0;1;;;1;;;;;0;;;0;1;0;0;11000004;4;41;6;1;0;0;0;1;0;1
1000000970;30000006;300000734;2020;18;2;0;1;;00001152;00000005;00000017;;1;0;0;;;;;;0;;;1;;0;1;0;;11000000;5;2;5;1;0;0;0;1;0;1
1000000971;30000005;300000735;2020;11;2;5;1;;00004293;00000003;00000022;00003699;1;0;1;;;1;;;;;;0;;0;1;0;1;11000000;5;20;5;1;0;0;0;1;0;0
1000000972;30000123;300000736;2020;19;1;1;1;;00004164;00000008;;00002994;1;0;0;;;;;;;0;;;;0;1;0;0;11000017;5;20;5;1;0;0;0;1;0;0
1000000973;30000006;300000737;2020;19;2;1;1;;00004038;00000005;00000010;00004512;1;0;0;;0;1;0;;;;;0;;0;1;0;;11000000;5;2;5;1;0;0;0;1;0;0
1000000974;30000111;300000738;2020;16;1;3;1;;00000196;00000006;00000024;;1;0;1;;;;;;0;0;;;;0;1;1;0;11000015;9;23;5;1;0;0;0;1;0;0
1000000975;30000076;300000739;2020;17;2;3;1;;00000502;00000006;00000018;00003190;1;0;0;;;;;;;;;0;;0;1;0;0;11000010;4;25;5;1;0;0;0;1;0;1
1000000976;30000106;300000740;2020;14;1;1;1;;00003533;00000001;00000014;00000150;1;0;1;;;;0;;0;;;0;;0;1;0;0;11000015;5;27;5;1;0;0;0;1;0;0
1000000977;30000101;300000741;2020;12;2;2;1;;00004758;00000005;00000014;00002957;2;0;0;0;;1;;;0;0;;;;0;1;0;0;11000014;5;17;5;1;0;0;0;1;0;0
1000000978;30000050;300000742;2020;8;2;0;1;;00003799;00000004;;00001109;1;0;0;;;1;;0;0;;;0;;0;1;0;;11000007;5;25;5;1;0;0;0;1;0;0
1000000979;30000214;300000743;2020;15;2;0;1;;00002553;00000006;;00001912;1;0;0;;1;;;;;;;;;0;1;0;1;11000030;9;2;5;1;0;0;0;1;0;0
1000000980;30000109;300000744;2020;18;1;3;1;;00002049;00000005;00000013;00003834;2;0;0;;;;;0;0;;;;;0;1;0;0;11000015;9;19;5;1;0;0;0;1;0;0
1000000982;30000127;300000745;2020;11;1;0;1;;00004833;00000006;;00001290;1;0;0;0;;;;;0;;0;;0;0;1;0;0;11000018;;18;5;1;0;0;0;1;0;0
1000000984;30000083;300000746;2020;11;2;3;1;;00004707;00000002;;;1;0;1;;0;;;;;0;;;;0;1;0;0;11000011;9;2;5;1;0;0;0;1;0;0
1000000985;30000165;300000747;2020;13;1;1;1;;00004239;00000002;;;1;0;0;;;;;;;;;;;0;1;0;0;11000023;5;1;5;1;1;0;0;1;0;0
1000000987;30000157;300000748;2020;15;1;3;1;;00000165;00000005;00000003;00003969;1;0;0;;;;0;;;;;;;0;1;0;0;11000022;2;1;5;1;0;0;0;1;0;0
1000000991;30000022;300000750;2020;15;2;1;1;;00003807;00000003;00000011;00000229;1;0;1;;;1;0;;;;;;;0;1;0;0;11000003;5;1;5;1;0;0;0;1;0;0
1000000993;30000129;300000751;2020;21;1;3;1;;00004364;00000004;00000006;;1;0;0;;;;0;0;;;;;;0;1;0;0;11000018;5;;5;1;0;0;0;1;0;0
1000000995;30000190;300000753;2020;17;1;1;1;;00001184;00000008;;;2;0;0;;;;0;;0;;;;;0;1;0;0;11000027;;27;5;1;0;0;0;1;0;0
1000000997;30000160;300000754;2020;16;2;5;1;;00000856;00000006;;00003961;1;0;0;;;;0;;;;0;;;0;1;0;0;11000022;4;17;5;1;0;0;0;1;0;1
1000000998;30000151;300000755;2020;11;2;0;1;;00001584;00000004;;00003406;1;0;0;;;;0;;;;;;0;0;1;0;0;11000021;5;2;5;1;0;0;0;1;0;0
1000001000;30000197;300000757;2020;15;1;1;1;;00001385;00000003;00000006;00000856;1;0;0;;;;;;;0;;;;0;1;0;0;11000028;5;14;5;1;0;0;0;1;0;0
1000001001;30000189;300000758;2020;13;1;1;1;;00003315;00000001;00000008;;1;0;0;;;1;;;;;;0;;0;1;0;0;11000026;5;14;3;1;0;0;0;1;0;0
1000001005;30000024;300000760;2020;16;1;1;1;;00004475;00000001;00000014;00002492;1;0;0;;;;;;;;;;;0;1;0;0;11000003;5;16;5;1;0;0;0;1;0;0
1000001008;30000213;300000762;2020;10;1;1;1;;00002510;00000006;00000005;00001746;1;0;1;;;;;;;;;;;0;1;0;0;11000030;5;19;5;1;0;0;0;1;0;0
1000001009;30000065;300000763;2020;8;2;1;1;;00002213;00000003;00000003;;1;0;0;0;0;;;;;;;;;0;1;0;0;11000009;;1;5;1;0;0;0;1;0;0
1000001010;30000054;300000764;2020;13;1;0;1;;00004497;00000005;00000015;00004540;1;0;0;;;;;0;;;;0;;0;1;;0;11000007;9;26;5;1;0;0;0;1;0;0
1000001012;30000089;300000765;2020;15;1;1;1;;00000552;00000003;;00000024;1;0;0;;;;;;;;;;;0;1;0;0;11000012;4;15;5;1;0;0;0;1;0;0
1000001013;30000212;300000766;2020;18;2;1;1;;00001897;00000004;00000016;00004079;2;0;0;;;1;;;;;;;;0;1;1;0;11000030;5;69;5;1;0;0;0;1;0;0
1000001015;30000143;300000767;2020;15;1;3;1;;00001286;00000001;00000020;;2;0;1;;;;;;;;;;;0;1;0;0;11000020;5;26;5;1;0;0;0;1;0;0
1000001019;30000073;300000769;2020;27;2;0;1;;00002718;00000001;;00003397;1;0;0;;1;;;;0;;;;;0;1;0;0;11000010;5;;5;1;0;0;0;1;0;0
1000001020;30000149;300000770;2020;8;2;0;1;;00001268;00000008;;00002034;1;0;0;0;;;0;;0;;;;;0;1;0;;11000021;5;2;5;1;0;0;0;1;0;0
1000001022;30000030;300000771;2020;11;2;3;1;;00003030;00000008;00000009;;1;0;0;;;;0;;;;;;;0;1;0;0;11000004;9;19;5;1;0;0;0;1;0;0
1000001023;30000076;300000772;2020;19;1;1;1;;00005452;00000002;00000020;;1;0;1;;;;0;;;;;;;0;1;0;0;11000010;5;25;5;1;0;0;0;1;0;0
1000001024;30000115;300000773;2020;7;1;3;1;;00001814;00000007;00000010;00003702;1;0;0;0;;;;;;0;;;;0;1;0;0;11000016;5;1;2;1;0;0;0;1;0;0
1000001026;30000072;300000774;2020;12;2;0;1;;00001546;00000007;00000006;00002884;2;0;0;;;;;0;;0;;;;0;1;0;0;11000010;5;20;5;1;0;0;0;1;0;0
1000001027;30000059;300000775;2020;18;2;0;1;;00001176;00000007;;;1;0;0;;;;;;0;;;0;;0;1;1;0;11000008;5;15;5;1;0;0;0;1;0;0
1000001028;30000052;300000776;2020;40;2;0;1;;00004192;00000006;00000022;;1;0;1;;;;;0;;;;0;;0;1;0;0;11000007;5;41;5;1;0;0;0;1;0;1
1000001031;30000008;300000777;2020;10;2;3;1;;00000206;00000003;00000015;;1;0;0;;1;;;0;;;;;0;0;1;0;0;11000001;5;1;5;1;0;0;0;1;0;0
1000001032;30000015;300000778;2020;22;2;1;1;;00000064;00000002;;00000799;1;0;1;;;;;;0;;;;;0;1;0;0;11000002;5;25;5;1;0;0;0;1;0;0
1000001033;30000150;300000779;2020;11;1;1;1;;00004493;00000001;00000024;00003389;2;0;0;;0;;;;;;;0;;;1;1;0;11000021;4;69;5;1;0;0;0;1;0;0
1000001034;30000053;300000780;2020;10;1;0;1;;00000755;00000007;;00005277;1;0;0;;;;;;0;0;0;;;0;1;0;0;11000007;5;19;5;1;0;0;0;1;0;0
1000001035;30000003;300000781;2020;10;2;0;1;;00000459;00000008;;00004286;1;0;0;;0;;;;;0;;;;0;1;0;0;11000000;5;2;5;1;0;0;0;1;0;0
1000001036;30000167;300000782;2020;6;2;1;1;;00001435;00000001;00000013;00002290;1;0;0;;;;;;;0;;;;0;1;0;0;11000023;9;;5;1;0;0;0;1;0;0
1000001038;30000116;300000784;2020;14;2;0;1;;00002654;00000008;00000010;00003914;1;0;0;;;;;;;;;0;;0;1;0;1;11000016;5;16;5;1;0;0;0;1;0;0
1000001039;30000131;300000785;2020;14;2;1;1;;00003062;00000006;00000015;;1;0;0;;;;0;0;;;0;;;0;1;0;0;11000018;5;71;5;1;0;0;0;1;0;0
1000001041;30000173;300000786;2020;9;1;1;1;;00003717;00000001;;;1;0;0;;;1;;0;0;;0;;0;0;1;0;0;11000024;2;32;5;1;0;0;0;1;0;0
1000001042;30000080;300000787;2020;11;1;0;1;;00000834;00000005;;;1;0;1;;;;0;;0;;;0;;0;1;0;0;11000011;5;2;5;1;0;0;0;1;0;0
1000001043;30000041;300000788;2020;9;1;3;1;;00003253;00000003;00000002;00000899;1;0;0;;;;;0;;0;;0;;0;1;0;;11000005;;1;5;1;0;0;0;1;0;0
1000001044;30000029;300000789;2020;27;1;1;1;;00004960;00000002;;00003441;1;0;0;;;;;;;;;;;0;1;0;;11000004;5;;5;1;0;0;0;1;0;0
1000001048;30000137;300000790;2020;5;1;0;1;;00001872;00000001;00000014;;1;0;0;;;;;;;0;;;;0;1;;0;11000019;5;21;5;1;0;0;0;1;0;0
1000001050;30000005;300000792;2020;10;1;3;1;;00003518;00000001;00000023;00005250;1;0;0;;0;;;;;;0;0;;0;1;0;0;11000000;5;20;5;1;0;0;0;1;0;0
1000001051;30000212;300000793;2020;16;1;1;1;;00000954;00000002;00000009;00004705;1;0;0;;;0;0;;;;;;;0;1;0;0;11000030;2;69;5;1;0;0;0;1;0;0
1000001052;30000088;300000794;2020;11;2;1;1;;00005429;00000008;00000016;00002361;1;0;0;0;;;;;;;;;;0;1;0;0;11000012;;21;6;1;0;0;0;1;0;0
1000001053;30000030;300000795;2020;14;1;3;1;;00005117;00000001;00000011;00004407;1;0;0;;;;;;;;;;;0;1;0;0;11000004;5;19;5;1;0;0;0;1;0;0
1000001054;30000072;300000796;2020;18;1;3;1;;00004387;00000008;;;1;0;0;0;;;;0;;;;0;0;0;1;0;0;11000010;5;20;5;1;0;0;0;1;0;0
1000001056;30000156;300000798;2020;10;1;1;1;;00005076;00000007;00000015;;1;0;0;;;;;;;;;0;;0;1;0;0;11000022;5;14;5;1;0;0;0;1;0;0
1000001057;30000051;300000799;2020;10;2;0;1;;00001372;00000008;00000020;00002357;2;0;0;;;;;;0;;;;0;0;1;0;0;11000007;5;19;5;1;0;0;0;1;0;0
1000001058;30000016;300000800;2020;22;2;0;1;;00001369;00000007;;00001289;1;0;0;;;;;;;0;;;;0;1;0;0;11000002;9;27;5;1;0;0;0;1;0;0
1000001059;30000018;300000801;2020;19;2;0;1;;00002191;00000003;00000003;00001424;2;0;1;;;;;;0;;;;;0;1;0;0;11000002;9;56;5;1;0;0;0;1;0;0
1000001061;30000063;300000802;2020;18;1;1;1;;00002974;00000008;;00002556;1;0;0;;;;;;;;;0;;0;1;1;0;11000008;5;19;5;1;0;0;0;1;0;0
1000001062;30000149;300000803;2020;9;2;5;1;;00000960;00000007;00000006;00003312;1;0;0;;0;1;;;;0;;;;0;1;0;0;11000021;5;2;5;1;0;0;0;1;0;0
1000001063;30000013;300000804;2020;15;1;0;1;;00002449;00000002;00000015;00001141;2;0;0;;;;;0;;;0;0;0;0;1;0;0;11000001;2;17;5;1;0;0;0;1;0;1
1000001064;30000026;300000805;2020;10;2;3;1;;00002145;00000003;;;1;0;0;0;;;;0;;;0;0;;0;1;0;0;11000003;5;19;5;1;0;0;0;1;0;0
1000001066;30000019;300000807;2020;10;2;3;1;;00004999;00000005;00000025;00000139;1;0;1;;0;1;;;;0;;;;0;1;1;0;11000002;5;18;5;1;0;0;0;1;0;0
1000001067;30000069;300000808;2020;13;2;1;1;;00000371;00000008;00000018;00002091;2;0;0;;;;;;;;;0;;0;1;;0;11000009;5;26;5;1;0;0;0;1;0;0
1000001068;30000021;300000809;2020;13;2;1;1;;00000547;00000003;00000005;;1;0;0;0;;;0;0;;0;;;;;1;0;0;11000002;5;;5;1;0;0;0;1;0;0
1000001069;30000017;300000810;2020;19;2;0;1;;00005078;00000004;;00001442;2;0;0;0;;;;;0;0;;;;;1;0;0;11000002;5;17;1;1;0;0;0;1;0;0
1000001070;30000095;300000811;2020;6;1;1;1;;00001813;00000007;;00005476;1;0;0;;;;0;;;;0;;;0;1;0;0;11000013;5;;5;1;0;0;0;1;0;0
1000001071;30000101;300000812;2020;10;1;1;1;;00000633;00000004;00000015;;1;0;0;;0;;;0;;;0;;0;0;1;0;0;11000014;;17;5;1;0;0;0;1;0;0
1000001072;30000172;300000813;2020;14;1;3;1;;00005341;00000007;00000020;;1;0;0;;0;1;;;;;;;0;0;1;0;0;11000024;9;;6;1;0;0;0;1;0;0
1000001073;30000149;300000814;2020;5;1;3;1;;00001951;00000008;00000002;00004762;1;0;1;;0;;;;0;0;0;;;0;1;0;0;11000021;5;2;5;1;0;0;0;1;0;0
1000001075;30000033;300000815;2020;6;1;1;1;;00004887;00000007;00000021;00001347;1;0;0;;;;0;;;0;;;;0;1;0;0;11000004;5;41;6;1;0;0;0;1;0;0
1000001076;30000124;300000816;2020;15;1;3;1;;00000391;00000008;00000026;00003397;1;0;1;;;1;;;0;0;0;;;0;1;0;0;11000017;9;2;5;1;0;0;0;1;0;0
1000001077;30000139;300000817;2020;14;1;3;1;;00002473;00000004;00000004;00002369;1;0;0;;;1;;;;;0;0;;0;1;0;0;11000019;9;15;5;1;0;0;0;1;0;0
1000001078;30000170;300000818;2020;23;1;0;1;;00000897;00000004;00000003;;2;0;0;;;;0;;;;;;0;0;1;0;0;11000024;5;14;5;1;0;0;0;1;0;0
1000001079;30000204;300000819;2020;4;2;3;1;;00003010;00000005;00000022;00005154;2;0;0;;;;;;;;;;;0;1;0;0;11000029;5;26;5;1;0;0;0;1;0;0
1000001081;30000201;300000820;2020;11;1;3;1;;00001751;00000002;;00001528;2;0;;;;;;0;0;;;;;0;1;0;0;11000028;5;1;5;1;0;0;0;1;0;0
1000001082;30000046;300000821;2020;9;1;2;1;;00004266;00000004;;00001298;1;0;0;;;;;;;;;;;;1;0;0;11000006;5;;5;1;0;0;0;1;0;0
1000001083;30000087;300000822;2020;4;1;2;1;;00001661;00000006;00000002;00002419;1;0;0;;;;;;;;;;;0;1;;0;11000012;9;21;5;1;0;0;0;1;0;0
1000001085;30000069;300000824;2020;8;1;0;1;;00001448;00000001;;00004182;1;0;0;;;0;0;0;0;;;;;;1;;0;11000009;2;26;5;1;0;0;0;1;0;1
1000001086;30000012;300000825;2020;10;2;1;1;;00001786;00000001;00000009;00002459;1;0;0;;;;;;;0;;;;0;1;0;1;11000001;2;2;5;1;0;0;0;1;0;0
1000001087;30000198;300000826;2020;6;2;1;1;;00004853;00000005;00000027;00003318;2;0;0;;;;0;;;;;;;0;1;0;0;11000028;5;14;5;1;0;0;0;1;0;0
1000001089;30000014;300000828;2020;8;1;3;1;;00002017;00000001;00000005;00004664;1;0;0;;;1;;;;;;;;0;1;0;0;11000001;5;1;5;1;0;0;0;1;0;0
1000001091;30000008;300000829;2020;14;1;3;1;;00005560;00000005;;;1;0;1;;;;0;;;;;;;0;1;;0;11000001;5;1;5;1;0;0;0;1;0;0
1000001092;30000017;300000830;2020;15;1;3;1;;00003554;00000002;00000015;00004232;1;0;0;;;;;;;;;;0;0;1;0;1;11000002;5;17;1;1;0;0;0;1;0;0
1000001095;30000216;300000831;2020;19;1;3;1;;00000965;00000001;;00003201;1;0;0;0;0;;0;0;;;;;;0;1;0;0;11000030;5;2;5;1;0;0;0;1;0;0
1000001096;30000040;300000832;2020;17;1;0;1;;00003809;00000001;00000006;;1;0;0;;0;;;;;;;;;0;1;0;0;11000005;4;27;5;1;0;0;0;1;0;1
1000001097;30000081;300000833;2020;16;2;1;1;;00002006;00000001;00000022;00000650;1;0;0;;;;;;;;;0;;0;1;0;0;11000011;2;2;5;1;0;0;0;1;0;1
1000001098;30000073;300000834;2020;14;1;3;1;;00002410;00000005;00000015;00000719;1;0;0;0;0;;;;;;;;;0;1;0;0;11000010;5;;5;1;0;0;0;1;0;0
1000001099;30000101;300000835;2020;14;2;3;1;;00002648;00000005;00000012;00001102;1;0;0;;0;;;0;;;;;;0;1;0;0;11000014;2;17;5;1;0;0;0;1;0;1
1000001101;30000120;300000836;2020;16;1;0;1;;00002449;00000002;00000013;;1;0;0;;;;;;;;;;;0;1;0;0;11000017;5;15;5;1;0;0;0;1;0;0
1000001103;30000143;300000838;2020;4;2;1;1;;00004995;00000008;00000011;00001153;1;0;0;;;0;;;;;;;;0;1;0;0;11000020;5;26;5;1;0;0;0;1;0;0
1000001104;30000204;300000839;2020;9;2;1;1;;00004366;00000001;00000022;00001817;2;0;1;;;;;0;;;;;0;0;1;0;0;11000029;5;26;5;1;0;0;0;1;0;0
1000001105;30000045;300000840;2020;18;2;3;1;;00002210;00000005;00000014;00002231;1;0;0;;;;;;;;;;;0;1;0;0;11000006;5;1;5;1;0;0;0;1;0;0
1000001106;30000037;300000841;2020;36;2;3;1;;00002565;00000007;00000004;00002609;1;0;0;;0;;;;;;;;0;0;1;0;0;11000005;5;;5;1;0;0;0;1;0;0
1000001108;30000051;300000843;2020;17;2;0;1;;00003621;00000002;;;1;0;0;;;1;;;0;0;;;;0;1;0;0;11000007;5;19;5;1;0;0;0;1;0;0
1000001109;30000150;300000844;2020;4;2;1;1;;00001103;00000002;00000013;00001998;1;0;0;;;1;;;;;;;;0;1;0;;11000021;9;69;5;1;0;0;0;1;0;1
1000001110;30000044;300000845;2020;12;1;3;1;;00002966;00000003;;00002879;1;0;0;;;;0;;;;;;;0;1;0;0;11000006;5;;5;1;0;0;0;1;0;0
1000001111;30000179;300000846;2020;10;1;1;1;;00004321;00000003;00000024;;2;0;0;;;;;0;0;0;;;;0;1;0;0;11000025;9;1;5;1;0;0;0;1;0;0
1000001113;30000080;300000847;2020;9;2;0;1;;00001472;00000007;00000006;;1;0;0;0;0;;;;;;;;;0;1;;0;11000011;2;2;5;1;0;0;0;1;0;1
1000001114;30000199;300000848;2020;4;2;3;1;;00001771;00000003;00000010;00002012;2;0;0;;;;0;;;;;;;0;1;0;0;11000028;5;2;5;1;0;0;0;1;0;0
1000001115;30000046;300000849;2020;10;1;0;1;;00002595;00000002;00000013;00000434;1;0;0;;;1;;0;;;;;;0;1;1;1;11000006;5;;5;1;0;0;0;1;0;0
1000001116;30000087;300000850;2020;11;2;0;1;;00004841;00000002;00000021;;1;0;0;;0;;;0;;;0;;;0;1;0;0;11000012;;21;5;1;0;0;0;1;0;0
1000001117;30000089;300000851;2020;7;1;1;1;;00002615;00000008;;00003569;2;0;1;;;;0;0;;;;;;0;1;0;0;11000012;5;15;5;1;0;0;0;1;0;0
1000001118;30000195;300000852;2020;8;2;0;1;;00001666;00000004;;;2;0;0;;;;;;;;;;;0;1;0;0;11000027;2;25;5;1;0;0;0;1;0;1
1000001120;30000212;300000854;2020;18;1;1;1;;00000207;00000005;00000004;00001104;1;0;0;0;;;;;;;;;;0;1;0;0;11000030;5;69;5;1;0;0;0;1;0;0
1000001121;30000194;300000855;2020;4;2;1;3;;00002923;00000004;;;1;0;0;;;1;0;;;;;;0;;1;0;0;11000027;5;18;5;1;0;0;0;1;0;0
1000001122;30000050;300000856;2020;4;1;3;1;;00000487;00000007;00000011;00001857;1;0;1;;;;0;;;;0;;;0;1;0;0;11000007;9;25;5;1;0;0;0;1;0;0
1000001124;30000100;300000857;2020;9;2;3;1;;00003649;00000006;;00002585;1;0;0;;;1;;;;;;;;;1;0;0;11000014;5;1;2;1;0;0;0;1;0;0
1000001125;30000039;300000858;2020;4;1;3;1;;00002879;00000006;00000014;;1;0;1;;;;;;;;;;;0;1;0;0;11000005;5;;5;1;0;0;0;1;0;0
1000001127;30000149;300000860;2020;14;2;3;1;;00000477;00000002;00000006;00003613;1;0;0;;;;;;;;0;;;0;1;0;0;11000021;5;2;5;1;0;0;0;1;0;0
1000001130;30000170;300000861;2020;8;1;2;1;;00004247;00000001;00000003;;1;0;0;;0;;;;;;;0;;0;1;0;0;11000024;5;14;5;1;0;0;0;1;0;0
1000001131;30000033;300000862;2020;10;1;3;1;;00003817;00000002;;00000411;2;0;0;;;;;1;;;;;;0;1;0;0;11000004;2;41;6;1;0;0;0;1;0;1
1000001134;30000003;300000863;2020;16;1;1;1;;00000737;00000002;;00002422;1;0;0;;;;;;;;0;;;0;1;0;0;11000000;2;2;5;1;0;0;0;1;0;0
1000001136;30000206;300000865;2020;10;1;3;1;;00002483;00000007;00000007;00001055;1;0;0;;;;0;;;;;;;0;1;0;0;11000029;5;;5;1;0;0;0;1;0;0
1000001137;30000074;300000866;2020;16;2;1;1;;00004471;00000001;00000020;;1;0;0;;;;;;;;;;;0;1;0;0;11000010;5;1;5;1;0;0;0;1;0;0
1000001139;30000198;300000868;2020;11;1;0;1;;00002398;00000008;00000019;00002289;1;0;0;;;0;;;0;;;;;0;1;0;0;11000028;5;14;5;1;0;0;0;1;0;0
1000001140;30000205;300000869;2020;16;1;1;1;;00002861;00000007;00000009;;1;0;0;;;;;;;;;;;0;1;0;0;11000029;5;1;5;1;0;0;0;1;0;0
1000001141;30000085;300000870;2020;22;1;0;1;;00004343;00000008;;00001502;1;0;0;;;;;;;;;;;0;1;0;0;11000012;5;14;5;1;0;0;0;1;0;0
1000001142;30000121;300000871;2020;4;2;0;1;;00002096;00000005;00000004;;2;0;1;;;;;;;;;;;0;1;0;0;11000017;5;21;5;1;0;0;0;1;0;0
1000001144;30000186;300000873;2020;46;2;3;1;;00000978;00000008;00000018;00004114;1;0;0;;;1;;;;0;;1;;0;1;0;0;11000026;5;25;5;1;0;0;0;1;0;0
1000001145;30000158;300000874;2020;13;2;3;1;;00002102;00000008;;00000038;1;0;0;;0;;;;;;;;;1;1;0;0;11000022;;2;5;1;0;0;0;1;0;0
1000001146;30000067;300000875;2020;12;2;3;1;;00004808;00000004;00000016;;1;0;0;;;;;;;;;;0;0;1;0;0;11000009;9;1;5;1;0;0;0;1;0;0
1000001147;30000025;300000876;2020;15;2;1;1;;00004404;00000004;00000004;00000707;1;0;0;;;;;;;;;;;0;1;0;0;11000003;5;2;1;1;0;0;0;1;0;0
1000001149;30000052;300000877;2020;11;2;0;1;;00000602;00000006;00000008;;1;0;0;;;;;;;;;;;0;1;0;0;11000007;9;41;5;1;0;0;0;1;0;0
1000001150;30000092;300000878;2020;5;2;2;1;;00004155;00000002;;;1;0;1;;;1;;;;;0;;;0;1;0;0;11000013;;2;5;1;0;0;0;1;0;0
1000001151;30000118;300000879;2020;9;2;0;1;;00001412;00000004;;;2;1;1;;;;;;;0;;;;0;1;0;;11000016;5;1;6;1;0;0;0;1;0;0
1000001152;30000090;300000880;2020;16;2;0;1;;00004610;00000002;;00004667;1;0;1;0;;;;;;;;;0;0;1;0;0;11000012;;41;5;1;0;0;0;1;0;0
1000001153;30000109;300000881;2020;14;1;3;1;;00000027;00000006;00000022;00001769;1;0;0;;;;;;0;;;;0;0;1;0;0;11000015;;19;5;1;0;0;0;1;0;0
1000001154;30000091;300000882;2020;12;1;1;1;;00001446;00000002;00000018;00003569;1;0;0;0;;;0;;;;;0;;0;1;0;0;11000012;5;16;6;1;0;0;0;1;0;0
1000001155;30000177;300000883;2020;16;1;1;1;;00000647;00000001;;00001378;1;0;0;;;;;;;;;;;;1;0;0;11000025;5;;5;1;0;0;0;1;0;0
1000001156;30000193;300000884;2020;10;2;1;1;;00000971;00000004;00000002;00002629;1;0;0;0;;;;;;;;;;0;1;0;0;11000027;5;2;4;1;0;0;0;1;0;0
1000001158;30000159;300000886;2020;17;2;1;1;;00001027;00000004;00000011;00005343;1;0;0;;;;;;;;;;;0;1;1;0;11000022;5;2;5;1;0;0;0;1;0;0
1000001159;30000056;300000887;2020;12;2;1;1;;00000245;00000007;00000020;00000877;1;0;0;;;1;;;;;0;;;0;1;0;0;11000007;2;17;5;1;0;0;0;1;0;1
1000001161;30000059;300000888;2020;8;1;3;1;;00004956;00000007;00000004;;2;0;0;;0;;0;;0;;;;0;;1;0;0;11000008;5;15;5;1;0;0;0;1;0;0
1000001162;30000010;300000889;2020;12;2;0;1;;00000243;00000001;00000018;00002443;1;0;0;;;;;0;;;;;0;0;1;0;0;11000001;5;19;5;1;0;0;0;1;0;0
1000001163;30000180;300000890;2020;14;2;3;1;;00002297;00000008;00000015;00000722;1;0;1;;;;;;;;;;;0;1;0;0;11000025;9;20;3;1;0;0;0;1;0;0
1000001164;30000053;300000891;2020;8;1;3;1;;00001967;00000002;00000026;00002629;1;0;0;;;;;;;;0;;;0;1;0;1;11000007;5;19;5;1;0;0;0;1;0;0
1000001166;30000144;300000893;2020;6;1;1;1;;00004734;00000008;00000024;00003257;2;0;0;;;;0;;;;;0;;0;1;0;0;11000020;5;25;5;1;0;0;0;1;0;0
1000001167;30000151;300000894;2020;15;1;0;1;;00001423;00000002;00000004;00000539;1;0;0;;0;;;0;1;0;1;;;0;1;0;0;11000021;5;2;5;1;0;0;0;1;0;0
1000001168;30000179;300000895;2020;15;1;0;1;;00005457;00000003;;00004516;1;0;0;0;;1;0;;0;;;;;0;1;0;0;11000025;9;1;5;1;0;0;0;1;0;0
1000001170;30000071;300000897;2020;12;1;1;1;;00004731;00000001;00000011;00003123;1;0;0;;;;;0;;;0;;;0;1;0;0;11000010;5;15;1;1;0;0;0;1;0;0
1000001171;30000038;300000898;2020;13;2;3;1;;00005473;00000008;00000005;00002215;1;0;0;;;;;1;;;;;;0;1;0;0;11000005;5;1;5;1;0;0;0;1;0;0
1000001172;30000205;300000899;2020;14;1;0;1;;00000617;00000003;00000011;00000095;1;0;0;;0;;;;;;0;;;0;1;;0;11000029;5;1;5;1;0;0;0;1;0;0
1000001173;30000043;300000900;2020;14;2;1;1;;00003377;00000005;00000016;00002452;1;0;0;;;;0;;;;;;;0;1;0;0;11000006;9;27;6;1;0;0;0;1;0;0
1000001174;30000039;300000901;2020;6;1;3;1;;00001878;00000006;;;1;0;0;;0;;0;;;;;;;0;1;0;0;11000005;5;;5;1;0;0;0;1;0;0
1000001175;30000051;300000902;2020;4;2;3;1;;00002065;00000001;00000006;;1;0;1;;;;;0;0;;;;;0;1;0;0;11000007;5;19;5;1;0;0;0;1;0;0
1000001176;30000081;300000903;2020;5;1;0;1;;00001161;00000004;;00005202;2;0;1;;;1;;;;0;;;;0;1;0;0;11000011;5;2;5;1;0;0;0;1;0;0
1000001177;30000190;300000904;2020;17;1;0;1;;00002321;00000007;00000015;;1;0;1;;;;;;;;;;;0;1;0;0;11000027;5;27;5;1;0;0;0;1;0;0
1000001178;30000120;300000905;2020;9;1;0;1;;00003305;00000001;00000011;;2;1;1;;;1;;;;;;;;0;1;0;0;11000017;9;15;5;1;0;0;0;1;0;0
1000001179;30000205;300000906;2020;17;1;1;1;;00005337;00000002;;;1;0;0;;0;;;;;0;0;;;0;1;0;0;11000029;5;1;5;1;0;0;0;1;0;0
1000001181;30000188;300000908;2020;8;2;3;1;;00001272;00000005;;00005357;1;0;1;0;;;;;;;;;;0;1;1;0;11000026;5;19;6;1;0;0;0;1;0;0
1000001182;30000066;300000909;2020;14;1;0;1;;00001705;00000008;00000018;00000070;1;0;1;;;0;;;;;;0;;0;1;0;0;11000009;5;;5;1;0;0;0;1;0;0
1000001183;30000164;300000910;2020;6;1;3;1;;00002240;00000004;;00002633;1;0;0;;;0;;;0;;;;;0;1;0;0;11000023;4;2;5;1;0;0;0;1;0;0
1000001184;30000205;300000911;2020;4;2;1;1;;00002770;00000006;00000013;;2;0;0;;;1;;;;;;;;0;1;0;0;11000029;5;1;5;1;0;0;0;1;0;1
1000001185;30000073;300000912;2020;19;1;1;1;;00005319;00000007;00000021;00000078;1;0;0;0;0;1;;;;;;;0;0;1;0;0;11000010;5;;5;1;0;0;0;1;0;0
1000001186;30000066;300000913;2020;16;2;1;1;;00000388;00000001;;00001781;1;0;0;;;;;;1;;;;;0;1;1;0;11000009;2;;5;1;0;0;0;1;0;1
1000001187;30000209;300000914;2020;5;2;1;1;;00000597;00000001;00000025;00002912;2;0;0;;;;;1;;0;;;;0;1;0;0;11000029;9;2;5;1;0;0;0;1;0;0
1000001188;30000213;300000915;2020;4;2;1;1;;00002885;00000001;;00001226;1;0;0;;;;;;0;;0;;;0;1;0;0;11000030;;19;5;1;0;0;0;1;0;0
1000001189;30000009;300000916;2020;10;1;1;1;;00004739;00000007;00000019;;1;0;0;;;;;;;0;;;;0;1;0;0;11000001;4;2;5;1;0;0;0;1;0;0
1000001192;30000052;300000919;2020;7;2;3;1;;00002531;00000008;;;1;0;0;;0;1;;;;;;;;0;1;0;0;11000007;5;41;5;1;0;0;0;1;0;0
1000001193;30000041;300000920;2020;10;2;1;1;;00001714;00000004;;00003248;1;0;1;0;0;1;;;1;;;;0;0;1;0;0;11000005;5;1;5;1;0;0;0;1;0;0
1000001194;30000095;300000921;2020;17;1;3;1;;00004067;00000007;00000027;;2;0;0;0;;;;;;;;;;0;1;0;0;11000013;5;;5;1;0;0;0;1;0;0
1000001196;30000034;300000923;2020;15;2;1;1;;;00000001;00000021;00000232;1;0;1;;0;0;;;;;0;;;0;1;0;0;11000004;2;27;5;1;0;1;0;1;0;
1000001197;30000212;300000924;2020;13;2;0;1;;00003723;00000006;;00003254;1;0;0;;;;;0;;0;;;;0;1;;0;11000030;2;69;5;1;0;0;0;1;0;1
1000001198;30000136;300000925;2020;8;2;0;1;;00001610;00000008;00000014;;2;0;0;;0;1;0;0;;;;;;0;1;0;0;11000019;5;1;5;1;0;0;0;1;0;0
1000001200;30000010;300000927;2020;33;1;3;1;;00005190;00000008;;;2;0;0;;0;;;;;0;;0;;0;1;0;1;11000001;5;19;5;1;0;0;0;1;0;0
1000001201;30000116;300000928;2020;11;1;1;1;;00004191;00000005;00000025;;1;0;0;0;;1;;;;;;;;0;1;0;0;11000016;4;16;5;1;0;0;0;1;0;1
1000001202;30000169;300000929;2020;7;2;0;1;;00001026;00000007;;00001948;1;0;0;0;;;0;0;;0;;;;0;1;0;;11000024;9;;5;1;0;0;0;1;0;0
1000001203;30000057;300000930;2020;13;1;0;1;;00001886;00000006;00000017;00003198;1;0;0;;;;;0;;;;;0;0;1;0;0;11000008;5;2;5;1;0;0;0;1;0;0
1000001205;30000176;300000932;2020;8;2;0;1;;00000627;00000002;;;1;0;0;;0;1;;;;;0;;0;0;1;0;0;11000025;5;16;5;1;0;0;0;1;0;0
1000001206;30000050;300000933;2020;10;1;3;1;;00003176;00000007;00000015;;2;0;0;;;;;;0;0;;;;0;1;0;0;11000007;9;25;5;1;0;0;0;1;0;0
1000001207;30000126;300000934;2020;5;1;3;1;;00004063;00000007;;;2;0;0;;;;;0;;;;;;0;1;0;0;11000017;9;20;1;1;0;0;0;1;0;0
1000001208;30000156;300000935;2020;14;1;1;1;;00000501;00000001;;;2;0;0;;;1;0;;;;;;0;0;1;1;0;11000022;5;14;5;1;0;0;0;1;0;0
1000001209;30000171;300000936;2020;4;1;3;1;;00005011;00000003;00000021;00002443;1;0;0;;;;;;;;;0;;0;1;0;1;11000024;5;14;5;1;0;0;0;1;0;0
1000001210;30000046;300000937;2020;11;1;1;1;;00005418;00000002;00000027;00005307;1;0;0;;;1;0;;;0;;;;0;1;0;0;11000006;5;;5;1;0;0;0;1;0;0
1000001211;30000118;300000938;2020;5;2;1;1;;00004336;00000004;;00004006;1;0;0;;;;;;;;;;;0;1;0;0;11000016;4;1;6;1;0;0;0;1;0;0
1000001212;30000153;300000939;2020;9;1;1;1;;00004868;00000001;00000007;00003679;2;0;0;;;;0;;;;;;0;0;1;0;0;11000021;5;;5;1;0;0;0;1;0;0
1000001213;30000037;300000940;2020;16;2;0;1;;00003031;00000003;00000014;00001289;1;0;0;;;1;;;;;;;;0;1;0;0;11000005;5;;5;1;0;0;0;1;0;0
1000001214;30000172;300000941;2020;13;1;3;1;;00002344;00000008;00000007;00000032;1;0;0;;;;0;;0;;0;;0;0;1;0;0;11000024;2;;6;1;0;0;0;1;0;0
1000001215;30000129;300000942;2020;6;2;1;1;;00000662;00000001;00000019;00002937;2;0;0;;0;;;;0;;;;;0;1;0;0;11000018;5;;5;1;0;0;0;1;0;0
1000001216;30000158;300000943;2020;17;2;3;1;;00003129;00000007;00000013;00001381;1;0;0;;;;;;;;;;;0;1;1;0;11000022;5;2;5;1;0;0;0;1;0;0
1000001217;30000153;300000944;2020;4;2;1;1;;00003686;00000005;00000007;00004501;1;0;0;;;;;;;;;;;0;1;0;0;11000021;5;;5;1;0;0;0;1;0;0
1000001219;30000166;300000946;2020;6;2;1;1;;00000876;00000004;;00005087;1;0;0;;;;;0;0;;;;;0;1;0;0;11000023;5;;5;1;0;0;0;1;0;0
1000001221;30000139;300000948;2020;4;1;3;1;;00000557;00000008;00000004;00001353;1;0;0;;;;;;;;;;0;0;1;0;0;11000019;5;15;5;1;0;0;0;1;0;0
1000001222;30000020;300000949;2020;18;1;1;1;;00005421;00000006;;00004202;1;0;1;;;;0;0;;;;;;0;1;0;;11000002;5;25;5;1;0;0;0;1;0;0
1000001223;30000192;300000950;2020;58;2;3;1;;00004289;00000005;;00000808;1;0;0;;;;;;0;;;;;0;1;1;0;11000027;9;21;5;1;0;0;0;1;0;0
1000001224;30000141;300000951;2020;9;1;1;1;;00004026;00000002;00000021;00001974;2;0;0;;0;;;;;;0;;0;0;1;0;0;11000020;5;14;5;1;0;0;0;1;0;0
1000001225;30000087;300000952;2020;5;2;3;1;;00005233;00000003;00000018;00001727;1;0;1;;;;;;0;;;;;0;1;0;0;11000012;;21;5;1;0;0;0;1;0;0
1000001226;30000164;300000953;2020;13;1;1;1;;00001790;00000001;00000002;00002947;2;0;0;;;;;0;;;;;0;0;1;1;0;11000023;5;2;5;1;0;0;0;1;0;0
1000001227;30000021;300000954;2020;4;1;1;1;;00003281;00000008;00000010;;1;0;0;;;;;;;;;;;0;1;0;0;11000002;5;;5;1;0;0;0;1;0;0
1000001228;30000053;300000955;2020;8;1;1;1;;00004545;00000003;00000012;00000072;1;0;0;0;;;;;;;;;0;0;1;0;0;11000007;5;19;5;1;0;0;0;1;0;0
1000001229;30000035;300000956;2020;4;1;0;1;;00005220;00000003;;00005246;1;1;0;;;;0;;;;;;;0;1;;0;11000004;5;;5;1;0;0;0;1;0;0
1000001231;30000074;300000958;2020;6;1;0;1;;00004811;00000008;00000016;00005490;1;0;0;0;;;;;0;;;;;0;1;0;0;11000010;5;1;5;1;0;0;0;1;0;0
1000001232;30000158;300000959;2020;48;2;4;1;;00002497;00000002;00000026;;1;0;0;0;;;0;;;;;;;0;1;0;;11000022;4;2;5;1;0;0;0;1;0;1
1000001233;30000039;300000960;2020;4;1;1;1;;00003463;00000001;;00001463;1;0;1;;;;;;0;0;;;;0;1;0;0;11000005;2;;5;1;0;0;0;1;0;1
1000001234;30000035;300000961;2020;7;2;1;1;;00000368;00000004;00000017;;1;0;0;;0;;;;;0;0;0;;0;1;1;0;11000004;9;;5;1;0;0;0;1;0;0
1000001235;30000213;300000962;2020;4;1;0;1;;00000388;00000001;00000027;00003929;1;0;0;;;1;0;;;;;;;0;1;0;0;11000030;5;19;5;1;0;0;0;1;0;0
1000001236;30000155;300000963;2020;10;1;3;1;;00002481;00000004;00000017;00000790;1;0;0;;;;;;;;;;;0;1;0;0;11000022;9;15;5;1;0;0;0;1;0;0
1000001237;30000004;300000964;2020;6;2;3;1;;00002171;00000008;;00003806;1;0;1;;;;0;0;;;;;;0;1;0;0;11000000;5;;5;1;0;0;0;1;0;0
1000001238;30000158;300000965;2020;11;1;0;1;;00000512;00000005;00000013;;1;0;0;;0;;;0;;0;0;;;0;1;0;0;11000022;9;2;5;1;0;0;0;1;0;0
1000001239;30000002;300000966;2020;9;2;1;1;;00005248;00000001;00000005;00005016;2;0;0;;;1;;0;;0;;;;0;1;0;0;11000000;5;20;5;1;0;0;0;1;0;0
1000001240;30000061;300000967;2020;7;1;0;1;;00003793;00000004;00000018;00000189;1;0;0;;0;;;;;;;;0;0;1;0;0;11000008;4;15;5;1;0;0;0;1;0;1
1000001241;30000015;300000968;2020;4;2;3;1;;00004060;00000007;00000013;;1;1;0;;;;;0;;;0;;;0;1;0;0;11000002;5;25;5;1;0;0;0;1;0;0
1000001242;30000058;300000969;2020;10;1;0;1;;00003592;00000003;;00002620;2;0;1;;;;0;0;0;;;;;;1;0;0;11000008;5;17;5;1;0;0;0;1;0;0
1000001244;30000125;300000971;2020;17;2;1;1;;00004463;00000006;00000001;;1;0;1;;;0;0;;0;;;;0;0;1;0;0;11000017;9;14;5;1;0;0;0;1;0;0
1000001245;30000014;300000972;2020;8;2;0;1;;00001492;00000008;;00001872;2;0;0;;;;;;;;0;;;0;1;0;0;11000001;5;1;5;1;0;0;0;1;0;0
1000001246;30000075;300000973;2020;7;2;3;1;;00001486;00000004;00000015;00003793;1;0;0;;;;;0;;0;;0;;0;1;0;0;11000010;5;26;6;1;0;0;0;1;0;0
1000001247;30000156;300000974;2020;15;2;1;1;;00005449;00000002;;00001440;1;0;1;0;;;;;;;;;;;1;0;0;11000022;5;14;5;1;0;0;0;1;0;0
1000001248;30000178;300000975;2020;4;1;0;1;;00004606;00000003;00000019;00000660;1;0;0;;;;;;;0;;;;0;1;0;0;11000025;5;2;5;1;0;0;0;1;0;0
1000001249;30000005;300000976;2020;18;2;0;1;;00004617;00000002;00000020;;1;0;0;;;;;;;;;;0;0;1;0;0;11000000;5;20;5;1;1;0;0;1;0;0
1000001251;30000188;300000978;2020;8;1;0;1;;00004316;00000004;;00000473;1;0;0;;;;;;0;;;;;0;1;0;0;11000026;9;19;6;1;0;0;0;1;0;0
1000001252;30000066;300000979;2020;13;2;3;1;;00001172;00000004;00000016;;1;1;0;0;;;;;;;;;;0;1;0;0;11000009;5;;5;1;0;0;0;1;0;0
1000001253;30000009;300000980;2020;80;2;3;1;;00001126;00000007;00000008;;1;0;0;;0;;;;;;;;;0;1;0;0;11000001;9;2;5;1;0;0;0;1;0;1
1000001254;30000027;300000981;2020;12;2;3;1;;00003694;00000005;00000018;;2;0;0;;;;;0;;;;0;;;1;0;0;11000003;5;25;5;1;0;0;0;1;0;0
1000001255;30000029;300000982;2020;17;2;3;1;;00001417;00000008;;00003778;2;0;0;;;0;;0;;;;0;0;0;1;0;1;11000004;5;;5;1;0;0;0;1;0;0
1000001256;30000013;300000983;2020;8;1;3;1;;00003419;00000002;;00001661;1;0;0;;0;;0;;;;;;;;1;0;0;11000001;5;17;5;1;0;0;0;1;0;0
1000001257;30000116;300000984;2020;4;1;5;1;;00001815;00000003;;00004804;2;0;0;;;1;;0;;;;;;0;1;0;0;11000016;5;16;5;1;0;0;0;1;0;0
1000001258;30000134;300000985;2020;4;2;3;1;;00001315;00000004;00000003;00001942;2;0;0;;;;;;;;;;;0;1;0;0;11000019;5;20;5;1;0;0;0;1;0;0
1000001259;30000127;300000986;2020;6;1;3;1;;00003955;00000006;00000020;00003347;1;0;1;;;;0;;;;0;;;0;1;0;0;11000018;5;18;5;1;0;0;0;1;0;0
1000001260;30000027;300000987;2020;50;2;1;1;;00003779;00000008;00000009;00003222;1;0;0;;;1;0;;;0;;;;0;1;0;0;11000003;5;25;5;1;0;0;0;1;0;0
1000001261;30000155;300000988;2020;11;1;3;1;;00002598;00000006;00000003;00004288;1;0;0;;;;0;0;;0;;;;0;1;0;0;11000022;;15;5;1;0;0;0;1;0;0
1000001262;30000150;300000989;2020;4;1;3;1;;00001486;00000002;00000016;00003360;1;0;0;0;;;0;;;0;0;;;0;1;0;0;11000021;5;69;5;1;0;0;0;1;0;0
1000001263;30000010;300000990;2020;4;2;1;1;;00003773;00000002;00000007;;1;0;0;;;1;;;;;;;;0;1;0;0;11000001;5;19;5;1;0;0;0;1;0;0
1000001264;30000084;300000991;2020;5;1;1;1;;00001630;00000004;;00003784;1;0;0;0;;;;;;0;;;;0;1;0;0;11000011;9;17;5;1;0;0;0;1;0;0
1000001265;30000075;300000992;2020;14;2;3;1;;00003441;00000006;;;1;0;0;;;;;;;;1;;;0;1;1;0;11000010;5;26;6;1;0;0;0;1;0;0
1000001266;30000019;300000993;2020;13;2;3;1;;00001950;00000006;00000005;00000171;1;0;0;;;;;;0;;;;0;0;1;0;0;11000002;9;18;5;1;0;0;0;1;0;0
1000001267;30000040;300000994;2020;7;2;1;1;;00002983;00000004;00000010;00003398;1;1;1;0;0;;;;;;;;;0;1;0;0;11000005;9;27;5;1;0;0;0;1;0;0
1000001269;30000006;300000996;2020;13;1;1;1;;00001298;00000005;;00000224;1;0;0;0;0;;;;;;;;;0;1;0;0;11000000;5;2;5;1;0;0;0;1;0;0
1000001270;30000115;300000997;2020;13;1;3;1;;;00000004;;;1;0;0;;;;;;;;;;;0;1;0;0;11000016;5;1;2;1;0;0;0;1;0;0
1000001271;30000165;300000998;2020;8;2;1;1;;00003716;00000005;;;1;0;0;;;;;;;;;0;;0;1;0;0;11000023;5;1;5;1;0;0;0;1;0;0
1000001272;30000117;300000999;2020;15;2;2;1;;00005100;00000004;;00002074;1;0;0;;;;;0;;;0;;;;1;;0;11000016;5;18;5;1;0;0;0;1;0;0
1000001273;30000173;300001000;2020;4;1;0;1;;00002257;00000008;00000020;00003011;1;0;1;;;;;;;;;;0;0;1;0;1;11000024;5;32;5;1;0;0;0;1;0;0
