CO_PESSOA_FISICA;ID_TURMA;ID_MATRICULA;NU_ANO;NU_IDADE_REFERENCIA;TP_SEXO;TP_COR_RACA;TP_NACIONALIDADE;CO_UF_NASC;CO_MUNICIPIO_NASC;CO_PAIS_RESIDENCIA;CO_UF_END;CO_MUNICIPIO_END;TP_ZONA_RESIDENCIAL;IN_NECESSIDADE_ESPECIAL;IN_TRANSPORTE_PUBLICO;IN_TRANSP_BICICLETA;IN_TRANSP_MICRO_ONIBUS;IN_TRANSP_ONIBUS;IN_TRANSP_TR_ANIMAL;IN_TRANSP_VANS_KOMBI;IN_TRANSP_OUTRO_VEICULO;IN_TRANSP_EMBAR_ATE5;IN_TRANSP_EMBAR_5A15;IN_TRANSP_EMBAR_15A35;IN_TRANSP_EMBAR_35;IN_ESPECIAL_EXCLUSIVA;IN_REGULAR;IN_EJA;IN_PROFISSIONALIZANTE;CO_ENTIDADE;TP_SITUACAO;TP_ETAPA_ENSINO;NU_DIAS_ATIVIDADE;QT_ESCOLAS_ANO;IN_TRANSFERIDO;IN_CONCLUINTE_FINAL;IN_FALECIDO;N_MATRICULAS_REG;IN_TROCA_ESCOLA;evadiu
1000000001;20000217;200000001;2021;23;2;2;1;;00001019;00000005;;00000405;1;0;0;;;1;;0;;;;;0;0;1;0;0;11000030;5;21;6;1;0;0;0;1;0;0
1000000002;20000023;200000002;2021;13;1;1;1;;00001481;00000007;00000025;00001073;1;0;1;0;;1;0;;;;0;;;0;1;0;0;11000003;5;40;5;1;0;0;0;1;0;0
1000000004;20000105;200000003;2021;8;1;3;1;;00001491;00000005;00000021;00000069;1;0;0;0;;;;;;0;0;;;0;1;0;0;11000014;5;22;5;1;0;0;0;1;0;0
1000000005;20000175;200000004;2021;9;2;1;1;;00005519;00000005;;;1;0;0;;1;;0;0;;;;;;0;1;0;0;11000024;5;17;5;1;0;0;0;1;0;0
1000000007;20000135;200000006;2021;16;2;3;1;;00003620;00000004;00000005;;2;0;0;;;;0;;;;;;;0;1;0;0;11000019;9;70;5;1;0;0;0;1;0;0
1000000009;20000021;200000008;2021;7;1;0;1;;00005404;00000001;;00000888;1;0;0;;;1;;0;;0;;;;0;1;0;0;11000002;9;22;5;1;0;0;0;1;0;0
1000000011;20000199;200000010;2021;7;2;3;1;;00000376;00000007;;00000862;1;1;0;;;;;;;;0;;;0;1;0;0;11000028;5;;5;1;0;0;0;1;0;0
1000000017;20000179;200000012;2021;14;1;0;1;;00003785;00000003;00000024;00000860;1;1;0;0;;1;;;;;;;;;1;0;0;11000025;2;21;6;1;0;0;0;1;0;0
1000000018;20000016;200000013;2021;10;1;0;1;;00004088;00000003;00000011;;1;0;0;;;;;;;;;;;0;1;0;0;11000002;5;1;6;1;0;0;0;1;0;0
1000000019;20000056;200000014;2021;18;1;1;1;;00001783;00000002;00000017;00003726;1;1;0;;;;;0;;0;;;;0;1;0;0;11000007;5;19;5;1;0;0;0;1;0;0
1000000020;20000207;200000015;2021;21;2;3;1;;00001814;00000007;;00005413;1;0;0;0;0;;;;;;;;;0;1;0;0;11000029;2;;6;1;0;0;0;1;0;1
1000000021;20000188;200000016;2021;16;2;1;1;;00004440;00000004;;00002646;1;0;0;;;;;;;;;;;0;1;0;0;11000026;5;2;6;1;0;0;0;1;0;0
1000000023;20000019;200000017;2021;25;1;1;1;;00002564;00000001;00000023;00001857;1;0;0;;;;;;;;;;0;0;1;0;0;11000002;5;19;1;1;0;0;0;1;0;0
1000000025;20000004;200000018;2021;9;1;3;1;;00000057;00000002;;00004041;1;0;0;;;;0;1;;;;;;0;1;0;0;11000000;;15;5;1;0;0;0;1;0;0
1000000026;20000018;200000019;2021;17;2;3;1;;00003817;00000002;00000011;;2;0;0;;0;;;;;;;;;0;1;0;0;11000002;5;2;5;1;0;0;0;1;0;0
1000000028;20000017;200000021;2021;10;1;1;1;;00001835;00000002;00000019;00001461;1;0;1;;;0;0;;0;;;;;0;1;0;0;11000002;9;2;5;1;0;0;0;1;0;0
1000000029;20000123;200000022;2021;5;1;1;1;;00001136;00000006;00000014;;1;0;0;0;;;;;;;;;0;0;1;0;0;11000017;;2;5;1;0;0;0;1;0;0
1000000030;20000047;200000023;2021;6;2;0;1;;00005126;00000004;;00004420;1;1;0;0;;;;;;;;;;0;1;0;0;11000006;9;2;5;1;0;0;0;1;0;0
1000000031;20000181;200000024;2021;19;2;0;1;;00002195;00000004;00000009;;1;0;0;;;;0;;;0;;;;0;1;0;0;11000025;5;71;5;1;0;0;0;1;0;0
1000000032;20000105;200000025;2021;17;2;0;1;;00003459;00000007;00000020;;1;0;0;;;;0;;;0;0;;0;0;1;0;0;11000014;5;22;5;1;0;0;0;1;0;0
1000000033;20000208;200000026;2021;7;2;0;1;;00005189;00000002;00000009;00005007;1;1;1;;;;;;;;;;;0;1;0;0;11000029;5;20;5;1;0;0;0;1;0;0
1000000035;20000113;200000027;2021;5;2;1;1;;00005153;00000003;;00004932;1;0;0;;;;0;;;0;;;;0;1;0;0;11000016;9;17;5;1;0;0;0;1;0;0
1000000036;20000120;200000028;2021;15;2;1;1;;00001450;00000005;00000006;00003698;1;0;0;;;;;;;;;;;0;1;0;0;11000017;5;19;5;1;1;0;0;1;0;0
1000000037;20000006;200000029;2021;12;1;3;1;;00001310;00000002;00000004;00000611;2;0;0;;;1;;;;0;;;;0;1;0;0;11000000;5;40;5;1;0;0;0;1;0;0
1000000038;20000162;200000030;2021;21;1;1;1;;00002797;00000007;00000001;00000478;1;0;0;;;1;;;;;;;;0;1;0;0;11000023;5;;5;1;0;0;0;1;0;0
1000000039;20000097;200000031;2021;18;1;1;1;;00003519;00000006;;00002401;1;0;1;;;0;;;;;0;;;0;1;0;0;11000013;2;1;5;1;0;0;0;1;0;0
1000000040;20000182;200000032;2021;17;1;1;1;;00002286;00000002;;00002310;1;0;0;;;;;0;;;;0;;0;1;0;0;11000025;5;1;5;1;0;0;0;1;0;0
1000000041;20000061;200000033;2021;17;2;3;1;;00005515;00000007;00000021;;1;0;0;0;;;0;0;;;;;;0;1;1;0;11000008;2;;5;1;0;0;0;1;0;1
1000000042;20000024;200000034;2021;15;2;1;1;;00001672;00000002;00000019;;1;0;0;;;;;;;;;;;0;1;0;;11000003;9;;5;1;0;0;0;1;0;0
1000000044;20000068;200000035;2021;17;2;3;1;;00000060;00000006;00000023;00000688;1;0;0;;0;;;;;;;;;0;1;0;0;11000009;5;71;5;1;0;0;0;1;0;0
1000000045;20000170;200000036;2021;4;2;1;1;;00001134;00000002;00000022;;2;0;1;;;;;0;;;;;;0;1;0;0;11000024;5;19;5;1;0;0;0;1;0;0
1000000046;20000186;200000037;2021;4;1;0;1;;00004809;00000005;00000021;;1;0;0;;0;;;;;;;;0;0;1;0;0;11000026;5;26;5;1;0;0;0;1;0;0
1000000047;20000012;200000038;2021;8;2;1;1;;00003666;00000002;00000022;;1;0;0;;;;;;;;;;;0;1;0;1;11000001;5;18;5;1;0;0;0;1;0;0
1000000048;20000199;200000039;2021;34;2;0;1;;00001982;00000006;00000004;00004383;2;1;1;;;1;;0;;0;;;;0;1;0;0;11000028;5;;5;1;0;0;0;1;0;0
1000000052;20000207;200000043;2021;17;2;0;1;;00002660;00000003;;;1;0;1;;;;;0;;;0;0;;0;1;0;0;11000029;5;;6;1;0;0;0;1;0;0
1000000054;20000204;200000045;2021;15;1;0;1;;00000467;00000002;00000027;00003020;1;0;0;;0;0;;;;;;;;0;1;0;0;11000029;5;17;2;1;0;0;0;1;0;0
1000000055;20000067;200000046;2021;6;1;1;1;;00000585;00000001;;00001097;1;0;0;0;;;;;;;;;;0;1;0;0;11000009;5;15;6;1;0;0;0;1;0;0
1000000056;20000119;200000047;2021;7;1;0;1;;00004010;00000003;00000016;;1;0;0;;;;;;;;;;;0;1;0;0;11000016;5;17;1;1;0;0;0;1;0;0
1000000058;20000195;200000049;2021;13;2;1;1;;00002572;00000006;00000016;00002123;1;0;0;;;;;;;;0;;0;0;1;0;0;11000027;5;2;1;1;0;0;0;1;0;0
1000000059;20000101;200000050;2021;9;1;0;1;;00005144;00000003;00000019;00003336;1;0;0;;;;;;;;;;0;0;1;;1;11000014;4;14;5;1;0;0;0;1;0;1
1000000060;20000058;200000051;2021;7;1;1;1;;00000155;00000006;00000015;;1;0;1;;;1;;;;;;0;;0;1;0;0;11000008;5;2;5;1;0;0;0;1;0;0
1000000061;20000132;200000052;2021;42;2;0;1;;00005003;00000007;00000014;00000017;1;0;0;;;0;;;;0;;;;0;1;;0;11000018;9;14;5;1;0;0;0;1;0;1
1000000062;20000157;200000053;2021;6;1;3;1;;00001337;00000004;;;2;0;0;;;;;;0;;;;;0;1;0;1;11000022;9;14;5;1;0;0;0;1;0;0
1000000064;20000188;200000054;2021;5;1;3;1;;00001230;00000007;00000024;;1;0;0;;;;;0;;0;0;;;0;1;0;0;11000026;9;2;6;1;0;0;0;1;0;0
1000000065;20000193;200000055;2021;16;1;3;1;;00000073;00000005;00000026;;1;0;1;;;;;;;;;;;0;1;0;0;11000027;5;2;1;1;0;0;0;1;0;0
1000000066;20000025;200000056;2021;13;2;3;1;;00005230;00000003;00000022;00003626;1;0;0;;0;;0;;0;;;;0;0;1;0;0;11000003;9;1;5;1;0;0;0;1;0;0
1000000067;20000173;200000057;2021;5;1;3;1;;00004642;00000004;00000009;00001499;1;0;0;;;;0;;;;;0;;0;1;0;0;11000024;9;15;5;1;0;0;0;1;0;0
1000000068;20000091;200000058;2021;7;2;0;1;;00002149;00000007;00000020;00001246;1;0;0;;0;;;;;;0;;;0;1;0;;11000012;5;26;6;1;0;0;0;1;0;0
1000000069;20000178;200000059;2021;12;1;0;1;;00005536;00000001;;;1;0;0;;;;0;;;0;0;;;0;1;;0;11000025;4;1;5;1;0;0;0;1;0;0
1000000070;20000126;200000060;2021;15;2;1;1;;00003252;00000003;00000024;;1;0;0;;1;0;0;;;0;;;;0;1;0;0;11000017;5;1;6;1;0;0;0;1;0;0
1000000071;20000086;200000061;2021;16;2;0;1;;00000060;00000006;00000007;00001166;1;0;0;;;1;;;;;;;0;0;1;0;1;11000012;5;16;5;1;0;0;0;1;0;0
1000000072;20000036;200000062;2021;12;2;3;1;;00003757;00000004;00000026;00000116;1;0;0;;;;;;0;;;;;0;1;0;0;11000005;9;;5;1;0;0;0;1;0;0
1000000073;20000111;200000063;2021;10;1;3;1;;00004985;00000002;00000008;00003466;1;0;0;;0;;;;0;;;0;;0;1;0;0;11000015;4;2;3;1;0;0;0;1;0;0
1000000074;20000158;200000064;2021;12;2;0;1;;00001027;00000001;00000014;;1;0;0;;;1;;0;;;0;;;0;1;0;0;11000022;9;1;5;1;0;0;0;1;0;0
1000000075;20000150;200000065;2021;7;2;2;1;;00003547;00000001;00000009;00005385;2;0;0;;;;;;0;0;;;;0;1;0;0;11000021;9;1;5;1;0;0;0;1;0;0
1000000077;20000048;200000066;2021;11;1;0;1;;00001637;00000007;;00004217;1;0;0;;0;1;;;0;;0;;;0;1;0;0;11000006;5;20;5;1;0;0;0;1;0;0
1000000078;20000079;200000067;2021;9;1;0;1;;00004788;00000003;00000020;00003470;2;0;0;0;0;;;0;;0;;0;;0;1;0;0;11000011;5;41;5;1;0;0;0;1;0;0
1000000079;20000202;200000068;2021;15;2;0;1;;00003878;00000007;00000005;;1;0;1;0;0;;;;;0;;;;;1;0;1;11000028;5;2;5;1;0;0;0;1;0;0
1000000080;20000067;200000069;2021;18;1;3;1;;00000408;00000006;;00000511;1;0;1;;;;;0;0;;;0;0;0;1;1;0;11000009;5;15;6;1;0;0;0;1;0;0
1000000081;20000117;200000070;2021;16;2;1;1;;00005380;00000003;00000014;00001328;1;0;0;0;;;;;;;;;;0;1;0;0;11000016;5;17;5;1;0;0;0;1;0;0
1000000083;20000204;200000072;2021;8;2;0;1;;00005535;00000006;00000012;;1;0;0;0;;;;0;;;;;;0;1;0;0;11000029;5;17;2;1;0;0;0;1;0;0
1000000084;20000035;200000073;2021;19;1;3;1;;00001117;00000005;00000019;00001294;1;0;0;0;;;;0;;;;;;0;1;0;0;11000004;5;;5;1;0;0;0;1;0;0
1000000085;20000162;200000074;2021;18;1;0;1;;00002600;00000004;00000017;;2;0;0;;0;;0;;;;;;;0;1;0;0;11000023;9;;5;1;0;0;0;1;0;0
1000000087;20000138;200000076;2021;14;1;3;1;;00001223;00000005;;;1;0;0;;;;;;;;;0;;0;1;0;0;11000019;5;56;5;1;0;0;0;1;0;0
1000000088;20000015;200000077;2021;14;1;3;1;;00001019;00000003;00000011;00002633;1;0;0;0;;;;;;0;0;;0;0;1;0;0;11000002;5;16;5;1;0;0;0;1;0;0
1000000089;20000063;200000078;2021;13;2;3;1;;00003232;00000003;00000009;00004639;1;0;0;0;;;;;;;;;0;0;1;;0;11000008;5;18;1;1;0;0;0;1;0;0
1000000090;20000108;200000079;2021;8;1;3;1;;00003390;00000001;00000008;;1;0;0;;;1;;;;;;0;;0;1;0;0;11000015;5;20;5;1;0;0;0;1;0;0
1000000091;20000042;200000080;2021;15;2;3;1;;00000685;00000001;00000012;00003706;2;0;0;;;;0;;;;;0;;0;1;0;0;11000005;9;1;5;1;0;0;0;1;0;0
1000000092;20000216;200000081;2021;12;1;3;1;;00001523;00000002;00000025;00001455;1;0;0;;0;0;;1;;;;;;0;1;0;0;11000030;5;16;5;1;0;0;0;1;0;0
1000000093;20000120;200000082;2021;22;1;3;1;;00003716;00000006;00000002;00001980;2;0;0;;;;;;;0;0;;;0;1;0;0;11000017;9;19;5;1;0;0;0;1;0;0
1000000094;20000051;200000083;2021;4;2;3;1;;00000300;00000004;;00005091;1;0;1;;;;;;;;;;;0;1;1;1;11000007;5;19;5;1;0;0;0;1;0;0
1000000095;20000199;200000084;2021;6;2;1;1;;00002636;00000006;00000025;;1;0;0;0;;;0;0;;;;;;0;1;0;0;11000028;4;;5;1;0;0;0;1;0;0
1000000097;20000083;200000086;2021;9;1;0;1;;00001826;00000006;00000008;00000379;1;0;0;0;0;1;;;;;;;;0;1;0;0;11000011;5;1;2;1;0;0;0;1;0;0
1000000098;20000084;200000087;2021;6;1;1;1;;00000320;00000001;00000005;00002725;1;0;1;;;;;;0;;;;0;0;1;0;0;11000011;5;19;5;1;0;0;0;1;0;0
1000000100;20000143;200000088;2021;8;2;0;1;;00004130;00000002;00000018;00003691;1;0;0;;;1;;;;;;0;;0;1;;0;11000020;9;2;5;1;0;0;0;1;0;0
1000000101;20000165;200000089;2021;12;1;3;1;;00005304;00000001;;00004279;1;0;0;;0;0;;0;;0;;;;0;1;0;0;11000023;5;41;5;1;0;0;0;1;0;0
1000000102;20000188;200000090;2021;12;2;0;1;;00002304;00000006;00000005;;1;0;0;;;;;;;;;;;0;1;;0;11000026;5;2;6;1;0;0;0;1;0;0
1000000103;20000034;200000091;2021;17;1;1;1;;00003889;00000006;00000002;;1;0;0;0;;;;;0;;;;;0;1;;1;11000004;5;1;5;1;0;0;0;1;0;0
1000000104;20000048;200000092;2021;24;1;3;1;;00002526;00000007;00000020;00000108;1;0;0;;;;;;;;;;;0;1;0;0;11000006;5;20;5;1;0;0;0;1;0;0
1000000105;20000011;200000093;2021;30;2;3;1;;00003301;00000007;00000003;00004518;1;0;1;;;;0;;0;0;0;;;0;1;0;0;11000001;4;19;5;1;0;0;0;1;0;1
1000000106;20000114;200000094;2021;6;1;1;1;;00004782;00000005;00000013;00000610;1;0;0;;1;1;;;;;;;;0;1;;0;11000016;5;16;5;1;0;0;0;1;0;0
1000000107;20000048;200000095;2021;6;2;0;1;;00003819;00000003;00000002;;1;0;0;;;;;0;0;;;;0;0;1;0;0;11000006;5;20;5;1;0;0;0;1;0;0
1000000108;20000012;200000096;2021;9;1;5;1;;00001110;00000002;00000025;00003049;1;0;0;;0;0;0;;;0;;;;0;1;0;1;11000001;5;18;5;1;0;0;0;1;0;0
1000000109;20000070;200000097;2021;15;1;3;1;;00000907;00000006;;00005105;1;0;0;;;;0;;;;;;;0;1;1;0;11000009;5;17;5;1;0;0;0;1;0;0
1000000110;20000136;200000098;2021;18;1;3;1;;00000447;00000006;00000027;00005163;1;0;1;;;;;;;;;;0;0;1;0;0;11000019;5;70;5;1;0;0;0;1;0;0
1000000111;20000004;200000099;2021;5;1;1;1;;00002450;00000005;00000007;00004644;1;0;1;;;;;;;;;0;;0;1;0;0;11000000;5;15;5;1;0;0;0;1;0;0
1000000112;20000202;200000100;2021;6;2;0;1;;00000459;00000006;;00000772;1;0;1;;;;;;;;;;;0;1;0;1;11000028;5;2;5;1;0;0;0;1;0;0
1000000113;20000145;200000101;2021;10;2;3;1;;00003515;00000004;;00001610;1;0;0;;;;;;0;;;;0;0;1;;1;11000020;5;15;5;1;0;0;0;1;0;0
1000000114;20000026;200000102;2021;9;1;3;1;;00002472;00000005;00000027;00005333;1;0;0;;;;;;;;;;;0;1;0;;11000003;4;17;5;1;0;0;0;1;0;1
1000000115;20000186;200000103;2021;9;2;3;1;;00001798;00000002;00000004;00002287;1;0;1;;;1;;;;;;;;0;1;0;0;11000026;9;26;5;1;0;0;0;1;0;0
1000000118;20000101;200000105;2021;18;2;0;1;;00004977;00000004;00000002;00002634;1;1;0;;;;0;0;0;;0;;;0;1;;0;11000014;5;14;5;1;0;0;0;1;0;0
1000000119;20000139;200000106;2021;5;1;1;1;;00000370;00000005;;00003234;1;1;0;;;;;;;;;;;0;1;0;0;11000019;5;14;5;1;0;0;0;1;0;0
1000000120;20000043;200000107;2021;11;2;3;1;;00000304;00000007;00000004;00000867;1;0;0;0;;;;;;;;;;0;1;0;0;11000006;9;14;5;1;0;0;0;1;0;0
1000000122;20000213;200000108;2021;18;1;0;1;;00002184;00000004;;00000893;1;0;0;0;;;;1;;;;;;0;1;0;0;11000030;9;2;5;1;0;0;0;1;0;0
1000000124;20000147;200000109;2021;7;1;0;1;;00003580;00000003;;00002790;1;0;0;;0;;;;;;;;;0;1;0;0;11000020;5;1;5;1;0;0;0;1;0;0
1000000125;20000087;200000110;2021;17;1;1;1;;00004732;00000007;;00005322;1;1;0;;;;;;0;0;0;;;0;1;0;0;11000012;5;26;5;1;0;0;0;1;0;0
1000000126;20000078;200000111;2021;4;2;0;1;;00000939;00000001;00000004;00001484;1;0;0;;;;0;;0;;0;;;0;1;0;0;11000011;5;1;5;1;0;0;0;1;0;0
1000000128;20000132;200000112;2021;12;2;3;1;;00003567;00000001;00000025;00000330;1;0;1;0;;;;;0;;;0;;0;1;0;0;11000018;2;14;5;1;0;0;0;1;0;0
1000000130;20000080;200000113;2021;21;2;1;1;;00000025;00000001;00000015;00001513;1;0;0;0;;;;;0;;;;;0;1;0;0;11000011;;21;5;1;0;0;0;1;0;0
1000000131;20000112;200000114;2021;18;2;3;1;;00001247;00000006;00000007;;1;0;0;0;;1;;;;;;;;0;1;0;0;11000015;5;20;5;1;0;0;0;1;0;0
1000000132;20000009;200000115;2021;8;1;0;1;;00000885;00000002;00000003;00004505;2;0;0;0;;0;;;;0;;;;0;1;0;0;11000001;5;19;5;1;0;0;0;1;0;0
1000000133;20000194;200000116;2021;23;1;2;1;;00000180;00000006;00000014;00004039;1;0;0;;;;;;;;;;0;0;1;0;0;11000027;5;1;5;1;0;0;0;1;0;0
1000000134;20000079;200000117;2021;5;2;1;1;;00004086;00000001;;00002907;2;0;0;;;;;;;;;;;0;1;0;0;11000011;;41;5;1;0;0;0;1;0;0
1000000135;20000210;200000118;2021;18;1;0;1;;00004893;00000003;00000026;00002356;1;0;0;;;;;;;;;;;0;1;0;0;11000029;9;14;5;1;0;0;0;1;0;0
1000000136;20000019;200000119;2021;19;1;3;1;;00004013;00000004;00000016;;1;0;0;;;;;;;;;;;0;1;0;0;11000002;5;19;1;1;0;0;0;1;0;1
1000000137;20000177;200000120;2021;14;2;1;1;;00001595;00000003;;00003140;1;0;1;;;;;;;;;0;0;0;1;0;;11000025;5;15;5;1;0;0;0;1;0;0
1000000138;20000018;200000121;2021;6;2;1;1;;00005188;00000002;;00003010;2;0;0;;;;;0;0;;0;;0;0;1;0;0;11000002;5;2;5;1;0;0;0;1;0;0
1000000139;20000027;200000122;2021;8;2;3;1;;00004888;00000002;;00002797;1;0;1;0;;;;;;;;;;0;1;0;0;11000003;5;;5;1;0;0;0;1;0;0
1000000140;20000140;200000123;2021;16;1;3;1;;00000401;00000006;00000009;;1;0;1;;;;;0;0;;;0;;0;1;0;0;11000019;5;2;6;1;0;0;0;1;0;0
1000000141;20000211;200000124;2021;14;1;1;1;;00004430;00000003;00000013;;1;0;1;0;0;;;;;;;;;0;1;0;0;11000030;5;20;5;1;0;0;0;1;0;0
1000000142;20000001;200000125;2021;10;1;3;1;;00000852;00000003;;00001030;2;0;0;;;;;;1;;0;;;0;1;0;0;11000000;5;14;5;1;0;0;0;1;0;0
1000000143;20000190;200000126;2021;19;1;2;1;;00004372;00000004;00000003;;1;0;0;;0;;;;;0;;;;0;1;0;0;11000027;5;18;5;1;0;0;0;1;0;0
1000000144;20000094;200000127;2021;6;2;1;1;;00002663;00000005;00000014;;1;0;1;;;;;1;;;;;;0;1;0;0;11000013;5;1;5;1;0;0;0;1;0;0
1000000146;20000097;200000129;2021;16;2;0;1;;00003953;00000004;;00000162;1;0;0;;0;;;;;;;;;0;1;1;0;11000013;5;1;5;1;0;0;0;1;0;0
1000000147;20000140;200000130;2021;24;2;1;1;;00002777;00000006;00000013;00002789;2;0;1;;;1;;;;;;0;0;0;1;0;0;11000019;2;2;6;1;0;0;0;1;0;1
1000000148;20000088;200000131;2021;13;1;1;1;;00002596;00000005;00000012;;2;0;0;;;;;;0;;;;;0;1;0;0;11000012;5;56;5;1;0;0;0;1;0;0
1000000149;20000034;200000132;2021;16;2;1;1;;00004310;00000003;00000008;00001336;1;0;0;;;;;0;;;;;;0;1;0;0;11000004;5;1;5;1;0;0;0;1;0;0
1000000150;20000212;200000133;2021;7;2;0;1;;00000207;00000006;00000024;00001073;1;0;0;;;1;;0;;;;;0;0;1;0;1;11000030;5;16;5;1;0;0;0;1;0;0
1000000152;20000032;200000135;2021;19;1;3;1;;00001193;00000002;00000002;00000603;1;0;0;;0;;0;;;;;0;0;0;1;0;0;11000004;5;18;5;1;0;0;0;1;0;1
1000000154;20000105;200000137;2021;7;2;0;1;;00002829;00000003;00000010;;1;0;0;;0;;;0;;;0;0;;0;1;0;0;11000014;5;22;5;1;0;0;0;1;0;0
1000000156;20000157;200000138;2021;16;1;0;1;;00004578;00000005;00000020;00003078;1;1;0;;;1;;0;;;;;;0;1;0;0;11000022;9;14;5;1;0;0;0;1;0;0
1000000159;20000179;200000141;2021;7;1;3;1;;00002540;00000003;;00003644;1;0;1;;;0;;;;;;;;0;1;0;0;11000025;5;21;6;1;0;0;0;1;0;0
1000000160;20000024;200000142;2021;22;1;1;1;;00001732;00000001;00000018;;1;0;0;;;;;;;;;;;0;1;0;0;11000003;5;;5;1;0;0;0;1;0;0
1000000163;20000032;200000144;2021;12;1;1;1;;00003279;00000006;00000008;;1;0;0;0;;;;;;;;;;0;1;0;0;11000004;5;18;5;1;0;0;0;1;0;0
1000000165;20000042;200000146;2021;16;2;0;1;;00004157;00000002;00000010;;1;0;1;;;;;;;;;;;0;1;0;0;11000005;5;1;5;1;0;0;0;1;0;0
1000000167;20000035;200000147;2021;13;1;3;1;;00002622;00000003;00000018;00004099;1;0;0;;;;;;;;;;;0;1;0;;11000004;4;;5;1;0;0;0;1;0;0
1000000168;20000186;200000148;2021;14;1;3;1;;00005230;00000006;;;1;0;1;0;;;;0;;;;;0;0;1;;0;11000026;5;26;5;1;0;0;0;1;0;0
1000000169;20000121;200000149;2021;16;1;1;1;;00001675;00000004;00000011;;2;0;0;;;;;;;0;;;;;1;0;0;11000017;5;14;5;1;0;0;0;1;0;0
1000000170;20000145;200000150;2021;6;1;1;1;;00001117;00000007;00000024;00003463;1;0;0;;;;;;;0;;;;0;1;0;0;11000020;9;15;5;1;0;0;0;1;0;0
1000000171;20000152;200000151;2021;17;1;0;1;;00003598;00000006;00000027;;1;0;1;;;;;;;;;0;;0;1;0;0;11000021;5;1;5;1;0;0;0;1;0;0
1000000172;20000066;200000152;2021;17;1;3;1;;00001678;00000003;00000016;00003492;2;0;0;;;;0;;0;;;;0;0;1;0;0;11000009;5;14;5;1;0;0;0;1;0;0
1000000173;20000008;200000153;2021;10;2;0;1;;00004680;00000001;00000001;;1;0;0;;;;;0;;0;;0;0;0;1;0;0;11000001;5;41;5;1;0;0;0;1;0;0
1000000175;20000213;200000154;2021;16;1;1;1;;00000068;00000001;00000010;00003687;2;0;0;0;;;0;0;;;0;;;0;1;0;0;11000030;9;2;5;1;0;0;0;1;0;0
1000000176;20000092;200000155;2021;5;2;1;1;;00002405;00000005;00000007;00004414;1;0;0;;;;;;0;0;;;;0;1;0;0;11000013;5;16;5;1;0;0;0;1;0;0
1000000177;20000139;200000156;2021;18;1;1;1;;00004552;00000006;00000016;;1;0;0;;;;;0;;;;;;0;1;1;0;11000019;5;14;5;1;0;0;0;1;0;0
1000000178;20000034;200000157;2021;19;2;0;1;;00005096;00000004;00000026;00002572;1;0;0;;;;;;;;;;;0;1;1;0;11000004;5;1;5;1;0;0;0;1;0;0
1000000179;20000029;200000158;2021;6;1;0;1;;00003497;00000005;00000001;;1;0;0;;;;;;;0;;;0;0;1;0;0;11000004;5;;5;1;0;0;0;1;0;0
1000000180;20000155;200000159;2021;4;2;0;1;;00004687;00000001;00000004;00000221;1;0;0;;;;0;;;;;;;0;1;0;0;11000022;9;25;5;1;0;0;0;1;0;0
1000000181;20000069;200000160;2021;20;2;1;1;;00002183;00000007;00000016;00000398;1;0;0;;;0;;;;;;;;0;1;0;0;11000009;9;1;5;1;0;0;0;1;0;0
1000000183;20000069;200000161;2021;13;2;0;1;;00003223;00000004;;;2;0;0;;;0;;;;;;;;0;1;0;0;11000009;2;1;5;1;0;0;0;1;0;0
1000000184;20000158;200000162;2021;6;1;3;1;;00004860;00000003;00000025;00003295;2;0;1;0;;;;;;0;;;;0;1;0;0;11000022;5;1;5;1;0;0;0;1;0;0
1000000185;20000098;200000163;2021;6;2;2;1;;00002973;00000005;;00003049;1;0;1;;0;;;0;;;;;;0;1;1;0;11000013;5;2;5;1;0;0;0;1;0;0
1000000186;20000038;200000164;2021;4;1;0;1;;00000399;00000006;00000022;00002279;2;0;1;;;;;;;;;;;0;1;0;0;11000005;5;21;5;1;0;0;0;1;0;0
1000000187;20000160;200000165;2021;19;1;1;1;;00001471;00000003;00000024;00002411;1;0;0;;;;;;;0;;0;;0;1;0;0;11000022;5;15;5;1;0;0;0;1;0;0
1000000188;20000092;200000166;2021;16;2;1;1;;00002722;00000003;;;1;0;1;;;1;0;0;0;;;;;0;1;0;0;11000013;5;16;5;1;0;0;0;1;0;0
1000000191;20000115;200000168;2021;19;1;0;1;;00001579;00000006;00000007;00003089;1;0;1;;;;;;;;0;;;0;1;0;;11000016;5;19;5;1;0;0;0;1;0;0
1000000192;20000066;200000169;2021;16;1;1;1;;00002389;00000007;;;1;0;0;;;;;;;;;0;;0;1;0;0;11000009;5;14;5;1;0;0;0;1;0;0
1000000194;20000206;200000170;2021;14;1;3;1;;00005462;00000007;00000013;;1;0;0;;;;;;0;;;;;0;1;;0;11000029;5;25;5;1;0;0;0;1;0;1
1000000195;20000040;200000171;2021;15;1;0;1;;00004379;00000006;;00004689;1;0;1;;;;0;0;0;0;;0;0;0;1;0;0;11000005;;;5;1;0;0;0;1;0;0
1000000196;20000166;200000172;2021;9;2;3;1;;00003853;00000001;00000020;00003417;1;1;0;;;;0;0;0;;;0;;0;1;0;0;11000023;9;19;5;1;0;0;0;1;0;0
1000000197;20000004;200000173;2021;14;1;3;1;;00003925;00000002;00000019;00004472;1;0;1;;;;;;;;;;;0;1;1;0;11000000;5;15;5;1;0;0;0;1;0;0
1000000198;20000104;200000174;2021;6;1;3;1;;00002359;00000002;;00003661;2;0;1;;;1;;;;0;;;;0;1;0;0;11000014;4;2;5;1;1;0;0;1;0;0
1000000199;20000039;200000175;2021;6;2;1;1;;00002622;00000002;;00001182;1;0;1;;1;;;;;;;;0;0;1;0;0;11000005;5;22;5;1;0;0;0;1;0;0
1000000200;20000101;200000176;2021;4;2;3;1;;00001441;00000005;;;1;0;0;;;;0;;;;;;0;0;1;0;0;11000014;9;14;5;1;0;0;0;1;0;0
1000000201;20000139;200000177;2021;9;1;3;1;;00002802;00000002;00000012;00004914;1;0;0;;;0;;0;;;0;;;0;1;0;0;11000019;5;14;5;1;0;0;0;1;0;0
1000000203;20000035;200000178;2021;10;1;0;1;;00004806;00000006;00000022;00004278;1;0;0;;;;;0;;0;0;;;0;1;1;;11000004;5;;5;1;0;0;0;1;0;0
1000000204;20000203;200000179;2021;16;2;1;1;;00000003;00000001;;;1;0;0;;;;0;;;;;0;;0;1;0;0;11000028;5;1;5;1;0;0;0;1;0;0
1000000205;20000056;200000180;2021;10;1;3;1;;00005302;00000005;;00003679;1;0;0;0;;;;0;;;;;;0;1;0;0;11000007;9;19;5;1;0;0;0;1;0;0
1000000206;20000186;200000181;2021;32;1;3;1;;00004951;00000001;00000020;00001369;1;0;0;;;;;;;;;;0;0;1;0;0;11000026;5;26;5;1;0;0;0;1;0;0
1000000208;20000214;200000183;2021;12;2;3;1;;00005065;00000001;00000021;;1;1;0;;;;;;;;0;;0;;1;0;0;11000030;;18;5;1;0;0;0;1;0;0
1000000209;20000037;200000184;2021;13;2;0;1;;00000415;00000005;00000001;00000895;1;0;0;0;;0;;;0;;0;;;0;1;0;0;11000005;5;17;5;1;0;0;0;1;0;0
1000000210;20000007;200000185;2021;9;2;3;1;;00005491;00000002;00000002;00004802;1;0;0;;;;;;;0;;;;0;1;0;0;11000000;5;18;5;1;0;0;0;1;0;0
1000000212;20000123;200000186;2021;11;2;1;1;;00005106;00000004;00000021;;1;0;0;;;;;;0;0;;;;0;1;0;0;11000017;5;2;5;1;0;0;0;1;0;0
1000000214;20000023;200000188;2021;10;1;0;1;;00003086;00000005;00000007;;1;0;0;;;;;;;;;;;0;1;0;0;11000003;5;40;5;1;0;0;0;1;0;0
1000000216;20000146;200000190;2021;18;2;3;1;;00003102;00000005;;00001965;1;0;0;;0;;;;;;;;;0;1;0;0;11000020;9;16;5;1;0;0;0;1;0;0
1000000217;20000206;200000191;2021;11;2;3;1;;00005353;00000005;;00003257;1;0;0;;;;;;;;;0;;0;1;0;0;11000029;5;25;5;1;0;0;0;1;0;0
1000000218;20000010;200000192;2021;9;2;1;1;;00005285;00000007;00000010;;1;0;0;0;;;;;;;;;;0;1;0;0;11000001;5;16;5;1;0;0;0;1;0;0
1000000219;20000185;200000193;2021;4;2;3;1;;00002555;00000003;00000001;00000387;1;0;0;;;1;0;;;;;;;0;1;0;0;11000026;9;19;5;1;0;0;0;1;0;0
1000000220;20000159;200000194;2021;10;1;0;1;;00001185;00000004;00000027;00005208;1;0;1;;;1;0;;0;0;;;;0;1;0;0;11000022;9;19;5;1;0;0;0;1;0;0
1000000221;20000072;200000195;2021;16;1;3;1;;00005312;00000007;00000024;00003488;1;0;0;;;1;;;;;;;;0;1;0;0;11000010;5;17;5;1;0;0;0;1;0;0
1000000222;20000058;200000196;2021;9;2;3;1;;00000245;00000007;00000002;;1;0;0;;;;;;;;;;0;0;1;0;0;11000008;5;2;5;1;0;0;0;1;0;0
1000000224;20000053;200000197;2021;13;2;1;1;;00001891;00000005;00000024;00000079;1;0;1;;0;;;;0;;;;;0;1;0;0;11000007;9;41;5;1;0;0;0;1;0;1
1000000225;20000048;200000198;2021;19;1;0;1;;00004338;00000005;00000004;;1;0;1;;;;;;;;;0;0;0;1;;0;11000006;4;20;5;1;0;0;0;1;0;1
1000000226;20000039;200000199;2021;13;2;1;1;;00005425;00000006;;00000902;1;0;0;;;;;0;;;;;0;0;1;0;0;11000005;5;22;5;1;0;0;0;1;0;0
1000000227;20000156;200000200;2021;16;1;3;1;;00001400;00000005;00000004;00002956;1;0;0;0;;;;;;;;;;0;1;0;0;11000022;9;19;6;1;0;0;0;1;0;0
1000000228;20000063;200000201;2021;15;2;3;1;;00002040;00000006;;00001643;1;0;0;0;;;;;;;;;;0;1;0;0;11000008;5;18;1;1;0;0;0;1;0;0
1000000229;20000126;200000202;2021;12;2;0;1;;00002155;00000003;;;1;0;0;;;;0;;0;0;;;;0;1;0;0;11000017;5;1;6;1;0;0;0;1;0;0
1000000230;20000141;200000203;2021;11;1;3;1;;00002231;00000002;00000022;00001628;1;0;0;;;;0;;;;0;;;0;1;0;0;11000020;2;15;5;1;1;0;0;1;0;1
1000000231;20000108;200000204;2021;16;2;3;1;;00004781;00000002;00000003;;1;0;0;;1;;;;;;0;0;;0;1;0;0;11000015;9;20;5;1;0;0;0;1;0;0
1000000232;20000100;200000205;2021;13;2;1;1;;00001271;00000006;00000017;;1;0;1;;;;;;;;;;;0;1;0;0;11000014;5;16;5;1;0;0;0;1;0;0
1000000235;20000051;200000206;2021;19;2;3;1;;00003087;00000002;00000007;;1;0;0;;;;0;;;;;;;0;1;0;0;11000007;5;19;5;1;0;0;0;1;0;0
1000000236;20000140;200000207;2021;14;1;1;1;;00003914;00000006;00000013;;1;0;1;0;0;;;;0;;;;;0;1;0;0;11000019;5;2;6;1;0;0;0;1;0;0
1000000240;20000009;200000210;2021;14;2;1;1;;00004874;00000002;;00001114;1;0;0;;;;0;;0;;;;;;1;0;0;11000001;5;19;5;1;0;0;0;1;0;0
1000000241;20000076;200000211;2021;18;2;3;1;;00004128;00000007;;00003248;1;0;0;;;;0;;;;;;;0;1;0;0;11000010;5;;5;1;0;0;0;1;0;0
1000000243;20000058;200000212;2021;12;1;3;1;;00004222;00000007;00000004;;2;0;0;;;;;;;;;;;0;1;0;0;11000008;5;2;5;1;0;0;0;1;0;0
1000000244;20000217;200000213;2021;9;1;0;1;;00004998;00000001;00000020;00002761;1;0;0;;0;;0;;0;;;;0;0;1;0;0;11000030;5;21;6;1;0;0;0;1;0;0
1000000245;20000028;200000214;2021;10;1;3;1;;00003073;00000004;00000018;00002060;2;0;0;;;;;;0;;0;0;;0;1;0;0;11000003;5;26;5;1;0;0;0;1;0;0
1000000246;20000005;200000215;2021;16;1;1;1;;00001792;00000005;;00004663;1;0;0;;;;;0;0;;;;;0;1;0;0;11000000;5;20;5;1;0;0;0;1;0;0
1000000247;20000093;200000216;2021;16;1;0;1;;00004296;00000003;;00005065;1;0;1;;;;0;0;;;;;;0;1;0;0;11000013;9;26;5;1;0;0;0;1;0;0
1000000248;20000104;200000217;2021;9;2;3;1;;00002379;00000005;;;1;0;0;;;;;;;;;0;;0;1;0;0;11000014;5;2;5;1;0;0;0;1;0;0
1000000249;20000119;200000218;2021;23;2;0;1;;00002957;00000003;00000004;;1;0;0;;;;;;;;;;;0;1;0;0;11000016;5;17;1;1;0;0;0;1;0;0
1000000250;20000012;200000219;2021;11;1;1;1;;00004340;00000005;00000005;00004835;1;0;0;0;;;;;;;;;;0;1;1;0;11000001;5;18;5;1;0;0;0;1;0;0
1000000251;20000106;200000220;2021;16;2;1;1;;00002011;00000002;00000015;00001189;1;0;0;;;;0;;;;;;0;;1;0;0;11000015;5;70;5;1;0;0;0;1;0;0
1000000252;20000191;200000221;2021;13;2;0;1;;00002733;00000001;;;1;0;0;;;;;;;;;;;0;1;0;0;11000027;9;25;5;1;0;0;0;1;0;0
1000000253;20000084;200000222;2021;9;2;3;1;;00003023;00000004;00000016;00000993;1;0;0;0;;;;0;;;;;;0;1;0;0;11000011;5;19;5;1;0;0;0;1;0;0
1000000256;20000118;200000225;2021;14;1;0;1;;00003873;00000006;00000016;00003540;1;0;0;;;;;;;;0;;;0;1;0;0;11000016;;2;5;1;0;0;0;1;0;0
1000000257;20000093;200000226;2021;9;1;1;1;;00003521;00000003;00000005;;1;0;0;;0;1;0;0;;0;;;;0;1;1;0;11000013;2;26;5;1;0;0;0;1;0;1
1000000259;20000037;200000227;2021;8;1;1;1;;00005374;00000006;00000016;;2;0;0;0;;;;;0;;;;;0;1;0;0;11000005;5;17;5;1;0;0;0;1;0;0
1000000260;20000207;200000228;2021;7;1;3;1;;00002839;00000005;00000012;;1;0;0;;1;;;;;;;;0;0;1;0;0;11000029;9;;6;1;0;0;0;1;0;0
1000000261;20000070;200000229;2021;14;2;0;1;;00000719;00000007;00000006;00000256;1;0;0;;;;;;;;;;;0;1;0;0;11000009;5;17;5;1;0;0;0;1;0;0
1000000262;20000077;200000230;2021;13;1;1;1;;00002944;00000006;00000026;00002286;2;0;0;;;;;;;;;;;0;1;0;0;11000010;5;2;5;1;0;0;0;1;0;0
1000000264;20000100;200000231;2021;9;1;3;1;;00004391;00000001;00000003;;1;0;1;;;;;;;;;;;0;1;0;;11000014;5;16;5;1;0;0;0;1;0;0
1000000265;20000038;200000232;2021;16;2;0;1;;00005323;00000005;00000017;00002834;1;0;1;;0;;;;;;;0;;0;1;0;0;11000005;5;21;5;1;0;0;0;1;0;0
1000000267;20000080;200000233;2021;12;1;0;1;;00000260;00000007;;;1;1;1;0;;;;;;;;;0;0;1;0;0;11000011;5;21;5;1;0;0;0;1;0;1
1000000268;20000116;200000234;2021;4;2;3;1;;00000149;00000001;00000003;00002551;1;0;0;;;;;;0;;;;;0;1;0;0;11000016;9;19;5;1;0;0;0;1;0;0
1000000269;20000132;200000235;2021;4;2;0;1;;00004994;00000007;00000023;;1;0;0;;;;;;;;;;0;0;1;0;0;11000018;9;14;5;1;0;0;0;1;0;1
1000000271;20000076;200000237;2021;19;2;0;1;;00001972;00000005;00000022;00002141;1;0;0;;;;;;0;;;;;0;1;0;0;11000010;5;;5;1;0;0;0;1;0;0
1000000272;20000041;200000238;2021;10;1;3;1;;00004487;00000005;00000001;;1;0;1;;;0;0;0;;0;;;;0;1;;0;11000005;5;18;5;1;0;0;0;1;0;0
1000000273;20000022;200000239;2021;16;2;0;1;;00002072;00000002;00000019;00001260;1;0;0;;;;;;;;;;0;0;1;0;;11000003;5;17;5;1;0;0;0;1;0;0
1000000274;20000127;200000240;2021;4;1;1;1;;00002945;00000004;00000026;;2;0;0;0;0;;;;;;;;;0;1;0;0;11000018;9;2;6;1;0;0;0;1;0;0
1000000275;20000173;200000241;2021;11;1;0;1;;00003028;00000001;00000024;00000601;2;0;0;;;;;;0;;;;;0;1;1;0;11000024;9;15;5;1;0;0;0;1;0;0
1000000276;20000188;200000242;2021;11;2;0;1;;00005552;00000003;00000027;;1;0;0;;;;0;;;;;0;;0;1;0;0;11000026;5;2;6;1;0;0;0;1;0;0
1000000278;20000071;200000244;2021;10;2;2;1;;00001768;00000003;;;1;0;0;;;1;;;0;;;;;0;1;0;;11000010;5;1;5;1;0;0;0;1;0;0
1000000281;20000049;200000247;2021;15;2;0;1;;00002018;00000003;00000024;;2;1;0;;0;;;;;;;0;;0;1;0;0;11000006;2;16;5;1;0;0;0;1;0;1
1000000282;20000217;200000248;2021;16;1;3;1;;00004181;00000002;;00000506;2;0;0;;;;;;1;0;;0;;0;1;0;0;11000030;9;21;6;1;0;0;0;1;0;0
1000000283;20000164;200000249;2021;42;2;3;1;;00001822;00000005;;00003082;2;0;1;;;;;0;;;;;;0;1;0;0;11000023;5;17;5;1;0;0;0;1;0;1
1000000286;20000138;200000251;2021;10;2;3;1;;00003316;00000001;00000007;00002431;1;0;0;;;;;;;;;;;0;1;0;0;11000019;4;56;5;1;0;0;0;1;0;1
1000000287;20000031;200000252;2021;15;1;1;1;;00004856;00000004;;00005217;1;0;0;0;;;;;;;;;;0;1;0;0;11000004;5;19;5;1;0;0;0;1;0;0
1000000288;20000152;200000253;2021;11;2;2;1;;00004012;00000001;00000008;00003414;2;0;0;;;1;0;;0;;;;;0;1;0;0;11000021;5;1;5;1;0;0;0;1;0;0
1000000289;20000128;200000254;2021;15;1;3;1;;00000757;00000007;00000008;;2;0;0;;;;0;;0;0;;;;0;1;0;0;11000018;5;17;5;1;0;0;0;1;0;0
1000000292;20000083;200000257;2021;13;2;1;1;;00004880;00000002;;;1;0;0;;0;;;;;;;;;0;1;0;;11000011;5;1;2;1;0;0;0;1;0;0
1000000294;20000035;200000258;2021;11;1;0;1;;00004619;00000006;00000025;00001733;1;0;0;;;1;;;;;;;;0;1;0;0;11000004;5;;5;1;0;0;0;1;0;0
1000000295;20000121;200000259;2021;14;2;1;1;;00003101;00000003;00000026;;1;0;0;;;;;0;;0;0;;;0;1;1;0;11000017;5;14;5;1;0;0;0;1;0;0
1000000296;20000016;200000260;2021;6;1;2;1;;00000049;00000006;00000009;;1;0;0;;;;;0;;;;;;0;1;;0;11000002;5;1;6;1;0;0;0;1;0;0
1000000298;20000118;200000262;2021;16;1;0;1;;00001853;00000004;00000008;00000721;1;0;0;;;;;;;;;;;0;1;0;;11000016;5;2;5;1;0;0;0;1;0;0
1000000299;20000105;200000263;2021;15;1;0;1;;00004936;00000005;;00002892;1;0;0;;;;;;;0;;;;0;1;0;0;11000014;5;22;5;1;0;0;0;1;0;0
1000000300;20000096;200000264;2021;10;2;2;1;;00002815;00000003;;00003529;2;0;0;0;;;;;;;;0;;0;1;0;0;11000013;5;27;5;1;0;0;0;1;0;0
1000000304;20000102;200000266;2021;20;1;3;1;;00004343;00000003;;00003960;1;0;0;;;;;;;;;0;;0;1;0;0;11000014;5;1;5;1;0;0;0;1;0;0
1000000305;20000135;200000267;2021;22;1;1;1;;00001834;00000001;;00001855;2;0;0;;;0;;;;0;0;;;0;1;1;0;11000019;5;70;5;1;0;0;0;1;0;0
1000000306;20000036;200000268;2021;17;1;0;1;;00000433;00000006;00000024;;1;0;1;0;0;0;;;;;;;;0;1;0;0;11000005;5;;5;1;0;0;0;1;0;0
1000000307;20000015;200000269;2021;16;1;0;1;;00003284;00000006;;00000948;1;0;0;;0;;;;;0;;;;0;1;0;0;11000002;2;16;5;1;0;0;0;1;0;0
1000000308;20000200;200000270;2021;11;2;0;1;;00002815;00000002;00000027;00001348;1;0;0;;;;;;0;;;;;0;1;0;0;11000028;4;27;5;1;0;0;0;1;0;1
1000000309;20000157;200000271;2021;13;1;1;1;;00004907;00000002;00000010;00002940;1;0;0;;0;1;;;;;0;;;0;1;0;0;11000022;5;14;5;1;0;0;0;1;0;0
1000000311;20000118;200000272;2021;37;1;0;1;;00001096;00000002;;00003602;1;0;0;;;1;;;;0;;0;;0;1;0;;11000016;5;2;5;1;0;0;0;1;0;0
1000000313;20000133;200000273;2021;14;1;5;1;;00005424;00000002;00000024;00003097;1;0;0;0;;;;;;;;;0;0;1;0;0;11000018;5;2;5;1;0;0;0;1;0;1
1000000314;20000215;200000274;2021;12;2;3;1;;00003192;00000005;00000005;;1;0;0;;;;0;;;;;;;0;1;0;0;11000030;5;1;5;1;0;0;0;1;0;0
1000000315;20000158;200000275;2021;22;2;1;1;;00000690;00000005;;;2;0;0;;;;;;;0;;;;0;1;0;0;11000022;5;1;5;1;0;0;0;1;0;0
1000000316;20000039;200000276;2021;13;1;0;1;;00005150;00000006;00000009;00004696;1;0;0;0;;;;;;;;;0;0;1;0;0;11000005;;22;5;1;0;0;0;1;0;0
1000000317;20000105;200000277;2021;8;1;3;1;;00003334;00000004;00000004;;1;0;0;;;;;0;;;;;;0;1;;0;11000014;5;22;5;1;0;0;0;1;0;0
1000000318;20000173;200000278;2021;4;1;2;1;;00003511;00000003;00000012;00004699;1;0;1;;;;;;;0;0;;0;0;1;0;0;11000024;5;15;5;1;0;0;0;1;0;0
1000000320;20000142;200000279;2021;17;2;0;1;;00001584;00000004;;;1;0;0;;;;;;;0;;;;;1;0;0;11000020;5;2;5;1;0;0;0;1;0;0
1000000321;20000047;200000280;2021;17;1;3;1;;00005523;00000001;;;1;0;0;;;;;;;;;;;0;1;0;0;11000006;5;2;5;1;0;0;0;1;0;0
1000000322;20000178;200000281;2021;16;2;3;1;;00004517;00000005;;00002022;1;0;0;;;;;;;;;;;0;1;0;0;11000025;9;1;5;1;0;0;0;1;0;0
1000000324;20000016;200000282;2021;18;2;0;1;;00000147;00000004;00000022;00001832;1;0;0;;;1;;;;;0;;;0;1;0;0;11000002;9;1;6;1;0;0;0;1;0;0
1000000326;20000145;200000284;2021;11;2;1;1;;00001507;00000003;00000007;00002944;1;0;0;;;;0;;;0;;0;;0;1;0;0;11000020;5;15;5;1;0;0;0;1;0;0
1000000327;20000014;200000285;2021;5;2;1;1;;00002628;00000004;00000023;;1;0;0;;0;1;;1;;;;0;;0;1;0;;11000001;5;1;5;1;0;0;0;1;0;0
1000000328;20000015;200000286;2021;7;1;1;1;;00005113;00000002;00000004;00000869;1;0;0;;;0;;;;;0;;;0;1;0;0;11000002;5;16;5;1;0;0;0;1;0;0
1000000329;20000042;200000287;2021;6;2;2;1;;00000743;00000005;;00000930;1;0;0;;;0;0;;;;;;;0;1;0;0;11000005;5;1;5;1;0;0;0;1;0;0
1000000330;20000214;200000288;2021;4;2;1;1;;00001598;00000005;;;1;0;0;;0;;;;;;;;0;0;1;0;0;11000030;5;18;5;1;0;0;0;1;0;0
1000000333;20000121;200000290;2021;17;1;1;1;;00001793;00000004;00000020;00002960;1;0;0;;;;;;;;;;;0;1;0;0;11000017;9;14;5;1;0;0;0;1;0;0
1000000334;20000171;200000291;2021;7;2;1;1;;00000065;00000003;;00002272;1;0;0;;;;;;;;;;;0;1;0;0;11000024;5;20;5;1;0;0;0;1;0;0
1000000335;20000024;200000292;2021;10;2;3;1;;00004888;00000003;00000006;;2;0;0;;;1;;;;;;;0;0;1;0;0;11000003;2;;5;1;0;0;0;1;0;0
1000000336;20000038;200000293;2021;9;1;0;1;;00001049;00000001;00000020;;1;0;1;;;;;;;;0;0;;0;1;0;0;11000005;9;21;5;1;0;0;0;1;0;0
1000000337;20000193;200000294;2021;13;1;3;1;;00001622;00000002;00000013;00005050;1;0;1;;0;;;;;;;;;0;1;1;0;11000027;4;2;1;1;0;0;0;1;0;1
1000000339;20000160;200000295;2021;13;2;3;1;;00004169;00000006;00000020;00004410;1;0;0;;;;0;;;;;;;0;1;0;0;11000022;5;15;5;1;0;0;0;1;0;0
1000000340;20000122;200000296;2021;17;2;0;1;;00002122;00000001;00000014;00004691;2;0;0;;;0;;;0;;;;;;1;0;0;11000017;9;;5;1;0;0;0;1;0;0
1000000341;20000172;200000297;2021;14;1;0;1;;00005300;00000002;;;1;0;0;;;;;;;;;;0;0;1;1;0;11000024;2;1;5;1;0;0;0;1;0;1
1000000342;20000108;200000298;2021;19;1;3;1;;00004797;00000004;;;1;0;0;;;;0;;0;0;;0;;0;1;0;0;11000015;5;20;5;1;0;0;0;1;0;0
1000000343;20000139;200000299;2021;11;2;3;1;;00001192;00000003;00000013;;1;0;0;;0;;;;0;;;;;;1;1;0;11000019;4;14;5;1;0;0;0;1;0;0
1000000344;20000087;200000300;2021;15;1;3;1;;00003322;00000001;00000013;00005449;1;0;0;;;;;;;;0;;;;1;0;0;11000012;;26;5;1;0;0;0;1;0;0
1000000345;20000095;200000301;2021;15;2;1;1;;00000156;00000002;;;2;0;0;;;;;;0;;;;;0;1;0;;11000013;5;2;6;1;0;0;0;1;0;0
1000000347;20000113;200000302;2021;11;2;1;1;;00000118;00000007;;00004913;1;0;0;0;;;;;;;;;0;0;1;0;0;11000016;5;17;5;1;0;0;0;1;0;0
1000000349;20000135;200000303;2021;21;2;1;1;;00001131;00000004;00000014;00001710;1;0;0;;;;;;;;;;;0;1;0;0;11000019;5;70;5;1;0;0;0;1;0;0
1000000350;20000117;200000304;2021;10;1;1;1;;00002515;00000003;;00001634;2;0;0;;;;;;;;;;;0;1;0;0;11000016;5;17;5;1;0;0;0;1;0;0
1000000352;20000114;200000305;2021;14;1;4;1;;00005438;00000001;00000021;00000542;1;0;0;0;;;;;;0;;0;0;0;1;0;0;11000016;4;16;5;1;0;0;0;1;0;1
1000000353;20000002;200000306;2021;16;1;1;1;;00003823;00000002;;00000542;1;0;0;;;;;;;;;;;0;1;0;0;11000000;5;17;5;1;0;0;0;1;0;0
1000000354;20000173;200000307;2021;6;2;1;1;;00000384;00000002;;00001440;1;0;0;;;;0;;0;;0;;;0;1;0;0;11000024;5;15;5;1;0;0;0;1;0;0
1000000355;20000211;200000308;2021;10;1;1;1;;00002636;00000007;00000017;;1;0;0;;;;;0;;;;;;;1;0;0;11000030;5;20;5;1;0;0;0;1;0;0
1000000356;20000216;200000309;2021;7;1;1;1;;00005209;00000001;00000005;00004825;1;0;0;;;1;;;;;;;;0;1;1;0;11000030;5;16;5;1;0;0;0;1;0;0
1000000359;20000014;200000310;2021;10;2;3;1;;00003502;00000007;00000012;;1;0;1;;;;;0;;;;0;;0;1;;0;11000001;4;1;5;1;0;0;0;1;0;0
1000000361;20000157;200000312;2021;8;1;0;1;;00003991;00000005;00000016;;1;0;0;;;0;;;0;;;;;0;1;0;0;11000022;5;14;5;1;0;0;0;1;0;0
1000000362;20000152;200000313;2021;13;1;0;1;;00005432;00000001;00000012;00002509;1;0;0;0;;;0;;;;;;;0;1;1;0;11000021;9;1;5;1;0;0;0;1;0;0
1000000363;20000201;200000314;2021;40;1;1;1;;00004229;00000002;00000012;00004836;2;0;0;;1;;;;;0;;;0;0;1;0;0;11000028;5;2;5;1;0;0;0;1;0;0
1000000364;20000112;200000315;2021;8;1;3;1;;00001434;00000005;00000001;00000569;1;0;0;;;;;;;;;;;0;1;0;0;11000015;9;20;5;1;0;0;0;1;0;0
1000000365;20000117;200000316;2021;18;2;1;1;;00001373;00000007;00000027;00002155;2;0;0;0;;;;;;;;0;;0;1;0;0;11000016;9;17;5;1;0;0;0;1;0;0
1000000367;20000145;200000317;2021;4;2;1;1;;00004395;00000001;;;2;0;0;;;1;;;;;0;;;0;1;0;;11000020;9;15;5;1;0;0;0;1;0;0
1000000368;20000011;200000318;2021;17;2;1;1;;00002879;00000002;;00003717;1;0;0;;0;;;0;;;;0;;0;1;0;0;11000001;5;19;5;1;0;0;0;1;0;0
1000000369;20000214;200000319;2021;13;1;3;1;;00002518;00000007;;00002758;1;0;0;;;;0;;;0;0;;0;0;1;0;0;11000030;9;18;5;1;0;0;0;1;0;0
1000000370;20000042;200000320;2021;14;2;3;1;;00000046;00000007;00000006;00005446;1;0;0;;;;0;;;;0;;;0;1;0;0;11000005;5;1;5;1;0;0;0;1;0;0
1000000371;20000148;200000321;2021;11;1;0;1;;00003849;00000004;00000018;00004569;2;0;0;;;;;;;;;;0;0;1;0;1;11000021;5;2;5;1;0;0;0;1;0;0
1000000372;20000020;200000322;2021;6;1;0;1;;00003718;00000002;00000006;;1;0;0;;;;;;;0;;;;0;1;0;;11000002;5;19;5;1;0;0;0;1;0;0
1000000373;20000058;200000323;2021;14;1;1;1;;00002610;00000004;00000010;;1;0;1;;;;;;;0;;0;;0;1;0;0;11000008;9;2;5;1;0;0;0;1;0;0
1000000375;20000178;200000324;2021;32;1;3;1;;00001246;00000006;;00000053;1;0;0;;;;;;;;;0;0;0;1;0;0;11000025;9;1;5;1;0;0;0;1;0;0
1000000376;20000002;200000325;2021;12;2;3;1;;00003976;00000006;;00003159;1;0;0;;;;;;;;;;;0;1;0;0;11000000;9;17;5;1;0;0;0;1;0;0
1000000377;20000097;200000326;2021;14;1;0;1;;00000835;00000003;;00003284;1;0;0;;;;;;;;1;;;0;1;0;0;11000013;5;1;5;1;0;0;0;1;0;0
1000000378;20000167;200000327;2021;15;2;0;1;;00003841;00000002;;00000281;2;1;1;;;;;;;0;;;;0;1;0;0;11000023;5;14;5;1;0;0;0;1;0;0
1000000379;20000187;200000328;2021;5;2;0;3;;00000724;00000002;00000027;;1;0;0;;;;;;;0;;;0;0;1;0;0;11000026;5;16;5;1;0;0;0;1;0;0
1000000380;20000069;200000329;2021;18;2;3;1;;00001182;00000007;00000026;;1;0;0;;;;;;0;;;;;0;1;0;0;11000009;5;1;5;1;0;0;0;1;0;0
1000000381;20000121;200000330;2021;10;2;1;1;;00002373;00000006;;00003560;1;0;0;;;;;;0;;;;0;0;1;0;1;11000017;5;14;5;1;0;0;0;1;0;0
1000000383;20000156;200000331;2021;13;1;3;1;;00003139;00000005;;;1;1;0;;0;;;;;;;;0;0;1;0;0;11000022;9;19;6;1;0;0;0;1;0;0
1000000391;20000050;200000332;2021;9;2;3;1;;00005468;00000004;00000011;00001344;1;0;0;;;;0;;;;;;0;0;1;0;0;11000007;5;21;5;1;0;0;0;1;0;0
1000000392;20000148;200000333;2021;8;2;3;1;;00001963;00000002;00000025;00002261;1;0;0;;;;;;;;;;0;0;1;0;0;11000021;5;2;5;1;0;0;0;1;0;0
1000000393;20000145;200000334;2021;12;1;1;1;;00003801;00000003;;00005309;1;0;1;;;;;;;;;;;0;1;0;0;11000020;9;15;5;1;0;0;0;1;0;0
1000000394;20000160;200000335;2021;7;2;1;1;;00003967;00000007;00000010;;1;0;1;0;;1;;;0;;;;;0;1;0;0;11000022;5;15;5;1;0;0;0;1;0;0
1000000397;20000010;200000336;2021;21;2;1;1;;00003169;00000002;;;1;0;1;;1;;0;;;;;;;0;1;0;0;11000001;5;16;5;1;0;0;0;1;0;0
1000000398;20000052;200000337;2021;9;1;1;1;;00001224;00000005;;00002213;1;0;0;;;;;;;;;;;;1;0;0;11000007;;2;5;1;0;0;0;1;0;0
1000000399;20000104;200000338;2021;14;1;0;1;;00004424;00000004;00000020;00000815;1;0;1;;;;;;;0;;;;0;1;0;0;11000014;9;2;5;1;0;0;0;1;0;0
1000000401;20000193;200000339;2021;9;2;2;1;;00004064;00000004;00000010;00004562;1;0;0;;;0;;0;;;0;;;0;1;0;0;11000027;9;2;1;1;0;0;0;1;0;0
1000000402;20000205;200000340;2021;8;1;1;1;;00003223;00000002;;00000121;1;0;1;;;;;;;0;0;;0;0;1;1;0;11000029;5;17;5;1;0;0;0;1;0;0
1000000403;20000027;200000341;2021;17;1;0;1;;00003040;00000001;;00000648;1;0;;;;;;;;;0;;;0;1;0;0;11000003;5;;5;1;0;0;0;1;0;0
1000000404;20000106;200000342;2021;20;1;1;1;;00001574;00000006;00000007;;1;0;0;;;;;0;;0;;;;0;1;0;0;11000015;5;70;5;1;0;0;0;1;0;0
1000000405;20000097;200000343;2021;14;2;3;1;;00003586;00000001;;00002634;2;0;0;;;;;;;;;;;0;1;0;0;11000013;5;1;5;1;0;0;0;1;0;0
1000000407;20000129;200000344;2021;13;2;0;1;;00003425;00000006;00000013;;1;0;0;;;;;1;;0;;;;1;1;0;0;11000018;2;;5;1;0;0;0;1;0;0
1000000408;20000157;200000345;2021;14;2;0;1;;00001057;00000006;00000020;;1;0;0;;0;;;;;;;;0;0;1;0;0;11000022;5;14;5;1;0;0;0;1;0;0
1000000409;20000106;200000346;2021;17;1;3;1;;00004476;00000004;;00000446;2;0;0;0;;;;;;;;;;0;1;0;0;11000015;5;70;5;1;0;0;0;1;0;0
1000000410;20000022;200000347;2021;14;2;3;1;;00000930;00000001;00000008;00002214;1;0;0;;;1;;;0;0;;;;0;1;0;0;11000003;9;17;5;1;0;0;0;1;0;0
1000000411;20000145;200000348;2021;18;2;3;1;;00004235;00000002;00000010;00004557;1;0;0;;;;;;;;;;;0;1;0;0;11000020;5;15;5;1;0;0;0;1;0;0
1000000414;20000020;200000350;2021;16;2;0;1;;00002231;00000006;00000019;00004310;1;0;0;;;;;;;;;;;0;1;0;0;11000002;4;19;5;1;0;0;0;1;0;1
1000000415;20000180;200000351;2021;16;1;1;1;;00004000;00000005;00000003;00005136;1;0;0;;;;;;0;;;;;0;1;0;0;11000025;9;;5;1;0;0;0;1;0;0
1000000416;20000209;200000352;2021;13;1;0;1;;00005227;00000005;00000025;;1;0;0;;;;;0;;;;;0;0;1;;0;11000029;9;14;1;1;0;0;0;1;0;1
1000000417;20000070;200000353;2021;19;2;1;1;;00003598;00000003;;00001461;1;0;1;;;;;;;;;0;;0;1;0;0;11000009;2;17;5;1;0;0;0;1;0;1
1000000418;20000140;200000354;2021;17;1;3;1;;00004570;00000002;00000023;00001252;1;0;1;;;;;;;0;;0;;0;1;0;0;11000019;9;2;6;1;0;0;0;1;0;0
1000000419;20000091;200000355;2021;15;2;3;1;;00000786;00000006;;00000680;2;0;0;;;1;;;;;;;;0;1;0;0;11000012;9;26;6;1;0;0;0;1;0;0
1000000420;20000023;200000356;2021;14;1;1;1;;00000890;00000006;00000009;;1;0;1;0;;;;;;;0;;;0;1;1;0;11000003;9;40;5;1;0;0;0;1;0;0
1000000421;20000216;200000357;2021;10;1;0;1;;00003826;00000003;00000017;00001993;2;0;0;0;0;1;;;;;;;0;0;1;0;0;11000030;5;16;5;1;0;0;0;1;0;0
1000000422;20000133;200000358;2021;37;1;3;1;;00000543;00000003;00000003;00001682;1;0;0;;0;;;0;;;;;0;0;1;0;0;11000018;5;2;5;1;0;0;0;1;0;0
1000000423;20000038;200000359;2021;19;1;1;1;;00000912;00000004;00000026;00004423;1;0;1;0;;;;;;;;0;;0;1;0;0;11000005;5;21;5;1;0;0;0;1;0;0
1000000424;20000096;200000360;2021;9;2;1;1;;00003443;00000003;00000024;;2;0;0;0;;;;;;;0;;;;1;0;0;11000013;5;27;5;1;1;0;0;1;0;0
1000000426;20000111;200000361;2021;10;1;0;1;;00001409;00000004;;;1;0;1;;;;;1;;;;;;0;1;0;0;11000015;9;2;3;1;0;0;0;1;0;0
1000000427;20000131;200000362;2021;11;2;3;1;;00001944;00000002;00000018;00004661;1;0;0;;0;1;;0;0;;;;;0;1;0;0;11000018;5;14;5;1;0;0;0;1;0;0
1000000428;20000051;200000363;2021;7;2;0;1;;00000786;00000002;00000025;00004809;1;0;0;;;;;;;0;0;;;0;1;;0;11000007;5;19;5;1;0;0;0;1;0;0
1000000429;20000153;200000364;2021;9;2;3;1;;00001341;00000007;00000001;00003240;1;0;0;0;;;0;;;;;0;;0;1;0;0;11000021;9;18;5;1;0;0;0;1;0;0
1000000430;20000071;200000365;2021;9;2;1;1;;00000259;00000004;00000027;;1;0;0;0;;;;0;;;;;0;0;1;0;0;11000010;5;1;5;1;0;0;0;1;0;0
1000000433;20000187;200000366;2021;14;1;0;1;;00000117;00000001;;00001104;2;0;0;;;;;;;0;;;;0;1;0;;11000026;5;16;5;1;0;0;0;1;0;0
1000000434;20000102;200000367;2021;22;1;1;1;;00001792;00000006;00000015;00003706;1;0;0;;;;;0;;;;0;;0;1;0;0;11000014;4;1;5;1;0;0;0;1;0;1
1000000435;20000011;200000368;2021;15;2;0;1;;00001272;00000001;;00005223;1;0;0;;;;;;;0;;;0;0;1;0;0;11000001;5;19;5;1;0;0;0;1;0;0
1000000437;20000113;200000369;2021;12;2;0;1;;00000296;00000005;00000023;;1;0;0;;;;0;;;;1;;;0;1;0;0;11000016;5;17;5;1;0;0;0;1;0;0
1000000438;20000035;200000370;2021;14;2;3;1;;00000117;00000003;;;1;0;0;;;;;;0;;;;;0;1;;0;11000004;9;;5;1;0;0;0;1;0;0
1000000439;20000178;200000371;2021;10;1;1;1;;00003846;00000005;00000026;;1;0;1;;0;;;;;;;;;0;1;;0;11000025;5;1;5;1;0;0;0;1;0;0
1000000440;20000133;200000372;2021;8;1;2;1;;00004523;00000003;;;1;0;0;;;;;;;;;;;0;1;0;0;11000018;5;2;5;1;0;0;0;1;0;0
1000000443;20000099;200000374;2021;5;2;0;1;;00004865;00000001;00000017;;1;0;0;;;;0;;;;;;;0;1;0;;11000014;5;14;5;1;0;0;0;1;0;0
1000000444;20000152;200000375;2021;13;2;0;1;;00004786;00000006;00000010;;1;0;0;0;0;;;;0;;;;;;1;0;0;11000021;5;1;5;1;0;0;0;1;0;0
1000000446;20000206;200000376;2021;16;2;0;1;;00003097;00000003;00000004;00002158;1;0;0;;;;;;;0;;0;;0;1;0;0;11000029;;25;5;1;0;0;0;1;0;0
1000000447;20000075;200000377;2021;19;1;1;1;;00003040;00000001;00000023;;1;0;1;;;;;;0;;;;;0;1;0;0;11000010;5;21;3;1;0;0;0;1;0;0
1000000449;20000174;200000379;2021;15;2;1;1;;00003789;00000005;;00000029;1;0;0;;;;;;;0;;;;0;1;0;0;11000024;9;;5;1;0;0;0;1;0;0
1000000450;20000054;200000380;2021;17;1;2;1;;00001507;00000007;00000009;00000450;1;0;1;;;;;0;;;;0;;0;1;0;0;11000007;5;;5;1;0;0;0;1;0;0
1000000452;20000119;200000381;2021;7;1;1;1;;00003030;00000007;00000014;00001428;1;0;0;;;;0;;;;;;;0;1;0;0;11000016;5;17;1;1;0;0;0;1;0;0
1000000453;20000217;200000382;2021;8;2;4;1;;00003012;00000005;;00002612;1;0;0;0;;;;;;;0;0;;0;1;;1;11000030;5;21;6;1;0;0;0;1;0;0
1000000454;20000090;200000383;2021;17;2;2;1;;00001219;00000007;00000008;;1;0;0;0;;;;0;;;;;;0;1;0;0;11000012;5;15;5;1;0;0;0;1;0;0
1000000456;20000197;200000384;2021;12;2;1;1;;00003856;00000002;;00001449;1;0;0;;;0;;;;;;;;0;1;0;0;11000028;9;41;5;1;0;0;0;1;0;0
1000000462;20000206;200000387;2021;5;1;3;1;;00000731;00000007;00000016;00000225;1;0;0;;;0;;0;;0;0;;0;0;1;0;0;11000029;5;25;5;1;0;0;0;1;0;0
1000000463;20000034;200000388;2021;14;1;0;1;;00003340;00000001;00000022;;1;0;0;;;;0;;;;;;;0;1;1;0;11000004;5;1;5;1;0;0;0;1;0;0
1000000465;20000115;200000389;2021;8;1;3;1;;00005033;00000001;00000006;00004154;1;0;0;;;;;;;;;;;0;1;0;0;11000016;;19;5;1;0;0;0;1;0;0
1000000467;20000105;200000390;2021;16;2;0;1;;00002400;00000006;00000027;;1;0;0;;;;;;;;;;;0;1;0;0;11000014;5;22;5;1;0;0;0;1;0;0
1000000468;20000019;200000391;2021;17;1;0;1;;00001316;00000004;00000023;00002103;1;0;0;;1;;;;;;;0;0;0;1;1;0;11000002;5;19;1;1;0;0;0;1;0;0
1000000469;20000200;200000392;2021;20;2;0;1;;00004772;00000003;;00000770;2;0;0;;;1;;;;;0;;;0;1;;0;11000028;5;27;5;1;0;0;0;1;0;0
1000000471;20000018;200000394;2021;15;2;3;1;;00003385;00000004;00000010;;1;0;0;;;0;;;;;;;;0;1;0;0;11000002;2;2;5;1;0;0;0;1;0;0
1000000472;20000197;200000395;2021;21;1;3;1;;00004185;00000004;00000008;00000949;1;0;0;;;;;;0;;;;;0;1;0;0;11000028;5;41;5;1;0;0;0;1;0;0
1000000474;20000172;200000396;2021;10;2;3;1;;00004290;00000005;00000003;00000710;1;0;0;;;;;;;;;;;0;1;0;0;11000024;5;1;5;1;0;0;0;1;0;0
1000000475;20000198;200000397;2021;10;2;1;1;;00002785;00000004;00000024;00003065;1;0;0;;;;0;;;;0;0;;0;1;0;0;11000028;9;41;5;1;0;0;0;1;0;1
1000000476;20000019;200000398;2021;18;2;1;1;;00004211;00000002;;00000381;1;0;0;;;;;;;;;0;;0;1;0;0;11000002;2;19;1;1;0;0;0;1;0;1
1000000478;20000089;200000399;2021;16;1;3;1;;00002137;00000005;00000005;00001793;1;0;0;;;;;;;0;;;;0;1;0;0;11000012;5;14;5;1;0;0;0;1;0;0
1000000480;20000043;200000400;2021;12;1;0;1;;00000091;00000003;;;1;0;0;;;1;;0;;;;;;0;1;0;0;11000006;5;14;5;1;1;0;0;1;0;0
1000000481;20000084;200000401;2021;18;1;0;1;;00002334;00000005;00000027;00003639;1;1;1;;;;0;0;;;;;;0;1;0;0;11000011;;19;5;1;0;0;0;1;0;0
1000000482;20000001;200000402;2021;5;2;1;1;;00003907;00000006;;;1;0;1;;0;;;0;;;;;;0;1;0;0;11000000;9;14;5;1;0;0;0;1;0;0
1000000484;20000201;200000403;2021;4;1;1;1;;00000844;00000005;00000003;;1;0;0;;;;0;;;;0;;;0;1;0;0;11000028;2;2;5;1;0;0;0;1;0;0
1000000486;20000043;200000405;2021;4;1;3;1;;00003218;00000006;00000006;;1;0;0;;0;;0;;;;;0;;0;1;0;0;11000006;2;14;5;1;0;0;0;1;0;1
1000000488;20000215;200000406;2021;14;2;3;1;;00002689;00000005;00000024;00000105;1;0;0;;0;;;;;0;0;;;;1;0;0;11000030;5;1;5;1;0;0;0;1;0;0
1000000489;20000081;200000407;2021;15;1;0;1;;00005319;00000007;00000002;00001918;1;0;0;;;;;;;0;;;;0;1;0;0;11000011;4;20;5;1;0;0;0;1;0;0
1000000491;20000118;200000408;2021;10;2;1;1;;00001791;00000002;;;1;0;0;;0;;0;;;;;;;;1;0;0;11000016;9;2;5;1;0;0;0;1;0;0
1000000492;20000049;200000409;2021;5;1;1;1;;00003150;00000003;;;1;1;0;;;;;;;0;0;;0;0;1;0;0;11000006;4;16;5;1;0;0;0;1;0;0
1000000494;20000202;200000410;2021;10;1;0;1;;00005119;00000003;00000003;;1;0;0;;1;;;1;;;;;;0;1;0;0;11000028;5;2;5;1;0;0;0;1;0;0
1000000495;20000012;200000411;2021;16;1;1;1;;00001204;00000007;;;1;1;0;;;;;;;;;;0;0;1;0;0;11000001;2;18;5;1;0;0;0;1;0;1
1000000496;20000128;200000412;2021;6;2;3;1;;00005477;00000004;;;1;0;0;;;;;;0;0;;0;;0;1;0;0;11000018;5;17;5;1;0;0;0;1;0;0
1000000498;20000170;200000414;2021;16;1;1;1;;00002942;00000002;00000015;00001258;1;0;1;;;;;1;;;;1;;0;1;0;0;11000024;9;19;5;1;0;0;0;1;0;0
1000000499;20000150;200000415;2021;15;1;3;1;;00002850;00000006;00000003;;1;0;0;;;1;;;0;;;0;;0;1;0;1;11000021;5;1;5;1;0;0;0;1;0;0
1000000501;20000176;200000416;2021;16;2;3;1;;00001294;00000004;;00002023;1;0;0;;;;;;;;;;;0;1;0;0;11000025;5;1;5;1;0;0;0;1;0;0
1000000502;20000091;200000417;2021;9;1;0;1;;00004457;00000001;00000013;00003379;1;0;0;;;;;;;;;;;0;1;0;0;11000012;5;26;6;1;0;0;0;1;0;0
1000000503;20000074;200000418;2021;19;2;1;1;;00001333;00000001;00000009;;2;0;0;0;;0;;0;;;;;;;1;0;0;11000010;5;15;5;1;0;0;0;1;0;0
1000000505;20000104;200000420;2021;4;1;3;1;;00000794;00000004;;00000436;1;0;0;;;;;0;0;;;0;;0;1;0;;11000014;5;2;5;1;0;0;0;1;0;0
1000000507;20000018;200000421;2021;16;1;3;1;;00004190;00000005;00000012;00004148;1;0;0;;0;;;;;;;;;0;1;0;;11000002;5;2;5;1;0;0;0;1;0;0
1000000509;20000179;200000422;2021;12;2;1;1;;00004089;00000002;;00001935;1;0;0;;1;;0;;;;;0;;;1;0;0;11000025;9;21;6;1;0;0;0;1;0;1
1000000510;20000179;200000423;2021;16;2;1;1;;00003164;00000006;00000005;00000415;1;0;0;0;;;;;;;;0;;0;1;0;0;11000025;9;21;6;1;0;0;0;1;0;0
1000000511;20000185;200000424;2021;6;2;3;1;;00004372;00000001;;00004418;1;0;0;;;;;;;;;;;0;1;0;0;11000026;5;19;5;1;0;0;0;1;0;0
1000000513;20000047;200000425;2021;13;2;0;1;;00002302;00000001;00000011;;1;0;;0;;1;;;;;;;;0;1;0;0;11000006;5;2;5;1;0;0;0;1;0;0
1000000515;20000090;200000427;2021;11;1;1;1;;00002860;00000007;00000018;;1;0;1;;;;;;0;0;;0;;0;1;0;0;11000012;9;15;5;1;0;0;0;1;0;0
1000000516;20000198;200000428;2021;16;2;1;1;;00002482;00000003;00000021;;1;0;1;;;;;;;;;;;0;1;0;0;11000028;5;41;5;1;0;0;0;1;0;0
1000000517;20000014;200000429;2021;13;2;3;1;;00002191;00000007;;00004699;1;0;0;;;;;;;;;;;0;1;0;0;11000001;;1;5;1;0;0;0;1;0;0
1000000518;20000020;200000430;2021;11;1;0;1;;00004686;00000006;00000024;00003887;1;0;1;;;;;;0;;;;;0;1;0;0;11000002;9;19;5;1;0;0;0;1;0;0
1000000519;20000143;200000431;2021;18;2;0;1;;00003313;00000006;00000008;;1;0;0;;;;;0;0;;;;;;1;0;0;11000020;5;2;5;1;0;0;0;1;0;0
1000000520;20000122;200000432;2021;19;2;3;1;;00004932;00000002;;;1;0;0;0;;;;0;;;;;;0;1;0;0;11000017;2;;5;1;0;0;0;1;0;1
1000000522;20000193;200000433;2021;5;1;4;1;;00003128;00000002;;;1;0;0;;;;;0;;;;;;0;1;0;0;11000027;5;2;1;1;0;0;0;1;0;0
1000000524;20000100;200000434;2021;8;2;1;1;;00001091;00000007;;;1;0;0;;;;;;;;;;;0;1;0;0;11000014;5;16;5;1;0;0;0;1;0;0
1000000526;20000155;200000436;2021;15;2;3;1;;00004381;00000002;00000025;00004560;1;0;1;;;;;;0;;;;;0;1;0;0;11000022;5;25;5;1;0;0;0;1;0;0
1000000529;20000153;200000437;2021;13;1;3;1;;00000397;00000004;00000022;00002653;1;0;0;;;;;;0;;0;;;0;1;0;0;11000021;5;18;5;1;0;0;0;1;0;0
1000000530;20000210;200000438;2021;5;1;0;1;;00002648;00000001;00000015;;1;0;0;0;;;;;0;;;;;0;1;0;0;11000029;5;14;5;1;0;0;0;1;0;0
1000000531;20000168;200000439;2021;12;2;3;1;;00001792;00000003;;00003827;1;0;0;;;;;0;;;;;0;0;1;0;0;11000023;5;15;5;1;0;0;0;1;0;0
1000000533;20000107;200000441;2021;8;1;3;1;;00003641;00000004;00000011;;1;0;0;0;;0;;0;;;;;;0;1;0;0;11000015;9;15;5;1;0;0;0;1;0;0
1000000535;20000170;200000443;2021;14;2;3;1;;00003551;00000004;00000014;00001917;1;0;0;;;;;;0;;;;;0;1;0;0;11000024;9;19;5;1;0;0;0;1;0;0
1000000536;20000134;200000444;2021;15;1;3;1;;00001303;00000004;00000005;00003681;1;0;0;;;;;;;;;;;0;1;0;;11000019;5;1;5;1;0;0;0;1;0;0
1000000538;20000029;200000445;2021;9;2;1;1;;00003327;00000002;00000001;00001876;1;0;1;;;1;;;;;0;;;0;1;0;1;11000004;5;;5;1;0;0;0;1;0;0
1000000539;20000108;200000446;2021;12;2;0;1;;00004886;00000005;;;1;1;1;;;;;0;;;;;;0;1;0;0;11000015;9;20;5;1;0;0;0;1;0;0
1000000540;20000106;200000447;2021;7;1;0;1;;00000916;00000003;00000001;;1;0;0;;;;;;0;;;0;;0;1;0;0;11000015;;70;5;1;0;0;0;1;0;0
1000000541;20000074;200000448;2021;29;2;3;1;;00002546;00000001;;00003575;1;0;1;;;;;;;;;;;0;1;1;0;11000010;5;15;5;1;0;0;0;1;0;0
1000000542;20000115;200000449;2021;9;1;1;1;;00000524;00000007;00000027;00004333;1;0;;;;;;;;;;;;;1;0;0;11000016;5;19;5;1;0;0;0;1;0;0
1000000544;20000175;200000451;2021;18;1;0;1;;00002270;00000003;00000020;00002125;1;0;0;;;;;;;;;;;0;1;0;0;11000024;5;17;5;1;0;0;0;1;0;0
1000000545;20000190;200000452;2021;6;1;3;1;;00003292;00000001;;00000892;1;0;0;;;;;;;;;;0;0;1;0;0;11000027;5;18;5;1;0;0;0;1;0;0
1000000546;20000178;200000453;2021;8;2;1;1;;00000683;00000002;00000016;;2;0;0;;0;1;;;;;0;;0;0;1;0;0;11000025;5;1;5;1;0;0;0;1;0;0
1000000547;20000068;200000454;2021;12;1;1;1;;00000105;00000002;;;1;0;1;;;;;;;;0;;;0;1;0;0;11000009;5;71;5;1;0;0;0;1;0;0
1000000552;20000195;200000455;2021;7;1;3;1;;00000208;00000007;;00004864;1;0;0;;;;;;;;;;;0;1;0;0;11000027;5;2;1;1;0;0;0;1;0;0
1000000556;20000163;200000456;2021;4;2;1;1;;00001151;00000002;00000008;;1;0;0;0;;;;;;;;0;;0;1;0;0;11000023;2;16;5;1;0;0;0;1;0;1
1000000558;20000100;200000458;2021;4;1;1;1;;00004004;00000005;00000018;00004370;1;0;0;0;1;0;;1;;;;;;0;1;0;0;11000014;5;16;5;1;0;0;0;1;0;0
1000000560;20000085;200000460;2021;19;2;3;1;;00001628;00000007;00000027;;1;0;0;0;;;;0;;;;0;;0;1;0;0;11000012;5;69;5;1;0;0;0;1;0;0
1000000561;20000198;200000461;2021;12;2;0;1;;00005533;00000004;00000023;00003157;1;1;0;;1;;;;;;;;0;0;1;0;0;11000028;5;41;5;1;0;0;0;1;0;0
1000000564;20000097;200000464;2021;13;2;3;1;;00001062;00000004;00000006;;2;0;0;;1;;;;;;;;0;0;1;1;0;11000013;5;1;5;1;0;0;0;1;0;0
1000000565;20000128;200000465;2021;11;1;1;1;;00005027;00000001;;;1;0;0;;;;;;;;;0;;;1;0;0;11000018;9;17;5;1;0;0;0;1;0;0
1000000566;20000175;200000466;2021;6;2;3;1;;00002544;00000003;00000025;00004276;1;0;0;;0;;;;;;;0;;0;1;0;0;11000024;5;17;5;1;0;0;0;1;0;0
1000000567;20000192;200000467;2021;12;2;0;1;;00004523;00000007;00000026;00003845;1;0;0;;;;;;;;;;0;0;1;0;0;11000027;5;2;5;1;0;0;0;1;0;0
1000000568;20000116;200000468;2021;9;1;2;1;;00002625;00000006;00000014;00005246;2;0;0;;;;;;;;;;;0;1;0;0;11000016;9;19;5;1;0;0;0;1;0;0
1000000569;20000191;200000469;2021;6;2;3;1;;00000413;00000001;00000026;00001062;1;0;0;;;;;;;;;;;0;1;0;0;11000027;9;25;5;1;0;0;0;1;0;0
1000000570;20000189;200000470;2021;8;1;0;1;;00003763;00000006;00000025;00003562;1;0;0;0;;;;;;;;;;0;1;0;0;11000026;9;;5;1;0;0;0;1;0;0
1000000571;20000205;200000471;2021;12;2;3;1;;00003018;00000001;00000001;00004342;1;0;0;;0;1;;;;;;;;0;1;0;0;11000029;5;17;5;1;0;0;0;1;0;0
1000000573;20000098;200000473;2021;15;1;1;1;;00004435;00000004;00000018;;1;0;1;;;;;;;;0;;;0;1;0;;11000013;9;2;5;1;0;0;0;1;0;0
1000000574;20000030;200000474;2021;12;1;0;1;;00002033;00000007;;00003896;1;0;0;;;;;;;;;;;0;1;0;0;11000004;5;25;5;1;0;0;0;1;0;0
1000000575;20000026;200000475;2021;8;1;3;1;;00004651;00000003;;00003100;1;0;1;;;;0;0;;0;;;;0;1;0;0;11000003;2;17;5;1;0;0;0;1;0;0
1000000578;20000046;200000476;2021;18;2;0;1;;00002674;00000006;00000009;00001128;1;0;0;;;0;0;;;;;;;0;1;0;0;11000006;5;17;5;1;0;0;0;1;0;0
1000000580;20000081;200000477;2021;12;2;0;1;;00002664;00000001;00000004;00001774;1;0;0;0;;;;0;;;0;;;0;1;1;0;11000011;5;20;5;1;0;0;0;1;0;0
1000000581;20000197;200000478;2021;4;1;3;1;;00005164;00000007;;;2;0;1;;;;;;;0;0;;;0;1;0;0;11000028;9;41;5;1;0;0;0;1;0;0
1000000584;20000088;200000480;2021;12;1;0;1;;00002009;00000007;00000002;00002456;1;1;0;;;;;;;0;;;;0;1;0;0;11000012;4;56;5;1;0;0;0;1;0;0
1000000589;20000008;200000483;2021;7;2;1;1;;00001204;00000002;00000012;00000676;1;0;0;0;;;;;0;;;;;0;1;0;0;11000001;9;41;5;1;0;0;0;1;0;1
1000000590;20000075;200000484;2021;13;2;0;1;;00005025;00000007;;;1;0;0;;;;0;;;0;;;;0;1;;0;11000010;;21;3;1;0;0;0;1;0;0
1000000591;20000138;200000485;2021;5;1;3;1;;00003548;00000002;00000007;00003236;1;0;1;;;;;0;;;;;;0;1;0;0;11000019;5;56;5;1;0;0;0;1;0;0
1000000592;20000133;200000486;2021;17;1;1;1;;00003946;00000001;00000013;;1;0;0;;;;;;;;;;0;1;1;0;0;11000018;5;2;5;1;0;0;0;1;0;0
1000000594;20000105;200000487;2021;19;1;3;1;;00002718;00000001;00000003;;2;0;0;;;1;;;;;;;0;0;1;0;0;11000014;5;22;5;1;1;0;0;1;0;0
1000000595;20000084;200000488;2021;10;1;3;1;;00000254;00000007;00000026;;1;0;0;0;;;;;0;0;;;;0;1;;0;11000011;5;19;5;1;0;0;0;1;0;0
1000000596;20000134;200000489;2021;9;1;3;1;;00003122;00000004;00000008;00000759;1;0;0;;;;;;;;;0;;0;1;0;0;11000019;5;1;5;1;0;0;0;1;0;0
1000000599;20000167;200000491;2021;10;2;1;1;;00005569;00000006;;;2;0;0;0;;1;0;0;;;0;;;0;1;0;0;11000023;9;14;5;1;0;0;0;1;0;0
1000000600;20000004;200000492;2021;10;1;0;1;;00000742;00000006;00000002;;1;0;0;;1;;0;;;0;;;;0;1;1;0;11000000;5;15;5;1;0;0;0;1;0;0
1000000601;20000122;200000493;2021;13;2;1;1;;00004564;00000007;;00000447;1;0;0;;;;0;;;;;;;0;1;0;0;11000017;5;;5;1;0;0;0;1;0;0
1000000603;20000131;200000494;2021;13;2;3;1;;00002336;00000007;;00002323;1;0;1;;;;;;0;;0;;;0;1;0;0;11000018;9;14;5;1;0;0;0;1;0;0
1000000606;20000024;200000497;2021;6;1;1;1;;00003796;00000007;00000013;00001835;1;0;0;;;;;0;;;0;;;0;1;0;0;11000003;5;;5;1;0;0;0;1;0;0
1000000608;20000053;200000498;2021;10;1;3;1;;00004725;00000007;;;1;0;0;;;;0;0;;;;;;0;1;0;0;11000007;5;41;5;1;0;0;0;1;0;0
1000000609;20000125;200000499;2021;9;1;0;1;;00004706;00000006;;00005021;1;0;0;0;;;;;;;;;;0;1;0;0;11000017;5;1;5;1;0;0;0;1;0;0
1000000610;20000030;200000500;2021;10;1;1;1;;00004383;00000001;00000021;;1;1;0;;;;;;;;;;;0;1;0;0;11000004;5;25;5;1;0;0;0;1;0;0
1000000612;20000199;200000501;2021;7;2;3;1;;00003764;00000005;00000010;00000085;1;0;1;;;;0;;;;;;0;0;1;0;0;11000028;9;;5;1;0;0;0;1;0;0
1000000613;20000150;200000502;2021;11;2;1;1;;00004195;00000007;00000006;;1;0;0;;1;;;;;;;0;;0;1;0;0;11000021;5;1;5;1;0;0;0;1;0;0
1000000614;20000077;200000503;2021;5;2;1;1;;00004003;00000006;00000012;00003984;1;0;1;;;;0;;;;0;;;0;1;0;0;11000010;9;2;5;1;0;0;0;1;0;0
1000000615;20000105;200000504;2021;4;1;1;1;;00004884;00000002;;00002286;2;0;1;;;;;0;;;;;;0;1;0;;11000014;2;22;5;1;0;0;0;1;0;1
1000000617;20000182;200000505;2021;12;2;3;1;;00005164;00000003;00000004;00004813;2;0;0;;;1;;;;0;;;0;0;1;0;1;11000025;9;1;5;1;0;0;0;1;0;0
1000000618;20000009;200000506;2021;10;2;0;1;;00003347;00000002;00000024;;1;0;0;;;;;0;;;;;;0;1;0;0;11000001;5;19;5;1;0;0;0;1;0;0
1000000620;20000008;200000507;2021;10;1;1;1;;00005229;00000001;00000009;00004179;2;0;1;0;;;;;;;;;0;0;1;0;0;11000001;9;41;5;1;0;0;0;1;0;0
1000000621;20000129;200000508;2021;18;1;0;1;;00000475;00000007;00000010;00003701;2;0;0;;;;0;;;;;;;0;1;0;0;11000018;;;5;1;0;0;0;1;0;0
1000000623;20000194;200000509;2021;6;1;0;1;;00000823;00000004;00000027;;1;0;0;;;;;;;;;;;0;1;;0;11000027;5;1;5;1;0;0;0;1;0;0
1000000624;20000105;200000510;2021;16;2;3;1;;00001908;00000003;00000023;00003679;2;0;0;;;;;;;;;0;;0;1;0;0;11000014;5;22;5;1;0;0;0;1;0;0
1000000625;20000159;200000511;2021;7;2;1;1;;00003048;00000005;00000021;00002511;2;0;0;;0;;;;0;;;;0;0;1;0;0;11000022;5;19;5;1;0;0;0;1;0;0
1000000626;20000114;200000512;2021;13;2;3;1;;00000941;00000004;00000025;00004917;1;0;0;0;0;;;;;0;;;;0;1;0;0;11000016;5;16;5;1;0;0;0;1;0;0
1000000627;20000158;200000513;2021;17;1;0;1;;00002007;00000006;;00001849;1;0;0;;0;;;;;;;;;0;1;0;0;11000022;5;1;5;1;0;0;0;1;0;0
1000000628;20000118;200000514;2021;7;2;3;1;;00001492;00000003;00000009;00004556;1;0;0;0;;;;0;;;;0;;0;1;0;;11000016;5;2;5;1;0;0;0;1;0;0
1000000629;20000143;200000515;2021;10;2;0;1;;00001671;00000001;;00001566;1;0;0;;0;;;;;;;0;;;1;0;0;11000020;2;2;5;1;0;0;0;1;0;0
1000000631;20000180;200000516;2021;12;1;0;1;;00003004;00000001;00000015;;1;0;0;;;1;;;;;;;;0;1;0;0;11000025;9;;5;1;0;0;0;1;0;0
1000000632;20000058;200000517;2021;12;2;1;1;;00003165;00000002;00000025;00005404;1;1;0;;;;;;0;;;;;0;1;0;0;11000008;9;2;5;1;0;0;0;1;0;0
1000000637;20000063;200000521;2021;9;1;3;1;;00003273;00000003;;00003939;1;0;0;;0;1;0;;;;;0;;0;1;0;0;11000008;5;18;1;1;0;0;0;1;0;0
1000000638;20000100;200000522;2021;5;2;1;1;;00003430;00000006;;00004458;2;0;1;;;;0;;;;;;0;0;1;0;0;11000014;5;16;5;1;0;0;0;1;0;0
1000000639;20000147;200000523;2021;7;1;3;1;;00003037;00000006;;00000914;1;0;0;;;;;;;;;;;0;1;0;0;11000020;5;1;5;1;0;0;0;1;0;0
1000000640;20000080;200000524;2021;13;2;1;1;;00004404;00000001;00000017;00003370;1;0;1;;;;;0;0;;0;;0;0;1;0;0;11000011;5;21;5;1;0;0;0;1;0;0
1000000642;20000053;200000526;2021;18;1;1;1;;00004703;00000001;00000007;00002133;1;0;0;;;;;;;0;;;0;0;1;0;0;11000007;5;41;5;1;0;0;0;1;0;0
1000000644;20000071;200000528;2021;9;1;0;1;;00005332;00000002;00000012;00005033;1;0;1;0;0;0;;;0;;0;;;0;1;0;0;11000010;5;1;5;1;0;0;0;1;0;0
1000000645;20000170;200000529;2021;7;1;3;1;;00000534;00000001;00000015;;1;0;0;;;;;;;;;0;;0;1;0;0;11000024;5;19;5;1;0;0;0;1;0;0
1000000646;20000119;200000530;2021;9;1;0;1;;00000165;00000001;;00000814;1;0;0;;0;;;0;;;;0;;0;1;0;0;11000016;5;17;1;1;0;0;0;1;0;0
1000000647;20000190;200000531;2021;11;2;1;1;;00003523;00000007;00000011;00002607;1;0;0;;;;;;;;;;0;0;1;0;0;11000027;5;18;5;1;0;0;0;1;0;0
1000000649;20000074;200000532;2021;4;2;3;1;;00001289;00000006;00000003;00002189;1;0;0;;;;;0;;;;;;0;1;0;0;11000010;9;15;5;1;0;0;0;1;0;0
1000000650;20000141;200000533;2021;12;1;0;1;;00004598;00000005;;00004241;1;0;0;;;;0;;0;;0;;0;0;1;0;0;11000020;5;15;5;1;0;0;0;1;0;0
1000000654;20000029;200000535;2021;9;2;1;1;;00003879;00000005;;00000897;2;0;0;;;0;0;;;0;;;;0;1;0;0;11000004;5;;5;1;0;0;0;1;0;0
1000000655;20000085;200000536;2021;10;1;0;1;;00001356;00000007;;00002800;1;0;0;;;;;1;;;;0;;0;1;0;0;11000012;5;69;5;1;0;0;0;1;0;0
1000000657;20000051;200000537;2021;14;2;0;1;;00001078;00000007;00000001;00005217;1;0;0;0;;;;0;;;;;0;0;1;0;0;11000007;5;19;5;1;0;0;0;1;0;0
1000000658;20000132;200000538;2021;10;2;0;1;;00003684;00000002;00000027;00003576;1;0;0;;;;0;;0;0;;;;0;1;0;0;11000018;5;14;5;1;0;0;0;1;0;0
1000000659;20000055;200000539;2021;13;1;1;1;;00002896;00000003;;;1;0;0;;;1;;;;;;;;0;1;0;0;11000007;9;1;5;1;0;0;0;1;0;0
1000000660;20000192;200000540;2021;6;1;1;1;;00001805;00000006;;;1;0;0;;;;0;;;;0;;;0;1;;0;11000027;5;2;5;1;0;0;0;1;0;0
1000000662;20000196;200000542;2021;11;2;1;1;;00004359;00000006;;;1;0;0;0;;;;;;;;;;0;1;0;0;11000027;9;21;2;1;0;0;0;1;0;0
1000000664;20000087;200000544;2021;12;2;2;1;;00004003;00000007;00000013;00004250;2;0;0;;;;;;;;;;;0;1;0;0;11000012;5;26;5;1;0;0;0;1;0;0
1000000665;20000105;200000545;2021;6;1;3;1;;00004414;00000006;00000025;00005187;1;1;0;;;;;0;;;;;;0;1;0;0;11000014;5;22;5;1;0;0;0;1;0;0
1000000666;20000205;200000546;2021;18;2;0;1;;00002128;00000003;00000005;;2;0;0;;;;;;;;;;;0;1;0;0;11000029;9;17;5;1;0;0;0;1;0;0
1000000667;20000155;200000547;2021;17;1;0;1;;00002250;00000001;;00000399;1;0;0;;;;;;;;;;;0;1;0;0;11000022;5;25;5;1;0;0;0;1;0;0
1000000668;20000107;200000548;2021;5;2;1;1;;00000476;00000002;00000025;00003793;1;0;0;;;;0;0;0;;;;;0;1;0;0;11000015;5;15;5;1;0;0;0;1;0;0
1000000669;20000022;200000549;2021;13;2;3;1;;00002983;00000006;;;1;0;;;;1;;;0;;;;0;0;1;0;0;11000003;;17;5;1;0;0;0;1;0;0
1000000672;20000176;200000551;2021;14;2;2;1;;00001094;00000004;00000023;00002337;1;0;0;;0;;;;;0;;0;;0;1;0;0;11000025;9;1;5;1;0;0;0;1;0;0
1000000673;20000056;200000552;2021;17;2;1;1;;00002574;00000002;00000023;;1;0;0;0;;;;;;;0;0;;0;1;0;0;11000007;4;19;5;1;0;0;0;1;0;0
1000000676;20000133;200000553;2021;12;1;1;1;;00004542;00000002;;;1;0;0;;;;;;0;0;;;;0;1;1;0;11000018;2;2;5;1;0;0;0;1;0;1
1000000678;20000203;200000554;2021;13;1;0;1;;00005328;00000002;;00002721;1;1;0;;0;;;;;;;;;0;1;0;0;11000028;5;1;5;1;0;0;0;1;0;0
1000000679;20000193;200000555;2021;11;2;1;1;;00004754;00000004;00000009;;1;0;1;;0;;;;;;0;;;0;1;1;0;11000027;5;2;1;1;0;0;0;1;0;0
1000000680;20000124;200000556;2021;10;2;3;1;;00004519;00000001;;00000692;1;0;1;;;;;;;;;;;0;1;0;0;11000017;5;;5;1;0;0;0;1;0;0
1000000682;20000118;200000558;2021;6;2;3;1;;00002430;00000002;00000006;;1;0;0;;0;;;;;;0;;;0;1;0;0;11000016;5;2;5;1;0;0;0;1;0;0
1000000683;20000009;200000559;2021;4;2;1;1;;00002540;00000001;00000022;00004518;2;0;0;;;0;;;;0;;;;0;1;0;0;11000001;5;19;5;1;0;0;0;1;0;0
1000000684;20000083;200000560;2021;11;1;3;1;;00005017;00000001;;;1;0;0;;;;;;;;0;0;;0;1;0;0;11000011;5;1;2;1;0;0;0;1;0;0
1000000685;20000084;200000561;2021;5;1;0;1;;00003377;00000007;;00000947;1;0;0;;;1;;0;;;;;;0;1;1;1;11000011;5;19;5;1;0;0;0;1;0;0
1000000687;20000127;200000563;2021;14;2;1;1;;00001497;00000006;;00002210;1;0;0;;0;;;;0;;0;;0;0;1;0;;11000018;5;2;6;1;0;0;0;1;0;0
1000000688;20000079;200000564;2021;6;1;3;1;;00002788;00000005;;00004514;2;0;0;;;;;;;;;0;;0;1;0;0;11000011;9;41;5;1;0;0;0;1;0;0
1000000689;20000169;200000565;2021;9;2;0;1;;00001032;00000005;;00001418;1;0;0;;;0;;0;;;;;;0;1;0;0;11000024;5;1;5;1;0;0;0;1;0;0
1000000690;20000172;200000566;2021;18;2;3;1;;00003187;00000007;00000010;;1;0;0;;;;;;;;;;;0;1;0;0;11000024;5;1;5;1;0;0;0;1;0;0
1000000691;20000084;200000567;2021;14;2;0;1;;00000148;00000006;;;1;0;0;;;;;;;;;;0;0;1;0;0;11000011;5;19;5;1;0;0;0;1;0;0
1000000693;20000122;200000568;2021;5;1;0;1;;00002818;00000002;;00002134;1;0;1;;;;0;;0;;;;;0;1;0;0;11000017;5;;5;1;0;0;0;1;0;0
1000000694;20000064;200000569;2021;15;1;1;1;;00001516;00000004;00000016;00001993;1;1;0;;;0;0;;0;;;;;0;1;0;0;11000009;5;16;5;1;0;0;0;1;0;0
1000000695;20000115;200000570;2021;7;1;0;1;;00002928;00000001;00000026;00005237;1;0;0;;;1;0;0;0;;0;;;0;1;0;0;11000016;5;19;5;1;0;0;0;1;0;0
1000000696;20000104;200000571;2021;9;1;1;1;;00004662;00000004;00000012;;2;0;0;0;;;;;;0;;;;0;1;0;0;11000014;9;2;5;1;0;0;0;1;0;0
1000000697;20000156;200000572;2021;25;2;3;1;;00000200;00000007;;00003230;1;0;0;;;;;;;;;;;0;1;0;0;11000022;5;19;6;1;0;0;0;1;0;0
1000000699;20000155;200000573;2021;10;2;1;1;;00004961;00000002;00000016;;1;0;0;;;;0;;;0;;;;0;1;0;0;11000022;5;25;5;1;0;0;0;1;0;0
1000000701;20000042;200000575;2021;9;2;1;1;;00001719;00000002;;00001860;2;0;0;;0;;;;;;;;;0;1;1;0;11000005;9;1;5;1;0;0;0;1;0;0
1000000702;20000032;200000576;2021;12;2;1;1;;00002911;00000007;;;1;0;0;;;1;;0;;;;;;0;1;0;0;11000004;5;18;5;1;0;0;0;1;0;0
1000000703;20000081;200000577;2021;7;2;0;1;;00005282;00000005;00000008;;1;0;0;;;;;;;;;;;0;1;0;0;11000011;9;20;5;1;0;0;0;1;0;0
1000000704;20000140;200000578;2021;6;2;1;1;;00004619;00000004;00000013;00001940;1;0;0;;;;;;;;;;;0;1;0;0;11000019;5;2;6;1;0;0;0;1;0;0
1000000705;20000040;200000579;2021;7;1;3;1;;00001990;00000005;00000009;;1;0;0;;;;;;;;;;;0;1;0;0;11000005;5;;5;1;0;0;0;1;0;0
1000000706;20000104;200000580;2021;16;2;0;1;;00000891;00000001;00000018;;1;0;0;;;;;0;;;;;;0;1;0;0;11000014;9;2;5;1;0;0;0;1;0;0
1000000707;20000091;200000581;2021;13;1;3;1;;00005559;00000004;00000014;00001000;1;0;0;;0;;;;;0;;;;0;1;0;0;11000012;5;26;6;1;0;0;0;1;0;0
1000000709;20000091;200000583;2021;18;2;1;1;;00002114;00000002;00000008;;1;0;1;0;0;;;;0;0;;0;;0;1;0;;11000012;5;26;6;1;0;0;0;1;0;0
1000000710;20000195;200000584;2021;4;2;1;1;;00000976;00000007;;;1;0;0;;;;;;;;;;;0;1;0;0;11000027;9;2;1;1;0;0;0;1;0;0
1000000712;20000153;200000586;2021;17;1;3;1;;00002754;00000004;00000006;00005458;2;0;0;;;;;;0;;;;;0;1;1;0;11000021;9;18;5;1;0;0;0;1;0;0
1000000713;20000112;200000587;2021;6;2;3;1;;00002731;00000003;;00004275;1;0;0;;;;;;0;;;;;0;1;0;0;11000015;5;20;5;1;0;0;0;1;0;0
1000000715;20000032;200000589;2021;6;1;1;1;;00000007;00000004;;00000462;1;0;0;;;1;;0;;;;;;0;1;0;0;11000004;5;18;5;1;0;0;0;1;0;0
1000000717;20000045;200000590;2021;13;2;0;1;;00002592;00000003;;00005365;1;0;0;;;1;;;;;;;;0;1;0;0;11000006;9;20;5;1;0;0;0;1;0;0
1000000719;20000215;200000591;2021;7;2;1;1;;00002476;00000001;;00000602;1;0;0;;;;;;0;;;;;0;1;0;0;11000030;5;1;5;1;0;0;0;1;0;0
1000000720;20000103;200000592;2021;12;2;3;1;;00003144;00000004;00000016;00001007;1;0;0;;;;;;;;;;0;0;1;0;0;11000014;5;2;5;1;0;0;0;1;0;0
1000000721;20000050;200000593;2021;8;2;3;1;;00000008;00000004;00000019;;2;0;0;;;;;;;0;;;;0;1;0;;11000007;2;21;5;1;0;0;0;1;0;1
1000000722;20000075;200000594;2021;16;2;1;1;;00001353;00000003;00000019;;1;0;0;;;;;;;;;;;0;1;0;0;11000010;9;21;3;1;0;0;0;1;0;0
1000000723;20000080;200000595;2021;11;1;0;3;;00000426;00000003;00000025;00003489;2;0;0;;;;0;;;;;0;;;1;;0;11000011;5;21;5;1;0;0;0;1;0;0
1000000724;20000133;200000596;2021;13;2;0;1;;00005023;00000006;;00004697;2;0;0;0;;;;;0;;;;0;0;1;0;0;11000018;5;2;5;1;0;0;0;1;0;0
1000000726;20000002;200000597;2021;11;1;3;1;;00003443;00000005;00000023;00002000;1;0;1;;;;;;;;;;;0;1;0;0;11000000;9;17;5;1;0;0;0;1;0;0
1000000727;20000055;200000598;2021;10;2;1;1;;00001913;00000007;00000006;;1;0;0;;;;;;;;;;0;0;1;0;0;11000007;5;1;5;1;0;0;0;1;0;0
1000000728;20000003;200000599;2021;17;1;1;1;;00003400;00000001;;00003444;1;0;1;;;;;;0;;0;;;0;1;0;0;11000000;9;2;5;1;0;0;0;1;0;0
1000000729;20000076;200000600;2021;18;2;1;1;;00001098;00000007;00000005;;1;0;0;;;;;0;0;;;;;0;1;1;0;11000010;5;;5;1;0;0;0;1;0;0
1000000731;20000026;200000601;2021;28;1;2;1;;00000075;00000006;;;1;0;0;0;;;;;;;0;;;0;1;0;0;11000003;5;17;5;1;0;0;0;1;0;0
1000000732;20000088;200000602;2021;34;2;2;1;;00003883;00000002;00000017;00002013;1;0;1;;;;;;;;;;;0;1;0;0;11000012;9;56;5;1;0;0;0;1;0;1
1000000734;20000096;200000603;2021;14;1;3;1;;00000296;00000006;;00005154;1;0;0;0;;;;0;;;;;;0;1;0;0;11000013;9;27;5;1;0;0;0;1;0;0
1000000735;20000146;200000604;2021;10;1;1;1;;00004584;00000005;00000014;00003205;1;0;1;;;;;;;;0;;;0;1;0;0;11000020;5;16;5;1;0;0;0;1;0;0
1000000737;20000124;200000606;2021;7;2;1;1;;00005550;00000006;00000011;00001963;1;0;0;;;;0;;0;;;;;0;1;0;0;11000017;5;;5;1;0;0;0;1;0;0
1000000738;20000011;200000607;2021;8;2;1;1;;00001146;00000001;;;1;0;0;;;;;;0;;;0;;0;1;0;0;11000001;5;19;5;1;0;0;0;1;0;0
1000000739;20000176;200000608;2021;20;1;1;1;;00002307;00000007;;00004544;1;0;0;0;1;;;;0;;0;0;;0;1;0;0;11000025;5;1;5;1;0;0;0;1;0;0
1000000741;20000060;200000609;2021;18;2;0;1;;00005057;00000003;00000022;;1;0;0;0;;1;0;;;;;;;0;1;0;0;11000008;5;15;5;1;0;0;0;1;0;0
1000000742;20000122;200000610;2021;9;2;3;1;;00003771;00000001;00000009;00000894;1;0;1;;;;;0;;;;;;0;1;0;0;11000017;5;;5;1;0;0;0;1;0;0
1000000744;20000111;200000611;2021;4;1;3;1;;00000696;00000006;00000008;00005037;2;0;0;;1;;0;;;;;;;0;1;0;0;11000015;5;2;3;1;0;0;0;1;0;0
1000000747;20000001;200000612;2021;19;1;0;1;;00005272;00000003;00000011;00003377;2;1;0;;;;;;;0;;0;;0;1;0;0;11000000;5;14;5;1;0;0;0;1;0;0
1000000748;20000205;200000613;2021;4;1;0;1;;00003556;00000007;;00004816;1;0;0;;0;;;;;;0;;;0;1;0;0;11000029;5;17;5;1;0;0;0;1;0;0
1000000749;20000056;200000614;2021;11;1;1;1;;00001350;00000004;00000016;;1;0;0;;;;;;;;;0;;0;1;0;0;11000007;5;19;5;1;0;0;0;1;0;0
1000000750;20000180;200000615;2021;12;2;1;1;;00002901;00000001;00000005;00004774;1;0;0;0;;;;;;;;;;0;1;0;0;11000025;9;;5;1;0;0;0;1;0;0
1000000751;20000180;200000616;2021;14;1;1;1;;00003120;00000004;00000009;00003033;1;0;0;0;;;;;;;;;;0;1;0;0;11000025;4;;5;1;0;0;0;1;0;1
1000000753;20000135;200000617;2021;16;2;1;1;;00001672;00000006;;00002361;1;0;0;;0;;;;0;;0;;;0;1;1;0;11000019;5;70;5;1;0;0;0;1;0;0
1000000754;20000056;200000618;2021;16;1;3;1;;00005569;00000004;00000006;;1;0;1;;;1;;;;;;;;0;1;0;0;11000007;5;19;5;1;0;0;0;1;0;0
1000000755;20000132;200000619;2021;13;1;0;1;;00003828;00000007;;;1;0;0;0;;;;;;;;;;0;1;0;0;11000018;5;14;5;1;0;0;0;1;0;0
1000000756;20000162;200000620;2021;9;2;0;1;;00000820;00000004;00000006;;2;0;0;0;;;;;;;;;;0;1;0;0;11000023;;;5;1;0;0;0;1;0;0
1000000757;20000190;200000621;2021;16;2;1;1;;00002248;00000002;00000015;00002015;1;0;1;;;;;;;;;;;;1;0;0;11000027;5;18;5;1;0;0;0;1;0;0
1000000759;20000187;200000622;2021;24;1;3;1;;00002495;00000001;;;1;0;0;;;;;;0;;0;;;0;1;0;0;11000026;2;16;5;1;0;0;0;1;0;0
1000000761;20000068;200000623;2021;7;1;3;1;;00001913;00000001;00000003;;1;0;0;;;;;;;;;;;0;1;0;0;11000009;5;71;5;1;0;0;0;1;0;0
1000000764;20000055;200000625;2021;7;2;1;1;;00004098;00000006;00000025;00004032;1;0;1;0;;0;0;;;0;0;;;0;1;1;0;11000007;2;1;5;1;0;0;0;1;0;0
1000000765;20000072;200000626;2021;7;2;3;1;;00002952;00000007;;00001271;1;0;0;;;1;0;;;;;;;0;1;0;0;11000010;5;17;5;1;0;0;0;1;0;0
1000000767;20000032;200000628;2021;17;1;1;1;;00002981;00000007;;00001565;1;0;0;;;;;;;;0;;;0;1;0;0;11000004;5;18;5;1;1;0;0;1;0;0
1000000768;20000024;200000629;2021;17;1;0;1;;00005427;00000006;;;1;0;0;;;;;;;;;0;;0;1;0;0;11000003;5;;5;1;0;0;0;1;0;0
1000000769;20000166;200000630;2021;9;2;3;1;;00000875;00000006;00000022;00001515;2;0;0;;;;;0;;;;;0;0;1;0;0;11000023;4;19;5;1;0;0;0;1;0;0
1000000771;20000195;200000631;2021;14;1;1;1;;00002222;00000007;;;1;0;;;;;;;;0;;;0;0;1;0;0;11000027;9;2;1;1;0;0;0;1;0;0
1000000773;20000151;200000632;2021;12;1;2;1;;00001777;00000007;00000004;00001113;1;0;0;;0;;;;;;;;;0;1;0;0;11000021;4;2;5;1;0;0;0;1;0;0
1000000774;20000113;200000633;2021;6;2;0;1;;00004930;00000004;00000017;00001749;1;0;0;;;;;;;;;;;0;1;0;0;11000016;9;17;5;1;0;0;0;1;0;0
1000000776;20000042;200000634;2021;4;2;3;1;;00000621;00000005;;;1;0;0;;;;;;;;0;;0;;1;;0;11000005;9;1;5;1;0;0;0;1;0;0
1000000777;20000020;200000635;2021;4;1;1;1;;00002890;00000006;00000019;00002786;1;0;0;;;;;;;;;;;0;1;0;0;11000002;5;19;5;1;0;0;0;1;0;0
1000000778;20000105;200000636;2021;6;1;1;1;;00004329;00000001;;;1;0;0;;;;;;0;;;;;0;1;0;0;11000014;5;22;5;1;0;0;0;1;0;0
1000000779;20000054;200000637;2021;26;1;3;1;;00001064;00000004;00000016;00000268;2;0;1;;;;;;;;;;;0;1;0;0;11000007;2;;5;1;0;0;0;1;0;0
1000000780;20000126;200000638;2021;8;1;0;1;;00003610;00000004;00000015;00002162;1;0;0;;;;;;;;;;0;0;1;;0;11000017;5;1;6;1;0;0;0;1;0;0
1000000781;20000039;200000639;2021;8;2;0;1;;00002372;00000003;00000011;;2;0;0;;;;0;;;0;;0;;0;1;0;0;11000005;5;22;5;1;0;0;0;1;0;0
1000000783;20000194;200000641;2021;14;1;5;1;;00001007;00000006;00000027;00002577;1;0;0;;;;;;0;0;1;;;0;1;0;0;11000027;9;1;5;1;0;0;0;1;0;0
1000000784;20000109;200000642;2021;7;2;1;1;;00002184;00000005;00000005;00004063;2;0;0;;;0;;;;;0;;;0;1;0;0;11000015;5;2;5;1;0;0;0;1;0;0
1000000785;20000169;200000643;2021;14;2;1;1;;00005002;00000003;00000005;;1;0;0;0;;;;;;;;;;0;1;0;0;11000024;9;1;5;1;0;0;0;1;0;0
1000000786;20000115;200000644;2021;13;1;3;1;;00001721;00000006;;00004291;1;0;0;;;;;;0;;;;0;0;1;0;0;11000016;5;19;5;1;0;0;0;1;0;0
1000000787;20000054;200000645;2021;8;1;2;1;;00000721;00000005;00000006;;1;0;0;;;;0;1;;;;;;0;1;0;0;11000007;;;5;1;0;0;0;1;0;0
1000000788;20000181;200000646;2021;17;1;3;1;;00000742;00000003;00000010;00001238;1;0;1;;;;;;0;0;;;;0;1;0;0;11000025;5;71;5;1;0;0;0;1;0;0
1000000789;20000119;200000647;2021;14;1;0;1;;00005383;00000005;00000010;00004771;1;0;0;;;;;;;0;0;;;0;1;0;0;11000016;9;17;1;1;0;0;0;1;0;0
1000000790;20000212;200000648;2021;20;1;1;1;;00004628;00000007;;00000168;1;0;1;;;;;;;;;;;0;1;0;0;11000030;9;16;5;1;0;0;0;1;0;0
1000000791;20000004;200000649;2021;17;2;3;1;;00001127;00000004;00000017;00002175;1;0;0;;;1;0;;;;;;;0;1;0;;11000000;5;15;5;1;0;0;0;1;0;0
1000000792;20000191;200000650;2021;8;1;1;1;;00004226;00000007;00000018;00001534;2;0;0;0;;;0;0;0;;;;;0;1;0;0;11000027;9;25;5;1;0;0;0;1;0;0
1000000793;20000149;200000651;2021;15;2;3;1;;00000697;00000005;00000002;;1;0;0;;;;;;0;;;;;0;1;0;0;11000021;5;2;5;1;0;0;0;1;0;0
1000000794;20000135;200000652;2021;18;1;1;1;;00002489;00000003;;;1;0;0;;;;;;0;;0;;;0;1;0;0;11000019;9;70;5;1;0;0;0;1;0;0
1000000798;20000137;200000654;2021;5;2;0;1;;00004996;00000004;00000023;00000805;1;0;0;;;;;;;;0;;;0;1;0;0;11000019;9;2;5;1;0;0;0;1;0;0
1000000799;20000173;200000655;2021;16;1;1;1;;00000639;00000007;00000021;;1;0;0;;;;;;;0;;;;;1;0;0;11000024;5;15;5;1;0;0;0;1;0;0
1000000800;20000068;200000656;2021;21;2;0;1;;00004513;00000006;00000015;00003136;1;0;0;;;;;;;;;;;0;1;0;0;11000009;5;71;5;1;1;0;0;1;0;0
1000000804;20000116;200000659;2021;9;2;1;1;;00000965;00000001;;00001695;1;0;0;;;;;0;0;;;;;0;1;0;0;11000016;5;19;5;1;0;0;0;1;0;0
1000000805;20000197;200000660;2021;16;1;1;1;;00000151;00000003;;00000135;1;0;0;;;;0;;;;;;;0;1;0;0;11000028;5;41;5;1;0;0;0;1;0;0
1000000808;20000104;200000661;2021;13;1;1;1;;00005280;00000005;00000005;;1;0;1;;;;;;;;0;;;0;1;0;0;11000014;5;2;5;1;0;0;0;1;0;0
1000000809;20000141;200000662;2021;9;1;1;1;;00002018;00000004;00000023;;1;0;0;;;;;;;;;;;0;1;0;0;11000020;5;15;5;1;0;0;0;1;0;0
1000000810;20000114;200000663;2021;16;2;1;1;;00003480;00000002;00000022;00002278;1;0;0;;;;;;;;;;;0;1;0;0;11000016;9;16;5;1;0;0;0;1;0;0
1000000811;20000114;200000664;2021;4;1;0;1;;00003498;00000003;00000027;00002202;2;0;0;0;1;;;0;;0;;;;0;1;0;0;11000016;9;16;5;1;0;0;0;1;0;0
1000000812;20000064;200000665;2021;10;1;1;1;;00004900;00000005;00000002;;1;0;0;;;;;;0;0;;;;0;1;0;0;11000009;5;16;5;1;0;0;0;1;0;0
1000000813;20000014;200000666;2021;8;1;3;1;;00001081;00000006;00000005;;1;0;0;;;1;;;0;;;0;;0;1;0;0;11000001;5;1;5;1;0;0;0;1;0;0
1000000814;20000077;200000667;2021;6;1;3;1;;00000981;00000007;00000002;00004731;1;0;1;;;;;;;;;;0;0;1;0;0;11000010;4;2;5;1;0;0;0;1;0;0
1000000816;20000194;200000668;2021;22;1;3;1;;00002693;00000001;00000005;00004880;1;0;1;;;;;;;;;;0;0;1;0;0;11000027;5;1;5;1;0;0;0;1;0;0
1000000817;20000055;200000669;2021;14;2;0;1;;00000927;00000002;00000026;00003483;1;0;1;;;;0;;0;;;;;0;1;0;1;11000007;5;1;5;1;0;0;0;1;0;0
1000000818;20000069;200000670;2021;15;2;1;1;;00003483;00000001;00000013;;1;0;0;;;;;;;;;;0;0;1;0;0;11000009;9;1;5;1;0;0;0;1;0;1
1000000820;20000130;200000672;2021;12;2;1;1;;00001740;00000006;;00003118;1;0;0;;;;;;;;;0;;0;1;0;0;11000018;9;18;2;1;0;0;0;1;0;0
1000000821;20000177;200000673;2021;8;2;3;1;;00004863;00000002;00000018;00002313;1;0;0;;;;;;;;;;;0;1;;0;11000025;9;15;5;1;0;0;0;1;0;0
1000000822;20000148;200000674;2021;11;1;3;1;;00002329;00000002;;00000054;1;0;0;;;;0;;0;;;;;;1;0;1;11000021;5;2;5;1;0;0;0;1;0;0
1000000824;20000072;200000676;2021;15;2;1;1;;00005081;00000002;00000003;00001783;1;0;0;;;;0;0;;;;;0;0;1;0;0;11000010;9;17;5;1;0;0;0;1;0;0
1000000825;20000036;200000677;2021;30;2;1;1;;00003331;00000004;;;1;0;1;0;;1;;;;;;;;0;1;0;0;11000005;4;;5;1;0;0;0;1;0;1
1000000826;20000152;200000678;2021;12;2;1;1;;00001722;00000002;00000014;;1;0;0;;;;;;0;;;;0;0;1;0;0;11000021;9;1;5;1;0;0;0;1;0;0
1000000828;20000095;200000679;2021;12;1;1;1;;00004070;00000006;;00003592;2;0;0;;;0;;;;0;0;;;0;1;0;0;11000013;5;2;6;1;0;0;0;1;0;0
1000000829;20000206;200000680;2021;15;2;2;1;;00001095;00000003;;;1;0;0;;;;;;;;;;;0;1;0;0;11000029;5;25;5;1;0;0;0;1;0;0
1000000830;20000169;200000681;2021;12;1;3;1;;00000050;00000005;00000027;;1;0;0;;;;0;;;;0;;;0;1;0;1;11000024;9;1;5;1;0;0;0;1;0;0
1000000831;20000104;200000682;2021;17;2;0;1;;00000186;00000007;00000023;;1;0;0;;0;;;;;;;;0;0;1;0;0;11000014;5;2;5;1;0;0;0;1;0;0
1000000832;20000052;200000683;2021;15;1;1;1;;00000212;00000004;;00001273;1;0;;;;0;;0;;;;;;0;1;0;0;11000007;9;2;5;1;0;0;0;1;0;0
1000000835;20000053;200000684;2021;18;2;3;1;;00003632;00000003;00000024;;1;0;1;;;;;;;;;;0;0;1;0;0;11000007;5;41;5;1;1;0;0;1;0;0
1000000836;20000037;200000685;2021;13;2;1;1;;00002609;00000001;00000006;;2;0;0;;;;;;0;0;;;;0;1;0;0;11000005;5;17;5;1;0;0;0;1;0;0
1000000837;20000120;200000686;2021;7;1;3;1;;00000603;00000004;00000005;00001277;1;0;0;;;;;;;;;;;0;1;0;0;11000017;9;19;5;1;0;0;0;1;0;0
1000000838;20000130;200000687;2021;23;2;0;1;;00004123;00000005;00000014;00004687;1;0;0;;;;;;;;0;;;0;1;0;0;11000018;5;18;2;1;0;0;0;1;0;0
1000000839;20000075;200000688;2021;15;2;3;1;;00000647;00000007;00000015;;1;0;0;;;;0;;;;;0;;0;1;0;1;11000010;5;21;3;1;0;0;0;1;0;0
1000000840;20000163;200000689;2021;19;2;0;1;;00002734;00000003;;00001943;1;0;0;;0;;0;0;;;0;0;;0;1;0;1;11000023;5;16;5;1;0;0;0;1;0;0
1000000842;20000095;200000690;2021;14;2;1;1;;00004074;00000005;;;1;1;0;;0;;;;;0;;;;0;1;0;0;11000013;5;2;6;1;1;0;0;1;0;0
1000000844;20000145;200000691;2021;9;1;0;1;;00000081;00000001;00000023;;2;0;0;;;;;;;;;;;0;1;0;0;11000020;9;15;5;1;0;0;0;1;0;0
1000000845;20000140;200000692;2021;16;1;2;1;;00004891;00000002;;00001823;1;0;0;;;;;;;;;0;0;0;1;0;0;11000019;5;2;6;1;0;0;0;1;0;0
1000000847;20000196;200000693;2021;11;2;3;1;;00002262;00000001;;;1;0;0;;;;;0;;;;;;;1;0;0;11000027;5;21;2;1;0;0;0;1;0;0
1000000848;20000089;200000694;2021;19;1;0;1;;00001098;00000006;;00002380;1;0;0;;;;0;0;0;;;;;0;1;0;0;11000012;4;14;5;1;0;0;0;1;0;1
1000000849;20000115;200000695;2021;16;2;1;1;;00000028;00000002;;00001076;1;0;0;;;;0;;;;0;;;0;1;0;;11000016;4;19;5;1;0;0;0;1;0;0
1000000850;20000174;200000696;2021;9;2;3;1;;00004198;00000002;00000017;;1;0;0;;;;;;0;;0;0;;0;1;0;0;11000024;5;;5;1;0;0;0;1;0;0
1000000852;20000146;200000698;2021;13;1;3;1;;00004829;00000001;;;1;0;0;;;;0;0;0;;;0;0;0;1;1;0;11000020;5;16;5;1;0;0;0;1;0;0
1000000853;20000160;200000699;2021;17;1;1;1;;00000574;00000005;00000014;;1;0;0;;;;0;;;;;;;0;1;0;0;11000022;5;15;5;1;1;0;0;1;0;0
1000000854;20000106;200000700;2021;8;2;1;1;;00002123;00000001;;00003398;1;0;0;0;;1;;;;;0;;;0;1;0;0;11000015;5;70;5;1;0;0;0;1;0;0
1000000856;20000202;200000701;2021;18;1;0;1;;00004750;00000006;00000018;;2;0;0;;;;;;;;;;;0;1;0;;11000028;5;2;5;1;0;0;0;1;0;0
1000000857;20000040;200000702;2021;22;1;0;1;;00003779;00000007;00000016;;1;0;0;;0;;;;0;;;;0;0;1;0;0;11000005;9;;5;1;0;0;0;1;0;0
1000000860;20000159;200000704;2021;37;1;0;1;;00001054;00000002;;00004450;1;0;0;;;;0;0;;;;;0;0;1;0;0;11000022;2;19;5;1;0;0;0;1;0;1
1000000861;20000026;200000705;2021;7;2;0;1;;00002490;00000002;00000027;00004728;2;0;0;;;;0;;;;;;;;1;0;0;11000003;9;17;5;1;0;0;0;1;0;1
1000000862;20000012;200000706;2021;13;1;1;1;;00005099;00000007;;;2;0;0;;;;;;;;;;;0;1;0;0;11000001;5;18;5;1;0;0;0;1;0;0
1000000863;20000110;200000707;2021;12;2;1;1;;00003461;00000001;00000004;00004707;1;0;0;;;;;0;;;0;0;;0;1;0;1;11000015;4;27;5;1;0;0;0;1;0;0
1000000864;20000034;200000708;2021;11;1;1;1;;00002085;00000004;;;1;0;0;;;;0;;0;;;0;;0;1;0;0;11000004;5;1;5;1;0;0;0;1;0;0
1000000865;20000065;200000709;2021;5;1;0;1;;00000288;00000006;00000026;00000097;1;0;0;;;;;0;0;;0;;;0;1;0;0;11000009;5;15;5;1;0;0;0;1;0;0
1000000867;20000149;200000711;2021;16;2;1;1;;00001780;00000007;00000007;00000690;1;0;0;;;;;;;;;;;0;1;0;0;11000021;2;2;5;1;1;0;0;1;0;0
1000000868;20000109;200000712;2021;10;1;3;1;;00005404;00000001;00000006;;2;0;0;;;;;;;0;;0;;0;1;1;0;11000015;4;2;5;1;0;0;0;1;0;0
1000000870;20000094;200000713;2021;19;2;2;1;;00003014;00000004;;;1;0;0;;;;;;;;0;;;0;1;0;0;11000013;9;1;5;1;0;0;0;1;0;0
1000000871;20000125;200000714;2021;20;1;1;1;;00000478;00000006;00000011;00000976;1;0;0;;;;0;;;;;;;;1;0;;11000017;5;1;5;1;0;0;0;1;0;0
1000000872;20000216;200000715;2021;15;1;1;1;;00003062;00000001;00000021;00003597;1;0;0;;;1;0;;;;0;;;0;1;0;0;11000030;5;16;5;1;0;0;0;1;0;0
1000000873;20000126;200000716;2021;5;2;1;1;;00000632;00000007;;;1;0;0;0;;;;;;;;;;0;1;0;0;11000017;5;1;6;1;0;0;0;1;0;0
1000000876;20000087;200000718;2021;14;2;0;1;;00002406;00000004;00000021;00002840;1;0;0;;;1;;0;;;;;0;0;1;0;0;11000012;5;26;5;1;0;0;0;1;0;0
1000000877;20000200;200000719;2021;10;2;1;1;;00000651;00000004;00000003;;1;0;0;;;;;;;;0;;;0;1;0;0;11000028;9;27;5;1;0;0;0;1;0;0
1000000878;20000198;200000720;2021;4;1;0;1;;00003241;00000007;;;1;0;0;;;;0;0;0;;0;;;0;1;0;0;11000028;5;41;5;1;0;0;0;1;0;0
1000000879;20000090;200000721;2021;18;1;1;1;;00003874;00000002;00000021;;1;0;1;;;;;;;;;;;0;1;0;0;11000012;5;15;5;1;0;0;0;1;0;0
1000000880;20000087;200000722;2021;21;1;0;1;;00000848;00000006;00000002;00001348;1;0;0;;;;;;;;;;;0;1;0;0;11000012;5;26;5;1;0;0;0;1;0;0
1000000881;20000202;200000723;2021;6;2;0;1;;00004660;00000004;00000022;00000989;1;0;0;0;;;;;;;;;;0;1;0;0;11000028;5;2;5;1;0;0;0;1;0;0
1000000882;20000036;200000724;2021;8;1;1;1;;00001940;00000007;;00005034;1;0;1;;;;0;;;;;;0;0;1;0;0;11000005;5;;5;1;0;0;0;1;0;0
1000000883;20000003;200000725;2021;19;2;1;1;;00003635;00000002;00000026;00003627;1;0;0;0;;;;;;;;0;0;0;1;0;0;11000000;5;2;5;1;0;0;0;1;0;0
1000000884;20000185;200000726;2021;4;1;0;1;;00003342;00000002;00000012;00005058;1;0;0;0;;;;;;;;;;0;1;0;1;11000026;5;19;5;1;0;0;0;1;0;0
1000000885;20000076;200000727;2021;16;1;3;1;;00003352;00000007;00000005;00005251;1;0;0;;;1;;;;0;;;0;0;1;0;;11000010;4;;5;1;0;0;0;1;0;1
1000000886;20000120;200000728;2021;12;1;1;1;;00002885;00000001;;00000684;1;0;0;0;;1;;;0;;;0;;0;1;0;0;11000017;5;19;5;1;0;0;0;1;0;0
1000000888;20000033;200000729;2021;5;1;3;1;;00002614;00000001;00000012;00005285;2;0;0;;;;;;;;;0;;0;1;0;0;11000004;5;;5;1;0;0;0;1;0;0
1000000889;20000075;200000730;2021;19;2;3;1;;00003122;00000001;00000018;;1;0;0;;;;;0;;;;0;;0;1;0;0;11000010;;21;3;1;0;0;0;1;0;0
1000000890;20000183;200000731;2021;13;1;0;1;;00000411;00000007;00000015;00000112;1;0;0;;;;0;0;;;;;;0;1;0;0;11000026;5;41;5;1;0;0;0;1;0;0
1000000891;20000161;200000732;2021;10;2;3;1;;00003700;00000005;;00004051;1;0;0;;;;;;;;;;;0;1;0;0;11000022;;41;5;1;0;0;0;1;0;0
1000000892;20000051;200000733;2021;8;1;1;1;;00001791;00000006;;;1;0;0;0;;1;;;0;;;;;0;1;0;0;11000007;;19;5;1;0;0;0;1;0;0
1000000893;20000064;200000734;2021;11;2;1;1;;00001213;00000005;00000012;00002174;2;0;0;;;1;;;;0;;;0;0;1;0;0;11000009;4;16;5;1;0;0;0;1;0;1
1000000894;20000138;200000735;2021;17;1;1;1;;00000855;00000001;00000009;;1;0;0;;;;;;;;;;0;0;1;0;0;11000019;4;56;5;1;0;0;0;1;0;0
1000000896;20000119;200000736;2021;17;2;3;1;;00003287;00000005;;00001041;1;0;0;;;;;0;;;;;;0;1;0;0;11000016;5;17;1;1;0;0;0;1;0;0
1000000897;20000215;200000737;2021;14;2;1;1;;00005159;00000004;00000010;;1;0;0;;;;;0;;;;0;;0;1;0;0;11000030;5;1;5;1;0;0;0;1;0;0
1000000898;20000073;200000738;2021;7;1;0;1;;00002319;00000003;00000005;00005069;1;0;0;;;;;;;;;0;;0;1;0;0;11000010;5;14;5;1;0;0;0;1;0;0
1000000899;20000094;200000739;2021;7;2;1;1;;00003360;00000003;;00002348;1;0;1;;;;0;;0;;;;0;0;1;0;0;11000013;5;1;5;1;0;0;0;1;0;0
1000000900;20000046;200000740;2021;14;2;3;1;;00001269;00000001;00000001;00000925;2;0;1;;;;;;;;;;;0;1;0;0;11000006;5;17;5;1;0;0;0;1;0;0
1000000901;20000199;200000741;2021;15;1;2;1;;00005569;00000005;00000011;00004022;2;0;0;0;;;;;;;0;;;0;1;0;0;11000028;9;;5;1;0;0;0;1;0;0
1000000902;20000015;200000742;2021;17;1;1;1;;00004122;00000005;00000007;00004419;1;0;0;;;;;;;;;;;0;1;0;0;11000002;5;16;5;1;0;0;0;1;0;0
1000000903;20000091;200000743;2021;15;2;1;1;;00004018;00000005;00000014;;1;0;1;0;;;;;;;;;;0;1;0;1;11000012;5;26;6;1;0;0;0;1;0;0
1000000904;20000023;200000744;2021;18;2;1;1;;00003884;00000002;;00002971;1;0;0;;;;0;;;;0;;;0;1;0;0;11000003;5;40;5;1;0;0;0;1;0;0
1000000905;20000085;200000745;2021;24;2;0;1;;00000010;00000006;00000015;00004053;1;0;0;0;;1;;;;;;;;0;1;0;0;11000012;5;69;5;1;0;0;0;1;0;0
1000000906;20000008;200000746;2021;11;1;1;1;;00003833;00000003;;00000847;1;0;0;;0;;;0;;;;0;;0;1;0;0;11000001;5;41;5;1;1;0;0;1;0;0
1000000908;20000070;200000748;2021;9;2;0;1;;00005206;00000004;00000003;00005164;1;0;0;;;1;;;;;0;;0;0;1;0;0;11000009;5;17;5;1;0;0;0;1;0;0
1000000909;20000066;200000749;2021;14;1;0;1;;00003231;00000004;;00000037;2;0;0;;0;;;0;;;;;;0;1;0;0;11000009;9;14;5;1;0;0;0;1;0;0
1000000911;20000121;200000750;2021;11;2;1;1;;00004273;00000007;00000027;;1;0;0;;0;;0;;;;0;0;;0;1;0;0;11000017;5;14;5;1;0;0;0;1;0;0
1000000912;20000200;200000751;2021;25;2;0;1;;00003207;00000004;00000002;00003170;1;0;0;;;0;;;;0;;;;0;1;0;0;11000028;5;27;5;1;0;0;0;1;0;0
1000000917;20000212;200000753;2021;18;2;1;1;;00003479;00000002;00000001;;1;0;0;;0;;;;;;0;;;0;1;1;0;11000030;5;16;5;1;0;0;0;1;0;0
1000000918;20000128;200000754;2021;12;1;3;1;;00005342;00000007;00000018;;1;0;1;;;;;0;;;;;;0;1;1;0;11000018;;17;5;1;0;0;0;1;0;0
1000000920;20000006;200000756;2021;19;2;1;1;;00004272;00000002;;;1;0;0;;;1;0;;;;;;0;;1;0;1;11000000;5;40;5;1;0;0;0;1;0;0
1000000924;20000196;200000758;2021;8;1;3;1;;00004834;00000001;;00002989;1;0;0;;;;;;;;;;;0;1;0;0;11000027;5;21;2;1;0;0;0;1;0;0
1000000925;20000069;200000759;2021;20;1;3;1;;00001882;00000007;00000002;00001850;1;0;0;;;;;0;;;;;;0;1;0;;11000009;5;1;5;1;0;0;0;1;0;0
1000000926;20000181;200000760;2021;16;1;3;1;;00000043;00000001;00000010;00004609;1;0;0;;;;0;;0;;0;;;0;1;0;0;11000025;5;71;5;1;0;0;0;1;0;0
1000000928;20000132;200000762;2021;16;1;3;1;;00005346;00000006;00000012;;1;1;1;;;;;;;;;0;;0;1;1;0;11000018;5;14;5;1;0;0;0;1;0;0
1000000929;20000046;200000763;2021;10;2;3;1;;00000553;00000004;00000003;00004197;1;0;0;;;0;0;;;;;;;0;1;0;0;11000006;9;17;5;1;0;0;0;1;0;0
1000000930;20000121;200000764;2021;10;2;5;1;;00004734;00000001;00000017;00000529;1;0;0;;;;0;0;;;;;;0;1;0;0;11000017;5;14;5;1;0;0;0;1;0;0
1000000931;20000054;200000765;2021;26;2;0;1;;00001729;00000005;00000007;00000146;1;0;0;;;;;;0;;0;;;;1;0;0;11000007;5;;5;1;0;0;0;1;0;0
1000000932;20000040;200000766;2021;21;2;0;1;;00001411;00000001;00000024;00002032;1;0;0;;;;0;;;;;;0;0;1;0;0;11000005;2;;5;1;0;0;0;1;0;1
1000000933;20000077;200000767;2021;23;1;0;1;;00001762;00000006;00000012;00004147;1;0;0;;;;;;0;;;;;0;1;0;0;11000010;9;2;5;1;0;0;0;1;0;0
1000000934;20000192;200000768;2021;6;2;1;1;;00001541;00000005;00000019;00000799;1;0;1;;;;;;;;;;0;0;1;0;;11000027;5;2;5;1;0;0;0;1;0;0
1000000935;20000165;200000769;2021;14;1;1;1;;00004287;00000002;00000005;;1;1;0;;;;0;;1;;;;;0;1;0;0;11000023;4;41;5;1;0;0;0;1;0;1
1000000936;20000159;200000770;2021;15;2;3;1;;00000075;00000002;00000005;;1;0;0;;;;;;;;;;;0;1;0;0;11000022;9;19;5;1;0;0;0;1;0;0
1000000937;20000011;200000771;2021;11;2;3;1;;00005308;00000002;00000016;00004395;1;0;1;;;;0;;0;;;;;0;1;0;0;11000001;5;19;5;1;0;0;0;1;0;0
1000000940;20000073;200000772;2021;10;2;0;1;;00004543;00000002;;00002146;2;0;1;;;1;;0;0;;;0;;0;1;0;0;11000010;5;14;5;1;0;0;0;1;0;0
1000000941;20000031;200000773;2021;9;2;1;1;;00004923;00000006;;00005297;1;0;0;;1;1;;0;;;;;;0;1;0;0;11000004;;19;5;1;0;0;0;1;0;0
1000000942;20000002;200000774;2021;14;2;0;1;;00005390;00000005;00000025;00004270;1;0;0;;;;;;;;0;;;0;1;0;0;11000000;5;17;5;1;0;0;0;1;0;0
1000000943;20000013;200000775;2021;11;1;0;1;;00004269;00000006;00000018;00002171;1;0;0;;;;;;;;;;;;1;0;0;11000001;5;18;5;1;0;0;0;1;0;0
1000000944;20000117;200000776;2021;6;2;1;1;;00003044;00000005;;00005288;2;0;0;;;;;;;0;0;;;0;1;0;0;11000016;9;17;5;1;0;0;0;1;0;0
1000000945;20000149;200000777;2021;17;1;1;1;;00000089;00000006;00000010;;1;0;0;;0;;;;;;0;;;0;1;0;0;11000021;9;2;5;1;0;0;0;1;0;0
1000000947;20000087;200000778;2021;7;1;0;1;;00003574;00000007;00000018;00001934;1;0;0;;;;;;;;;;;0;1;0;1;11000012;5;26;5;1;0;0;0;1;0;0
1000000948;20000041;200000779;2021;9;2;3;1;;00004910;00000001;;00003156;1;0;0;;;1;;;;;;;;0;1;0;0;11000005;9;18;5;1;1;0;0;1;0;0
1000000949;20000018;200000780;2021;14;2;2;1;;00001052;00000002;00000017;00001798;1;0;1;;0;;;;0;;;;0;0;1;0;0;11000002;9;2;5;1;0;0;0;1;0;1
1000000950;20000203;200000781;2021;11;1;3;1;;00002813;00000003;;00002689;2;0;0;;;0;0;;;;;;0;0;1;0;0;11000028;9;1;5;1;0;0;0;1;0;0
1000000951;20000134;200000782;2021;17;2;3;1;;00000224;00000007;;00002296;2;0;;;;;;;;;;;;0;1;0;0;11000019;9;1;5;1;0;0;0;1;0;0
1000000954;20000180;200000784;2021;17;2;1;1;;00000008;00000005;;00004874;1;0;0;;;;0;;;;;;;0;1;0;0;11000025;9;;5;1;0;0;0;1;0;0
1000000956;20000177;200000786;2021;8;1;3;1;;00000795;00000004;00000021;00004377;1;0;0;;;;;;;;;;;0;1;0;0;11000025;5;15;5;1;0;0;0;1;0;0
1000000957;20000134;200000787;2021;19;1;3;1;;00004405;00000004;;00002846;1;0;0;;;;;;;;;0;;0;1;0;0;11000019;5;1;5;1;0;0;0;1;0;0
1000000959;20000132;200000788;2021;7;1;0;1;;00002278;00000004;00000017;00000814;1;0;0;;0;;;0;;0;;;;0;1;0;0;11000018;5;14;5;1;0;0;0;1;0;0
1000000960;20000034;200000789;2021;17;1;3;1;;00003536;00000001;00000019;00000014;1;0;1;0;;;;0;;;0;;;0;1;0;0;11000004;4;1;5;1;0;0;0;1;0;1
1000000961;20000185;200000790;2021;8;1;3;1;;00003072;00000003;00000012;00003358;1;0;0;;;;;;;;;;;0;1;0;0;11000026;9;19;5;1;0;0;0;1;0;0
1000000964;20000048;200000792;2021;14;2;0;1;;00000736;00000004;00000025;00002451;1;0;0;;;;;;;;;;;0;1;0;0;11000006;5;20;5;1;0;0;0;1;0;0
1000000965;20000060;200000793;2021;4;1;1;1;;00000192;00000006;00000002;;2;0;0;;0;;;;;;;0;;0;1;0;0;11000008;2;15;5;1;0;0;0;1;0;0
1000000966;20000162;200000794;2021;14;1;0;1;;00002914;00000007;;;1;0;0;;;;;;0;;;;;0;1;0;;11000023;2;;5;1;0;0;0;1;0;1
1000000967;20000103;200000795;2021;16;2;3;1;;00001187;00000007;00000022;;1;0;0;;0;;;;;0;;;;0;1;0;0;11000014;5;2;5;1;1;0;0;1;0;0
1000000968;20000020;200000796;2021;19;2;3;1;;00004343;00000004;00000025;00004370;2;0;0;0;;;;;;;;;;0;1;0;0;11000002;9;19;5;1;0;0;0;1;0;1
1000000969;20000184;200000797;2021;12;1;3;1;;00002959;00000004;;00004525;2;0;0;0;0;1;0;0;0;0;;;0;0;1;0;0;11000026;5;32;5;1;0;0;0;1;0;0
1000000970;20000069;200000798;2021;17;2;0;1;;00003828;00000004;;00002027;2;0;0;;;;;;;;;0;;0;1;0;1;11000009;5;1;5;1;0;0;0;1;0;0
1000000971;20000076;200000799;2021;10;2;5;1;;00005036;00000003;;;1;0;0;;;;;0;;;;0;;0;1;0;0;11000010;5;;5;1;0;0;0;1;0;0
1000000972;20000182;200000800;2021;18;1;1;1;;00001445;00000004;00000017;;1;0;0;;;;;;;;;;;0;1;1;0;11000025;5;1;5;1;0;0;0;1;0;0
1000000973;20000181;200000801;2021;18;2;1;1;;00002080;00000002;;00005213;1;0;1;;;1;;;0;;;0;0;0;1;;0;11000025;5;71;5;1;0;0;0;1;0;0
1000000975;20000027;200000803;2021;16;2;3;1;;00003714;00000003;;00001876;1;0;0;;;;;;;;;;;0;1;0;0;11000003;5;;5;1;0;0;0;1;0;0
1000000976;20000087;200000804;2021;13;1;1;1;;00001652;00000004;;;1;0;0;;;;0;;;;;0;0;0;1;0;0;11000012;5;26;5;1;0;0;0;1;0;0
1000000977;20000116;200000805;2021;11;2;2;1;;00002371;00000005;;00002041;1;0;0;;;;;;;;0;0;;0;1;0;0;11000016;5;19;5;1;0;0;0;1;0;0
1000000978;20000038;200000806;2021;7;2;0;1;;00003604;00000002;00000015;00002579;1;0;0;;;;;;;;;;;0;1;0;0;11000005;5;21;5;1;0;0;0;1;0;0
1000000979;20000171;200000807;2021;14;2;0;1;;00001930;00000005;00000022;00004548;1;0;0;;;;0;0;;;;0;;0;1;0;0;11000024;5;20;5;1;0;0;0;1;0;0
1000000980;20000044;200000808;2021;17;1;3;1;;00000084;00000001;00000024;;1;0;0;;;;;0;;0;;;;0;1;0;0;11000006;5;15;5;1;0;0;0;1;0;0
1000000982;20000163;200000809;2021;10;1;0;1;;00004273;00000003;;00000631;2;0;0;;0;;;;;0;;;;1;1;0;0;11000023;5;16;5;1;0;0;0;1;0;0
1000000983;20000125;200000810;2021;19;1;0;1;;00003988;00000003;00000003;00001612;1;0;0;;0;;0;;;0;;;;0;1;0;0;11000017;4;1;5;1;0;0;0;1;0;1
1000000984;20000126;200000811;2021;10;2;3;1;;00001929;00000006;00000010;;1;0;0;;;1;;;0;;;;;0;1;0;0;11000017;9;1;6;1;0;0;0;1;0;0
1000000985;20000064;200000812;2021;12;1;1;1;;00002087;00000002;;00001153;1;0;0;0;0;1;0;;;0;;;0;0;1;0;0;11000009;5;16;5;1;0;0;0;1;0;0
1000000987;20000062;200000813;2021;14;1;3;1;;00003669;00000007;00000019;00000622;1;0;0;;;;;;;;;;;0;1;1;0;11000008;5;16;5;1;0;0;0;1;0;0
1000000988;20000156;200000814;2021;13;1;3;1;;00003806;00000005;00000022;00003554;1;0;0;;;;;;;;0;;;0;1;0;0;11000022;5;19;6;1;0;0;0;1;0;0
1000000990;20000110;200000815;2021;6;1;3;1;;00002994;00000006;00000001;00004004;1;0;1;;0;;;;0;;;;;0;1;0;0;11000015;2;27;5;1;0;0;0;1;0;1
1000000993;20000103;200000817;2021;20;1;3;1;;00004601;00000002;00000021;00001886;1;0;0;;;;;0;;;0;0;;0;1;0;0;11000014;5;2;5;1;0;0;0;1;0;0
1000000994;20000027;200000818;2021;14;1;0;1;;00002133;00000002;;00001309;1;0;0;;;;;;;;;;;0;1;0;0;11000003;5;;5;1;1;0;0;1;0;0
1000000995;20000208;200000819;2021;16;1;1;1;;00003056;00000006;00000017;00002161;1;0;0;;;;;;;;;;0;0;1;0;0;11000029;5;20;5;1;0;0;0;1;0;0
1000000997;20000097;200000820;2021;15;2;5;1;;00003942;00000001;00000013;;2;0;0;0;;;;0;;;;;;0;1;0;0;11000013;5;1;5;1;0;0;0;1;0;0
1000000998;20000072;200000821;2021;10;2;0;1;;00002985;00000001;00000009;00000833;1;0;0;;;;;;;;;;;1;1;0;0;11000010;5;17;5;1;0;0;0;1;0;0
1000001000;20000099;200000823;2021;15;1;1;1;;00004486;00000007;00000020;00004360;1;0;0;;;;;;;;;;0;0;1;0;;11000014;5;14;5;1;0;0;0;1;0;0
1000001001;20000021;200000824;2021;16;1;1;1;;00004318;00000005;;;1;0;0;;;0;;;0;;;;0;0;1;1;0;11000002;5;22;5;1;0;0;0;1;0;0
1000001002;20000053;200000825;2021;23;2;3;1;;00002219;00000007;00000014;00004224;1;0;0;;;;;;;0;;;;0;1;0;0;11000007;5;41;5;1;0;0;0;1;0;0
1000001005;20000016;200000826;2021;12;1;1;1;;00000852;00000004;00000020;;1;0;0;;;;;;;0;;;;0;1;0;0;11000002;9;1;6;1;0;0;0;1;0;0
1000001007;20000059;200000827;2021;17;2;3;1;;00002265;00000003;;00000417;2;0;0;;;;;;;;0;;0;0;1;0;1;11000008;5;;5;1;0;0;0;1;0;0
1000001008;20000091;200000828;2021;17;1;1;1;;00002710;00000005;00000004;;1;0;0;;;;;;;;;0;;0;1;0;0;11000012;5;26;6;1;0;0;0;1;0;0
1000001009;20000029;200000829;2021;7;2;1;1;;00002154;00000001;00000010;00004889;1;0;0;;;;;;0;;0;;0;0;1;0;0;11000004;5;;5;1;0;0;0;1;0;0
1000001012;20000140;200000831;2021;15;1;1;1;;00003715;00000003;00000009;;1;0;;;;;0;;;;;0;;0;1;0;0;11000019;5;2;6;1;0;0;0;1;0;0
1000001013;20000138;200000832;2021;7;2;1;1;;00001137;00000004;00000007;00004978;1;0;0;;;;;;;;;;;0;1;0;0;11000019;5;56;5;1;0;0;0;1;0;0
1000001015;20000022;200000833;2021;15;1;3;1;;00000466;00000007;00000021;;1;0;0;;;;;;;;;;0;;1;0;0;11000003;5;17;5;1;0;0;0;1;0;0
1000001016;20000100;200000834;2021;12;1;3;1;;00000535;00000003;00000026;;1;0;0;;;1;;;;;;;0;0;1;0;0;11000014;5;16;5;1;0;0;0;1;0;0
1000001017;20000205;200000835;2021;7;2;0;1;;00005082;00000003;00000025;00001669;1;0;1;;;;;0;0;;;;;0;1;0;0;11000029;5;17;5;1;0;0;0;1;0;0
1000001019;20000073;200000837;2021;25;2;0;1;;00000867;00000004;;;1;0;0;;;;;;;;0;;;0;1;0;0;11000010;9;14;5;1;0;0;0;1;0;0
1000001020;20000043;200000838;2021;7;2;0;1;;00002529;00000002;00000009;00000138;1;0;0;0;;;;;;;;;;0;1;0;0;11000006;9;14;5;1;0;0;0;1;0;0
1000001021;20000092;200000839;2021;18;1;1;1;;00001030;00000004;00000009;00004855;1;0;0;0;;;;0;;;;;;0;1;0;;11000013;4;16;5;1;0;0;0;1;0;1
1000001022;20000155;200000840;2021;11;2;3;1;;00000643;00000004;;;1;0;0;;;;;;;;;;;0;1;0;0;11000022;5;25;5;1;0;0;0;1;0;0
1000001024;20000036;200000842;2021;6;1;3;1;;00003784;00000005;00000004;00003617;2;0;0;0;0;;;0;;;;;;0;1;0;0;11000005;5;;5;1;0;0;0;1;0;0
1000001025;20000175;200000843;2021;14;1;1;1;;00005448;00000004;;00000982;1;0;0;;;;;;;;;;;0;1;0;0;11000024;5;17;5;1;0;0;0;1;0;1
1000001026;20000203;200000844;2021;13;2;0;1;;00003462;00000005;00000004;;1;0;0;;;;;;;0;;0;;0;1;0;0;11000028;9;1;5;1;0;0;0;1;0;0
1000001029;20000122;200000847;2021;15;1;3;1;;00005014;00000004;00000007;00000363;2;0;0;;0;;;0;;;;;0;0;1;;0;11000017;2;;5;1;0;0;0;1;0;1
1000001031;20000052;200000848;2021;17;2;3;1;;00002077;00000002;00000002;00004703;1;0;0;;;;;1;;;;;;0;1;0;0;11000007;5;2;5;1;0;0;0;1;0;0
1000001032;20000137;200000849;2021;21;2;1;1;;00001841;00000003;00000004;;1;0;0;;;0;0;0;;;;;;0;1;1;0;11000019;5;2;5;1;0;0;0;1;0;0
1000001033;20000085;200000850;2021;11;1;1;1;;00002190;00000001;00000005;00004606;2;0;1;;;;;;;;;;;0;1;0;0;11000012;5;69;5;1;0;0;0;1;0;0
1000001034;20000161;200000851;2021;9;1;0;1;;00005143;00000002;;00002167;1;0;0;0;;;;0;;;0;;;0;1;0;0;11000022;9;41;5;1;1;0;0;1;0;0
1000001036;20000158;200000853;2021;5;2;1;1;;00001127;00000006;00000007;;1;0;1;0;;;;0;;;;;;0;1;0;0;11000022;5;1;5;1;0;0;0;1;0;0
1000001037;20000028;200000854;2021;11;1;3;1;;00001029;00000005;;00004956;1;0;0;;;;;;;0;;;0;0;1;0;0;11000003;5;26;5;1;0;0;0;1;0;0
1000001038;20000174;200000855;2021;14;2;0;1;;00003625;00000005;00000018;;1;0;0;;;;;;;;;;;0;1;0;0;11000024;9;;5;1;0;0;0;1;0;0
1000001039;20000158;200000856;2021;14;2;1;1;;00001394;00000002;;00002597;1;0;0;;0;;0;;;;;0;;0;1;0;1;11000022;9;1;5;1;0;0;0;1;0;0
1000001040;20000194;200000857;2021;14;2;1;1;;00002673;00000004;;;1;0;0;0;;;0;;;;;0;;0;1;;0;11000027;2;1;5;1;0;0;0;1;0;1
1000001041;20000174;200000858;2021;17;1;1;1;;00001251;00000002;00000007;00004627;1;0;0;;0;;;;;;;;;0;1;0;0;11000024;9;;5;1;0;0;0;1;0;0
1000001042;20000104;200000859;2021;11;1;0;1;;00001672;00000007;00000001;00004779;1;0;0;;;;;;;;;0;;0;1;0;0;11000014;5;2;5;1;0;0;0;1;0;0
1000001044;20000080;200000861;2021;26;1;1;1;;00005054;00000007;;;1;0;0;0;;;;;;;;;;0;1;0;0;11000011;5;21;5;1;1;0;0;1;0;0
1000001046;20000182;200000862;2021;10;1;3;1;;00000377;00000006;;00001163;2;1;0;;0;;;;;;;;;0;1;0;1;11000025;5;1;5;1;1;0;0;1;0;1
1000001048;20000141;200000863;2021;18;1;0;1;;00001124;00000002;00000011;;1;0;0;;0;;;;;;;;;0;1;0;0;11000020;2;15;5;1;0;0;0;1;0;1
1000001049;20000053;200000864;2021;8;2;1;1;;00002275;00000005;00000025;00000107;1;0;0;;;;;;;;;;;0;1;0;0;11000007;5;41;5;1;0;0;0;1;0;0
1000001050;20000043;200000865;2021;9;1;3;1;;00003840;00000002;;00000549;1;0;0;;;;;;;;;0;;0;1;0;0;11000006;5;14;5;1;0;0;0;1;0;0
1000001051;20000023;200000866;2021;12;1;1;1;;00000342;00000001;;00002378;1;0;0;;0;;;;;;;;;0;1;0;0;11000003;5;40;5;1;0;0;0;1;0;0
1000001052;20000008;200000867;2021;11;2;1;1;;00000337;00000001;;;1;0;0;;0;;;;;;0;;0;0;1;0;0;11000001;5;41;5;1;0;0;0;1;0;0
1000001053;20000006;200000868;2021;14;1;3;1;;00002662;00000007;;;1;0;0;;;0;;;;;0;;;0;1;0;0;11000000;5;40;5;1;0;0;0;1;0;0
1000001054;20000038;200000869;2021;8;1;3;1;;00001311;00000004;;00004749;1;0;0;;;1;0;;;0;;;;0;1;0;0;11000005;;21;5;1;0;0;0;1;0;0
1000001055;20000133;200000870;2021;16;1;1;1;;00001988;00000004;;;1;0;0;;;;;;0;;;0;;0;1;0;0;11000018;9;2;5;1;0;0;0;1;0;0
1000001056;20000074;200000871;2021;9;1;1;1;;00000110;00000004;00000005;00001759;1;0;0;;;1;;;;;0;;;0;1;0;0;11000010;5;15;5;1;0;0;0;1;0;0
1000001057;20000196;200000872;2021;9;2;0;1;;00000520;00000002;00000020;;2;0;0;;;;;;;0;;0;;0;1;0;0;11000027;5;21;2;1;0;0;0;1;0;0
1000001059;20000214;200000874;2021;18;2;0;1;;00000925;00000004;;00003002;1;0;0;;;;0;;;;;;;0;1;0;0;11000030;9;18;5;1;0;0;0;1;0;0
1000001060;20000085;200000875;2021;14;2;3;1;;00005524;00000003;00000027;;1;0;0;0;;;;0;;;0;;;0;1;0;0;11000012;4;69;5;1;0;0;0;1;0;1
1000001061;20000103;200000876;2021;8;1;1;1;;00003888;00000003;;;1;0;0;;0;;0;;;;;;;0;1;0;0;11000014;9;2;5;1;0;0;0;1;0;0
1000001062;20000058;200000877;2021;17;2;5;1;;00002462;00000007;00000005;00004436;1;0;1;;;;;0;;;0;;;0;1;0;0;11000008;5;2;5;1;0;0;0;1;0;0
1000001063;20000077;200000878;2021;15;1;0;1;;00003428;00000007;;00005210;1;0;0;;;;;;;;;;;0;1;0;0;11000010;;2;5;1;0;0;0;1;0;0
1000001064;20000154;200000879;2021;9;2;3;1;;00002350;00000005;00000001;00002021;1;0;0;;;;;;;;;;;0;1;0;0;11000021;5;20;5;1;0;0;0;1;0;0
1000001065;20000104;200000880;2021;11;2;3;1;;00003133;00000003;00000016;;1;0;0;;1;;;0;;;;;;0;1;0;0;11000014;5;2;5;1;0;0;0;1;0;0
1000001066;20000099;200000881;2021;9;2;3;1;;00004536;00000007;00000020;;1;0;1;;;;;0;;;;;;0;1;0;0;11000014;5;14;5;1;0;0;0;1;0;0
1000001067;20000066;200000882;2021;16;2;1;1;;00005253;00000002;00000024;;1;0;0;;;0;;;0;;;0;;0;1;0;0;11000009;5;14;5;1;0;0;0;1;0;0
1000001068;20000166;200000883;2021;16;2;1;1;;00003267;00000002;;00003869;2;0;0;;;;;;0;;;;;0;1;0;0;11000023;5;19;5;1;0;0;0;1;0;0
1000001069;20000066;200000884;2021;18;2;0;1;;00004416;00000002;00000007;00001254;1;0;0;0;;;;0;;0;;;;0;1;;0;11000009;5;14;5;1;1;0;0;1;0;0
1000001070;20000048;200000885;2021;5;1;1;1;;00003408;00000003;;00001096;1;0;0;;;;;;;;;;;0;1;1;0;11000006;5;20;5;1;0;0;0;1;0;0
1000001072;20000158;200000887;2021;14;1;3;1;;00003354;00000006;;00004361;1;0;0;;;;;;;;;;;0;1;0;0;11000022;5;1;5;1;0;0;0;1;0;0
1000001073;20000015;200000888;2021;4;1;3;1;;00000168;00000004;00000017;00003824;1;0;0;;;1;;;;;0;;0;0;1;0;0;11000002;9;16;5;1;0;0;0;1;0;0
1000001074;20000157;200000889;2021;5;1;0;1;;00004516;00000004;00000017;;1;0;0;0;;1;;;;;;;;;1;0;0;11000022;4;14;5;1;0;0;0;1;0;1
1000001075;20000021;200000890;2021;5;1;1;1;;00005080;00000001;00000008;00004024;1;0;0;;;;0;;0;0;;;;0;1;0;0;11000002;5;22;5;1;1;0;0;1;0;0
1000001076;20000036;200000891;2021;15;1;3;1;;00000489;00000002;;;1;0;0;;;;;0;;;;;;0;1;0;0;11000005;5;;5;1;0;0;0;1;0;0
1000001077;20000184;200000892;2021;14;1;3;1;;00004416;00000003;00000004;;1;0;0;;;1;;;;;0;;0;0;1;0;0;11000026;5;32;5;1;0;0;0;1;0;0
1000001078;20000211;200000893;2021;22;1;0;1;;00004124;00000005;00000021;;1;0;1;;;;;;;;;;0;0;1;0;0;11000030;9;20;5;1;0;0;0;1;0;0
1000001079;20000078;200000894;2021;4;2;3;1;;00003926;00000003;;;1;0;0;;;0;;0;;;;;;0;1;0;0;11000011;5;1;5;1;0;0;0;1;0;0
1000001080;20000154;200000895;2021;5;2;1;1;;00003238;00000003;00000019;00001045;1;0;0;;;;;;;;0;;;0;1;0;0;11000021;5;20;5;1;0;0;0;1;0;1
1000001082;20000062;200000897;2021;17;1;2;1;;00004407;00000002;00000020;00001450;1;0;1;0;;;0;0;;0;;;;0;1;0;0;11000008;5;16;5;1;0;0;0;1;0;0
1000001083;20000175;200000898;2021;4;1;2;1;;00002726;00000001;00000003;00004851;2;0;0;;0;;0;0;;;;;;0;1;1;0;11000024;5;17;5;1;0;0;0;1;0;0
1000001084;20000100;200000899;2021;15;1;1;1;;00000869;00000002;00000022;00002497;1;0;0;;;;;;0;;;;0;0;1;1;0;11000014;5;16;5;1;0;0;0;1;0;0
1000001085;20000160;200000900;2021;6;1;0;1;;00002497;00000003;;00002550;1;0;0;;;0;;;;;;;;0;1;0;0;11000022;5;15;5;1;0;0;0;1;0;0
1000001086;20000210;200000901;2021;9;2;1;1;;00000405;00000001;;00002571;1;0;0;;0;;;0;;;;0;;0;1;0;0;11000029;9;14;5;1;0;0;0;1;0;0
1000001087;20000106;200000902;2021;5;2;1;1;;00000067;00000007;00000017;00004249;1;0;0;;;;;1;;;;;0;0;1;0;0;11000015;5;70;5;1;0;0;0;1;0;0
1000001088;20000176;200000903;2021;13;1;1;1;;00002574;00000002;00000025;00002100;1;0;0;;0;;0;;;;;;0;0;1;0;0;11000025;5;1;5;1;0;0;0;1;0;0
1000001089;20000113;200000904;2021;7;1;3;1;;00003970;00000006;;;1;0;1;;;;;;;;;0;;0;1;0;0;11000016;5;17;5;1;0;0;0;1;0;0
1000001091;20000058;200000905;2021;14;1;3;1;;00002358;00000006;;00001308;1;0;1;;;1;0;;;0;;;0;0;1;0;0;11000008;5;2;5;1;0;0;0;1;0;0
1000001092;20000080;200000906;2021;15;1;3;1;;00002963;00000003;00000021;00004763;1;0;0;;;;;0;0;;0;;;0;1;;0;11000011;5;21;5;1;0;0;0;1;0;0
1000001095;20000117;200000908;2021;18;1;3;1;;00002567;00000003;;00003046;2;0;0;;;1;;;;;;;;0;1;0;0;11000016;9;17;5;1;0;0;0;1;0;0
1000001096;20000124;200000909;2021;10;1;0;1;;00004886;00000004;00000005;00001348;2;0;0;;;;;;0;;0;;;0;1;0;0;11000017;5;;5;1;0;0;0;1;0;0
1000001097;20000132;200000910;2021;12;2;1;1;;00002324;00000005;;00001779;1;0;0;;;;0;;;;;;;0;1;0;0;11000018;5;14;5;1;0;0;0;1;0;0
1000001098;20000062;200000911;2021;14;1;3;1;;00002235;00000006;00000011;00003039;1;0;0;;;;;;0;;;;;0;1;0;0;11000008;5;16;5;1;0;0;0;1;0;0
1000001099;20000019;200000912;2021;14;2;3;1;;00002643;00000006;00000026;00004491;1;0;0;;;;;;;;0;;;0;1;0;0;11000002;5;19;1;1;0;0;0;1;0;0
1000001100;20000138;200000913;2021;17;1;2;1;;00004591;00000004;00000027;00000818;1;0;0;;;;;;;0;;;;0;1;0;0;11000019;9;56;5;1;0;0;0;1;0;1
1000001101;20000186;200000914;2021;11;1;0;1;;00005044;00000005;00000019;00003420;1;0;0;;;;;;0;;;;0;0;1;0;0;11000026;5;26;5;1;0;0;0;1;0;0
1000001102;20000150;200000915;2021;5;2;3;1;;00000273;00000003;00000003;00003379;2;0;0;;0;1;;;0;0;;;;0;1;0;0;11000021;9;1;5;1;0;0;0;1;0;0
1000001103;20000041;200000916;2021;4;2;1;1;;00000190;00000001;00000022;00002508;1;0;0;0;0;;;;;;;;;0;1;0;0;11000005;5;18;5;1;0;0;0;1;0;0
1000001105;20000023;200000918;2021;4;2;3;1;;00002211;00000004;00000022;;1;0;0;;;1;;0;;;;;;0;1;0;0;11000003;5;40;5;1;0;0;0;1;0;0
1000001106;20000177;200000919;2021;40;2;3;1;;00001917;00000004;;00003250;2;0;0;;0;;;;0;0;0;;;0;1;0;0;11000025;5;15;5;1;0;0;0;1;0;0
1000001107;20000032;200000920;2021;10;2;3;1;;00004417;00000001;00000021;;1;0;0;;1;;0;;;;;;;0;1;;0;11000004;9;18;5;1;0;0;0;1;0;0
1000001108;20000082;200000921;2021;16;2;0;1;;00000718;00000006;;00004673;2;0;0;;;;;;0;0;0;;;0;1;0;0;11000011;5;2;5;1;0;0;0;1;0;0
1000001109;20000109;200000922;2021;4;2;1;1;;00003486;00000006;00000013;00005282;1;1;0;;;;;;;;;0;0;0;1;0;0;11000015;5;2;5;1;0;0;0;1;0;0
1000001111;20000214;200000924;2021;9;1;1;1;;00003516;00000002;00000004;00002407;2;0;0;;;;;;;;;0;;0;1;0;0;11000030;9;18;5;1;0;0;0;1;0;0
1000001112;20000212;200000925;2021;18;1;3;1;;00005047;00000002;00000019;00001317;1;0;0;;;1;;;;;;;;0;1;0;0;11000030;4;16;5;1;0;0;0;1;0;1
1000001113;20000045;200000926;2021;7;2;0;1;;00000270;00000002;00000016;;1;0;1;;;;;;;;0;;;0;1;0;0;11000006;5;20;5;1;0;0;0;1;0;0
1000001115;20000115;200000928;2021;9;1;0;1;;00003284;00000004;;00002997;1;0;0;0;;;;0;;;;;;0;1;0;0;11000016;;19;5;1;0;0;0;1;0;0
1000001116;20000033;200000929;2021;15;2;0;1;;00001734;00000007;;;1;0;1;;;0;;;;;;;;0;1;0;0;11000004;5;;5;1;0;0;0;1;0;0
1000001117;20000098;200000930;2021;5;1;1;1;;00004029;00000004;00000011;;1;0;1;;;;;;;;;;;0;1;0;0;11000013;5;2;5;1;1;0;0;1;0;0
1000001118;20000188;200000931;2021;7;2;0;1;;00002762;00000003;00000025;;1;0;0;;;1;;;;;;;0;0;1;0;0;11000026;9;2;6;1;0;0;0;1;0;0
1000001121;20000037;200000934;2021;4;2;1;3;;00004938;00000005;00000024;;1;0;0;;;;;;;;;;;0;1;0;0;11000005;5;17;5;1;0;0;0;1;0;0
1000001122;20000211;200000935;2021;4;1;3;1;;00005083;00000007;00000004;;1;0;1;;0;1;;;;;;;0;0;1;0;1;11000030;5;20;5;1;0;0;0;1;0;0
1000001123;20000131;200000936;2021;4;2;3;1;;00000077;00000004;;00005281;1;0;0;;;1;;;;0;0;;;0;1;0;0;11000018;9;14;5;1;0;0;0;1;0;1
1000001124;20000015;200000937;2021;8;2;3;1;;00000219;00000006;00000025;00000892;1;0;1;;;;0;;;0;;;;;1;0;0;11000002;9;16;5;1;0;0;0;1;0;0
1000001125;20000137;200000938;2021;4;1;3;1;;00000941;00000005;;00001703;1;0;1;;;0;;;;0;0;0;;0;1;0;0;11000019;5;2;5;1;0;0;0;1;0;0
1000001126;20000175;200000939;2021;12;1;1;1;;00001399;00000003;00000026;00003208;1;0;1;0;;1;0;0;;;;0;;0;1;0;;11000024;5;17;5;1;0;0;0;1;0;0
1000001128;20000019;200000941;2021;4;2;3;1;;00002612;00000001;00000022;00001700;1;0;1;;;;;;;;0;;;0;1;0;0;11000002;9;19;1;1;0;0;0;1;0;0
1000001129;20000116;200000942;2021;12;2;0;1;;00004289;00000003;00000005;;1;0;0;;;;;;;;;;;0;1;0;0;11000016;2;19;5;1;0;0;0;1;0;1
1000001130;20000153;200000943;2021;16;1;2;1;;00004386;00000005;00000024;00004600;2;0;0;;;;;;;;0;;;0;1;0;0;11000021;5;18;5;1;0;0;0;1;0;0
1000001131;20000091;200000944;2021;9;1;3;1;;00005150;00000007;;00004358;1;0;0;;;;;;;;;;0;0;1;0;0;11000012;5;26;6;1;0;0;0;1;0;0
1000001132;20000092;200000945;2021;9;2;3;1;;00004669;00000001;00000007;00002051;1;0;0;0;0;;;;;;;;;0;1;0;;11000013;9;16;5;1;0;0;0;1;0;1
1000001134;20000155;200000947;2021;11;1;1;1;;00002183;00000004;00000026;00003976;1;0;1;;;;;;;;0;;;0;1;0;0;11000022;2;25;5;1;0;0;0;1;0;0
1000001135;20000052;200000948;2021;8;1;3;1;;00001752;00000006;;00003351;1;0;1;;;;;;;;;;;0;1;0;0;11000007;5;2;5;1;0;0;0;1;0;0
1000001136;20000156;200000949;2021;9;1;3;1;;00003917;00000004;00000022;00003577;2;1;1;;0;;;;;;0;;;0;1;0;0;11000022;5;19;6;1;0;0;0;1;0;0
1000001137;20000186;200000950;2021;11;2;1;1;;00002829;00000003;00000007;;1;0;0;;;;;;;0;;0;;0;1;0;0;11000026;5;26;5;1;1;0;0;1;0;0
1000001138;20000104;200000951;2021;14;2;1;1;;00000667;00000006;00000008;00002571;2;0;0;;;1;;;;;0;;;0;1;0;0;11000014;9;2;5;1;0;0;0;1;0;0
1000001139;20000143;200000952;2021;13;1;0;1;;00002337;00000004;00000009;00000372;1;0;0;0;;;;0;;;;;0;0;1;0;0;11000020;5;2;5;1;0;0;0;1;0;0
1000001140;20000090;200000953;2021;8;1;1;1;;00002936;00000005;00000016;;1;0;0;0;;;;;;;;;;0;1;0;0;11000012;5;15;5;1;0;0;0;1;0;0
1000001141;20000006;200000954;2021;22;1;0;1;;00005356;00000005;00000024;00004421;1;0;0;;;;;;;;;;;0;1;0;0;11000000;5;40;5;1;0;0;0;1;0;0
1000001143;20000194;200000956;2021;4;1;1;1;;00003933;00000003;;00000129;1;1;0;;;;;;;;0;;;0;1;0;0;11000027;5;1;5;1;0;0;0;1;0;0
1000001144;20000060;200000957;2021;48;2;3;1;;00004770;00000001;;;1;0;0;0;;;;0;0;0;;;;0;1;1;0;11000008;5;15;5;1;0;0;0;1;0;0
1000001145;20000214;200000958;2021;12;2;3;1;;00003701;00000005;;00001046;1;0;0;;;;;;;;;0;;0;1;0;0;11000030;5;18;5;1;0;0;0;1;0;0
1000001146;20000023;200000959;2021;13;2;3;1;;00002829;00000004;00000009;00003968;1;0;0;0;;;0;;;;;0;0;0;1;0;0;11000003;5;40;5;1;0;0;0;1;0;0
1000001147;20000147;200000960;2021;10;2;1;1;;00004911;00000001;00000012;00002553;1;0;0;;;;;;;0;0;0;;0;1;0;0;11000020;2;1;5;1;0;0;0;1;0;0
1000001148;20000009;200000961;2021;11;1;0;1;;00004732;00000004;;00001539;1;0;0;;;;;;;;;;;0;1;0;0;11000001;2;19;5;1;0;0;0;1;0;1
1000001149;20000098;200000962;2021;15;2;0;1;;00003529;00000002;00000008;00003622;1;0;1;;;;0;;;;;;0;0;1;0;0;11000013;9;2;5;1;0;0;0;1;0;0
1000001150;20000110;200000963;2021;17;2;2;1;;00005408;00000003;00000027;00001342;1;0;0;;;;;;;;;;0;0;1;1;0;11000015;5;27;5;1;0;1;0;1;0;
1000001151;20000187;200000964;2021;8;2;0;1;;00004562;00000004;00000011;00004014;1;0;0;;0;;;;;;0;;;0;1;0;0;11000026;5;16;5;1;0;0;0;1;0;0
1000001153;20000128;200000966;2021;14;1;3;1;;00000794;00000006;00000010;00003605;1;0;0;;0;;;0;;;;;0;0;1;0;0;11000018;5;17;5;1;1;0;0;1;0;0
1000001154;20000045;200000967;2021;13;1;1;1;;00002719;00000004;;;1;0;0;;;;;;;;;;;0;1;0;0;11000006;5;20;5;1;0;0;0;1;0;0
1000001155;20000190;200000968;2021;11;1;1;1;;00001058;00000003;;00003611;1;0;0;;;;0;;;;;;;0;1;0;0;11000027;9;18;5;1;0;0;0;1;0;0
1000001156;20000176;200000969;2021;9;2;1;1;;00000663;00000007;;00003347;1;0;0;;;;;;;0;;;;0;1;;0;11000025;5;1;5;1;0;0;0;1;0;0
1000001157;20000019;200000970;2021;15;2;3;1;;00003046;00000006;00000025;;1;0;0;0;;;;;;;;;0;0;1;0;0;11000002;5;19;1;1;0;0;0;1;0;0
1000001158;20000116;200000971;2021;16;2;1;1;;00002555;00000003;;00001146;1;1;0;;;1;0;;;;;;;0;1;0;0;11000016;9;19;5;1;0;0;0;1;0;0
1000001159;20000212;200000972;2021;13;2;1;1;;00000026;00000006;00000005;00004692;1;0;0;;0;;;;;0;;;;0;1;0;0;11000030;9;16;5;1;0;0;0;1;0;0
1000001160;20000060;200000973;2021;14;1;3;1;;00000012;00000001;00000009;00000182;1;0;0;;;;;;0;;;;;0;1;0;0;11000008;4;15;5;1;0;0;0;1;0;1
1000001161;20000042;200000974;2021;7;1;3;1;;00002991;00000004;00000002;00003037;2;0;0;;0;1;0;1;;;;;;0;1;0;0;11000005;5;1;5;1;0;0;0;1;0;0
1000001162;20000072;200000975;2021;13;2;0;1;;00002022;00000005;00000015;;1;0;0;;0;;0;;0;;;;;;1;0;0;11000010;9;17;5;1;0;0;0;1;0;0
1000001164;20000077;200000977;2021;16;1;3;1;;00001886;00000007;;00001305;2;0;1;;;;;;;0;;;;0;1;0;0;11000010;5;2;5;1;0;0;0;1;0;0
1000001165;20000052;200000978;2021;11;1;0;1;;00003713;00000005;;;1;0;0;0;;;0;;;;0;;;0;1;0;0;11000007;5;2;5;1;0;0;0;1;0;0
1000001166;20000201;200000979;2021;5;1;1;1;;00002129;00000005;00000023;00004018;1;0;0;;;;;;0;;;;;0;1;0;0;11000028;9;2;5;1;0;0;0;1;0;0
1000001168;20000117;200000981;2021;10;1;0;1;;00000062;00000004;00000006;;1;0;0;;;;;;;;0;0;;0;1;0;0;11000016;9;17;5;1;0;0;0;1;0;0
1000001169;20000124;200000982;2021;12;2;1;1;;00004433;00000007;00000015;00005250;1;0;1;;;;0;;;;;;;0;1;0;0;11000017;5;;5;1;0;0;0;1;0;0
1000001170;20000138;200000983;2021;13;1;1;1;;00001423;00000002;00000010;00003049;1;0;0;0;;;;;0;0;;;;0;1;0;0;11000019;5;56;5;1;0;0;0;1;0;0
1000001171;20000037;200000984;2021;12;2;3;1;;00000092;00000007;00000020;00001346;1;0;0;0;;0;;;;0;;;;;1;0;0;11000005;5;17;5;1;0;0;0;1;0;0
1000001172;20000130;200000985;2021;14;1;0;1;;00004129;00000004;00000013;;1;0;0;;;;0;;;;;;;0;1;0;0;11000018;5;18;2;1;0;0;0;1;0;0
1000001174;20000081;200000987;2021;5;1;3;1;;00000785;00000006;00000017;00003634;1;0;1;0;;;0;0;;;;;;0;1;0;;11000011;5;20;5;1;0;0;0;1;0;0
1000001175;20000032;200000988;2021;4;2;3;1;;00001284;00000005;00000003;00004234;1;0;0;;;;;;0;;;0;;0;1;0;0;11000004;5;18;5;1;0;0;0;1;0;0
1000001176;20000142;200000989;2021;17;1;0;1;;00003014;00000006;;;1;0;0;;;;;1;0;;;;;0;1;0;0;11000020;9;2;5;1;0;0;0;1;0;0
1000001177;20000132;200000990;2021;6;1;0;1;;00003000;00000004;;00003207;1;0;0;;;;;;;;;;;0;1;0;0;11000018;5;14;5;1;0;0;0;1;0;0
1000001178;20000007;200000991;2021;8;1;0;1;;00004169;00000001;;00000701;1;0;1;;;0;;;;;;;;0;1;0;0;11000000;5;18;5;1;0;0;0;1;0;0
1000001179;20000122;200000992;2021;16;1;1;1;;00003040;00000001;;00002784;2;0;0;;;;;;;;;;;0;1;0;0;11000017;5;;5;1;0;0;0;1;0;0
1000001180;20000051;200000993;2021;7;2;0;1;;00005436;00000005;;00003728;1;0;1;;;;;;0;;0;0;;0;1;0;0;11000007;5;19;5;1;0;0;0;1;0;0
1000001181;20000102;200000994;2021;7;2;3;1;;00005451;00000007;;;1;1;0;0;;1;;;;;;;;0;1;0;0;11000014;9;1;5;1;0;0;0;1;0;0
1000001182;20000194;200000995;2021;14;1;0;1;;00000032;00000002;00000002;00003841;1;0;1;;;;;0;;;;0;;0;1;0;0;11000027;5;1;5;1;0;0;0;1;0;0
1000001183;20000163;200000996;2021;5;1;3;1;;00002803;00000003;00000027;00004655;1;0;0;;;;;;;;;;;0;1;0;0;11000023;9;16;5;1;0;0;0;1;0;0
1000001184;20000041;200000997;2021;4;2;1;1;;00003352;00000003;;00001048;1;0;0;0;;;;;;;0;;;0;1;0;0;11000005;5;18;5;1;0;0;0;1;0;0
1000001185;20000143;200000998;2021;18;1;1;1;;00000854;00000002;00000002;00001162;1;0;1;;0;1;;;;;0;0;;0;1;0;0;11000020;5;2;5;1;0;0;0;1;0;0
1000001186;20000182;200000999;2021;11;2;1;1;;00002992;00000005;;00005301;1;0;0;0;;1;0;0;0;;;0;;;1;0;0;11000025;5;1;5;1;0;0;0;1;0;0
1000001187;20000165;200001000;2021;17;2;1;1;;00001068;00000001;;00003585;2;0;0;0;;;;;;;;0;;0;1;0;0;11000023;4;41;5;1;0;0;0;1;0;0
