NU_ANO;CO_PESSOA_FISICA;ID_MATRICULA;NU_IDADE_REFERENCIA;TP_SEXO;TP_COR_RACA;TP_NACIONALIDADE;CO_UF_NASC;CO_MUNICIPIO_NASC;CO_PAIS_RESIDENCIA;CO_UF_END;CO_MUNICIPIO_END;TP_ZONA_RESIDENCIAL;IN_NECESSIDADE_ESPECIAL;IN_TRANSPORTE_PUBLICO;IN_TRANSP_BICICLETA;IN_TRANSP_MICRO_ONIBUS;IN_TRANSP_ONIBUS;IN_TRANSP_TR_ANIMAL;IN_TRANSP_VANS_KOMBI;IN_TRANSP_OUTRO_VEICULO;IN_TRANSP_EMBAR_ATE5;IN_TRANSP_EMBAR_5A15;IN_TRANSP_EMBAR_15A35;IN_TRANSP_EMBAR_35;IN_ESPECIAL_EXCLUSIVA;IN_REGULAR;IN_EJA;IN_PROFISSIONALIZANTE;ID_TURMA;CO_ENTIDADE
2023;1000000001;400000001;25;2;2;1;;00002250;00000002;;;2;0;0;;0;;;;;0;;;;0;;0;0;40000062;11000008
2023;1000000004;400000002;10;1;3;1;;00004440;00000006;00000027;;1;0;1;;;;;;;;;;;0;1;0;0;40000022;11000003
2023;1000000005;400000003;11;2;1;1;;00004038;00000005;00000001;00002644;1;0;0;;;1;;;;;;;;0;1;0;0;40000014;11000001
2023;1000000006;400000004;8;2;3;1;;00004333;00000007;;00005272;1;0;0;;;1;0;;;;;;;0;0;0;0;40000016;11000002
2023;1000000007;400000005;18;2;3;1;;00001154;00000009;00000015;00000452;1;0;0;0;;;;;;;0;;0;0;1;0;0;40000041;11000005
2023;1000000008;400000006;10;1;3;1;;00002986;00000007;00000024;00000769;1;0;0;;;;0;;;;;0;;0;1;0;0;40000098;11000013
2023;1000000009;400000007;9;1;0;1;;00004804;00000001;00000004;00005393;1;0;0;;;;;;;0;;;;;1;0;;40000056;11000007
2023;1000000010;400000008;12;2;1;1;;00001403;00000001;;00001467;1;0;1;;0;;;;;;0;;;0;1;0;;40000098;11000013
2023;1000000011;400000009;9;2;3;1;;00001834;00000006;;00003386;2;0;0;;0;;;0;;;;;;0;1;0;0;40000014;11000001
2023;1000000017;400000010;16;1;0;1;;00003217;00000007;00000007;;1;0;0;;;;0;;0;;;;;0;1;0;0;40000164;11000023
2023;1000000019;400000011;20;1;1;1;;00002635;00000005;00000019;00002605;1;0;;;;;;;;;;;;0;1;0;1;40000165;11000023
2023;1000000021;400000012;18;2;1;1;;00000737;00000004;00000015;00000809;1;0;0;;;;0;;0;;;0;;0;1;;0;40000128;11000018
2023;1000000023;400000013;27;1;1;1;;00004250;00000006;00000021;;1;0;0;;0;;;1;;;0;;;0;1;0;0;40000036;11000005
2023;1000000025;400000014;11;1;3;1;;00003404;00000008;;;1;0;0;;;;0;;;;;;;0;;0;;40000102;11000014
2023;1000000026;400000015;19;2;3;1;;00004141;00000006;00000013;00001557;2;0;0;;;;;0;1;;;;;0;1;0;0;40000214;11000030
2023;1000000027;400000016;23;2;0;1;;00002723;00000008;00000001;00004100;1;0;0;;;;;;;;;;0;0;1;0;0;40000206;11000029
2023;1000000028;400000017;12;1;1;1;;00003908;00000001;;00000185;1;0;0;;;;;;;0;0;0;;0;1;0;0;40000194;11000027
2023;1000000029;400000018;7;1;1;1;;00004774;00000003;00000010;;1;0;0;0;;;;;;;;;;0;1;0;;40000140;11000019
2023;1000000030;400000019;8;2;0;1;;00001485;00000002;00000007;;2;0;0;;;;;;;;;;;0;1;0;0;40000079;11000011
2023;1000000032;400000020;19;2;0;1;;00003389;00000004;00000015;00004130;2;0;0;;0;;;;;;;;;0;1;0;0;40000055;11000007
2023;1000000033;400000021;9;2;0;1;;00002324;00000004;;00005166;1;1;0;;;;;;;;;;;0;1;0;1;40000183;11000026
2023;1000000035;400000022;7;2;1;1;;00004302;00000004;;00002957;1;1;0;;;;;0;0;;;;;0;0;1;0;40000162;11000023
2023;1000000036;400000023;17;2;1;1;;00003318;00000004;00000004;00003863;1;0;0;;;;;0;;;;;;0;1;1;0;40000182;11000025
2023;1000000037;400000024;14;1;3;1;;00000391;00000001;00000021;;2;0;0;;0;;0;;;;;;;0;1;0;0;40000168;11000023
2023;1000000038;400000025;23;1;1;1;;00004155;00000008;00000004;00001995;1;0;;;;;;;;;;;;0;;0;0;40000011;11000001
2023;1000000039;400000026;20;1;1;1;;00004819;00000009;00000002;;1;0;0;0;;;;;;;;;0;0;1;0;0;40000208;11000029
2023;1000000040;400000027;19;1;1;1;;00003751;00000003;;00005092;1;0;0;;;;;;;;0;;;0;1;0;0;40000210;11000029
2023;1000000042;400000028;17;2;1;1;;00003566;00000007;;;1;0;0;0;0;1;;;;;;0;;0;1;0;0;40000044;11000006
2023;1000000045;400000029;4;2;1;1;;00000324;00000005;00000027;00004291;1;0;0;0;;1;0;0;;;;;;0;1;0;0;40000016;11000002
2023;1000000046;400000030;6;1;0;1;;00002675;00000002;00000004;00001579;1;0;0;;;;;;;;;;0;0;1;0;0;40000109;11000015
2023;1000000047;400000031;10;2;1;1;;00004654;00000005;00000021;;1;0;1;;;;;;;0;;;;0;1;0;0;40000162;11000023
2023;1000000048;400000032;36;2;0;1;;00002749;00000003;00000024;00004648;1;0;0;;;;;;;;;;;0;1;0;0;40000111;11000015
2023;1000000049;400000033;10;1;1;1;;00003322;00000002;00000017;;1;0;1;;0;;;;;;;;0;0;1;0;0;40000126;11000017
2023;1000000050;400000034;13;1;0;1;;00004254;00000008;;;1;0;0;;;;;;;;;;;0;1;0;0;40000026;11000003
2023;1000000051;400000035;13;2;1;1;;00005374;00000004;00000023;;1;0;0;;;;0;;;;;0;0;0;1;0;0;40000061;11000008
2023;1000000052;400000036;19;2;0;1;;00004939;00000003;00000023;00003972;1;0;0;;;;;;;;;;;0;;0;0;40000187;11000026
2023;1000000053;400000037;21;1;0;1;;00004682;00000001;;;2;1;0;0;;;;;0;;;;0;0;1;0;0;40000102;11000014
2023;1000000055;400000038;8;1;1;1;;00000171;00000004;00000013;00002815;1;0;1;;0;;;;;;;0;0;0;1;0;1;40000194;11000027
2023;1000000056;400000039;9;1;0;1;;00004684;00000008;00000014;00000694;1;0;0;;;;;;0;;;;;;1;1;0;40000215;11000030
2023;1000000057;400000040;18;2;3;1;;00004255;00000001;;00003890;1;0;0;;;1;;;;;0;;;1;1;0;0;40000176;11000025
2023;1000000058;400000041;15;2;1;1;;00002739;00000005;;00001255;2;0;0;;;;;;;;;;;0;1;0;0;40000038;11000005
2023;1000000060;400000042;9;1;1;1;;00005061;00000008;;;1;0;0;0;;;;0;;0;;;;0;1;0;1;40000146;11000020
2023;1000000062;400000043;8;1;3;1;;00005016;00000003;;;1;0;0;;;;;;;0;;;;0;1;0;0;40000090;11000012
2023;1000000064;400000044;7;1;3;1;;00000538;00000004;00000023;;1;0;1;;;;0;;;;;;;0;1;0;0;40000163;11000023
2023;1000000065;400000045;18;1;3;1;;00002923;00000009;;;1;0;0;;;;;0;;0;;;0;0;1;;0;40000087;11000012
2023;1000000066;400000046;15;2;3;1;;00002663;00000007;;;2;0;1;;;;;;;;0;;;0;1;0;0;40000063;11000008
2023;1000000067;400000047;7;1;3;1;;00004809;00000001;00000019;00002077;1;0;0;;;;;;;;;;;0;1;0;0;40000137;11000019
2023;1000000068;400000048;9;2;0;1;;00002396;00000007;;00002983;1;0;0;;;1;0;;;0;;;0;0;1;0;0;40000128;11000018
2023;1000000069;400000049;14;1;0;1;;00002004;00000005;;00002252;1;0;0;0;0;;;;;0;;;0;0;0;0;0;40000098;11000013
2023;1000000070;400000050;17;2;1;1;;00003624;00000002;00000012;00005038;1;0;;0;;;;0;;0;;0;;0;1;;0;40000184;11000026
2023;1000000071;400000051;18;2;0;1;;00000198;00000005;00000022;00002304;1;0;0;;;;0;;;;;;;0;1;0;0;40000043;11000006
2023;1000000072;400000052;14;2;3;1;;00000189;00000004;00000004;00003735;2;0;1;0;;;;;;;;;;0;1;0;0;40000214;11000030
2023;1000000073;400000053;12;1;3;1;;00000720;00000002;00000025;00000168;1;0;0;;;;;;;;;;;0;0;0;1;40000204;11000029
2023;1000000074;400000054;14;2;0;1;;00004412;00000009;;;1;0;0;;;;;;;;;;;0;1;0;0;40000174;11000024
2023;1000000075;400000055;9;2;2;1;;00003943;00000007;00000001;00004459;1;0;0;0;;;;;0;;;0;;0;;0;0;40000010;11000001
2023;1000000077;400000056;13;1;0;1;;00005029;00000004;00000015;;2;0;0;;;;;;0;;;;;0;1;0;0;40000083;11000011
2023;1000000078;400000057;11;1;0;1;;00005555;00000002;;;1;0;0;0;;;0;;;;0;;;0;;0;0;40000073;11000010
2023;1000000079;400000058;17;2;0;1;;00001731;00000007;00000003;;1;0;0;;;;;;;;;;0;0;0;0;0;40000138;11000019
2023;1000000080;400000059;20;1;3;1;;00000822;00000007;00000008;;2;0;0;;;;;0;;0;;0;;0;1;0;0;40000038;11000005
2023;1000000081;400000060;18;2;1;1;;00004287;00000009;;00003136;1;0;0;;1;1;;0;;;;;0;0;1;0;;40000028;11000003
2023;1000000082;400000061;13;2;3;1;;00001949;00000003;00000004;;1;0;0;;;;0;;;;;;;0;0;0;0;40000076;11000010
2023;1000000083;400000062;10;2;0;1;;00003361;00000002;00000020;;1;0;0;;0;;;;;;;;;0;1;;0;40000054;11000007
2023;1000000084;400000063;21;1;3;1;;00002457;00000007;;00003918;2;0;0;;;;;;;;;;;0;1;0;0;40000156;11000022
2023;1000000085;400000064;20;1;0;1;;00002382;00000008;;00002378;1;0;0;;;;;;;;;;;0;1;0;1;40000156;11000022
2023;1000000086;400000065;14;1;3;1;;00004931;00000007;00000017;00004055;1;0;0;;;1;0;;;;0;0;;0;1;0;0;40000145;11000020
2023;1000000087;400000066;16;1;3;1;;00002782;00000002;00000007;;1;0;0;0;;;;;;;;;;0;1;0;0;40000153;11000021
2023;1000000088;400000067;16;1;3;1;;00002177;00000002;00000012;00001297;1;0;0;;0;;;;;;;;;0;1;0;0;40000112;11000015
2023;1000000089;400000068;15;2;3;1;;00005320;00000003;;;1;0;1;;;;;;;;;;;0;1;0;0;40000077;11000010
2023;1000000091;400000069;17;2;3;1;;00000650;00000007;;00000554;2;0;0;0;;;;;0;0;;;0;0;1;0;0;40000163;11000023
2023;1000000092;400000070;14;1;3;1;;00002612;00000008;00000021;;1;0;1;;;;;;0;;;;;0;1;0;1;40000035;11000004
2023;1000000093;400000071;24;1;3;1;;00001660;00000009;00000009;00002342;1;0;0;;;;0;;0;;;;;0;1;0;0;40000049;11000006
2023;1000000094;400000072;5;2;3;1;;00003494;00000003;00000014;00004701;2;0;0;;;;;;;;0;;;0;1;0;0;40000016;11000002
2023;1000000095;400000073;8;2;1;1;;00005329;00000004;00000019;00002593;2;0;0;;;;;;;;;;;0;1;0;0;40000083;11000011
2023;1000000096;400000074;13;1;1;1;;00001694;00000006;;;1;0;1;;;1;0;;;;;;0;0;0;0;0;40000019;11000002
2023;1000000097;400000075;11;1;0;1;;00004598;00000004;00000003;;1;0;1;;;;;;;;0;0;;0;1;0;0;40000066;11000009
2023;1000000098;400000076;8;1;1;1;;00003129;00000009;00000004;00002791;2;0;0;;;1;;;;;;;;0;1;0;0;40000109;11000015
2023;1000000100;400000077;10;2;0;1;;00005160;00000009;00000017;;2;0;1;;;;;;;;0;;0;0;1;0;0;40000100;11000014
2023;1000000101;400000078;14;1;3;1;;00000038;00000008;;;1;0;0;;1;0;;;;0;;0;;0;1;0;;40000199;11000028
2023;1000000102;400000079;14;2;0;1;;00002496;00000007;00000008;;1;0;1;;0;;;;;;;;;0;0;0;0;40000175;11000024
2023;1000000103;400000080;19;1;1;1;;00000526;00000006;;00003460;1;0;0;;;;;;;0;;;;0;1;0;0;40000026;11000003
2023;1000000104;400000081;26;1;3;1;;00002998;00000004;;00000424;1;0;0;;;;;;;;0;;;0;0;0;0;40000167;11000023
2023;1000000106;400000082;8;1;1;1;;00003619;00000009;00000015;00004855;2;0;1;;;1;0;;;;;;;0;1;0;0;40000138;11000019
2023;1000000107;400000083;8;2;0;1;;00002021;00000004;00000018;;1;0;0;;;;;;;;;;;0;1;0;0;40000021;11000002
2023;1000000108;400000084;11;1;5;1;;00003703;00000008;;;1;0;0;0;;1;;;0;0;;;0;0;1;;0;40000036;11000005
2023;1000000109;400000085;17;1;3;1;;00001759;00000006;00000008;;1;0;0;;;;;;;;;;;;1;0;0;40000157;11000022
2023;1000000110;400000086;20;1;3;1;;00004065;00000006;00000012;00001568;1;0;0;;;0;;0;;;;0;0;0;1;0;0;40000132;11000018
2023;1000000111;400000087;7;1;1;1;;00000495;00000005;;00000814;2;0;0;;;;;0;0;;0;;;0;1;;0;40000100;11000014
2023;1000000112;400000088;8;2;0;1;;00003567;00000006;00000017;00000207;1;0;0;;;;;;;;;;;0;1;1;0;40000166;11000023
2023;1000000113;400000089;12;2;3;1;;00004542;00000005;;00003009;1;0;0;;;;0;0;;;;;;0;1;1;0;40000027;11000003
2023;1000000115;400000090;11;2;3;1;;00004886;00000007;00000014;;1;0;0;0;;;;0;;0;0;;;0;1;0;1;40000088;11000012
2023;1000000119;400000091;7;1;1;1;;00004012;00000001;00000024;;2;0;0;;0;;0;;;;;;;0;1;0;0;40000145;11000020
2023;1000000120;400000092;13;2;3;1;;00003173;00000004;;00003450;1;0;0;0;;;0;;;;;;;0;1;0;0;40000162;11000023
2023;1000000122;400000093;20;1;0;1;;00001864;00000007;00000024;;1;0;0;;;0;;;0;;0;;;0;1;0;0;40000112;11000015
2023;1000000124;400000094;9;1;0;1;;00000584;00000006;00000016;00004861;1;0;0;;0;;;;;;;;;0;1;0;0;40000058;11000008
2023;1000000125;400000095;19;1;1;1;;00001975;00000006;;00000705;1;0;0;;;;;;;;;;;0;1;0;0;40000088;11000012
2023;1000000126;400000096;5;2;0;1;;00004906;00000004;;00003708;1;0;0;0;;1;;;;;;;;0;1;1;0;40000152;11000021
2023;1000000128;400000097;14;2;3;1;;00000693;00000003;00000008;;1;0;1;;;;;;;;;;;0;1;0;0;40000141;11000020
2023;1000000131;400000098;20;2;3;1;;00002429;00000009;00000021;;1;0;0;;;;;;0;;0;;;0;1;0;0;40000171;11000024
2023;1000000132;400000099;10;1;0;1;;00005554;00000009;;00001691;1;1;0;;;;;;;;0;;;;1;0;0;40000068;11000009
2023;1000000133;400000100;25;1;2;1;;00005172;00000005;;00000484;1;0;1;;;;;;0;;0;0;;0;1;0;0;40000048;11000006
2023;1000000134;400000101;7;2;1;1;;00003140;00000008;00000010;00000198;1;0;0;0;;;;;;;0;0;;0;0;0;0;40000086;11000012
2023;1000000135;400000102;20;1;0;1;;00001744;00000003;;00001163;1;0;0;0;;;;;;;;;;0;1;1;0;40000196;11000027
2023;1000000137;400000103;16;2;1;1;;00002162;00000006;00000010;00002694;1;0;0;0;;;;1;;;0;;;0;1;0;0;40000029;11000004
2023;1000000138;400000104;8;2;1;1;;00001432;00000005;;;1;0;0;;1;;;;;;0;;;0;1;0;0;40000175;11000024
2023;1000000139;400000105;10;2;3;1;;00002863;00000005;00000005;00003269;2;0;0;;;;;;0;0;;;;0;1;0;0;40000069;11000009
2023;1000000140;400000106;18;1;3;1;;00003646;00000005;00000011;00004690;1;0;0;;1;;;0;;;;;;0;1;0;0;40000042;11000005
2023;1000000141;400000107;16;1;1;1;;00004569;00000004;;;1;0;0;;;;;;;;;0;;0;;0;0;40000205;11000029
2023;1000000142;400000108;12;1;3;1;;00004278;00000002;;00002438;1;1;0;;;;;;;0;0;;0;0;0;0;;40000111;11000015
2023;1000000143;400000109;21;1;2;1;;00001349;00000008;;00000032;1;0;0;;;;;0;0;;;;;;;1;0;40000166;11000023
2023;1000000144;400000110;8;2;1;1;;00002686;00000005;00000022;00002093;1;0;0;;;;;;;;;;;0;;0;0;40000005;11000000
2023;1000000145;400000111;21;2;3;1;;00002956;00000002;;00001922;1;0;0;;;;;;;;;;;0;1;0;0;40000064;11000009
2023;1000000146;400000112;18;2;0;1;;00000109;00000008;;00001441;1;0;0;;;;;;;;;;;0;1;0;0;40000075;11000010
2023;1000000148;400000113;15;1;1;1;;00005202;00000004;00000020;00002047;1;0;0;;;;;;;;;;;0;1;0;1;40000174;11000024
2023;1000000149;400000114;18;2;1;1;;00000264;00000009;00000015;;1;0;0;;;;;;;;;0;0;0;1;0;0;40000170;11000024
2023;1000000150;400000115;9;2;0;1;;00001954;00000001;00000021;00005112;1;0;0;;;;;;;;;;;0;0;;;40000070;11000009
2023;1000000151;400000116;13;2;1;1;;00001657;00000001;;;1;0;0;;;;0;;;;;;;0;1;0;;40000064;11000009
2023;1000000153;400000117;19;1;1;1;;00000103;00000008;;00002393;1;0;0;;0;;;0;;;0;;;0;1;0;0;40000007;11000000
2023;1000000154;400000118;9;2;0;1;;00000360;00000007;00000019;;1;0;0;;;;;;0;;;;0;0;1;;0;40000215;11000030
2023;1000000156;400000119;18;1;0;1;;00001366;00000006;00000001;00000770;1;0;0;0;;;;0;;;;;0;0;1;0;0;40000115;11000016
2023;1000000157;400000120;17;2;0;1;;00005555;00000005;;;1;0;0;;0;;;0;;0;;;;0;1;0;0;40000175;11000024
2023;1000000158;400000121;18;2;0;1;;00000154;00000006;00000008;00001661;1;0;0;0;;;;;;;;;;0;1;0;;40000088;11000012
2023;1000000159;400000122;9;1;3;1;;00004731;00000001;00000013;;2;0;0;;0;1;0;;;;;;;0;1;0;;40000053;11000007
2023;1000000160;400000123;24;1;1;1;;00001038;00000004;;;2;0;0;;;;;;;0;0;;;0;1;0;0;40000125;11000017
2023;1000000162;400000124;20;1;0;1;;00002645;00000004;;00001054;1;0;0;0;;;0;;;;0;0;;0;;0;0;40000211;11000030
2023;1000000163;400000125;14;1;1;1;;00000515;00000007;00000006;00004601;1;0;0;;;;;;;;0;;;0;1;0;0;40000155;11000022
2023;1000000164;400000126;11;2;3;1;;00000109;00000007;00000023;;1;0;0;0;;;;;;;;;;0;1;0;0;40000014;11000001
2023;1000000165;400000127;18;2;0;1;;00003935;00000004;00000005;;1;0;0;;;;;;;;;;;;1;0;0;40000139;11000019
2023;1000000167;400000128;15;1;3;1;;00000316;00000003;00000020;00000420;1;0;0;;;0;;;;;;;0;0;1;0;0;40000038;11000005
2023;1000000168;400000129;16;1;3;1;;00000889;00000005;00000019;;2;0;0;0;;;0;;;0;;0;;0;1;0;0;40000009;11000001
2023;1000000169;400000130;18;1;1;1;;00000101;00000009;;00001487;1;0;0;;;;;;0;;;;;0;1;;0;40000006;11000000
2023;1000000170;400000131;8;1;1;1;;00001280;00000004;;00000450;1;0;0;0;;1;;;1;;0;;;0;1;0;0;40000099;11000014
2023;1000000171;400000132;19;1;0;1;;00005116;00000006;00000006;;2;0;0;;;;;0;;;;;;0;1;;0;40000134;11000019
2023;1000000172;400000133;19;1;3;1;;00000786;00000001;00000020;00000534;2;0;0;;;;;;;;;0;0;0;0;0;0;40000071;11000010
2023;1000000173;400000134;12;2;0;1;;00000367;00000005;00000008;;1;0;0;;;;;;;;;;0;0;1;0;0;40000029;11000004
2023;1000000175;400000135;18;1;1;1;;00001991;00000004;00000022;;1;0;;0;;;;;;;;;0;0;1;0;0;40000126;11000017
2023;1000000176;400000136;7;2;1;1;;00002678;00000007;00000016;00004237;1;0;0;;0;;;0;;0;;0;;0;1;0;0;40000118;11000016
2023;1000000177;400000137;20;1;1;1;;00002066;00000005;00000002;00001945;1;0;0;;;;;;;;;;;0;1;0;1;40000092;11000013
2023;1000000178;400000138;21;2;0;1;;00002434;00000001;00000022;00003789;1;0;1;;;;;;;;;;;0;1;0;0;40000178;11000025
2023;1000000179;400000139;8;1;0;1;;00003666;00000006;00000022;00003089;1;0;0;0;;1;;;0;;;;;0;;0;0;40000057;11000008
2023;1000000180;400000140;5;2;0;1;;00004680;00000003;00000007;;1;0;0;;;;0;;0;;;;;0;1;1;0;40000076;11000010
2023;1000000181;400000141;22;2;1;1;;00004074;00000008;00000013;;1;0;0;0;;;0;;;0;0;0;0;0;1;0;0;40000134;11000019
2023;1000000183;400000142;15;2;0;1;;00001126;00000008;00000009;;1;0;0;;0;0;;;;;;;;0;1;0;0;40000008;11000001
2023;1000000184;400000143;8;1;3;1;;00003035;00000003;00000001;00000975;1;0;0;;;;;;;;0;;;0;1;0;0;40000168;11000023
2023;1000000185;400000144;8;2;2;1;;00002754;00000008;;00004328;2;0;0;;0;;0;;;;;;0;0;1;0;0;40000097;11000013
2023;1000000186;400000145;5;1;0;1;;00003698;00000002;00000007;00004628;1;0;0;;1;;;;;;;;;0;1;0;0;40000101;11000014
2023;1000000187;400000146;21;1;1;1;;00005161;00000004;00000009;00003217;1;0;0;;;;;;;;;;;0;0;0;0;40000200;11000028
2023;1000000188;400000147;18;2;1;1;;00000818;00000006;00000016;00005190;1;0;0;;0;;0;;;0;;;;0;1;1;0;40000162;11000023
2023;1000000190;400000148;14;1;3;1;;00005314;00000008;00000003;;1;0;0;;;;;0;;;;;0;0;1;0;0;40000118;11000016
2023;1000000191;400000149;21;1;0;1;;00003125;00000003;00000014;00004881;2;0;1;;;;;;;;;;0;0;0;0;0;40000006;11000000
2023;1000000192;400000150;18;1;1;1;;00004220;00000002;;00002632;1;0;0;;;;;;;;0;;;0;1;0;0;40000192;11000027
2023;1000000195;400000151;17;1;0;1;;00005288;00000008;00000025;00001766;2;0;0;;;;0;;;;;;;0;1;0;0;40000044;11000006
2023;1000000196;400000152;11;2;3;1;;00005124;00000007;00000008;00002998;1;0;0;;;;;;;;0;;;0;1;0;0;40000048;11000006
2023;1000000197;400000153;16;1;3;1;;00005132;00000009;00000014;00003864;2;0;1;;;;;;;;;;;0;1;0;0;40000111;11000015
2023;1000000198;400000154;8;1;3;1;;00000383;00000005;;;1;0;0;;0;;;;;;;;0;0;1;0;0;40000107;11000015
2023;1000000199;400000155;8;2;1;1;;00002692;00000008;00000018;00002463;1;0;0;;;;;;;;;;;0;0;0;0;40000176;11000025
2023;1000000200;400000156;6;2;3;1;;00001663;00000001;00000011;00005004;2;0;0;0;0;;;0;;;;;;0;1;0;0;40000046;11000006
2023;1000000201;400000157;11;1;3;1;;00002330;00000003;00000019;00003603;1;0;0;;;;;;;0;;0;0;0;1;0;0;40000125;11000017
2023;1000000203;400000158;12;1;0;1;;00001875;00000003;00000005;;2;0;0;;;1;;;;0;;;;0;1;0;0;40000149;11000021
2023;1000000204;400000159;18;2;1;1;;00003919;00000004;00000018;00003112;1;0;0;;0;;;0;0;;;;;0;1;0;;40000184;11000026
2023;1000000205;400000160;12;1;3;1;;00004554;00000001;00000023;00003043;1;0;1;;;;0;;;;;0;;;1;0;0;40000001;11000000
2023;1000000206;400000161;34;1;3;1;;00001099;00000005;00000014;00003469;1;0;0;0;0;;;;;;;0;;0;1;0;1;40000164;11000023
2023;1000000207;400000162;12;1;0;1;;00003788;00000002;00000015;;1;0;0;;;;;;;;;;;0;1;0;;40000145;11000020
2023;1000000208;400000163;14;2;3;1;;00003040;00000003;;00003343;1;0;;;;1;;0;;;;;0;0;1;0;;40000159;11000022
2023;1000000209;400000164;15;2;0;1;;00004117;00000002;00000020;00005293;1;0;0;;;;;;;;0;0;;0;1;0;0;40000014;11000001
2023;1000000210;400000165;11;2;3;1;;00003469;00000003;;00004513;1;0;0;;;0;;;0;;;;;0;1;0;0;40000042;11000005
2023;1000000212;400000166;13;2;1;1;;00001799;00000006;00000015;;1;0;0;;0;;;0;;;;;0;0;;0;0;40000053;11000007
2023;1000000213;400000167;17;1;1;1;;00004592;00000009;00000011;00003019;2;0;0;0;;;;0;;0;0;;;0;1;0;0;40000073;11000010
2023;1000000214;400000168;12;1;0;1;;00000613;00000005;;;1;0;0;;;0;;;;;;;;0;1;1;1;40000164;11000023
2023;1000000215;400000169;7;1;3;1;;00004083;00000006;;00002585;1;0;0;;;;;;;;;;0;0;0;0;0;40000171;11000024
2023;1000000217;400000170;13;2;3;1;;00000898;00000003;;00001918;1;1;1;;0;;;0;0;;;;;0;1;0;0;40000098;11000013
2023;1000000218;400000171;11;2;1;1;;00005260;00000004;;;1;0;0;;;;;;;;;0;;0;1;0;0;40000085;11000012
2023;1000000219;400000172;6;2;3;1;;00000350;00000005;;00001710;1;0;0;;;;;;1;;;;;0;1;0;0;40000073;11000010
2023;1000000222;400000173;11;2;3;1;;00004865;00000002;00000021;;2;0;0;;;;;;0;;;0;0;0;1;0;0;40000205;11000029
2023;1000000226;400000174;15;2;1;1;;00003974;00000008;00000024;00001316;1;0;;;;1;;;;;;0;;0;1;0;0;40000097;11000013
2023;1000000227;400000175;18;1;3;1;;00001627;00000006;;00003943;1;0;1;;;;;;0;;;;;0;1;0;0;40000110;11000015
2023;1000000228;400000176;17;2;3;1;;00002393;00000004;;00001086;1;0;1;;;;;;;;;;;0;1;0;;40000056;11000007
2023;1000000229;400000177;14;2;0;1;;00002641;00000002;00000012;00001825;1;0;0;;;;;;;;;;;0;;0;;40000174;11000024
2023;1000000231;400000178;18;2;3;1;;00000548;00000003;00000019;00004042;1;0;1;;;;0;;;;;0;;0;1;0;0;40000198;11000028
2023;1000000232;400000179;15;2;1;1;;00004153;00000008;00000002;00000757;1;0;;0;;;;;;;;0;;0;1;0;0;40000156;11000022
2023;1000000236;400000180;16;1;1;1;;00000965;00000008;;;1;0;0;;;;;;0;;0;;;0;1;0;0;40000195;11000027
2023;1000000238;400000181;11;2;3;1;;00002963;00000009;;;1;0;0;;;1;;;;;;;0;0;1;0;0;40000028;11000003
2023;1000000239;400000182;19;1;3;1;;00002907;00000009;00000026;;1;0;0;;0;;0;;;0;0;;0;0;0;0;0;40000208;11000029
2023;1000000240;400000183;16;2;1;1;;00002883;00000009;;;1;0;1;;;1;;;;;0;;;0;1;0;0;40000194;11000027
2023;1000000241;400000184;20;2;3;1;;;00000005;00000010;00002801;1;0;1;;1;;;;0;;;0;;0;1;0;0;40000157;11000022
2023;1000000243;400000185;14;1;3;1;;00001637;00000002;;00002099;1;0;0;;;;;;;;0;;;0;1;0;0;40000171;11000024
2023;1000000244;400000186;11;1;0;1;;00000015;00000002;00000026;;1;0;0;;;;;;;;;;;0;1;0;0;40000113;11000016
2023;1000000245;400000187;12;1;3;1;;00003626;00000007;00000015;00001789;1;0;0;;;;;;;0;;;;0;1;0;0;40000207;11000029
2023;1000000246;400000188;18;1;1;1;;00000622;00000002;00000010;00005261;1;1;0;;0;;;;;0;0;;;;1;0;0;40000015;11000002
2023;1000000247;400000189;18;1;0;1;;00001516;00000006;;00001472;1;0;0;;;;;;;0;;;;0;1;1;0;40000210;11000029
2023;1000000248;400000190;11;2;3;1;;00000634;00000004;00000011;;1;0;0;;;1;;;0;;;;;0;1;0;0;40000009;11000001
2023;1000000249;400000191;25;2;0;1;;00003675;00000001;;00002197;2;0;0;;;;;;;;;;;0;1;0;0;40000007;11000000
2023;1000000250;400000192;13;1;1;1;;00004168;00000006;;00000724;2;0;0;;;;;;;;;;;0;0;0;0;40000127;11000018
2023;1000000251;400000193;18;2;1;1;;00002343;00000007;;00004356;1;0;0;;;;;;;;;;;0;1;0;0;40000027;11000003
2023;1000000252;400000194;15;2;0;1;;00000172;00000009;00000014;00005382;1;0;0;0;0;0;;;;;0;0;;;1;0;0;40000001;11000000
2023;1000000253;400000195;11;2;3;1;;00003913;00000003;;;2;0;0;;;;;;;0;;0;0;0;1;0;0;40000162;11000023
2023;1000000254;400000196;17;2;0;1;;00004988;00000003;00000027;;1;0;0;;;;0;;;;;;;0;0;0;0;40000038;11000005
2023;1000000255;400000197;21;1;1;1;;00003564;00000009;;00002425;1;0;1;;;1;;;;;;;;0;1;0;0;40000144;11000020
2023;1000000256;400000198;16;1;0;1;;00004786;00000005;00000019;00003591;1;1;0;;;;0;;;;;0;0;0;1;0;1;40000206;11000029
2023;1000000259;400000199;10;1;1;1;;00003273;00000008;00000006;00004357;1;0;0;;;;;0;;;;;;0;;0;0;40000175;11000024
2023;1000000260;400000200;9;1;3;1;;00005267;00000008;00000024;;1;0;0;;;;;;;;;;;0;1;1;0;40000152;11000021
2023;1000000261;400000201;16;2;0;1;;00001319;00000002;;;2;0;0;;;;;;;;0;;;0;1;0;0;40000058;11000008
2023;1000000262;400000202;15;1;1;1;;00000312;00000003;00000007;00005236;1;0;1;;;1;0;0;;;;;;;1;;0;40000102;11000014
2023;1000000264;400000203;11;1;3;1;;00005435;00000002;;;1;0;1;;;;;0;;;;0;;0;1;0;0;40000052;11000007
2023;1000000265;400000204;18;2;0;1;;00000848;00000009;00000003;00002327;1;0;0;;;;;;;;;;0;0;1;0;0;40000135;11000019
2023;1000000268;400000205;5;2;3;1;;00001827;00000007;;00002884;2;0;0;;;;0;;;;;;;;1;0;0;40000214;11000030
2023;1000000271;400000206;21;2;0;1;;00003162;00000002;00000010;00002022;1;0;0;;;;0;0;;;;;;0;1;0;;40000024;11000003
2023;1000000272;400000207;12;1;3;1;;00000832;00000007;;00004729;1;0;0;;;;;;;;;;;0;1;0;0;40000207;11000029
2023;1000000273;400000208;18;2;0;1;;00001853;00000006;00000023;00004405;1;0;0;;;;;;;;;;;;1;0;0;40000011;11000001
2023;1000000274;400000209;6;1;1;1;;00005185;00000003;;00001409;1;0;0;;0;1;;;;;;;;0;1;0;1;40000002;11000000
2023;1000000276;400000210;13;2;0;1;;00004311;00000009;00000027;00004810;1;0;0;0;;;;;;;;;;0;1;0;0;40000131;11000018
2023;1000000277;400000211;19;1;3;1;;00001833;00000002;00000010;00003597;1;0;0;;0;;;;;0;;0;;0;1;0;0;40000033;11000004
2023;1000000278;400000212;12;2;2;1;;00005162;00000007;;00001970;1;0;0;;;1;;0;0;;0;;;0;;0;0;40000033;11000004
2023;1000000279;400000213;13;2;1;1;;00001787;00000007;00000022;;1;0;0;;0;;;;;;;1;;0;1;1;0;40000076;11000010
2023;1000000280;400000214;12;2;3;1;;00002949;00000004;00000004;00002192;1;0;0;;0;;0;;0;;;;;0;1;0;0;40000066;11000009
2023;1000000285;400000215;18;2;2;1;;00000808;00000001;;00004959;2;0;0;0;;;;;;;0;;;0;0;0;0;40000057;11000008
2023;1000000287;400000216;17;1;1;1;;00002515;00000004;;00001950;1;0;0;0;;;;0;;;;;;0;1;0;0;40000103;11000014
2023;1000000288;400000217;13;2;2;1;;00002587;00000003;00000016;;1;0;1;;;;0;;0;;;;;;1;0;0;40000027;11000003
2023;1000000289;400000218;17;1;3;1;;00001850;00000007;;00005063;1;0;0;;;;;;;;;0;;0;0;;0;40000127;11000018
2023;1000000290;400000219;22;2;0;1;;00001080;00000003;00000002;00001123;1;0;1;0;;;;;;0;0;;;0;1;0;0;40000010;11000001
2023;1000000291;400000220;8;1;1;1;;00004772;00000005;;00001925;1;0;0;;0;;0;;;;;;;0;;0;0;40000023;11000003
2023;1000000292;400000221;15;2;1;1;;00001338;00000002;;00001293;1;0;0;;;;0;;0;;;0;;0;0;0;0;40000209;11000029
2023;1000000294;400000222;13;1;0;1;;00001130;00000001;;;2;0;0;0;;;;;0;;;;;0;1;0;0;40000032;11000004
2023;1000000295;400000223;16;2;1;1;;00001035;00000009;00000017;00004097;1;0;0;;;;;;0;;0;;;0;1;0;0;40000045;11000006
2023;1000000296;400000224;8;1;2;1;;00001244;00000001;;00002132;1;0;0;;;;;;;;;;;0;1;1;1;40000018;11000002
2023;1000000297;400000225;20;1;1;1;;00003798;00000008;;00002321;1;0;0;;;;;;0;;0;;;0;1;0;0;40000066;11000009
2023;1000000298;400000226;18;1;0;1;;00001493;00000004;00000024;00004990;1;0;0;;0;;;;;;;;0;0;1;0;;40000126;11000017
2023;1000000299;400000227;17;1;0;1;;00004062;00000005;00000015;;1;1;0;;;;;;;;;;;0;1;0;0;40000186;11000026
2023;1000000300;400000228;12;2;2;1;;00002387;00000004;00000022;00003032;1;0;1;;;;;;;;;;;0;1;0;0;40000032;11000004
2023;1000000303;400000229;13;2;3;1;;00001349;00000001;;;1;0;1;;0;;0;;;;;0;;0;1;0;0;40000030;11000004
2023;1000000304;400000230;22;1;3;1;;00000610;00000009;00000010;;1;0;0;0;;;0;;;;;;;0;;0;1;40000123;11000017
2023;1000000305;400000231;24;1;1;1;;00002938;00000009;00000027;00004200;1;0;0;0;;1;;;;;;;;0;0;0;0;40000009;11000001
2023;1000000307;400000232;18;1;0;1;;00001886;00000001;00000024;;1;0;0;;0;;;;0;;;;;0;;0;0;40000161;11000022
2023;1000000309;400000233;15;1;1;1;;00002204;00000009;00000006;00005470;1;0;0;;;;;;0;;;;;0;1;0;0;40000006;11000000
2023;1000000314;400000234;14;2;3;1;;00004508;00000006;00000014;00002607;2;0;1;;;1;;;;0;;;;0;;0;0;40000109;11000015
2023;1000000316;400000235;15;1;0;1;;00000778;00000006;;00004035;1;0;0;;;;;;;;;;;0;;0;0;40000124;11000017
2023;1000000318;400000236;6;1;2;1;;00004483;00000008;00000013;;2;0;0;;;;;0;0;;;;;0;1;0;0;40000097;11000013
2023;1000000320;400000237;19;2;0;1;;00002367;00000006;;;1;0;0;;;1;;;;;;;;;1;1;0;40000078;11000011
2023;1000000321;400000238;19;1;3;1;;00001224;00000006;00000014;00004108;1;0;0;;;;;;;0;;;;0;1;0;0;40000080;11000011
2023;1000000322;400000239;18;2;3;1;;00004726;00000005;00000016;;2;0;0;;;;0;;;;0;;;0;1;1;0;40000109;11000015
2023;1000000324;400000240;20;2;0;1;;00001667;00000001;00000015;00003048;1;0;0;0;;0;;0;;;;;0;0;0;0;0;40000123;11000017
2023;1000000325;400000241;25;2;3;1;;00000440;00000008;00000020;;1;0;1;;;;;;;0;;;0;0;1;0;0;40000204;11000029
2023;1000000327;400000242;7;2;1;1;;00004498;00000005;00000018;00000424;1;0;0;;;;;;;0;;;;0;1;1;0;40000144;11000020
2023;1000000328;400000243;9;1;1;1;;00001374;00000003;00000003;;2;0;0;0;;;;;;;;;;0;1;0;1;40000025;11000003
2023;1000000329;400000244;8;2;2;1;;00000695;00000006;00000025;;1;0;0;;;1;;;;;;;;0;1;0;0;40000130;11000018
2023;1000000330;400000245;5;2;1;1;;00003243;00000006;;00001893;1;0;0;;0;;0;;0;0;;;;0;1;1;0;40000139;11000019
2023;1000000331;400000246;17;2;3;1;;00002407;00000006;;00003993;1;0;0;;;;;;;0;;;;0;0;0;0;40000153;11000021
2023;1000000333;400000247;19;1;1;1;;00005148;00000006;;00001810;1;0;0;;;;;;;;;;0;0;1;0;0;40000056;11000007
2023;1000000334;400000248;9;2;1;1;;00000242;00000002;;00005246;1;0;0;0;;;;;;;;0;;0;1;0;;40000044;11000006
2023;1000000335;400000249;12;2;3;1;;00003700;00000009;00000025;00004904;1;0;;0;0;;;;0;;;;0;0;1;0;0;40000009;11000001
2023;1000000336;400000250;11;1;0;1;;00003364;00000004;;;1;0;0;;;;;0;0;;0;;;0;1;;0;40000062;11000008
2023;1000000339;400000251;15;2;3;1;;00003801;00000003;00000006;00002524;1;0;0;;;;;;;;;;;0;1;0;0;40000059;11000008
2023;1000000340;400000252;19;2;0;1;;00005328;00000009;;00002399;2;0;0;;;;0;;0;;;;;0;0;0;0;40000207;11000029
2023;1000000342;400000253;21;1;3;1;;00002035;00000008;00000001;00001654;1;0;0;;;;;;0;;;;;0;0;0;0;40000106;11000015
2023;1000000343;400000254;13;2;3;1;;00000298;00000002;00000004;00001889;1;0;1;;0;;0;;;;0;;;0;;0;0;40000011;11000001
2023;1000000344;400000255;17;1;3;1;;00004936;00000005;00000019;00001471;1;0;0;;;;;;;0;;;0;0;1;0;0;40000040;11000005
2023;1000000345;400000256;17;2;1;1;;00002043;00000003;;00002235;1;0;0;;;1;;;;;;;;0;0;0;0;40000080;11000011
2023;1000000347;400000257;13;2;1;1;;00002666;00000009;;00004661;1;0;0;;;;;;;;;;;0;;0;0;40000147;11000020
2023;1000000349;400000258;23;2;1;1;;00000238;00000007;;;1;0;0;;;;0;;;;;;0;0;1;;0;40000067;11000009
2023;1000000350;400000259;12;1;1;1;;00001974;00000002;00000014;00000860;2;0;0;;;;;;;;;;;0;1;0;0;40000133;11000018
2023;1000000353;400000260;18;1;1;1;;00001286;00000004;00000006;;1;0;0;0;;1;0;;;;;;0;0;1;0;0;40000027;11000003
2023;1000000354;400000261;8;2;1;1;;00002848;00000009;00000004;00003608;1;0;0;;;;;;;;;;0;0;;0;0;40000115;11000016
2023;1000000355;400000262;12;1;1;1;;00002669;00000009;;00003196;1;0;0;;;;;;;0;;;;0;1;0;0;40000024;11000003
2023;1000000356;400000263;9;1;1;1;;00002995;00000001;00000016;00003591;1;0;1;;;;0;;0;;;;;0;1;0;0;40000027;11000003
2023;1000000359;400000264;12;2;3;1;;00005530;00000003;00000012;00003983;1;0;0;;;;0;;;;;;0;0;1;0;0;40000040;11000005
2023;1000000360;400000265;20;2;3;1;;00003457;00000003;;;1;0;0;;;;;;;;0;;;0;;0;0;40000112;11000015
2023;1000000361;400000266;10;1;0;1;;00003534;00000007;00000012;00002466;2;0;0;0;;;;;;;;;;0;1;0;0;40000096;11000013
2023;1000000362;400000267;15;1;0;1;;00000929;00000009;;;1;0;0;;;;;;;0;;;;0;1;0;0;40000077;11000010
2023;1000000363;400000268;42;1;1;1;;00000607;00000006;00000005;00003367;1;0;0;0;0;0;;;;;0;;;0;0;0;0;40000081;11000011
2023;1000000364;400000269;10;1;3;1;;00000978;00000002;00000014;00004110;1;1;1;;;1;;;;;0;;;0;0;0;0;40000043;11000006
2023;1000000365;400000270;20;2;1;1;;00002485;00000007;00000015;00000423;1;0;0;;0;;;;;;;;;0;1;0;0;40000037;11000005
2023;1000000367;400000271;5;2;1;1;;00003203;00000001;;00003900;1;0;1;;0;;;;0;;;;;0;1;0;0;40000131;11000018
2023;1000000368;400000272;19;2;1;1;;00000449;00000004;00000003;;1;0;0;;;;;;;;;;;0;1;0;0;40000120;11000017
2023;1000000369;400000273;15;1;3;1;;00005413;00000004;00000008;00001917;1;0;1;;;;;0;;;;;;0;1;0;0;40000051;11000007
2023;1000000370;400000274;16;2;3;1;;00004773;00000002;00000002;00002362;1;0;0;;;;;;;;;;;0;1;0;0;40000051;11000007
2023;1000000371;400000275;13;1;0;1;;00002166;00000002;00000011;;1;0;0;0;;;;;;;;;;0;1;1;0;40000189;11000026
2023;1000000372;400000276;8;1;0;1;;00003744;00000009;00000008;00003311;1;0;0;;;1;;;0;0;;0;0;0;1;0;0;40000061;11000008
2023;1000000373;400000277;16;1;1;1;;00003327;00000006;00000019;;1;0;0;;;0;;0;;;;;0;0;1;0;0;40000162;11000023
2023;1000000375;400000278;34;1;3;1;;00002671;00000005;00000007;00002010;1;0;0;;;0;0;;0;0;;;;0;1;0;1;40000190;11000027
2023;1000000376;400000279;14;2;3;1;;00004664;00000003;00000019;;2;0;0;;;;;;;;0;;;0;0;0;0;40000014;11000001
2023;1000000377;400000280;16;1;0;1;;00004152;00000008;00000010;00003350;1;0;0;;;;;;;0;;;;0;0;0;0;40000141;11000020
2023;1000000378;400000281;17;2;0;1;;00000169;00000001;00000026;00002624;2;0;;;;;0;;;;;;0;0;0;0;0;40000015;11000002
2023;1000000379;400000282;7;2;0;3;;00002076;00000002;00000013;00004769;1;0;1;;0;;;0;;;;;0;0;1;0;0;40000040;11000005
2023;1000000381;400000283;12;2;1;1;;00000163;00000004;00000012;;2;0;0;;1;;;0;;;;0;;0;1;0;0;40000153;11000021
2023;1000000383;400000284;15;1;3;1;;00004869;00000008;;00002381;1;0;0;;0;;;0;;;0;;;0;1;0;0;40000053;11000007
2023;1000000391;400000285;11;2;3;1;;00003142;00000007;;00001619;1;0;0;;;;;;;;;;;0;1;0;0;40000153;11000021
2023;1000000392;400000286;10;2;3;1;;00002178;00000007;00000025;00000978;1;0;0;;0;;;;;;;;;0;1;0;0;40000183;11000026
2023;1000000393;400000287;14;1;1;1;;00000803;00000005;00000011;00003453;1;0;0;;;;;;;0;;;0;0;1;0;0;40000177;11000025
2023;1000000394;400000288;9;2;1;1;;00001779;00000002;;;1;0;1;0;;1;;;;0;0;;0;0;1;0;0;40000207;11000029
2023;1000000397;400000289;23;2;1;1;;00004492;00000004;;00003104;1;0;0;;;;0;;;;0;;0;0;0;0;0;40000161;11000022
2023;1000000398;400000290;11;1;1;1;;00003341;00000004;;00002137;2;0;0;;;;;;;;0;0;;0;1;1;0;40000178;11000025
2023;1000000399;400000291;16;1;0;1;;00002217;00000004;;00001528;1;0;0;0;;;;;0;;;;;0;1;0;1;40000147;11000020
2023;1000000401;400000292;11;2;2;1;;00001855;00000004;00000024;00004023;1;0;0;0;1;;;;;;0;0;;0;1;0;0;40000081;11000011
2023;1000000402;400000293;10;1;1;1;;00002781;00000001;00000011;;1;1;0;;;;0;0;;;;;0;0;1;0;0;40000139;11000019
2023;1000000404;400000294;22;1;1;1;;00000623;00000002;;00004510;1;0;0;;;;;;;;0;;;;;0;0;40000133;11000018
2023;1000000405;400000295;16;2;3;1;;00004164;00000009;00000012;00001494;1;0;0;0;1;;;;;;;;;0;1;0;;40000184;11000026
2023;1000000407;400000296;15;2;0;1;;00003056;00000005;00000004;00000873;1;0;0;;;;;;;;0;;0;;1;0;;40000017;11000002
2023;1000000408;400000297;16;2;0;1;;00003728;00000002;00000019;;1;0;0;;;;;;;;;;0;0;1;0;;40000098;11000013
2023;1000000409;400000298;19;1;3;1;;00000065;00000006;00000004;;1;0;1;;;;0;0;0;;;;;0;1;1;0;40000156;11000022
2023;1000000410;400000299;16;2;3;1;;00003936;00000001;00000021;00001978;1;0;0;0;;;;;;;;;;0;1;0;0;40000037;11000005
2023;1000000411;400000300;20;2;3;1;;00003152;00000009;;00004174;1;0;0;;;;;;;;;;;0;;0;0;40000043;11000006
2023;1000000413;400000301;9;1;1;1;;00000962;00000006;00000014;00004226;1;0;0;0;;0;;0;;;;0;;0;1;0;0;40000124;11000017
2023;1000000415;400000302;18;1;1;1;;00003260;00000001;00000011;00004688;1;0;0;;;;;;;;;;;0;1;0;0;40000041;11000005
2023;1000000418;400000303;19;1;3;1;;00004457;00000001;;00001438;1;0;0;;;;;;;;;;;0;1;0;0;40000049;11000006
2023;1000000419;400000304;17;2;3;1;;00002359;00000009;00000013;00000771;1;0;0;0;;;;;;;;;;0;1;0;0;40000003;11000000
2023;1000000421;400000305;12;1;0;1;;00002625;00000003;00000024;00002711;1;0;0;0;0;1;;;;;;;;0;1;0;0;40000161;11000022
2023;1000000422;400000306;39;1;3;1;;00000311;00000003;00000020;;1;0;1;;0;;;;;;;;;0;1;0;0;40000057;11000008
2023;1000000423;400000307;21;1;1;1;;00004794;00000004;00000016;;1;0;0;;;;;;;;;0;0;0;1;0;0;40000092;11000013
2023;1000000424;400000308;11;2;1;1;;00001246;00000004;00000001;00002183;1;0;0;;;;;;;;;;;0;0;0;0;40000108;11000015
2023;1000000426;400000309;12;1;0;1;;00004782;00000008;;;1;0;0;;;;;;;;;0;;0;0;0;0;40000120;11000017
2023;1000000427;400000310;13;2;3;1;;00003975;00000002;;;1;0;0;;;;;;;;0;0;;0;1;0;0;40000088;11000012
2023;1000000428;400000311;9;2;0;1;;00001703;00000001;00000024;00000375;1;0;0;;0;;;0;;0;;;;0;1;0;;40000051;11000007
2023;1000000429;400000312;11;2;3;1;;00003924;00000004;;;1;0;0;;;;0;;;0;;;0;0;1;0;0;40000065;11000009
2023;1000000430;400000313;11;2;1;1;;00000254;00000004;00000003;;1;0;0;;;;;;;;;1;;0;1;;0;40000102;11000014
2023;1000000433;400000314;16;1;0;1;;00002905;00000009;00000014;;1;0;1;;;;;;0;;;0;;;1;1;0;40000019;11000002
2023;1000000435;400000315;17;2;0;1;;00002264;00000007;00000027;;2;0;0;;;;;0;;;;0;;0;1;0;0;40000194;11000027
2023;1000000437;400000316;14;2;0;1;;00000005;00000004;;;2;0;0;0;;;;;0;;;0;;0;1;0;0;40000081;11000011
2023;1000000438;400000317;16;2;3;1;;00005193;00000006;;00002612;1;0;0;;0;;;;;0;;;;0;1;0;0;40000150;11000021
2023;1000000439;400000318;12;1;1;1;;00002784;00000001;00000015;00003744;2;0;0;;;;;;0;;;;;0;1;0;0;40000141;11000020
2023;1000000440;400000319;10;1;2;1;;00004502;00000004;;00005250;1;0;0;;;;;;;;;;;0;1;0;0;40000006;11000000
2023;1000000443;400000320;7;2;0;1;;00003860;00000001;;00003421;1;0;0;;0;;0;;;0;;;;0;1;1;0;40000162;11000023
2023;1000000444;400000321;15;2;0;1;;00001149;00000001;00000025;00003291;2;0;0;;;;0;;;0;;;0;0;0;0;;40000149;11000021
2023;1000000446;400000322;18;2;0;1;;00002497;00000003;00000023;;1;0;1;;;;;;;;0;;0;0;1;0;1;40000130;11000018
2023;1000000447;400000323;21;1;1;1;;00001900;00000009;;00004487;1;0;0;;;;;;;;;;;0;1;0;0;40000056;11000007
2023;1000000450;400000324;19;1;2;1;;00005321;00000007;00000002;00005072;1;0;0;;;;0;;;0;;;0;0;1;0;0;40000099;11000014
2023;1000000452;400000325;9;1;1;1;;00005486;00000009;00000009;00003278;1;0;0;;0;1;;0;;0;;;;0;1;1;0;40000182;11000025
2023;1000000453;400000326;10;2;4;1;;00005558;00000006;00000008;00001060;1;0;1;;;;;;0;0;;;;0;1;0;0;40000163;11000023
2023;1000000454;400000327;19;2;2;1;;00000302;00000008;;00000795;1;0;0;;;1;0;;;;;;0;0;1;0;0;40000199;11000028
2023;1000000456;400000328;14;2;1;1;;00002699;00000009;;00001022;1;0;0;;;0;;;;;;;;0;1;0;0;40000186;11000026
2023;1000000458;400000329;6;1;0;1;;00000227;00000009;00000003;00000878;1;0;;;;1;;;0;;;;;0;1;0;0;40000213;11000030
2023;1000000459;400000330;7;2;5;1;;00001389;00000007;00000007;00005395;1;0;0;;0;;;;;0;;0;;0;1;0;1;40000034;11000004
2023;1000000462;400000331;7;1;3;1;;00002809;00000006;;;1;0;0;0;;;;;;;;0;;0;1;0;0;40000143;11000020
2023;1000000463;400000332;16;1;0;1;;00005110;00000004;00000015;00003597;2;0;0;;1;;;;;;;;;0;1;0;0;40000107;11000015
2023;1000000465;400000333;10;1;3;1;;00002172;00000002;00000006;;1;0;0;0;;;;0;;0;;;;0;;0;0;40000050;11000007
2023;1000000467;400000334;18;2;0;1;;00001677;00000006;;;2;0;0;;;;;;0;;;;0;0;1;0;0;40000114;11000016
2023;1000000468;400000335;19;1;0;1;;00002774;00000008;00000017;00002325;2;0;0;;;;;;;;;;;0;1;0;0;40000124;11000017
2023;1000000469;400000336;22;2;0;1;;00000737;00000001;00000007;00004526;1;0;0;0;;;;;;;;;;0;1;0;0;40000161;11000022
2023;1000000470;400000337;13;1;3;1;;00003606;00000006;;00003888;1;0;0;;;;0;;;;;;0;0;0;0;0;40000113;11000016
2023;1000000471;400000338;17;2;3;1;;00000026;00000002;00000002;;2;0;0;;;;;0;;;;0;;0;1;0;0;40000092;11000013
2023;1000000472;400000339;23;1;3;1;;00001983;00000001;;;1;0;0;;;;;0;;0;;;;0;1;0;0;40000177;11000025
2023;1000000474;400000340;12;2;3;1;;00002311;00000004;00000015;00005409;1;0;0;0;;;;;0;;;;;0;1;0;0;40000159;11000022
2023;1000000480;400000341;14;1;0;1;;00001220;00000008;00000013;;1;0;0;;;;;0;;;;;;0;;0;0;40000006;11000000
2023;1000000481;400000342;20;1;0;1;;00001411;00000007;00000018;00001016;1;0;0;;;1;;0;;0;;;;0;1;0;0;40000026;11000003
2023;1000000482;400000343;7;2;1;1;;00001989;00000003;00000024;00000908;1;0;0;;;;;;;;;;0;0;1;0;0;40000214;11000030
2023;1000000484;400000344;6;1;1;1;;00001353;00000007;00000016;00004043;1;0;0;;;;0;;0;;0;;0;0;1;0;0;40000193;11000027
2023;1000000488;400000345;16;2;3;1;;00004922;00000005;;;2;0;0;;;;0;0;;;;;;0;1;0;0;40000130;11000018
2023;1000000489;400000346;17;1;0;1;;00001986;00000002;;;1;0;1;;;;;;;;;;0;0;1;0;0;40000058;11000008
2023;1000000491;400000347;12;2;1;1;;00002796;00000001;00000013;;1;0;1;;;;;;;;;;;0;1;;0;40000096;11000013
2023;1000000492;400000348;7;1;1;1;;00004474;00000005;00000003;00003492;1;0;;;;;;0;;;;;;0;1;1;0;40000150;11000021
2023;1000000494;400000349;12;1;0;1;;00001644;00000002;00000010;;1;0;0;;;;;;;;;;;0;1;0;0;40000129;11000018
2023;1000000496;400000350;8;2;3;1;;00001286;00000009;00000006;00000798;1;0;0;0;;;;;;;;;;0;1;1;;40000042;11000005
2023;1000000497;400000351;15;2;0;1;;00002002;00000004;00000002;00002638;2;0;0;;;;;0;;;;0;;0;1;1;0;40000026;11000003
2023;1000000498;400000352;18;1;1;1;;00001039;00000009;00000026;00004825;1;0;1;0;0;;0;;0;;;;;0;1;0;0;40000085;11000012
2023;1000000499;400000353;17;1;3;1;;00002422;00000005;;;1;0;0;;0;;;;;;;;0;;1;0;0;40000066;11000009
2023;1000000501;400000354;18;2;3;1;;00001131;00000008;;00001375;1;0;0;;;;0;;;;;;;0;1;0;0;40000096;11000013
2023;1000000502;400000355;11;1;0;1;;00001307;00000007;00000026;;2;0;0;;;;;;;0;;;;0;1;;0;40000163;11000023
2023;1000000503;400000356;21;2;1;1;;00000728;00000009;00000017;;1;0;0;0;;;;;;;;;;0;1;0;0;40000039;11000005
2023;1000000504;400000357;16;1;1;1;;00005300;00000008;00000010;00002543;2;0;0;;;;;;;;;;;0;1;0;0;40000077;11000010
2023;1000000505;400000358;6;1;3;1;;00000706;00000004;00000020;00005073;1;0;0;0;0;1;;;;;;0;0;0;1;0;0;40000062;11000008
2023;1000000507;400000359;18;1;3;1;;00000481;00000009;;00001896;1;0;0;;;;;;;0;0;;;0;0;0;0;40000093;11000013
2023;1000000510;400000360;18;2;1;1;;00005050;00000009;00000011;;1;0;1;;;;;;;;;;;0;1;0;0;40000117;11000016
2023;1000000511;400000361;8;2;3;1;;00005103;00000004;;00003176;1;0;0;;;;0;;;;;;;0;1;1;0;40000158;11000022
2023;1000000513;400000362;15;2;0;1;;00001771;00000006;;00004641;1;0;0;;;;;;0;;;0;;0;1;0;0;40000131;11000018
2023;1000000514;400000363;11;1;1;1;;00002667;00000007;;00000751;2;0;0;;;;;;;;;;0;0;1;0;0;40000032;11000004
2023;1000000515;400000364;13;1;1;1;;00003828;00000001;00000014;00001415;2;0;0;0;;;;;;;;0;;0;1;0;0;40000046;11000006
2023;1000000516;400000365;18;2;1;1;;00004004;00000004;00000005;;1;0;0;0;;;;;0;;;0;0;0;0;0;0;40000093;11000013
2023;1000000517;400000366;15;2;3;1;;00002105;00000004;00000021;;1;0;0;;;;;;;0;0;0;;0;1;0;0;40000136;11000019
2023;1000000519;400000367;20;2;0;1;;00004588;00000002;00000026;00000299;2;0;0;0;;;;;;;;;;0;1;0;0;40000114;11000016
2023;1000000522;400000368;7;1;4;1;;00003891;00000001;;00000699;1;1;0;;;;;;;;;;0;;1;0;0;40000052;11000007
2023;1000000524;400000369;10;2;1;1;;00002074;00000001;;00000613;1;0;1;;1;;;;;;;;;0;1;0;0;40000207;11000029
2023;1000000525;400000370;9;1;1;1;;00001104;00000006;00000004;00005484;1;0;0;;;;;0;;;;;0;0;0;0;0;40000124;11000017
2023;1000000526;400000371;17;2;3;1;;00005050;00000004;00000004;;1;0;1;;;;;;;;;;;0;1;0;0;40000022;11000003
2023;1000000529;400000372;15;1;3;1;;00004459;00000007;00000013;00001306;1;0;0;;;;0;;0;;;;;0;1;;0;40000132;11000018
2023;1000000530;400000373;7;1;0;1;;00000524;00000002;00000013;;2;0;0;;;;;;;;0;;0;0;1;0;0;40000154;11000021
2023;1000000531;400000374;14;2;3;1;;00001799;00000002;00000026;00003813;1;0;0;;;;;;;0;;;;0;1;0;0;40000049;11000006
2023;1000000533;400000375;10;1;3;1;;00005296;00000005;;;1;0;0;;;;;;;;;0;;0;1;0;0;40000198;11000028
2023;1000000534;400000376;19;2;3;1;;00003692;00000003;00000005;;2;0;0;;;;;0;;;;;;0;1;0;0;40000011;11000001
2023;1000000535;400000377;16;2;3;1;;00003784;00000003;00000008;00001537;1;0;0;;0;;0;;0;;;;;0;1;0;0;40000022;11000003
2023;1000000536;400000378;17;1;3;1;;00004816;00000008;;00000149;1;0;0;;;1;;;;0;0;;0;0;1;1;0;40000205;11000029
2023;1000000538;400000379;11;2;1;1;;00004393;00000006;;00000134;1;0;0;;;1;0;;;;;;0;0;1;0;0;40000197;11000028
2023;1000000539;400000380;14;2;0;1;;00001859;00000004;;00003850;1;1;1;0;;;;0;;;;0;;0;1;0;0;40000205;11000029
2023;1000000540;400000381;9;1;0;1;;00002710;00000004;;00004969;1;0;0;;;;;0;;;;;;0;1;0;0;40000013;11000001
2023;1000000541;400000382;31;2;3;1;;00001881;00000002;00000019;;1;0;1;;;;;;;;;0;;0;1;0;0;40000099;11000014
2023;1000000542;400000383;11;1;1;1;;00002577;00000008;;;1;1;0;;;;;;;;0;;0;0;1;0;0;40000010;11000001
2023;1000000543;400000384;18;1;3;1;;00004176;00000002;00000024;;1;0;0;0;;;;;;;;;0;0;1;0;0;40000087;11000012
2023;1000000545;400000385;8;1;3;1;;00000079;00000004;00000025;;1;0;0;;;;;;;;0;0;0;0;1;;0;40000053;11000007
2023;1000000546;400000386;10;2;1;1;;00002547;00000001;00000021;;1;0;0;;;;;;0;;;;;0;1;0;0;40000075;11000010
2023;1000000547;400000387;14;1;1;1;;00002329;00000008;00000017;00001801;1;0;0;;;1;0;;;;;0;0;0;1;0;0;40000037;11000005
2023;1000000552;400000388;9;1;3;1;;00003016;00000007;00000008;;1;0;0;;;;;;;;;;0;0;1;0;0;40000040;11000005
2023;1000000557;400000389;15;1;3;1;;00001969;00000007;00000016;00003463;1;0;0;;0;;;;;0;;;0;0;1;0;0;40000003;11000000
2023;1000000559;400000390;8;2;1;1;;00001155;00000007;00000018;00002521;1;0;0;;;;;;;;;0;;0;1;0;0;40000209;11000029
2023;1000000560;400000391;21;2;3;1;;00005253;00000009;;;2;0;1;;;;;0;;;0;;;0;1;0;0;40000030;11000004
2023;1000000561;400000392;14;2;0;1;;00000164;00000003;00000008;00004117;1;0;0;;;;;;;;;;;0;1;0;0;40000025;11000003
2023;1000000562;400000393;17;2;0;1;;00001553;00000006;;00002628;1;0;0;;;0;;;;;;1;;0;0;0;0;40000205;11000029
2023;1000000563;400000394;17;1;1;1;;00001248;00000002;00000009;;2;0;0;;;;;;;;;;;;1;0;0;40000021;11000002
2023;1000000564;400000395;15;2;3;1;;00001737;00000002;;00001909;1;0;0;;;;0;;;;;;;0;1;0;0;40000033;11000004
2023;1000000565;400000396;13;1;1;1;;00005427;00000003;00000018;;1;0;0;;;;;;;0;;;;0;1;0;0;40000188;11000026
2023;1000000566;400000397;8;2;3;1;;00003727;00000005;00000012;00000805;1;0;0;;;1;;;;;;;;0;1;0;0;40000092;11000013
2023;1000000567;400000398;14;2;0;1;;00001647;00000005;;;2;0;1;0;;;;;;;;;;0;1;0;0;40000205;11000029
2023;1000000568;400000399;11;1;2;1;;00003800;00000002;00000004;00000825;1;0;0;0;;1;;;;;;;0;0;1;0;0;40000127;11000018
2023;1000000569;400000400;8;2;3;1;;00003254;00000007;;;1;0;0;;;;;;;;;;;0;1;0;0;40000140;11000019
2023;1000000570;400000401;10;1;0;1;;00004139;00000001;00000005;00002863;1;0;0;0;1;;;;;;;;;0;1;0;0;40000051;11000007
2023;1000000571;400000402;14;2;3;1;;00002788;00000003;00000017;00000304;1;0;0;;;;0;1;;;0;0;0;0;1;0;1;40000038;11000005
2023;1000000573;400000403;17;1;1;1;;00001011;00000003;00000007;;2;1;0;;;;;;;;0;;;0;1;0;;40000138;11000019
2023;1000000575;400000404;10;1;3;1;;00003113;00000002;00000020;00004282;2;0;0;0;;;;;;;;;;0;1;0;0;40000147;11000020
2023;1000000578;400000405;20;2;0;1;;00001932;00000008;00000016;00004805;1;0;0;;;;;;;;;;;;1;0;0;40000050;11000007
2023;1000000580;400000406;14;2;0;1;;00001701;00000007;00000025;00003339;1;0;0;;;;;;;0;;;;0;1;0;0;40000122;11000017
2023;1000000581;400000407;5;1;3;1;;00002700;00000006;00000016;;1;0;0;;;;0;;;;;;;;1;0;0;40000126;11000017
2023;1000000582;400000408;9;1;0;1;;00001030;00000002;;;1;0;0;0;;;;;;;;;;0;1;0;0;40000138;11000019
2023;1000000584;400000409;14;1;0;1;;00001593;00000006;;00002086;1;0;0;;;;;;0;;;;;0;1;0;0;40000007;11000000
2023;1000000585;400000410;12;2;0;1;;00002029;00000003;00000026;00004998;1;0;0;;;;;;;;;;;0;1;0;0;40000082;11000011
2023;1000000590;400000411;15;2;0;1;;00004665;00000001;00000002;;2;0;0;;;;;;;;;;;0;1;0;0;40000211;11000030
2023;1000000591;400000412;7;1;3;1;;00004399;00000003;;00001516;2;0;0;;0;;;;0;0;;;;0;1;0;;40000187;11000026
2023;1000000592;400000413;19;1;1;1;;00001570;00000003;00000009;;1;0;0;;;0;;;;0;;;;0;1;0;0;40000103;11000014
2023;1000000595;400000414;12;1;3;1;;00001998;00000008;00000025;00005190;1;0;0;0;;;0;0;;0;;0;;0;1;0;0;40000047;11000006
2023;1000000596;400000415;11;1;3;1;;00002636;00000002;00000003;00003492;1;0;0;;;;;;;;;;;0;1;0;;40000111;11000015
2023;1000000597;400000416;13;2;0;1;;00003778;00000004;00000008;00000278;1;0;0;;;1;;;;;;;0;0;1;0;0;40000197;11000028
2023;1000000600;400000417;12;1;0;1;;00000228;00000001;00000011;;1;0;;;;;;;;;;;0;0;1;0;0;40000172;11000024
2023;1000000601;400000418;15;2;1;1;;00000610;00000003;;00003414;1;0;0;;;;;;;;;;;0;1;0;0;40000062;11000008
2023;1000000603;400000419;15;2;3;1;;00001916;00000006;;00003935;1;0;0;0;;;0;;0;;;;;0;1;0;0;40000213;11000030
2023;1000000604;400000420;11;1;3;1;;00005242;00000002;;00003801;1;0;0;;;;;;;;;;;0;1;;;40000060;11000008
2023;1000000605;400000421;12;1;1;1;;00000609;00000003;;00000189;1;0;0;;;;;;;;;;0;0;1;0;0;40000206;11000029
2023;1000000606;400000422;8;1;1;1;;00003862;00000006;00000015;00000396;2;0;0;;;;0;;0;;;;;0;1;0;0;40000088;11000012
2023;1000000608;400000423;12;1;3;1;;00001505;00000003;00000024;00004032;1;0;0;;;;;;;;;;;0;1;0;0;40000014;11000001
2023;1000000609;400000424;11;1;0;1;;00001070;00000003;00000012;00000975;1;0;0;;;;0;;;;0;;;0;0;0;0;40000149;11000021
2023;1000000610;400000425;12;1;1;1;;00000767;00000007;;;1;0;0;;;;;;0;;;;;0;1;0;0;40000060;11000008
2023;1000000612;400000426;9;2;3;1;;00001633;00000003;00000012;;1;0;0;0;0;;0;0;;;0;;;0;1;0;0;40000012;11000001
2023;1000000613;400000427;13;2;1;1;;00002949;00000009;00000024;00000570;1;0;0;;;;;;;0;;;;0;1;0;0;40000142;11000020
2023;1000000614;400000428;7;2;1;1;;00003359;00000004;;00000779;1;0;0;;;;;;;;;;0;0;1;1;0;40000083;11000011
2023;1000000617;400000429;14;2;3;1;;00004904;00000003;;;1;0;0;;0;;;;;;;;;0;1;0;0;40000002;11000000
2023;1000000618;400000430;12;2;0;1;;00001425;00000009;00000017;;1;0;0;;;1;;;;0;;;;0;1;0;0;40000047;11000006
2023;1000000620;400000431;12;1;1;1;;00004351;00000009;;;1;1;0;;;;;;;;;;;0;0;0;0;40000171;11000024
2023;1000000621;400000432;20;1;0;1;;00004143;00000009;;00000290;1;0;0;0;;;;;;;;;;0;1;0;0;40000159;11000022
2023;1000000623;400000433;8;1;0;1;;00000001;00000007;00000005;00000300;2;0;1;;;;;0;;;0;;;0;1;0;0;40000211;11000030
2023;1000000624;400000434;18;2;3;1;;00000737;00000007;00000023;00005234;1;0;0;;;;;;;;;;;0;1;0;0;40000215;11000030
2023;1000000625;400000435;9;2;1;1;;00000208;00000008;00000001;;2;0;1;;;;;;;;;;;0;1;0;0;40000094;11000013
2023;1000000627;400000436;19;1;0;1;;00004779;00000001;00000006;;1;0;1;0;0;;;0;;;;;;0;0;0;0;40000140;11000019
2023;1000000628;400000437;9;2;3;1;;00001918;00000001;00000018;00004217;1;0;0;0;;;;;;;;;;0;1;0;0;40000154;11000021
2023;1000000629;400000438;12;2;0;1;;00001152;00000001;;00005063;1;0;0;0;;;;0;0;;;0;;0;1;0;0;40000071;11000010
2023;1000000631;400000439;14;1;0;1;;00004476;00000007;00000018;00002042;1;0;1;;;;;;0;;;;;0;0;0;0;40000041;11000005
2023;1000000632;400000440;14;2;1;1;;00000053;00000006;00000006;;1;0;1;;;;;;;;;;;0;1;0;0;40000017;11000002
2023;1000000633;400000441;14;1;1;1;;00002635;00000002;;00000822;1;0;1;0;;;;;;;;;;0;1;1;0;40000067;11000009
2023;1000000637;400000442;11;1;3;1;;00001362;00000004;;00004434;1;0;0;;;;0;;;;;;;;1;0;1;40000204;11000029
2023;1000000638;400000443;7;2;1;1;;00000674;00000009;00000024;;1;0;1;0;0;;;;;;;0;;0;;0;0;40000110;11000015
2023;1000000640;400000444;15;2;1;1;;00004521;00000003;;;1;0;0;;0;;;0;;0;;;;0;1;0;0;40000062;11000008
2023;1000000642;400000445;20;1;1;1;;00004341;00000008;00000014;00003186;1;0;1;;;;;;0;;;0;;0;0;0;0;40000113;11000016
2023;1000000643;400000446;7;2;1;1;;00000473;00000006;00000019;;1;0;0;;;;;;;;;;;0;1;0;1;40000158;11000022
2023;1000000644;400000447;11;1;0;1;;00002999;00000005;00000010;00002983;1;0;0;;;;;;0;;;;;0;1;0;0;40000091;11000012
2023;1000000645;400000448;9;1;3;1;;00001843;00000004;00000026;00000712;1;0;0;;;;;0;;;0;;;0;0;0;0;40000072;11000010
2023;1000000646;400000449;11;1;0;1;;00004788;00000007;00000001;;1;0;0;0;;;0;;0;;;;0;0;0;0;0;40000040;11000005
2023;1000000647;400000450;13;2;1;1;;00004109;00000009;00000001;00001718;1;0;0;;;;;;;;0;;;0;1;0;0;40000204;11000029
2023;1000000649;400000451;5;2;3;1;;00000221;00000002;00000007;00003332;1;0;0;;;;;;;;;;;0;1;0;0;40000151;11000021
2023;1000000650;400000452;14;1;0;1;;00002597;00000009;00000016;;1;0;0;;;;;;;;;0;;0;0;0;0;40000008;11000001
2023;1000000653;400000453;9;2;1;1;;00002230;00000003;00000016;00000566;1;0;0;;;;0;;0;;;;;0;1;1;0;40000147;11000020
2023;1000000654;400000454;11;2;1;1;;00005365;00000002;00000006;00001401;1;0;0;0;;;0;;;;0;;;;1;0;0;40000096;11000013
2023;1000000655;400000455;12;1;0;1;;00001270;00000006;;;1;0;0;;;;;;;;;0;;0;1;0;0;40000018;11000002
2023;1000000657;400000456;16;2;0;1;;00004126;00000007;00000017;00003534;1;0;0;;;;;1;;;;;;0;1;0;0;40000097;11000013
2023;1000000658;400000457;12;2;0;1;;00005238;00000007;;00004488;1;0;1;;;1;;;;;;0;0;0;1;0;0;40000034;11000004
2023;1000000659;400000458;15;1;1;1;;00004900;00000005;00000005;00002412;1;0;0;;;;;;;;0;;;0;1;0;0;40000126;11000017
2023;1000000660;400000459;8;1;1;1;;00003632;00000003;00000021;00003102;1;0;0;;;;;;;;;;0;0;1;0;0;40000121;11000017
2023;1000000661;400000460;6;2;2;1;;00003679;00000004;00000026;;2;0;0;;;1;;;;;;;;0;1;0;0;40000110;11000015
2023;1000000662;400000461;13;2;1;1;;00001114;00000006;00000012;00002930;1;0;0;;;;;;;;;;;0;1;0;0;40000064;11000009
2023;1000000663;400000462;7;2;1;1;;00000464;00000007;00000024;;2;0;0;;;;;;0;;;;0;0;0;0;0;40000144;11000020
2023;1000000664;400000463;14;2;2;1;;00005178;00000006;00000017;00004004;1;0;0;;;;;;0;;;;;0;1;0;0;40000081;11000011
2023;1000000665;400000464;8;1;3;1;;00002767;00000005;00000024;00001872;1;0;1;;;;;;;;;;;0;1;0;;40000184;11000026
2023;1000000666;400000465;20;2;0;1;;00003883;00000004;00000025;00002333;1;0;0;;;;;;0;;;0;;0;1;0;0;40000025;11000003
2023;1000000667;400000466;19;1;0;1;;00003963;00000003;00000009;;1;0;0;;;;;;;;;;;0;1;0;0;40000146;11000020
2023;1000000668;400000467;7;2;1;1;;00000839;00000004;00000011;;1;0;0;;;;;;;;;;;0;1;0;0;40000072;11000010
2023;1000000669;400000468;15;2;3;1;;00004414;00000007;00000021;;1;0;0;0;;1;0;;;0;;0;0;0;1;0;0;40000184;11000026
2023;1000000671;400000469;21;1;3;1;;00000023;00000006;;00004612;1;0;1;;;;;;;;;;;0;1;0;0;40000040;11000005
2023;1000000672;400000470;16;2;2;1;;00001849;00000009;00000023;00005260;1;0;;;;;;;;;;;;0;1;0;0;40000204;11000029
2023;1000000673;400000471;19;2;1;1;;00003627;00000003;00000025;00003161;1;0;0;;;;0;;;;;;;;1;0;0;40000154;11000021
2023;1000000678;400000472;15;1;0;1;;00003231;00000007;;00001292;1;0;0;;;1;;;;;;0;;0;0;0;0;40000165;11000023
2023;1000000679;400000473;13;2;1;1;;00001029;00000003;00000012;00000755;1;0;0;0;;;;;;;;;;0;1;0;0;40000084;11000011
2023;1000000680;400000474;12;2;3;1;;00002880;00000006;00000015;00000373;1;0;0;0;;;;0;;;;;;0;1;0;0;40000014;11000001
2023;1000000681;400000475;22;1;3;1;;00002851;00000008;;00000281;1;0;1;;;1;;;0;;;;;0;;0;0;40000089;11000012
2023;1000000682;400000476;8;2;3;1;;00005486;00000002;00000012;;1;0;0;;;;;;0;;;;;0;1;0;0;40000103;11000014
2023;1000000683;400000477;4;2;1;1;;00004478;00000001;00000003;00004818;2;0;0;0;0;;;;0;;;;;0;1;0;1;40000049;11000006
2023;1000000684;400000478;13;1;3;1;;00001279;00000005;00000024;00000089;1;0;0;;0;;;;;;;;0;0;1;0;0;40000177;11000025
2023;1000000685;400000479;7;1;0;1;;00001794;00000007;00000026;00003338;1;0;0;;1;;;;;;0;;;0;1;0;0;40000076;11000010
2023;1000000686;400000480;18;2;1;1;;00004248;00000007;00000014;;1;0;0;;;;;0;;;;;0;0;1;0;0;40000063;11000008
2023;1000000687;400000481;16;2;1;1;;00005357;00000005;00000008;00004516;1;0;1;;;;;;;;;;;0;0;1;0;40000108;11000015
2023;1000000688;400000482;8;1;3;1;;00001850;00000002;00000014;;1;0;0;0;0;;;;;;;;;0;1;;0;40000113;11000016
2023;1000000689;400000483;11;2;0;1;;00001159;00000001;00000023;;1;0;0;;;0;;0;;;0;;;0;1;0;0;40000009;11000001
2023;1000000690;400000484;20;2;3;1;;00004294;00000006;00000003;00004551;1;0;0;;0;;0;;;;;0;;0;1;0;0;40000010;11000001
2023;1000000693;400000485;7;1;0;1;;00001142;00000003;00000015;00000530;1;0;0;;;1;;0;;;;;;0;1;0;0;40000058;11000008
2023;1000000694;400000486;17;1;1;1;;00004300;00000005;;;1;0;0;;;;;;;;0;;;0;1;0;0;40000123;11000017
2023;1000000695;400000487;9;1;0;1;;00000348;00000004;;;1;1;0;;0;;;;;0;;;;0;1;0;;40000040;11000005
2023;1000000696;400000488;11;1;1;1;;00000027;00000001;00000016;00003154;2;0;0;;;;;;;;;0;;0;1;0;0;40000105;11000014
2023;1000000697;400000489;27;2;3;1;;00002616;00000004;;00003304;1;0;0;;;;;;;;0;;;;0;0;0;40000025;11000003
2023;1000000699;400000490;12;2;1;1;;00002173;00000007;00000025;;1;0;0;;;1;;0;;;;0;;0;1;0;0;40000033;11000004
2023;1000000700;400000491;8;1;1;1;;00003662;00000005;00000020;00002264;1;0;0;;;;;;;;;;;0;0;0;0;40000160;11000022
2023;1000000701;400000492;11;2;1;1;;00002869;00000007;00000021;00002160;1;0;1;;;;;;;;;;;0;1;0;0;40000107;11000015
2023;1000000702;400000493;14;2;1;1;;00005071;00000004;;00002243;1;0;0;;;;;;;;;;;0;0;0;0;40000181;11000025
2023;1000000703;400000494;9;2;0;1;;00001900;00000002;;00000556;1;0;1;;;1;;;0;0;;;;0;1;0;0;40000209;11000029
2023;1000000704;400000495;8;2;1;1;;00005174;00000005;00000023;00003068;1;0;0;0;;;;;0;;;;0;0;1;0;0;40000014;11000001
2023;1000000705;400000496;9;1;3;1;;00000909;00000005;00000023;00004828;1;0;0;;;;;;;;;;;0;1;0;0;40000068;11000009
2023;1000000706;400000497;18;2;0;1;;00000724;00000005;00000015;;1;0;0;;;;;;;;;;;0;1;;0;40000103;11000014
2023;1000000707;400000498;15;1;3;1;;00002046;00000002;;00004259;1;0;1;0;;;;;;;;;;0;1;0;0;40000216;11000030
2023;1000000708;400000499;13;2;0;1;;00002877;00000004;;00004047;1;0;0;;;;;;1;;;;;0;1;0;0;40000201;11000028
2023;1000000709;400000500;20;2;1;1;;00003651;00000002;;;1;1;1;;;;0;0;;;;;;0;1;0;0;40000114;11000016
2023;1000000710;400000501;6;2;1;1;;00000159;00000001;00000002;;1;0;0;0;0;;;;;;;;;0;1;0;0;40000055;11000007
2023;1000000712;400000502;19;1;3;1;;00000702;00000004;;00004721;1;0;1;;;;;;0;;;;;0;1;0;0;40000009;11000001
2023;1000000713;400000503;8;2;3;1;;;00000004;;00003248;1;0;0;;;;0;;0;;;;;0;1;0;0;40000145;11000020
2023;1000000715;400000504;8;1;1;1;;00003287;00000009;00000006;00003858;2;0;0;0;;;;;;;;0;0;0;1;;0;40000033;11000004
2023;1000000717;400000505;15;2;0;1;;00002338;00000006;00000001;00002063;2;0;0;0;;;0;;;0;;;;0;;0;0;40000044;11000006
2023;1000000719;400000506;9;2;1;1;;00001817;00000004;00000014;;1;0;0;;0;;0;;;;;;;0;1;;0;40000088;11000012
2023;1000000720;400000507;14;2;3;1;;00000851;00000005;00000018;;2;0;0;;;;;;;;;;;0;1;0;0;40000013;11000001
2023;1000000724;400000508;15;2;0;1;;00004374;00000009;;00000203;1;1;0;;;;;;0;0;;0;;0;1;0;0;40000126;11000017
2023;1000000726;400000509;13;1;3;1;;00000647;00000004;00000017;00002779;1;0;0;;;;0;;;;;;;0;1;;0;40000006;11000000
2023;1000000727;400000510;12;2;1;1;;00003987;00000004;00000008;00003488;1;0;0;;;;;;;;;;;0;1;1;0;40000141;11000020
2023;1000000728;400000511;19;1;1;1;;00004782;00000005;;00003397;1;0;1;0;;0;;0;;;;0;;0;1;0;0;40000211;11000030
2023;1000000729;400000512;20;2;1;1;;00002506;00000006;00000001;;1;0;0;;;;0;0;;;;0;;0;0;0;;40000134;11000019
2023;1000000731;400000513;30;1;2;1;;00001545;00000003;00000022;00001156;1;0;0;;;;;;;0;0;0;;0;1;;0;40000134;11000019
2023;1000000734;400000514;16;1;3;1;;00003348;00000003;00000014;;1;0;0;;;;;;;;;;0;0;1;0;0;40000030;11000004
2023;1000000735;400000515;12;1;1;1;;00001278;00000004;00000018;00000038;1;0;0;;;;;;;;0;0;;0;0;0;0;40000169;11000024
2023;1000000736;400000516;13;2;0;1;;00001407;00000001;00000012;;2;0;0;;;;;;;;;;0;0;1;0;1;40000010;11000001
2023;1000000737;400000517;9;2;1;1;;00003366;00000008;;00003722;1;0;0;;;;0;;;;;0;0;0;;0;0;40000003;11000000
2023;1000000738;400000518;10;2;1;1;;00004456;00000002;00000015;00002469;1;0;0;;;;;0;;;;;0;0;0;0;0;40000115;11000016
2023;1000000739;400000519;22;1;1;1;;00003224;00000006;00000015;;1;0;;;;;;;;;0;;0;0;1;0;0;40000056;11000007
2023;1000000741;400000520;20;2;0;1;;00002126;00000003;;;1;0;0;;;;;0;0;0;;;;0;1;0;0;40000031;11000004
2023;1000000742;400000521;11;2;3;1;;00003771;00000007;00000017;00002904;1;0;0;;;;;;;;0;;;0;1;0;0;40000181;11000025
2023;1000000744;400000522;6;1;3;1;;00002588;00000007;00000004;00005184;1;0;0;;;;;;0;;;;0;0;1;0;0;40000103;11000014
2023;1000000747;400000523;21;1;0;1;;00002515;00000001;;00002073;1;0;0;;;;;;;0;;;0;0;1;0;0;40000071;11000010
2023;1000000748;400000524;5;1;0;1;;00003057;00000002;00000025;00003916;1;0;0;0;;;;;0;;;;;0;1;0;0;40000160;11000022
2023;1000000750;400000525;14;2;1;1;;00003403;00000002;00000001;00004852;2;0;0;;;;;;;;0;;;0;1;0;0;40000123;11000017
2023;1000000753;400000526;18;2;1;1;;00001456;00000003;00000020;00001631;1;0;1;;;;;;;0;0;;;0;1;0;;40000041;11000005
2023;1000000754;400000527;18;1;3;1;;00001511;00000002;00000026;;1;0;1;0;;1;;;;0;;;0;0;1;0;0;40000150;11000021
2023;1000000755;400000528;15;1;0;1;;00001928;00000009;;00002169;1;0;0;;;;;0;;;;;;0;1;0;0;40000204;11000029
2023;1000000756;400000529;11;2;0;1;;00001848;00000003;00000010;00002696;1;0;0;;;;;;;;;0;;0;1;;0;40000041;11000005
2023;1000000757;400000530;18;2;1;1;;00003325;00000004;;;1;0;0;;0;;0;;;;;;;0;;0;0;40000074;11000010
2023;1000000759;400000531;26;1;3;1;;00002004;00000001;00000009;00000679;2;0;0;;0;;0;;;;;;;0;1;0;0;40000161;11000022
2023;1000000761;400000532;9;1;3;1;;00002061;00000008;;;2;0;0;;;1;;;;;;;;0;1;0;;40000166;11000023
2023;1000000763;400000533;17;2;1;1;;00004301;00000001;00000016;00005157;1;0;0;;;;0;;;0;;0;;0;1;0;0;40000128;11000018
2023;1000000765;400000534;9;2;3;1;;00001493;00000003;;00001777;1;1;0;;;;;;0;;;;;0;1;0;0;40000004;11000000
2023;1000000766;400000535;5;2;3;1;;00003853;00000002;00000021;00000965;2;0;0;;;;;0;;;;;;0;0;0;0;40000010;11000001
2023;1000000767;400000536;19;1;1;1;;00004852;00000004;;;1;0;0;;;;;0;;;;;;0;1;0;0;40000040;11000005
2023;1000000768;400000537;19;1;0;1;;00002723;00000007;00000013;;1;0;0;;;1;;;0;;0;;;0;1;0;0;40000004;11000000
2023;1000000769;400000538;11;2;3;1;;00005145;00000005;;;2;0;0;;0;;0;0;;;;;;0;1;;0;40000191;11000027
2023;1000000771;400000539;16;1;1;1;;00004430;00000001;00000020;;1;0;0;;;;;;;;;;;0;;;0;40000166;11000023
2023;1000000773;400000540;14;1;2;1;;00004709;00000002;00000019;00001943;2;0;0;;;0;;;;;;;0;0;1;0;0;40000037;11000005
2023;1000000774;400000541;8;2;0;1;;00002785;00000001;00000008;;1;0;1;;;;;;;;;;;0;1;1;0;40000180;11000025
2023;1000000776;400000542;5;2;3;1;;00005238;00000003;00000002;;1;0;1;;;;;;;;;0;;0;1;0;0;40000108;11000015
2023;1000000777;400000543;6;1;1;1;;00003888;00000001;;;2;0;0;;;;;;0;;;;;0;1;;0;40000121;11000017
2023;1000000778;400000544;8;1;1;1;;00002553;00000001;00000011;;1;0;1;;;;;;;0;;;;;0;;0;40000175;11000024
2023;1000000779;400000545;28;1;3;1;;00003880;00000003;00000001;00004039;1;0;0;0;;;;;;;;;0;0;1;0;0;40000124;11000017
2023;1000000780;400000546;10;1;0;1;;00003775;00000004;;00003821;1;0;0;;0;;;;;;;;;0;1;0;0;40000091;11000012
2023;1000000781;400000547;10;2;0;1;;00001428;00000007;00000007;;1;0;0;0;;;;1;;;;;0;0;;;0;40000040;11000005
2023;1000000782;400000548;19;1;3;1;;00004624;00000002;00000008;00000446;1;1;0;;;;;;0;;;;;0;1;0;0;40000052;11000007
2023;1000000783;400000549;16;1;5;1;;00002028;00000008;00000007;;1;0;1;;0;1;;;;;;;;0;1;0;0;40000023;11000003
2023;1000000784;400000550;9;2;1;1;;00004199;00000002;00000026;00004607;1;0;0;;;;0;;;;;;;0;1;0;0;40000013;11000001
2023;1000000785;400000551;16;2;1;1;;00004486;00000004;;;1;0;0;;0;;;;;;0;;;0;1;0;0;40000119;11000016
2023;1000000787;400000552;10;1;2;1;;00001650;00000007;00000009;00005157;1;0;1;;;;;;;;0;;0;0;0;0;0;40000195;11000027
2023;1000000788;400000553;19;1;3;1;;00003328;00000002;00000007;00001280;1;0;1;0;;;;;;;;;;0;1;0;;40000120;11000017
2023;1000000790;400000554;22;1;1;1;;00001756;00000001;;;2;1;0;;;;;;;;;0;;0;1;0;0;40000202;11000028
2023;1000000791;400000555;19;2;3;1;;00004538;00000002;;00005197;1;0;0;;;;;;;;;;;0;1;0;0;40000164;11000023
2023;1000000792;400000556;10;1;1;1;;00003039;00000006;00000027;00000582;1;0;1;;;;0;;0;0;0;;;0;1;0;0;40000105;11000014
2023;1000000793;400000557;17;2;3;1;;00005516;00000001;;00000791;1;0;0;;;;;;;0;;;;0;1;0;0;40000017;11000002
2023;1000000794;400000558;20;1;1;1;;00001431;00000009;00000001;;1;0;0;;0;;;;0;;;;0;0;1;0;0;40000164;11000023
2023;1000000795;400000559;15;1;0;1;;00003112;00000001;;00003494;1;0;1;;0;;;;;;;0;;0;1;0;0;40000043;11000006
2023;1000000798;400000560;7;2;0;1;;00002426;00000006;;00000757;1;0;1;;;;;;;;;;;0;1;0;0;40000177;11000025
2023;1000000799;400000561;18;1;1;1;;00003381;00000009;;00004887;1;0;0;;;1;;;;;0;;;0;1;0;0;40000012;11000001
2023;1000000800;400000562;23;2;0;1;;00005557;00000009;00000024;;2;0;1;;;;;;;;;;;0;1;0;0;40000040;11000005
2023;1000000801;400000563;6;1;3;1;;00004486;00000009;00000008;;1;0;0;;;1;;;;;;;;0;1;0;0;40000160;11000022
2023;1000000804;400000564;11;2;1;1;;00001113;00000004;00000011;;2;1;1;;;;0;;;;;;;0;1;0;0;40000040;11000005
2023;1000000805;400000565;18;1;1;1;;00005145;00000003;00000018;;1;0;0;0;;;;;;;;0;;0;1;;0;40000179;11000025
2023;1000000808;400000566;15;1;1;1;;00003047;00000004;00000017;00004763;1;0;0;0;0;;;;;0;;;;0;1;1;0;40000079;11000011
2023;1000000809;400000567;11;1;1;1;;00005007;00000001;;00000279;2;0;0;;;;;;0;0;;;;0;1;0;0;40000189;11000026
2023;1000000810;400000568;18;2;1;1;;00000736;00000003;00000003;;1;0;1;;;;;1;;;;;;0;0;0;0;40000098;11000013
2023;1000000811;400000569;5;1;0;1;;00002669;00000001;;00003869;2;0;0;;;;;;;;;0;;0;1;;0;40000104;11000014
2023;1000000812;400000570;12;1;1;1;;00001593;00000003;00000005;;1;0;0;0;;;;;;;0;;;0;1;0;0;40000044;11000006
2023;1000000813;400000571;10;1;3;1;;00004358;00000005;00000006;;1;0;0;;0;;;0;;;;0;;0;1;0;0;40000156;11000022
2023;1000000816;400000572;24;1;3;1;;00005193;00000007;;00005042;2;0;0;;;;;;;;;;;0;1;0;0;40000003;11000000
2023;1000000817;400000573;16;2;0;1;;00001916;00000006;;00004920;2;0;0;;;;;;;;;;;0;1;0;0;40000096;11000013
2023;1000000819;400000574;11;1;0;1;;00000615;00000007;00000015;;2;1;1;;;;;;;;;;0;0;0;0;0;40000110;11000015
2023;1000000820;400000575;14;2;1;1;;00000903;00000009;00000009;00002217;1;0;0;;0;;;;;;;;0;0;0;0;1;40000142;11000020
2023;1000000821;400000576;10;2;3;1;;00003384;00000001;;;1;0;0;;;;;;;;;;0;0;1;0;0;40000084;11000011
2023;1000000822;400000577;13;1;3;1;;00005399;00000002;00000020;00000245;1;0;0;;;;;;;;;;;0;1;0;0;40000152;11000021
2023;1000000824;400000578;17;2;1;1;;00004885;00000006;00000014;00001027;1;0;0;;0;;0;;;;;;;0;;0;0;40000144;11000020
2023;1000000826;400000579;14;2;1;1;;00002586;00000007;;00002845;1;0;0;;1;;;;0;;;;;0;1;0;0;40000133;11000018
2023;1000000828;400000580;14;1;1;1;;00004162;00000006;00000010;;2;0;0;;;;;0;;;;;;0;1;0;0;40000056;11000007
2023;1000000831;400000581;19;2;0;1;;00002187;00000007;00000023;;1;0;0;;;;;;;;;0;0;0;1;0;;40000060;11000008
2023;1000000832;400000582;17;1;1;1;;00001562;00000001;00000003;00004518;1;0;0;0;;0;;;;;;;;0;1;0;0;40000051;11000007
2023;1000000836;400000583;15;2;1;1;;00000661;00000009;;;1;0;0;;;;;0;;;;;;0;1;0;0;40000013;11000001
2023;1000000837;400000584;9;1;3;1;;00003104;00000003;00000001;;2;0;1;;;;;;;;;;;0;1;0;0;40000199;11000028
2023;1000000838;400000585;25;2;0;1;;00002882;00000005;;00002079;1;0;1;;0;;;;;;0;;;0;1;0;0;40000091;11000012
2023;1000000839;400000586;17;2;3;1;;00001102;00000008;00000011;;1;0;0;;;;;0;;;0;;;0;1;0;1;40000013;11000001
2023;1000000840;400000587;21;2;0;1;;00000867;00000002;;00000595;1;0;0;;;;0;;;0;0;;;0;1;0;0;40000153;11000021
2023;1000000842;400000588;16;2;1;1;;00000195;00000003;;00005101;1;0;0;0;;;;;;;;;;0;0;0;0;40000069;11000009
2023;1000000847;400000589;13;2;3;1;;00001763;00000008;;;2;0;1;;;;;;0;;;;;0;1;0;0;40000209;11000029
2023;1000000849;400000590;18;2;1;1;;00005185;00000006;00000001;00003570;1;0;0;;;;0;;;;;;;0;1;0;0;40000108;11000015
2023;1000000850;400000591;11;2;3;1;;00002525;00000003;;;1;0;0;0;;;0;0;;;;0;0;0;1;0;;40000198;11000028
2023;1000000851;400000592;8;2;1;1;;00001762;00000002;;;1;0;0;;0;;;;;;0;;;0;;0;0;40000080;11000011
2023;1000000853;400000593;19;1;1;1;;00002386;00000003;;;1;1;0;;0;1;;;;;;;0;0;;0;0;40000041;11000005
2023;1000000854;400000594;10;2;1;1;;00005314;00000007;00000003;00002744;1;0;0;0;;0;;;;;;;;0;1;0;0;40000142;11000020
2023;1000000856;400000595;20;1;0;1;;00000385;00000008;;00001291;1;0;0;;;;;;;;;;;0;1;0;0;40000096;11000013
2023;1000000857;400000596;24;1;0;1;;00005362;00000003;;00003511;1;0;1;;;;0;;;;;;;0;1;0;0;40000018;11000002
2023;1000000859;400000597;25;2;0;1;;00000187;00000007;00000011;00005231;1;0;1;;;;;0;0;0;;;;0;1;0;0;40000044;11000006
2023;1000000862;400000598;15;1;1;1;;00003932;00000009;00000025;00000665;1;0;0;;;0;0;;;;;;;0;1;0;0;40000050;11000007
2023;1000000864;400000599;13;1;1;1;;00003410;00000007;00000014;00004973;1;0;0;;;0;;;;0;;;;0;1;0;0;40000124;11000017
2023;1000000865;400000600;7;1;0;1;;00004677;00000008;00000014;;1;0;1;;;;;1;;0;;;0;0;1;0;0;40000143;11000020
2023;1000000866;400000601;17;1;3;1;;00002965;00000003;00000011;;1;0;0;;;0;;0;;;;;;0;1;0;0;40000206;11000029
2023;1000000867;400000602;18;2;1;1;;00004985;00000006;00000012;00003059;2;0;0;;;;;;;;;;;0;1;0;0;40000196;11000027
2023;1000000868;400000603;12;1;3;1;;00005558;00000004;00000019;00002397;2;1;0;0;0;;;;;;;;;0;1;0;0;40000097;11000013
2023;1000000870;400000604;21;2;2;1;;00001872;00000003;;00002608;1;0;0;;;;;;;;;;;0;1;0;0;40000094;11000013
2023;1000000871;400000605;22;1;1;1;;00000660;00000007;00000003;00001413;1;0;0;;0;;;;;;;;;0;1;0;0;40000131;11000018
2023;1000000872;400000606;17;1;1;1;;00003865;00000007;00000017;00001294;1;0;0;;;;0;;;;0;0;0;0;1;0;0;40000183;11000026
2023;1000000873;400000607;7;2;1;1;;00005298;00000001;00000013;;1;0;0;;;;;;;;;;;0;1;0;0;40000072;11000010
2023;1000000875;400000608;9;2;3;1;;00000319;00000005;;;1;0;1;;;;0;;;0;;;;0;1;0;;40000180;11000025
2023;1000000876;400000609;16;2;0;1;;00000748;00000009;00000009;00005443;1;0;0;;;0;;0;;;;;;0;1;0;0;40000184;11000026
2023;1000000877;400000610;12;2;1;1;;00002319;00000004;00000021;00004094;1;0;0;;;;;;;;0;0;;0;1;0;0;40000126;11000017
2023;1000000878;400000611;5;1;0;1;;00002131;00000002;;00002938;1;0;0;;;;;;;0;;;;0;0;0;0;40000066;11000009
2023;1000000881;400000612;8;2;0;1;;00003648;00000007;00000012;;1;0;0;;;;;;;0;;;;0;1;0;1;40000073;11000010
2023;1000000882;400000613;10;1;1;1;;00001051;00000006;00000012;00001626;1;0;0;;;;;;0;;;;;0;1;0;;40000081;11000011
2023;1000000884;400000614;5;1;0;1;;00004420;00000004;00000002;00002720;1;0;0;;;;;;;0;;;0;0;0;0;0;40000111;11000015
2023;1000000886;400000615;14;1;1;1;;00004960;00000005;;;1;0;0;;;;;;;;;0;;0;1;0;0;40000179;11000025
2023;1000000888;400000616;7;1;3;1;;00002645;00000003;;00001656;1;0;0;;;;;;;0;;;;0;1;0;0;40000106;11000015
2023;1000000889;400000617;21;2;3;1;;00001169;00000006;00000004;00000668;1;0;1;0;;;;;;;;0;;0;0;0;0;40000185;11000026
2023;1000000890;400000618;15;1;0;1;;00004664;00000008;00000016;00004930;1;0;;;;;;0;;;;;;0;0;0;0;40000006;11000000
2023;1000000891;400000619;12;2;3;1;;00002001;00000006;00000026;00002152;1;0;1;;;;0;0;;;;;;0;1;0;0;40000088;11000012
2023;1000000892;400000620;10;1;1;1;;00002210;00000002;;00000634;1;0;0;;;;;0;;;0;;;0;1;0;0;40000107;11000015
2023;1000000894;400000621;19;1;1;1;;00002733;00000002;00000019;00004721;1;0;0;;;;;;;0;;;0;0;1;0;0;40000101;11000014
2023;1000000896;400000622;19;2;3;1;;00000276;00000009;00000003;;1;0;0;;;;;;;;;0;;0;1;0;0;40000057;11000008
2023;1000000897;400000623;16;2;1;1;;00005570;00000008;00000016;00000319;2;0;0;;;;;;;0;;;0;0;1;0;0;40000005;11000000
2023;1000000898;400000624;9;1;0;1;;00001459;00000005;;00004489;1;0;1;;;;;;0;;;;0;0;1;0;0;40000140;11000019
2023;1000000899;400000625;9;2;1;1;;00003726;00000002;;;1;0;0;;;;;;0;;;;;0;1;0;0;40000197;11000028
2023;1000000900;400000626;16;2;3;1;;00002727;00000009;;00005298;2;0;0;;;;0;0;;;;;;0;1;0;0;40000142;11000020
2023;1000000901;400000627;17;1;2;1;;00000976;00000001;00000001;00004028;2;0;0;;1;;;0;0;;;0;;0;1;0;0;40000023;11000003
2023;1000000902;400000628;19;1;1;1;;00002270;00000005;;00005075;1;1;0;;;;0;;;0;0;;;0;1;0;1;40000104;11000014
2023;1000000903;400000629;17;2;1;1;;00003973;00000007;;00002728;1;0;1;;;0;0;;;0;0;;;0;1;0;1;40000135;11000019
2023;1000000904;400000630;20;2;1;1;;00001526;00000009;00000019;;1;0;0;0;;;;;;;;0;;0;0;0;0;40000081;11000011
2023;1000000905;400000631;26;2;0;1;;00005291;00000002;00000004;00001133;1;0;0;;;;;;;;;;;0;1;0;0;40000092;11000013
2023;1000000906;400000632;13;1;1;1;;00002582;00000002;00000004;;1;0;0;;;;;;;;0;;0;0;1;0;0;40000191;11000027
2023;1000000907;400000633;14;2;0;1;;00000650;00000002;00000003;;1;0;0;0;;;;;;;;0;;0;1;0;0;40000102;11000014
2023;1000000908;400000634;11;2;0;1;;00003609;00000004;00000020;00005448;1;0;0;;;;;;;0;;;;0;1;0;0;40000096;11000013
2023;1000000909;400000635;16;1;0;1;;00002409;00000003;00000018;00005045;1;1;1;;;;0;;;;0;;;0;1;0;0;40000118;11000016
2023;1000000911;400000636;13;2;1;1;;00004032;00000005;00000004;;1;0;1;;;;;0;;;;;;0;1;0;1;40000155;11000022
2023;1000000914;400000637;8;2;3;1;;00004560;00000002;00000021;00004704;1;0;0;;;;;;;;;;;0;1;0;0;40000201;11000028
2023;1000000917;400000638;20;2;1;1;;00003311;00000004;00000005;;2;0;0;0;;;;;;0;;;;0;1;0;0;40000211;11000030
2023;1000000918;400000639;14;1;3;1;;00002575;00000001;00000026;;1;0;1;;;;;0;;;;;0;0;0;0;0;40000210;11000029
2023;1000000920;400000640;21;2;1;1;;00000976;00000005;00000006;00003160;1;0;0;;;;;;0;;;;;0;1;0;0;40000054;11000007
2023;1000000923;400000641;16;2;0;1;;00004383;00000001;;00005255;2;0;0;;;;;;;;0;;0;0;1;;0;40000095;11000013
2023;1000000924;400000642;10;1;3;1;;00005125;00000007;;00003532;1;0;0;0;;;0;;;;;;;0;1;0;;40000149;11000021
2023;1000000925;400000643;22;1;3;1;;00000307;00000009;00000014;00002370;1;0;1;;;;;;;;0;0;;0;1;0;0;40000005;11000000
2023;1000000926;400000644;18;1;3;1;;00002497;00000004;00000019;00001195;1;0;;;;1;;0;0;;;;;0;1;0;0;40000131;11000018
2023;1000000927;400000645;13;1;1;1;;00000927;00000001;;;1;0;0;;;;;;;;;;;0;0;1;;40000143;11000020
2023;1000000928;400000646;18;1;3;1;;00001600;00000002;00000024;;1;0;1;;0;;;0;;0;;0;;0;1;0;0;40000148;11000021
2023;1000000929;400000647;12;2;3;1;;00003313;00000005;00000010;00000661;1;0;1;;0;;;;;;;;;0;;0;0;40000047;11000006
2023;1000000930;400000648;12;2;5;1;;00003492;00000005;;00004214;1;0;0;;;;;0;;;;;;0;1;0;0;40000150;11000021
2023;1000000931;400000649;28;2;0;1;;00000098;00000008;;00005163;1;0;0;;;;;;;0;0;;;0;1;0;0;40000186;11000026
2023;1000000933;400000650;25;1;0;1;;00004697;00000005;00000024;00000542;1;0;0;0;;;;0;;;;0;;0;1;0;0;40000173;11000024
2023;1000000934;400000651;8;2;1;1;;00002638;00000006;00000003;;2;0;0;;0;;;0;;;;0;;0;1;0;0;40000133;11000018
2023;1000000936;400000652;17;2;3;1;;00002440;00000003;00000019;;1;0;0;;;;;;;;;;;0;1;;0;40000018;11000002
2023;1000000937;400000653;13;2;3;1;;00002556;00000008;;00003025;1;0;0;;;1;0;;;0;;;;0;1;0;0;40000125;11000017
2023;1000000940;400000654;12;2;0;1;;00000216;00000004;;00004524;1;0;;;;;;;;;;;;0;1;0;0;40000207;11000029
2023;1000000941;400000655;11;2;1;1;;00003473;00000008;00000008;;1;0;0;;;;0;;;0;;;;0;1;0;0;40000024;11000003
2023;1000000942;400000656;16;2;0;1;;00004437;00000007;;00001201;1;0;0;;0;;;;;;;0;;0;;0;0;40000071;11000010
2023;1000000943;400000657;13;1;0;1;;00002834;00000004;00000019;00003612;1;0;0;;;;;;;;0;;0;0;1;0;0;40000214;11000030
2023;1000000944;400000658;8;2;1;1;;00005507;00000005;00000012;00001857;1;0;0;;0;;;;;;;;;0;1;0;0;40000021;11000002
2023;1000000945;400000659;19;1;1;1;;00001079;00000008;00000021;;2;0;1;;0;;0;0;;0;;0;;;1;0;0;40000181;11000025
2023;1000000947;400000660;9;1;0;1;;00000849;00000007;;00003812;1;0;0;;;;;0;;;;;;0;1;0;1;40000078;11000011
2023;1000000948;400000661;11;2;3;1;;00005257;00000004;00000008;00004882;1;0;0;0;;;;;;;;;;0;1;0;0;40000156;11000022
2023;1000000950;400000662;13;1;3;1;;00004239;00000005;00000011;00005184;1;0;0;;;;0;;;;;;;0;1;0;0;40000070;11000009
2023;1000000951;400000663;19;2;3;1;;00003258;00000008;;;1;0;;;;;;;;0;;0;;0;1;0;0;40000108;11000015
2023;1000000953;400000664;8;1;0;1;;00004395;00000006;;00004119;1;0;0;;;;;;;;;;;0;1;0;0;40000096;11000013
2023;1000000954;400000665;19;2;1;1;;00004719;00000009;00000016;00004171;1;0;0;;;;;;;;;0;;0;0;0;0;40000020;11000002
2023;1000000955;400000666;10;2;0;1;;00003108;00000001;;00005472;2;0;1;;;1;;0;;;0;;;0;1;0;1;40000150;11000021
2023;1000000956;400000667;10;1;3;1;;00002630;00000008;00000013;00003221;1;0;0;;;;;;;0;;;;;1;;1;40000078;11000011
2023;1000000957;400000668;21;1;3;1;;00000867;00000009;00000014;00000636;1;0;0;0;;1;;0;0;;;0;;0;1;0;0;40000214;11000030
2023;1000000961;400000669;10;1;3;1;;00004386;00000001;;;1;0;1;;;;0;;;;;;;;1;0;0;40000037;11000005
2023;1000000962;400000670;17;2;3;1;;00002709;00000007;00000013;00001721;2;0;0;;0;;;;;;;;;0;1;0;0;40000171;11000024
2023;1000000965;400000671;6;1;1;1;;00001817;00000002;;;2;0;0;;;;;;0;;;;;0;0;0;0;40000045;11000006
2023;1000000967;400000672;18;2;3;1;;00004264;00000003;00000008;00002340;1;0;0;;;;;;;;0;;0;0;1;0;0;40000165;11000023
2023;1000000971;400000673;12;2;5;1;;00002655;00000007;00000014;00001629;1;0;0;;;;0;;;;;;;0;1;0;;40000058;11000008
2023;1000000972;400000674;20;1;1;1;;00004616;00000008;00000009;00002225;1;0;0;;;;;;;;;;0;0;1;0;0;40000014;11000001
2023;1000000973;400000675;20;2;1;1;;00005169;00000002;00000020;00000206;1;0;0;;;1;;0;;;;;0;0;0;0;1;40000106;11000015
2023;1000000974;400000676;17;1;3;1;;00002229;00000009;;;1;0;1;;;;;;0;;;;;0;1;0;0;40000055;11000007
2023;1000000976;400000677;15;1;1;1;;00000271;00000003;00000016;00003708;1;0;1;;;;;;0;;;;;0;1;0;0;40000160;11000022
2023;1000000977;400000678;13;2;2;1;;00003833;00000002;00000002;;1;0;0;0;;;;;;0;;;;0;1;0;0;40000194;11000027
2023;1000000978;400000679;9;2;0;1;;00000914;00000003;00000013;;1;0;0;;0;;;;0;0;0;;;0;1;0;0;40000051;11000007
2023;1000000979;400000680;16;2;0;1;;00004728;00000006;00000004;00003575;1;0;0;;;;0;;;;;;;0;1;0;0;40000030;11000004
2023;1000000980;400000681;19;1;3;1;;00005542;00000007;;;1;0;0;;;;;0;;0;;;;0;1;0;0;40000145;11000020
2023;1000000982;400000682;12;1;0;1;;00001093;00000008;00000002;00000007;1;0;0;;0;0;;;0;;;;;0;1;0;0;40000031;11000004
2023;1000000984;400000683;12;2;3;1;;00001564;00000007;;00002269;1;0;1;;;;;0;;;0;;;0;1;0;0;40000013;11000001
2023;1000000985;400000684;14;1;1;1;;00003804;00000009;;00004996;1;0;0;0;0;;;;;0;;;0;0;0;0;0;40000189;11000026
2023;1000000987;400000685;16;1;3;1;;00003976;00000009;00000013;00000883;1;0;0;;;;;;0;;;;;;1;0;0;40000211;11000030
2023;1000000991;400000686;16;2;1;1;;00001926;00000003;;;1;0;1;;;;;;;;;;;0;0;0;0;40000092;11000013
2023;1000000993;400000687;22;1;3;1;;00001009;00000007;;;1;0;1;;;;;0;;;;0;0;0;1;0;0;40000100;11000014
2023;1000000994;400000688;16;1;0;1;;00003950;00000003;00000021;;2;0;0;;0;;;;;;;0;;0;1;0;0;40000182;11000025
2023;1000000995;400000689;18;1;1;1;;00005380;00000006;00000026;;2;0;0;;;;;;0;0;;;;;1;1;0;40000042;11000005
2023;1000000998;400000690;12;2;0;1;;00002034;00000006;00000011;00003199;2;0;1;;;;;0;0;;;;;0;1;0;;40000160;11000022
2023;1000000999;400000691;17;1;3;1;;00005542;00000009;00000026;00003528;1;0;0;;;;;;0;;;0;;0;1;0;0;40000038;11000005
2023;1000001000;400000692;17;1;1;1;;00004514;00000008;00000018;00004429;1;0;1;;;1;;;;;0;0;;0;1;0;0;40000052;11000007
2023;1000001001;400000693;18;1;1;1;;00005205;00000003;;00001159;1;0;0;0;;;;;;;;;;0;1;0;0;40000026;11000003
2023;1000001005;400000694;14;1;1;1;;00002509;00000005;00000011;;1;0;0;;;;;;;;;;;0;1;0;0;40000127;11000018
2023;1000001007;400000695;19;2;3;1;;00004783;00000004;;00004033;1;0;1;;;;;;;;;;;0;1;0;1;40000099;11000014
2023;1000001008;400000696;19;1;1;1;;00002604;00000006;00000002;00002316;1;0;0;;;;;;;;;;0;0;1;0;0;40000080;11000011
2023;1000001009;400000697;9;2;1;1;;00002522;00000007;00000013;00005145;2;0;0;0;0;;;;;;;;;0;1;1;0;40000020;11000002
2023;1000001010;400000698;18;1;0;1;;00001748;00000006;;00002263;1;0;0;;;;;0;;;0;;;0;0;0;0;40000050;11000007
2023;1000001012;400000699;17;1;1;1;;00003894;00000004;;;1;0;0;;1;;;;;;0;;;0;1;0;0;40000060;11000008
2023;1000001013;400000700;9;2;1;1;;00005213;00000005;00000022;00004963;1;0;0;;;;;;;;;;;0;;0;0;40000152;11000021
2023;1000001015;400000701;17;1;3;1;;00002281;00000003;;;1;0;0;;;;;;;;;;;0;1;0;0;40000116;11000016
2023;1000001016;400000702;14;1;3;1;;00001899;00000006;00000014;00005444;1;0;0;;;;;0;0;;0;1;;0;1;0;0;40000127;11000018
2023;1000001017;400000703;9;2;0;1;;00000961;00000004;;;1;0;0;;;;;;;;;;;0;1;0;0;40000046;11000006
2023;1000001020;400000704;9;2;0;1;;00002751;00000007;00000007;;1;0;0;;;;;;;;0;;;0;1;0;0;40000126;11000017
2023;1000001022;400000705;13;2;3;1;;00004115;00000001;00000017;00001614;1;0;0;;0;;;;;0;0;0;0;0;1;0;0;40000044;11000006
2023;1000001024;400000706;8;1;3;1;;00003912;00000005;00000019;;2;0;0;;;;;0;;;0;;0;0;0;0;0;40000051;11000007
2023;1000001026;400000707;15;2;0;1;;00000159;00000006;00000011;00004737;1;0;0;;;;;;;;;0;;0;1;0;0;40000090;11000012
2023;1000001027;400000708;10;2;0;1;;00003659;00000006;;;2;0;0;;;;;;;;;;0;0;1;;0;40000034;11000004
2023;1000001028;400000709;39;2;0;1;;00002644;00000001;00000014;00002900;1;0;0;;;;;0;;0;;;;0;1;0;0;40000173;11000024
2023;1000001031;400000710;19;2;3;1;;00000171;00000004;00000003;00001060;1;0;0;;;;;;;;;;;0;0;0;;40000027;11000003
2023;1000001032;400000711;23;2;1;1;;00003149;00000004;00000027;00000877;1;0;0;;0;1;;;;;;0;0;0;1;0;0;40000106;11000015
2023;1000001033;400000712;13;1;1;1;;00003261;00000003;00000003;00002051;1;0;1;;;;;;;;;;;0;1;0;0;40000203;11000028
2023;1000001034;400000713;11;1;0;1;;00005210;00000007;00000021;;2;0;0;0;;;;;;;;0;;0;1;0;0;40000212;11000030
2023;1000001035;400000714;19;2;0;1;;00001565;00000001;00000015;00004249;1;0;0;;;;;;;;0;;;0;0;0;0;40000088;11000012
2023;1000001036;400000715;7;2;1;1;;00001993;00000005;;;1;0;0;;;;0;;;0;;0;;0;1;0;0;40000118;11000016
2023;1000001037;400000716;13;1;3;1;;00003632;00000005;;00000215;1;0;0;;;;;;;;0;;;0;1;0;0;40000096;11000013
2023;1000001038;400000717;16;2;0;1;;00004241;00000001;;;1;0;0;;0;;0;;;;;;;0;1;0;0;40000082;11000011
2023;1000001039;400000718;16;2;1;1;;00000587;00000005;00000012;00004299;1;0;0;;;;;;;;;;;0;1;0;0;40000128;11000018
2023;1000001041;400000719;19;1;1;1;;00003947;00000007;;00003715;1;1;0;;;;;0;;0;;;;0;1;;0;40000201;11000028
2023;1000001042;400000720;13;1;0;1;;00004590;00000006;;;1;0;0;;;;;;;;;0;;0;1;0;0;40000098;11000013
2023;1000001043;400000721;19;1;3;1;;00000872;00000006;00000003;00003658;1;0;1;0;;0;;;;;;;;0;1;0;0;40000205;11000029
2023;1000001044;400000722;28;1;1;1;;00000992;00000002;;00002982;1;0;0;0;;;;;;;;0;0;0;1;0;0;40000189;11000026
2023;1000001050;400000723;11;1;3;1;;00004644;00000007;00000011;00001206;1;0;0;0;;1;0;;;;;;;0;1;0;0;40000100;11000014
2023;1000001051;400000724;14;1;1;1;;00003449;00000002;00000018;00005062;1;0;0;;;;;;;;;0;0;0;1;0;0;40000169;11000024
2023;1000001052;400000725;13;2;1;1;;00004097;00000006;;00005244;1;0;1;;;1;;;;;;;0;0;1;0;0;40000069;11000009
2023;1000001053;400000726;16;1;3;1;;00003360;00000003;00000010;00003376;2;0;0;;;;;0;;;;;;0;1;0;0;40000175;11000024
2023;1000001054;400000727;10;1;3;1;;00001604;00000001;;;1;0;0;;;1;;;;;;;;0;1;0;0;40000162;11000023
2023;1000001055;400000728;18;1;1;1;;00001706;00000002;;00002507;1;0;1;;;;;;;0;;;;0;1;0;0;40000035;11000004
2023;1000001056;400000729;11;1;1;1;;00000637;00000006;00000010;00003816;1;0;0;;;;;;0;;;;;0;1;0;0;40000050;11000007
2023;1000001057;400000730;11;2;0;1;;00003224;00000003;00000006;00004486;1;1;1;;;;;;;;;;;0;1;;0;40000152;11000021
2023;1000001058;400000731;4;2;0;1;;00005290;00000009;;00002922;1;0;1;0;;;;;;;;;;0;1;1;0;40000145;11000020
2023;1000001059;400000732;20;2;0;1;;00002848;00000002;00000022;00002196;1;0;0;;;;0;;;;;;;0;1;0;0;40000044;11000006
2023;1000001061;400000733;10;1;1;1;;00001158;00000007;00000003;00001193;1;0;0;;0;;;;;;;;0;0;;0;0;40000087;11000012
2023;1000001062;400000734;19;2;5;1;;00000790;00000005;00000025;00001241;1;0;1;;;;0;;;;;;;0;1;0;0;40000050;11000007
2023;1000001064;400000735;11;2;3;1;;00002989;00000007;00000009;00003484;1;0;0;0;;;;0;;;;0;0;0;0;0;0;40000209;11000029
2023;1000001065;400000736;13;2;3;1;;00002538;00000005;00000020;00004005;2;0;0;;;;;;;;;;;;0;0;0;40000182;11000025
2023;1000001066;400000737;11;2;3;1;;00003366;00000001;00000022;;1;0;0;;;0;;0;;;;;;0;1;0;0;40000081;11000011
2023;1000001067;400000738;18;2;1;1;;00002411;00000008;00000026;00004655;1;0;0;;;;;0;;;;;;0;1;0;0;40000119;11000016
2023;1000001068;400000739;18;2;1;1;;00001742;00000001;00000026;00004895;1;0;0;;;1;0;0;;0;;;;0;1;0;0;40000003;11000000
2023;1000001069;400000740;20;2;0;1;;00001673;00000005;00000008;00001974;1;0;0;;;1;;;;0;0;;;0;1;0;0;40000195;11000027
2023;1000001070;400000741;7;1;1;1;;00000194;00000002;00000013;;1;0;0;0;;;;;;;;;;0;1;0;0;40000122;11000017
2023;1000001071;400000742;11;1;1;1;;00000611;00000004;;00003217;1;0;0;0;;;;1;;;;0;;0;1;1;0;40000214;11000030
2023;1000001072;400000743;16;1;3;1;;00003903;00000003;00000014;;1;0;0;;;;;;;;;;;0;1;0;0;40000172;11000024
2023;1000001073;400000744;6;1;3;1;;00004531;00000003;;;2;0;0;;0;;;;;0;;;;0;1;0;0;40000206;11000029
2023;1000001075;400000745;7;1;1;1;;00004146;00000007;00000019;00004579;1;0;0;;;;;;;;;;;0;1;0;0;40000194;11000027
2023;1000001076;400000746;17;1;3;1;;00003704;00000004;00000005;00003192;1;0;1;;;;0;;;0;;;;0;1;0;0;40000131;11000018
2023;1000001077;400000747;16;1;3;1;;00003353;00000008;00000017;;1;0;1;0;0;;;;;;;;;;0;1;;40000022;11000003
2023;1000001078;400000748;24;1;0;1;;00003307;00000006;;;1;0;0;;;;;;;;0;;;0;1;0;;40000049;11000006
2023;1000001079;400000749;4;2;3;1;;00005242;00000005;;00000326;2;0;0;;;;0;;;;;;;0;1;0;0;40000093;11000013
2023;1000001082;400000750;19;1;2;1;;00002796;00000009;00000020;00001257;1;0;1;;;;;;;;0;;;0;1;0;0;40000158;11000022
2023;1000001083;400000751;5;1;2;1;;00002163;00000009;;00004199;1;0;0;;;1;0;;;;0;;;0;1;0;0;40000091;11000012
2023;1000001084;400000752;17;1;1;1;;00002471;00000009;00000023;00001219;2;0;1;0;;;;;;;;;;0;0;0;0;40000051;11000007
2023;1000001085;400000753;8;1;0;1;;00003630;00000008;;00001730;1;0;0;;0;;0;;0;0;;;;0;0;0;0;40000135;11000019
2023;1000001087;400000754;7;2;1;1;;00001146;00000002;00000025;00004353;1;0;1;;;1;;;;0;;;0;0;1;0;0;40000074;11000010
2023;1000001088;400000755;15;1;1;1;;00002113;00000005;00000019;00000019;1;0;0;;;;;;;0;;;0;0;0;0;0;40000209;11000029
2023;1000001089;400000756;9;1;3;1;;00003737;00000003;00000021;00002646;1;0;;0;;1;;;;0;;;;0;1;0;0;40000136;11000019
2023;1000001091;400000757;16;1;3;1;;00004505;00000003;00000009;00001508;1;0;0;;;;;0;;0;;;0;0;1;0;1;40000132;11000018
2023;1000001092;400000758;17;1;3;1;;00001547;00000007;00000017;00005086;1;0;;;;;;;;;;;;0;1;0;0;40000176;11000025
2023;1000001095;400000759;20;1;3;1;;00000524;00000009;;;2;0;1;;;;;;0;;;0;;0;0;0;;40000028;11000003
2023;1000001097;400000760;14;2;1;1;;00001386;00000005;;00004558;1;0;0;;;;;;;;;;;0;1;0;0;40000065;11000009
2023;1000001099;400000761;16;2;3;1;;00004509;00000001;00000017;00004719;1;0;1;;;1;;;;;;;;0;1;0;0;40000008;11000001
2023;1000001102;400000762;7;2;3;1;;00000777;00000007;;;1;0;0;;;;;;;0;;;;0;;0;;40000103;11000014
2023;1000001103;400000763;5;2;1;1;;00000089;00000004;;00002704;1;0;0;0;;1;0;;;;0;;;0;1;0;0;40000044;11000006
2023;1000001104;400000764;9;2;1;1;;00001435;00000005;;;1;0;0;;;;;;0;;0;;0;0;1;0;0;40000121;11000017
2023;1000001105;400000765;6;2;3;1;;00002687;00000003;;;1;0;0;;0;;;;;;;;0;0;0;1;0;40000041;11000005
2023;1000001106;400000766;42;2;3;1;;00002861;00000009;00000019;;1;0;0;;;;;;;;;;;0;1;0;0;40000040;11000005
2023;1000001107;400000767;12;2;3;1;;00004240;00000009;00000006;;1;0;0;;1;;0;;;0;;;0;0;1;0;0;40000205;11000029
2023;1000001108;400000768;18;2;0;1;;00000169;00000009;00000003;00001536;1;0;1;0;1;;;0;0;;;;;0;1;0;0;40000128;11000018
2023;1000001109;400000769;5;2;1;1;;00004221;00000004;00000027;;1;0;1;;;;;;0;;;;;0;1;0;0;40000152;11000021
2023;1000001111;400000770;11;1;1;1;;00004691;00000005;00000016;;2;0;0;0;;;0;;;;0;;;0;1;0;0;40000115;11000016
2023;1000001113;400000771;9;2;0;1;;00003755;00000008;00000020;00000627;1;0;0;;;;;;;;0;;;0;1;0;0;40000183;11000026
2023;1000001114;400000772;5;2;3;1;;00002744;00000002;00000006;;1;0;1;;;;;;0;;;;;;1;0;0;40000004;11000000
2023;1000001115;400000773;11;1;0;1;;00002466;00000009;00000006;00003445;1;0;0;;;;;;;;;;;0;0;0;0;40000207;11000029
2023;1000001116;400000774;17;2;0;1;;00004196;00000009;;00004862;1;1;0;;;;;;0;;;;;0;1;0;0;40000101;11000014
2023;1000001117;400000775;7;1;1;1;;00005510;00000002;00000007;00004431;2;1;0;;;;;;;;;;;0;1;0;0;40000109;11000015
2023;1000001118;400000776;9;2;0;1;;00003975;00000006;00000007;00003780;1;0;0;;;;0;;;;0;;0;0;1;0;0;40000050;11000007
2023;1000001120;400000777;6;1;1;1;;00000237;00000006;00000012;00002946;2;0;0;0;0;;;;;;;;;0;;;0;40000021;11000002
2023;1000001121;400000778;5;2;1;3;;00004506;00000002;00000027;00000575;1;0;1;;;;;;1;;;;;0;;0;0;40000201;11000028
2023;1000001122;400000779;5;1;3;1;;00003510;00000003;00000025;;1;0;0;;;;0;;;;;;;;1;0;0;40000123;11000017
2023;1000001124;400000780;10;2;3;1;;00001752;00000006;00000002;00003883;1;0;1;;1;;;;;;;0;;0;1;1;0;40000033;11000004
2023;1000001125;400000781;4;1;3;1;;00004568;00000004;00000022;00001868;1;0;1;;0;;;;;;;;;0;1;0;0;40000004;11000000
2023;1000001126;400000782;14;1;1;1;;00002056;00000001;00000004;;1;0;0;;;1;;;;;;;0;0;1;0;0;40000073;11000010
2023;1000001127;400000783;16;2;3;1;;00004993;00000005;00000008;00004844;1;0;0;0;;;;;;;;0;;0;1;0;;40000054;11000007
2023;1000001128;400000784;4;2;3;1;;00004067;00000004;;00001214;2;1;0;;;1;;;;;;;;0;1;0;0;40000135;11000019
2023;1000001130;400000785;18;1;2;1;;00003591;00000001;;00005344;1;0;0;;;;;;;0;;;;0;1;0;1;40000029;11000004
2023;1000001134;400000786;13;1;1;1;;00003314;00000008;;00003636;1;0;0;0;;;0;;;;;;;0;1;0;0;40000077;11000010
2023;1000001135;400000787;10;1;3;1;;00000571;00000002;;00002941;1;0;1;;0;;;;0;;;;;0;1;0;0;40000152;11000021
2023;1000001136;400000788;11;1;3;1;;00000083;00000006;00000018;00004681;1;0;0;;;;0;;;;;;;0;1;0;0;40000078;11000011
2023;1000001137;400000789;13;2;1;1;;00002477;00000007;;00004532;1;0;0;;;;0;;;;;;;;1;0;0;40000206;11000029
2023;1000001138;400000790;16;2;1;1;;00004514;00000007;00000012;00004015;1;1;0;;1;1;;;;;;;;0;0;0;1;40000151;11000021
2023;1000001139;400000791;15;1;0;1;;00002735;00000006;00000027;00004360;2;0;0;;;1;;;0;;;;;0;1;0;0;40000207;11000029
2023;1000001140;400000792;10;1;1;1;;00004661;00000004;00000026;;2;0;0;0;;;;;;;;;0;0;1;1;0;40000020;11000002
2023;1000001141;400000793;24;1;0;1;;00002776;00000003;00000006;00002448;1;0;0;;;;;;;0;;;;0;1;0;0;40000186;11000026
2023;1000001142;400000794;5;2;0;1;;00000544;00000001;00000023;00003996;1;0;0;;;;;;;;;;;0;1;0;;40000111;11000015
2023;1000001145;400000795;14;2;3;1;;00001381;00000002;00000019;;1;0;0;0;;;;;0;;;;;0;;0;0;40000034;11000004
2023;1000001146;400000796;15;2;3;1;;00002733;00000005;00000023;00001512;1;0;0;0;1;;;;;;;0;0;0;1;0;0;40000170;11000024
2023;1000001147;400000797;12;2;1;1;;00001465;00000003;00000004;;1;0;0;0;;0;;;0;;;;;0;1;0;0;40000195;11000027
2023;1000001149;400000798;17;2;0;1;;00004083;00000009;;00001389;1;0;0;;;;;;;;;;;0;1;0;0;40000195;11000027
2023;1000001150;400000799;19;2;2;1;;00002108;00000004;00000006;;1;0;1;;;;0;;;;;;;0;1;0;0;40000010;11000001
2023;1000001151;400000800;10;2;0;1;;00002546;00000007;;;2;0;0;;0;;;;;;;;;0;1;0;;40000146;11000020
2023;1000001152;400000801;10;2;0;1;;00000630;00000009;00000001;00002750;1;0;0;;;;;;0;;;;;0;1;;;40000182;11000025
2023;1000001153;400000802;16;1;3;1;;00003148;00000006;00000017;;1;0;0;;;;;;;;0;0;;0;1;0;;40000100;11000014
2023;1000001154;400000803;15;1;1;1;;00001045;00000008;00000020;00004264;1;0;0;;;0;0;;;;;;;0;0;0;1;40000205;11000029
2023;1000001155;400000804;13;1;1;1;;00002883;00000008;00000008;00000339;1;0;1;;;;0;;;0;;;;0;1;0;0;40000176;11000025
2023;1000001156;400000805;11;2;1;1;;00004281;00000002;00000013;;1;0;0;;;;;;;0;;;;0;0;0;;40000214;11000030
2023;1000001157;400000806;17;2;3;1;;00004640;00000005;;00002612;1;0;1;;;;;;;;;;;0;1;0;1;40000018;11000002
2023;1000001158;400000807;18;2;1;1;;00001640;00000009;;00003262;1;0;0;0;;;0;1;;;;;;0;1;0;0;40000185;11000026
2023;1000001161;400000808;9;1;3;1;;00003611;00000006;;00005115;1;0;0;;;;;;;;;0;0;0;1;0;0;40000067;11000009
2023;1000001162;400000809;15;2;0;1;;00002307;00000003;;00002074;1;0;0;;1;1;;;;;;;;0;1;;1;40000098;11000013
2023;1000001163;400000810;16;2;3;1;;00001206;00000006;;;1;0;0;;0;;;;;;;;;0;1;0;0;40000006;11000000
2023;1000001164;400000811;18;1;3;1;;00003751;00000004;00000008;;1;0;0;0;;;;;;;;;;0;1;;0;40000165;11000023
2023;1000001165;400000812;13;1;0;1;;00000170;00000009;00000017;;1;0;0;;;1;;;;;0;;;0;1;0;;40000065;11000009
2023;1000001166;400000813;7;1;1;1;;00003845;00000009;00000007;00003871;1;1;0;;;;;;;0;;0;;0;1;0;0;40000017;11000002
2023;1000001167;400000814;12;1;0;1;;00003990;00000006;00000004;00002776;1;0;1;0;;;;;0;;;;;0;;0;0;40000045;11000006
2023;1000001168;400000815;12;1;0;1;;00001978;00000002;00000025;;1;0;0;0;;;;;;;;;;0;1;1;0;40000052;11000007
2023;1000001170;400000816;15;1;1;1;;00001643;00000009;00000018;00002426;1;0;0;;;;;;;;0;;;0;0;0;0;40000201;11000028
2023;1000001171;400000817;14;2;3;1;;00003230;00000005;;00004928;1;0;0;;;1;0;;;;;;0;0;1;0;0;40000037;11000005
2023;1000001172;400000818;16;1;0;1;;00003382;00000003;00000027;00000104;1;0;0;;;;;0;;;;;;;1;0;0;40000162;11000023
2023;1000001173;400000819;16;2;1;1;;00004028;00000001;00000005;;1;0;;;;;;;0;;;;;0;1;0;0;40000044;11000006
2023;1000001174;400000820;7;1;3;1;;00005023;00000007;00000021;00005071;2;0;0;;;;;;0;;;;;0;1;0;0;40000008;11000001
2023;1000001175;400000821;5;2;3;1;;00001909;00000001;;;1;0;0;0;;;;;;;;0;0;0;1;0;0;40000178;11000025
2023;1000001176;400000822;19;1;0;1;;00005114;00000004;00000022;00000689;1;0;;;;0;;;;;;;;0;1;0;0;40000101;11000014
2023;1000001177;400000823;8;1;0;1;;00004877;00000003;;;1;0;1;;;1;;;0;0;;;;0;1;0;;40000024;11000003
2023;1000001178;400000824;10;1;0;1;;00001375;00000008;00000019;;1;0;1;;;;;;;;;0;;0;1;0;0;40000156;11000022
2023;1000001179;400000825;18;1;1;1;;00000460;00000002;00000002;;1;0;0;;;;;0;;;0;;;0;1;0;0;40000071;11000010
2023;1000001180;400000826;9;2;0;1;;00000611;00000006;;00000916;1;0;1;0;;;;;;;;;;0;1;0;0;40000171;11000024
2023;1000001181;400000827;9;2;3;1;;00002725;00000004;;00004556;1;0;1;;;;0;;0;0;;;;0;1;0;0;40000005;11000000
2023;1000001182;400000828;16;1;0;1;;00002651;00000006;00000025;00002569;1;0;0;0;;;;0;;;0;0;;0;1;0;0;40000096;11000013
2023;1000001183;400000829;7;1;3;1;;00000207;00000005;00000004;00002913;1;0;0;;;;;;0;0;;;0;0;1;0;0;40000035;11000004
2023;1000001185;400000830;20;1;1;1;;00001367;00000009;00000024;00003659;2;0;0;;;0;0;;;0;;;0;0;1;0;0;40000079;11000011
2023;1000001187;400000831;19;2;1;1;;00005096;00000002;00000018;00005390;1;0;0;;0;;;0;;;;;;0;1;0;0;40000158;11000022
2023;1000001188;400000832;19;2;1;1;;00003675;00000003;;00001339;2;0;;0;;;;;;;;0;;0;1;0;0;40000082;11000011
2023;1000001189;400000833;12;1;1;1;;00005444;00000006;00000012;00000208;1;0;0;0;;0;0;0;;;;;;0;1;0;0;40000099;11000014
2023;1000001190;400000834;4;1;3;1;;00000458;00000004;;00001034;1;0;0;;;;;;;;0;;;0;1;0;0;40000209;11000029
2023;1000001191;400000835;10;2;3;1;;00001551;00000008;00000003;00003487;2;0;0;0;;;;;;;;;;0;1;0;0;40000109;11000015
2023;1000001192;400000836;9;2;3;1;;00002467;00000006;00000005;;1;0;0;;;;;;;0;0;0;;0;1;0;;40000128;11000018
2023;1000001193;400000837;11;2;1;1;;00002102;00000009;00000013;;2;0;1;;;;0;;;;;;;0;1;0;0;40000147;11000020
2023;1000001194;400000838;5;1;3;1;;00002491;00000007;00000012;;1;0;1;0;0;;0;;;0;;;0;0;1;1;0;40000068;11000009
2023;1000001195;400000839;4;1;3;1;;;00000001;00000014;00002328;1;0;1;0;;1;;0;;;;;;0;1;0;1;40000153;11000021
2023;1000001196;400000840;12;2;1;1;;00003275;00000005;;;1;0;1;;;;;;0;;;;;0;1;0;1;40000167;11000023
2023;1000001198;400000841;15;2;0;1;;00000215;00000006;;00005303;1;0;1;;;;;;;;0;;;0;1;0;0;40000055;11000007
2023;1000001200;400000842;37;1;3;1;;00004387;00000004;00000013;;1;0;0;;;;;0;;;0;0;;;1;0;0;40000209;11000029
2023;1000001202;400000843;9;2;0;1;;00005402;00000001;;;2;0;0;;;;;;;0;0;0;;0;1;0;0;40000066;11000009
2023;1000001203;400000844;16;1;0;1;;00004313;00000006;;00001791;1;0;0;;;;;0;;0;;;;0;1;0;0;40000110;11000015
2023;1000001204;400000845;19;1;3;1;;00001793;00000003;;;1;0;0;;;;;;;0;;;;0;1;0;0;40000100;11000014
2023;1000001205;400000846;15;2;0;1;;00002907;00000007;00000011;00005467;1;0;0;;;1;0;0;;;;;;0;1;0;0;40000155;11000022
2023;1000001206;400000847;11;1;3;1;;00000593;00000005;00000007;;1;0;0;;;;;;0;;;0;;;1;0;0;40000176;11000025
2023;1000001207;400000848;18;1;3;1;;00004149;00000009;00000024;;1;0;1;;;;;;;;;;;0;1;0;0;40000148;11000021
2023;1000001208;400000849;17;1;1;1;;00003826;00000005;00000012;;2;0;0;;;;;0;;;;;;0;1;0;0;40000108;11000015
2023;1000001209;400000850;6;1;3;1;;00000406;00000006;00000004;00003993;1;0;1;;;;;;0;;0;;;0;1;0;0;40000173;11000024
2023;1000001210;400000851;14;1;1;1;;00005464;00000005;00000023;;2;0;0;;;;0;;;0;;;;0;1;0;1;40000055;11000007
2023;1000001211;400000852;18;2;1;1;;00004578;00000005;;;1;0;0;;;;;;;0;;;0;0;1;0;0;40000159;11000022
2023;1000001212;400000853;13;1;1;1;;00000670;00000006;00000006;00001987;1;0;0;;;;;;;;0;;;0;1;0;0;40000171;11000024
2023;1000001213;400000854;10;2;0;1;;00000068;00000001;00000008;00000500;2;0;0;;;;;;;;;0;;0;1;0;0;40000051;11000007
2023;1000001214;400000855;16;1;3;1;;00004077;00000002;00000005;00002248;1;0;1;;0;;;;;;;;;0;;0;0;40000162;11000023
2023;1000001215;400000856;7;2;1;1;;00001806;00000003;00000020;00003959;1;1;0;;;;0;;;0;0;;;0;0;;0;40000134;11000019
2023;1000001216;400000857;5;2;3;1;;00001893;00000007;00000021;00002943;1;0;0;;;;;;;0;0;;;0;0;0;0;40000208;11000029
2023;1000001217;400000858;4;2;1;1;;00003821;00000008;00000016;00002128;1;0;0;0;;;;;;;;;;0;0;0;0;40000063;11000008
2023;1000001218;400000859;10;1;3;1;;00003433;00000005;00000023;00002087;2;0;0;;;;;;;;;0;;0;1;0;0;40000024;11000003
2023;1000001219;400000860;7;2;1;1;;00002029;00000002;;;2;0;0;;;;;;;;;;0;0;1;0;0;40000026;11000003
2023;1000001221;400000861;19;1;3;1;;00005138;00000001;;00002808;1;0;0;0;;0;;;;;;;;0;1;0;0;40000167;11000023
2023;1000001222;400000862;4;1;1;1;;00002903;00000007;;;1;0;0;0;0;;0;1;;;;;;0;1;0;0;40000131;11000018
2023;1000001223;400000863;62;2;3;1;;00000426;00000009;;;1;0;1;;0;;;0;;;;0;;0;1;0;;40000200;11000028
2023;1000001224;400000864;11;1;1;1;;00004400;00000003;00000026;00004271;1;0;0;;;;;;;;0;;;0;;0;0;40000126;11000017
2023;1000001225;400000865;18;2;3;1;;00002991;00000004;00000016;;1;0;0;;0;;;;;;;0;;0;;0;0;40000075;11000010
2023;1000001226;400000866;16;1;1;1;;00003821;00000002;00000027;00004495;1;0;0;0;0;;;;;;;;;;0;0;0;40000121;11000017
2023;1000001227;400000867;6;1;1;1;;00002378;00000008;;00002634;2;0;1;;;;;;;;;;;0;1;1;0;40000177;11000025
2023;1000001228;400000868;15;1;1;1;;00005446;00000007;;00004740;1;0;0;;;;;0;;;;;0;0;1;0;0;40000045;11000006
2023;1000001229;400000869;20;1;0;1;;00004038;00000002;;00001640;1;0;0;0;;;;;;;;;;0;1;1;1;40000129;11000018
2023;1000001230;400000870;9;1;1;1;;00000975;00000009;;00004618;1;0;0;;;1;0;0;;;;;;0;1;0;0;40000088;11000012
2023;1000001231;400000871;7;1;0;1;;00002897;00000005;;;1;0;0;;;;;0;;;;0;;0;1;0;0;40000042;11000005
2023;1000001234;400000872;9;2;1;1;;00000675;00000009;00000020;00000107;1;0;1;0;;;;;;0;;;0;0;1;0;0;40000043;11000006
2023;1000001235;400000873;4;1;0;1;;00002598;00000007;;00001532;1;0;0;;;;;0;;;;;;0;1;0;0;40000159;11000022
2023;1000001236;400000874;11;1;3;1;;00001462;00000002;;00002793;1;0;1;;;;;;0;;;;;0;1;0;0;40000169;11000024
2023;1000001237;400000875;7;2;3;1;;00002588;00000003;;00000817;1;0;0;0;;;0;0;;;;;;0;1;0;0;40000039;11000005
2023;1000001238;400000876;14;1;0;1;;00000058;00000007;00000012;00001423;2;0;0;;;;;;;;;;;0;1;1;0;40000002;11000000
2023;1000001239;400000877;13;2;1;1;;00000598;00000009;00000016;00002035;1;0;0;;;;;;;0;;;;;1;0;0;40000100;11000014
2023;1000001241;400000878;6;2;3;1;;00001303;00000006;;;1;0;0;;;;0;;;0;;;;;1;0;0;40000175;11000024
2023;1000001242;400000879;11;1;0;1;;00005552;00000003;;00004265;1;0;0;0;1;;;;;;;;;0;1;0;0;40000059;11000008
2023;1000001243;400000880;12;2;3;1;;00004241;00000004;00000018;00002265;1;0;0;;;;;;;;;;;0;1;0;0;40000057;11000008
2023;1000001244;400000881;5;2;1;1;;00004334;00000007;00000021;00001386;2;0;1;;;;;;0;;;;;0;;0;0;40000010;11000001
2023;1000001245;400000882;15;2;0;1;;00003764;00000009;00000006;00004564;1;0;0;;;;;;;;;;;0;1;0;0;40000016;11000002
2023;1000001246;400000883;9;2;3;1;;00002027;00000006;;00001784;1;0;0;;;1;0;;;;;;;0;1;0;0;40000032;11000004
2023;1000001247;400000884;12;2;1;1;;00001479;00000007;;00001433;2;0;0;;;;;;;;;;;0;0;0;0;40000109;11000015
2023;1000001249;400000885;4;2;0;1;;00004686;00000008;00000025;;1;0;0;;0;1;;;0;0;;;;0;0;0;0;40000196;11000027
2023;1000001250;400000886;9;2;0;1;;00001621;00000008;;;1;0;1;;1;;;;;;;0;;0;1;0;0;40000161;11000022
2023;1000001251;400000887;13;1;0;1;;00003874;00000007;00000007;00002492;2;0;0;;;0;;;;;;;;0;1;0;0;40000097;11000013
2023;1000001252;400000888;16;2;3;1;;00000621;00000008;00000020;00003190;2;0;1;;;;;;;;;;;0;0;0;0;40000189;11000026
2023;1000001254;400000889;14;2;3;1;;00002039;00000005;;00004195;1;0;0;;;1;0;0;;;;;0;0;1;0;0;40000177;11000025
2023;1000001255;400000890;5;2;3;1;;00002561;00000001;;00001345;2;0;0;;;1;;;0;;;;;;1;0;0;40000127;11000018
2023;1000001256;400000891;15;1;3;1;;00003789;00000006;00000003;00004225;1;0;0;;;;;0;;;0;;0;0;1;0;0;40000149;11000021
2023;1000001257;400000892;4;1;5;1;;00002025;00000003;00000007;;1;0;0;;0;1;;;;;;;;0;1;0;0;40000110;11000015
2023;1000001258;400000893;18;2;3;1;;00002715;00000003;00000024;;2;0;1;;1;;;;;;;;;0;0;1;0;40000002;11000000
2023;1000001259;400000894;7;1;3;1;;00001044;00000002;00000013;00001033;1;0;0;;;0;0;;;;;;;0;1;0;0;40000168;11000023
2023;1000001260;400000895;55;2;1;1;;00005537;00000009;;00001635;1;0;0;;;;;;0;;0;;;0;1;0;0;40000028;11000003
2023;1000001261;400000896;14;1;3;1;;00003121;00000001;00000008;;2;0;1;;;0;0;;;;;0;;;1;0;0;40000166;11000023
2023;1000001262;400000897;6;1;3;1;;00001279;00000004;00000002;00002496;1;0;1;;;;;;0;;;;0;0;0;1;0;40000162;11000023
2023;1000001263;400000898;6;2;1;1;;00004907;00000001;00000016;;1;0;0;;0;;;;;;0;;;0;1;0;0;40000061;11000008
2023;1000001264;400000899;18;1;1;1;;00000771;00000009;00000007;00000275;1;0;1;;;;;;0;;;;;0;1;1;0;40000174;11000024
2023;1000001265;400000900;17;2;3;1;;00003304;00000001;00000017;00001392;1;1;0;;;;;;;;;;;0;1;0;0;40000084;11000011
2023;1000001266;400000901;16;2;3;1;;00004580;00000007;;00003484;1;0;0;;;;;0;;;;;;0;1;0;0;40000045;11000006
2023;1000001267;400000902;9;2;1;1;;00000076;00000002;;;1;0;0;;0;;;0;;;;;;0;1;0;0;40000081;11000011
2023;1000001268;400000903;7;1;0;1;;00005466;00000004;;;1;0;1;;;;;0;;;;;;0;1;0;0;40000203;11000028
2023;1000001269;400000904;16;1;1;1;;00003974;00000003;00000004;00001543;1;0;1;;0;;;;;;;;;0;1;;0;40000018;11000002
2023;1000001270;400000905;16;1;3;1;;00005339;00000004;00000001;00004111;1;0;1;;1;0;;;;0;;;;0;;0;0;40000119;11000016
2023;1000001271;400000906;15;2;1;1;;00004030;00000009;;;1;0;0;0;;1;;;;;;;;0;1;1;0;40000008;11000001
2023;1000001272;400000907;12;2;2;1;;00001463;00000003;00000004;00000887;1;0;0;;;;;;;;;;;0;1;0;0;40000055;11000007
2023;1000001273;400000908;6;1;0;1;;00004631;00000002;;00004256;1;0;0;;;1;;0;;;;;0;0;1;0;0;40000057;11000008
2023;1000001274;400000909;11;1;0;1;;00002789;00000005;;00001783;1;0;1;;;;;;;;;;;0;0;0;0;40000060;11000008
2023;1000001275;400000910;12;2;0;1;;00004783;00000007;00000008;00002065;2;0;1;;;;;;;;;;;0;0;0;0;40000187;11000026
2023;1000001276;400000911;10;1;0;1;;00001012;00000001;00000007;00000434;1;0;0;;;1;;;;;;;;0;1;0;0;40000026;11000003
2023;1000001277;400000912;17;2;3;1;;00005510;00000001;;;1;0;0;;;;;;0;;;;;0;1;0;0;40000016;11000002
2023;1000001278;400000913;16;1;3;1;;00003925;00000007;00000004;;2;0;0;;0;;;0;;;;;;0;1;0;0;40000065;11000009
2023;1000001279;400000914;7;2;5;1;;00002588;00000006;00000021;00004911;2;0;1;;0;;0;;;;0;0;;;1;0;1;40000195;11000027
2023;1000001280;400000915;13;1;0;1;;00003298;00000001;00000006;00000765;1;0;0;;0;;0;0;;;;;;0;;0;0;40000213;11000030
2023;1000001281;400000916;10;1;1;1;;00000918;00000009;00000026;00001609;1;0;1;0;1;;0;;;;;;;0;1;1;;40000019;11000002
2023;1000001282;400000917;16;2;3;1;;00001998;00000004;00000027;00001724;1;0;0;;;1;;;0;;0;;;0;1;0;;40000067;11000009
2023;1000001283;400000918;12;1;0;1;;00003555;00000005;;00004238;1;0;1;;;;;0;;0;;;0;0;1;0;1;40000031;11000004
2023;1000001284;400000919;4;1;0;1;;00004603;00000007;00000023;;1;0;0;;;1;0;;;0;0;;;0;0;0;0;40000192;11000027
2023;1000001285;400000920;11;2;0;1;;00004344;00000005;;;2;0;0;;;;;0;;;;;;0;;0;0;40000061;11000008
2023;1000001286;400000921;12;1;0;1;;00004718;00000002;00000015;;1;0;0;;;;;;;;;;;;1;0;0;40000147;11000020
2023;1000001287;400000922;17;1;3;1;;00000507;00000008;;00004811;1;0;1;;;;;;;;;;;0;0;0;1;40000182;11000025
2023;1000001288;400000923;7;1;1;1;;00000116;00000007;00000005;;1;0;1;;;;;;;;0;;;0;1;0;0;40000033;11000004
2023;1000001289;400000924;9;1;3;1;;00004271;00000008;;;1;0;0;;0;0;0;;;;;;;0;0;0;0;40000150;11000021
2023;1000001290;400000925;14;2;0;1;;00003588;00000005;;00001605;1;0;0;;;;;;;;;;0;0;1;0;0;40000198;11000028
2023;1000001291;400000926;11;2;3;1;;00001455;00000009;00000027;00002067;1;0;0;;;;;;;0;;;;0;1;0;;40000062;11000008
2023;1000001292;400000927;16;1;3;1;;00001397;00000005;00000020;;1;0;1;;;;;;0;;;;;0;1;0;0;40000008;11000001
2023;1000001293;400000928;16;2;3;1;;00000637;00000002;00000026;00003227;1;0;0;;;;;;;;0;;;0;1;;0;40000053;11000007
2023;1000001294;400000929;6;1;1;1;;00003236;00000006;00000026;;1;0;0;;;;0;;;;;;;0;1;0;0;40000088;11000012
2023;1000001295;400000930;7;1;1;1;;00000905;00000003;00000016;00000199;1;0;1;;;;0;;;;;;0;0;1;0;0;40000214;11000030
2023;1000001296;400000931;13;1;3;1;;00004370;00000004;00000022;00000736;1;0;0;;;;;;0;0;;0;;0;0;0;0;40000032;11000004
2023;1000001297;400000932;5;2;3;1;;00002956;00000003;00000008;00000015;2;0;0;;;;;;;;;;;0;1;0;0;40000127;11000018
2023;1000001298;400000933;14;1;1;1;;00004907;00000001;;00004824;1;0;0;;;;;;;;;0;0;0;1;0;0;40000087;11000012
2023;1000001299;400000934;17;1;0;1;;00004042;00000005;00000022;00001773;1;0;0;;;;0;;0;;;;0;0;1;;0;40000140;11000019
2023;1000001300;400000935;12;2;3;1;;00000950;00000001;00000004;00000091;1;0;1;;;;;;;;;;;0;1;0;0;40000006;11000000
2023;1000001301;400000936;9;1;3;1;;00002847;00000005;;00000042;1;0;0;;0;;;;;;;;;0;0;0;0;40000189;11000026
2023;1000001302;400000937;4;1;3;1;;00000532;00000009;00000001;00000045;1;0;0;;;;;;;;;;;0;0;0;0;40000123;11000017
2023;1000001303;400000938;4;1;0;1;;00001597;00000003;;00002780;1;0;0;;;1;;;;;0;;;0;1;0;0;40000006;11000000
2023;1000001304;400000939;6;1;3;1;;00004453;00000006;00000018;;1;0;0;;;;0;;;0;;;;0;1;0;0;40000085;11000012
2023;1000001305;400000940;8;1;3;1;;00003284;00000007;00000013;00000489;1;0;0;;;;;;0;0;;;;0;1;0;0;40000002;11000000
2023;1000001306;400000941;5;2;1;1;;00000306;00000001;00000005;;2;0;0;;;;;;;;0;;;0;0;0;0;40000001;11000000
2023;1000001307;400000942;13;1;0;1;;00002193;00000007;00000014;00000499;1;0;0;0;1;;;;;;0;;;0;1;0;0;40000034;11000004
2023;1000001308;400000943;6;2;3;1;;00000056;00000005;00000024;;1;0;0;;;;;;;;0;;;0;1;0;0;40000157;11000022
2023;1000001309;400000944;9;1;1;1;;00001158;00000009;00000024;;1;1;1;;;;;;;;;0;;0;1;0;0;40000012;11000001
2023;1000001310;400000945;15;2;3;1;;00002310;00000002;00000023;00001669;2;0;0;;;;;;0;;;0;;0;1;0;1;40000152;11000021
2023;1000001311;400000946;9;1;0;1;;00004258;00000005;;;1;0;0;;;;0;;;;0;;0;0;1;0;0;40000032;11000004
2023;1000001312;400000947;37;1;1;1;;00000209;00000006;00000013;00002756;1;0;1;;;;;;;0;;0;0;;0;0;;40000172;11000024
2023;1000001313;400000948;15;1;0;1;;00001262;00000006;00000013;00000798;1;0;1;;;1;;;;;0;;;0;1;0;0;40000054;11000007
2023;1000001314;400000949;6;1;0;1;;00005144;00000006;;00004359;1;0;1;;;;;;;;;;;;1;0;;40000054;11000007
2023;1000001315;400000950;5;2;3;1;;00002996;00000008;00000007;00003359;1;0;1;;;;;;0;;;;;0;0;0;0;40000193;11000027
2023;1000001316;400000951;13;2;0;1;;00002495;00000006;00000017;;1;0;1;;;;;;;;;;;0;1;0;1;40000079;11000011
2023;1000001317;400000952;13;2;0;1;;00004592;00000003;00000016;;1;0;0;;;0;;;;;0;0;;0;1;0;0;40000183;11000026
2023;1000001318;400000953;14;2;1;1;;00001664;00000002;00000015;00003565;1;0;0;;;;0;;0;;;;;0;1;0;0;40000056;11000007
2023;1000001319;400000954;17;2;1;1;;00001306;00000008;00000004;00004034;1;0;0;;;;;0;0;;;;;0;1;;0;40000142;11000020
2023;1000001320;400000955;16;1;0;1;;00005383;00000002;00000015;00003013;1;0;0;;;;;;;;0;;;0;1;0;0;40000149;11000021
2023;1000001321;400000956;14;2;1;1;;00000249;00000009;00000016;;2;0;0;;;;;;;;;0;0;0;1;0;0;40000143;11000020
2023;1000001322;400000957;11;2;0;1;;00004634;00000009;00000014;00001984;1;0;0;;;;;;;;;0;;0;1;;0;40000178;11000025
2023;1000001323;400000958;14;1;1;1;;00001624;00000005;00000026;00004360;1;0;1;;;;;;;;0;0;;0;1;0;0;40000117;11000016
2023;1000001324;400000959;14;1;3;1;;00004370;00000008;;00001766;2;0;0;;;;;;;;;0;;0;1;0;0;40000048;11000006
2023;1000001325;400000960;18;1;3;1;;00001449;00000002;00000025;00004448;1;0;1;;;;0;;;;;;;0;0;0;1;40000072;11000010
2023;1000001326;400000961;16;1;1;1;;00001087;00000001;00000016;00001887;1;0;0;;;;;;;;;;;0;1;0;0;40000138;11000019
2023;1000001327;400000962;17;1;1;1;;00000140;00000004;00000010;00004369;1;0;0;;;;0;;0;;;;;0;1;0;0;40000189;11000026
2023;1000001328;400000963;4;1;1;1;;00002863;00000002;00000013;;1;0;0;;;;;;;0;;;;0;;0;0;40000175;11000024
2023;1000001329;400000964;10;2;0;1;;00005094;00000005;00000017;;1;0;0;;;;;;;;0;;;0;1;0;0;40000147;11000020
2023;1000001330;400000965;9;1;0;1;;00002854;00000002;00000020;;1;0;0;;;;;;;;;;;0;1;0;0;40000037;11000005
2023;1000001331;400000966;8;1;0;1;;00000275;00000008;00000011;00001791;1;0;0;;;1;;;0;;;;0;0;1;;;40000155;11000022
2023;1000001332;400000967;4;1;1;1;;00004981;00000005;00000019;00004468;1;0;0;;;;;0;;0;;0;0;0;1;0;0;40000131;11000018
2023;1000001333;400000968;4;1;0;1;;00000655;00000004;;00004065;1;0;0;0;;;0;;0;0;;0;;0;1;0;0;40000004;11000000
2023;1000001334;400000969;9;2;1;1;;00002559;00000007;00000015;00004048;1;0;0;;0;;;;;0;;;;0;1;0;0;40000094;11000013
2023;1000001335;400000970;48;1;3;1;;00002272;00000007;;00002670;1;0;0;;;;;;;;;0;;0;1;0;0;40000038;11000005
2023;1000001336;400000971;20;2;1;1;;00004001;00000008;00000001;00000714;1;0;0;;;;;;0;;;0;;0;1;0;0;40000138;11000019
2023;1000001337;400000972;12;2;3;1;;00001200;00000002;00000027;00004680;1;0;0;;;;;;;;;0;;0;1;0;0;40000147;11000020
2023;1000001338;400000973;17;1;3;1;;00005058;00000003;00000009;00004572;1;0;0;;;;;;;;;;;0;1;0;0;40000097;11000013
2023;1000001339;400000974;12;2;2;1;;00001048;00000007;00000016;00004497;1;0;1;;;;;;;;0;;0;0;0;0;;40000063;11000008
2023;1000001340;400000975;8;2;3;1;;00001454;00000008;;00002250;1;0;0;0;;;;0;;;0;;;0;1;0;0;40000050;11000007
2023;1000001341;400000976;17;2;3;1;;00000319;00000006;;00000844;1;0;0;;;;;;;;;;;0;1;0;0;40000026;11000003
2023;1000001342;400000977;14;2;0;1;;00005139;00000003;00000010;;1;0;0;;;;;;0;0;0;;0;0;1;0;0;40000198;11000028
2023;1000001343;400000978;17;1;0;1;;00002251;00000001;;00002087;1;0;0;;;;;;;;;;;0;1;;0;40000163;11000023
2023;1000001344;400000979;4;1;0;1;;00001460;00000006;00000001;;1;0;0;;0;;;;;0;;;;0;1;0;0;40000189;11000026
2023;1000001345;400000980;19;2;0;1;;00004238;00000001;00000027;00003886;1;0;1;;;;0;;;;;;;0;0;0;1;40000054;11000007
2023;1000001346;400000981;16;1;0;1;;00003942;00000003;;;1;0;0;;0;;0;1;0;;;;;0;1;0;0;40000082;11000011
2023;1000001347;400000982;4;2;1;1;;00002244;00000003;;00002182;1;0;;;;;0;;0;;;;;0;1;0;0;40000050;11000007
2023;1000001348;400000983;28;2;1;1;;00001878;00000009;;00004250;1;0;0;;;0;;;;;;;;0;1;0;0;40000007;11000000
2023;1000001349;400000984;4;2;1;1;;00005100;00000004;;00002105;1;1;0;;;;;;;;;;0;0;1;0;1;40000152;11000021
2023;1000001350;400000985;6;2;2;1;;00003913;00000003;00000014;;1;0;0;;;;;;;;;0;;0;1;0;0;40000204;11000029
2023;1000001351;400000986;8;1;1;1;;00002670;00000005;;;1;0;0;0;;1;;;;;;;;0;;0;0;40000004;11000000
2023;1000001352;400000987;6;2;0;1;;00000006;00000007;00000019;00000722;1;0;0;;;;;;;;0;;;0;1;0;0;40000124;11000017
2023;1000001353;400000988;4;1;3;1;;00000430;00000006;00000023;00004180;1;0;0;;;1;;;;;0;;;0;1;0;0;40000100;11000014
2023;1000001354;400000989;10;1;0;1;;00000630;00000003;00000010;00000357;2;1;1;;;1;;;;;;0;;0;1;0;0;40000043;11000006
2023;1000001355;400000990;4;1;0;1;;00003871;00000001;00000011;00002359;1;0;;;;;;;;;;;;0;1;0;0;40000155;11000022
2023;1000001356;400000991;12;1;1;1;;00003756;00000004;00000017;00003590;1;0;0;;;;;0;;;;;;0;;0;0;40000136;11000019
2023;1000001357;400000992;5;2;3;1;;00002563;00000001;00000008;00001081;1;0;0;;;1;;;;;;0;;0;0;1;;40000129;11000018
2023;1000001358;400000993;10;1;3;1;;00004513;00000002;00000026;00002071;1;0;1;;;;;;;;;;0;0;1;0;0;40000156;11000022
2023;1000001359;400000994;17;1;1;1;;00001249;00000004;;00004935;1;0;0;;;;;;;;;;;0;1;0;0;40000192;11000027
2023;1000001360;400000995;11;2;0;1;;00003299;00000006;00000020;00002275;1;0;0;;;;;0;;;;;;0;1;0;0;40000151;11000021
2023;1000001361;400000996;11;2;0;1;;00003631;00000002;00000002;00000989;1;0;0;;0;;;;;;;;;0;1;0;0;40000003;11000000
2023;1000001362;400000997;14;2;3;1;;00002633;00000003;;00003717;1;0;0;;;;;;;;;;;;1;;0;40000213;11000030
2023;1000001363;400000998;4;1;1;1;;00003986;00000005;;;1;0;0;;;;;0;;;;;;0;1;0;0;40000203;11000028
2023;1000001364;400000999;4;2;3;1;;00003934;00000009;;00004300;1;0;0;;;1;;;;;;0;;0;1;0;0;40000213;11000030
2023;1000001365;400001000;18;2;3;1;;00005145;00000004;00000020;00000029;2;0;0;;;;;;;;;;;0;1;0;0;40000019;11000002
