NU_ANO;CO_PESSOA_FISICA;ID_MATRICULA;NU_IDADE_REFERENCIA;TP_SEXO;TP_COR_RACA;TP_NACIONALIDADE;CO_UF_NASC;CO_MUNICIPIO_NASC;CO_PAIS_RESIDENCIA;CO_UF_END;CO_MUNICIPIO_END;TP_ZONA_RESIDENCIAL;IN_NECESSIDADE_ESPECIAL;IN_TRANSPORTE_PUBLICO;IN_TRANSP_BICICLETA;IN_TRANSP_MICRO_ONIBUS;IN_TRANSP_ONIBUS;IN_TRANSP_TR_ANIMAL;IN_TRANSP_VANS_KOMBI;IN_TRANSP_OUTRO_VEICULO;IN_TRANSP_EMBAR_ATE5;IN_TRANSP_EMBAR_5A15;IN_TRANSP_EMBAR_15A35;IN_TRANSP_EMBAR_35;IN_ESPECIAL_EXCLUSIVA;IN_REGULAR;IN_EJA;IN_PROFISSIONALIZANTE;ID_TURMA;CO_ENTIDADE
2020;1000000001;300000001;24;2;2;1;;00005373;00000008;;00004038;2;0;0;;;;;;;;;0;0;0;1;0;;30000122;11000017
2020;1000000002;300000002;14;1;1;1;;00003872;00000002;;00002149;2;0;1;0;0;;;0;;0;;;;0;1;0;0;30000058;11000008
2020;1000000004;300000003;9;1;3;1;;00001979;00000007;00000021;00001685;1;0;0;;;;0;;;;;;;0;1;0;0;30000179;11000025
2020;1000000005;300000004;10;2;1;1;;00001370;00000005;;;1;0;0;;;;;0;;;;;;0;1;0;0;30000035;11000004
2020;1000000006;300000005;7;2;3;1;;00002422;00000006;00000019;00000087;1;0;0;;;;;;;;0;;0;0;0;1;0;30000163;11000023
2020;1000000007;300000006;17;2;3;1;;;00000006;00000006;00004058;2;0;0;;;;;;;;;0;;0;1;0;0;30000053;11000007
2020;1000000008;300000007;9;1;3;1;;00001959;00000003;00000022;00003874;1;0;0;;;;;;0;;;0;;0;1;0;0;30000057;11000008
2020;1000000009;300000008;8;1;0;1;;00000334;00000008;;00002490;2;0;0;;;;;;;;;;;0;1;0;0;30000082;11000011
2020;1000000010;300000009;11;2;1;1;;00001534;00000006;;00004155;1;0;0;;;;;;;;;;0;0;1;0;0;30000131;11000018
2020;1000000011;300000010;8;2;3;1;;00002134;00000004;;;1;0;0;;;;;;;;;;;0;1;0;0;30000039;11000005
2020;1000000017;300000011;15;1;0;1;;00000810;00000004;;00000110;1;0;0;;;;;0;;;0;;;0;1;0;0;30000045;11000006
2020;1000000018;300000012;11;1;0;1;;00003353;00000006;;00002109;1;0;0;;;;;;;;;0;;0;1;0;0;30000028;11000003
2020;1000000019;300000013;19;1;1;1;;00000513;00000005;00000017;00005202;1;0;0;;;1;;;;0;;;;;1;0;0;30000097;11000013
2020;1000000021;300000014;17;2;1;1;;00003207;00000003;00000023;00003343;1;0;0;;0;;;;;;;;0;0;1;0;0;30000165;11000023
2020;1000000023;300000015;26;1;1;1;;00000343;00000006;00000003;00003579;1;0;1;;;;;;;;;;0;0;1;0;0;30000107;11000015
2020;1000000025;300000016;10;1;3;1;;00002247;00000002;00000007;;1;0;0;;0;;;;;;;;;0;0;0;0;30000084;11000011
2020;1000000026;300000017;18;2;3;1;;00002647;00000007;00000020;00000648;1;0;1;;;;;0;;;;;0;0;1;0;0;30000157;11000022
2020;1000000027;300000018;22;2;0;1;;00004497;00000008;;00001281;1;0;0;;;;;0;;0;;;;0;1;0;0;30000135;11000019
2020;1000000028;300000019;11;1;1;1;;00000716;00000004;;00005083;1;0;0;;0;1;;;;;0;;;0;1;;0;30000161;11000022
2020;1000000029;300000020;6;1;1;1;;00000764;00000006;;;1;0;0;;0;;0;;0;;;;;0;;0;0;30000152;11000021
2020;1000000030;300000021;7;2;0;1;;00001416;00000007;00000005;;1;0;0;;;;;;;0;;;;0;1;0;0;30000160;11000022
2020;1000000031;300000022;20;2;0;1;;00000561;00000002;00000006;00003958;1;0;0;;;;;;;;;;;0;1;0;0;30000002;11000000
2020;1000000032;300000023;18;2;0;1;;00002794;00000008;;00001273;1;0;1;;0;1;;;;;0;;;0;1;;0;30000133;11000018
2020;1000000033;300000024;8;2;0;1;;00005067;00000001;00000016;00001607;1;0;0;0;;;0;0;;0;;;;0;1;0;0;30000180;11000025
2020;1000000035;300000025;6;2;1;1;;00000640;00000008;00000013;;1;0;1;;;;;;;;;;;0;1;0;1;30000029;11000004
2020;1000000036;300000026;16;2;1;1;;00003599;00000003;;;1;0;0;;;;;;0;;;;;0;1;0;1;30000181;11000025
2020;1000000037;300000027;13;1;3;1;;00002423;00000004;00000021;00000551;1;0;0;;;;;0;0;;;;;0;1;0;0;30000058;11000008
2020;1000000038;300000028;22;1;1;1;;00001928;00000005;00000020;00004824;1;0;0;;;;;;;;;;;0;1;0;0;30000200;11000028
2020;1000000039;300000029;19;1;1;1;;00005332;00000007;00000022;00004151;1;0;0;;;0;;;;;0;;0;0;1;;0;30000051;11000007
2020;1000000040;300000030;18;1;1;1;;00003501;00000007;;00000284;1;0;1;;;;;;;;;;;0;1;0;0;30000114;11000016
2020;1000000042;300000031;16;2;1;1;;00005188;00000006;;00002514;1;0;0;;;1;;;0;;;0;;0;0;0;0;30000130;11000018
2020;1000000044;300000032;18;2;3;1;;00000575;00000002;;;1;0;0;;;;;;;;;;;0;1;0;0;30000034;11000004
2020;1000000045;300000033;4;2;1;1;;00002379;00000005;;00001530;2;1;0;0;;;;0;;0;;0;;0;;0;0;30000008;11000001
2020;1000000046;300000034;5;1;0;1;;00001229;00000002;00000013;;1;0;0;;;;;;;;;;0;0;0;0;0;30000163;11000023
2020;1000000047;300000035;9;2;1;1;;00003688;00000006;00000010;;2;0;0;;;;;;;;;0;;0;1;0;0;30000124;11000017
2020;1000000048;300000036;35;2;0;1;;00002315;00000001;00000005;00002337;1;0;0;;;;;;0;;;;;;1;0;0;30000203;11000028
2020;1000000049;300000037;9;1;1;1;;00001429;00000004;;00005370;1;0;1;;;1;;;0;;;0;;0;0;0;0;30000100;11000014
2020;1000000050;300000038;12;1;0;1;;00002770;00000007;;;1;0;0;;;;;0;;;;0;;0;1;;0;30000003;11000000
2020;1000000051;300000039;12;2;1;1;;00002648;00000007;00000016;00004899;1;0;0;;1;1;;;;;;;;0;1;0;0;30000017;11000002
2020;1000000052;300000040;18;2;0;1;;00002905;00000003;00000009;;1;0;0;;0;;0;;;;;;0;0;1;0;0;30000130;11000018
2020;1000000053;300000041;20;1;0;1;;00005153;00000006;00000007;00001184;1;0;1;;;;;;;0;0;;0;0;1;0;0;30000038;11000005
2020;1000000054;300000042;16;1;0;1;;00002907;00000004;00000020;;1;0;0;;;1;;;;;;;;0;1;0;1;30000004;11000000
2020;1000000055;300000043;7;1;1;1;;00003008;00000007;00000022;00005071;1;0;0;;;;;;;;;0;;0;1;0;0;30000085;11000012
2020;1000000056;300000044;8;1;0;1;;00003487;00000004;;00005182;1;0;0;;;1;0;;;;;0;;0;1;0;0;30000098;11000013
2020;1000000057;300000045;17;2;3;1;;00005160;00000003;00000010;00000906;1;0;0;;;;;;;;;;;0;1;0;0;30000050;11000007
2020;1000000058;300000046;14;2;1;1;;00004185;00000006;00000020;;1;0;0;;;;;;;;;;;0;1;0;0;30000189;11000026
2020;1000000060;300000047;8;1;1;1;;00001054;00000001;;00003026;1;0;1;;0;;0;;0;;;;;0;0;0;0;30000022;11000003
2020;1000000062;300000048;7;1;3;1;;00002852;00000001;00000014;00002027;1;0;0;0;;;;0;0;0;;;;0;1;0;0;30000094;11000013
2020;1000000064;300000049;6;1;3;1;;00002706;00000004;00000019;00003172;1;0;0;;;;;;;;;;;0;1;0;0;30000140;11000019
2020;1000000065;300000050;17;1;3;1;;00000073;00000007;00000025;00003349;2;0;0;;;;;;;;;;;0;1;0;0;30000189;11000026
2020;1000000066;300000051;14;2;3;1;;00003904;00000008;00000016;;1;1;0;;;1;;;;;;;0;0;1;0;0;30000093;11000013
2020;1000000067;300000052;6;1;3;1;;00000450;00000001;00000010;00002391;1;0;1;;;;;;;;;;;0;1;0;0;30000090;11000012
2020;1000000068;300000053;8;2;0;1;;00003236;00000006;00000003;00000978;1;0;1;;;;0;;;;;;;0;1;0;0;30000178;11000025
2020;1000000069;300000054;13;1;0;1;;00004164;00000001;00000005;;1;0;0;;;;;;;;0;;;0;;0;0;30000125;11000017
2020;1000000070;300000055;16;2;1;1;;00000520;00000006;00000021;00000818;1;0;0;;;;;;0;;0;;;0;1;1;0;30000166;11000023
2020;1000000071;300000056;17;2;0;1;;00005480;00000005;00000010;00001931;1;0;0;;;;0;;;0;0;;;0;1;0;0;30000115;11000016
2020;1000000072;300000057;13;2;3;1;;00000453;00000008;00000008;00003110;1;0;1;;;;0;;;;0;;;0;1;0;0;30000163;11000023
2020;1000000073;300000058;11;1;3;1;;00000839;00000001;00000008;;1;0;1;0;;;0;;;;;;;0;1;0;0;30000086;11000012
2020;1000000074;300000059;13;2;0;1;;00001843;00000004;00000012;;1;0;0;0;;;;;;0;;;;;1;0;0;30000092;11000013
2020;1000000075;300000060;8;2;2;1;;00002405;00000004;;;1;0;0;0;;;0;;;;;;0;0;1;0;0;30000097;11000013
2020;1000000077;300000061;12;1;0;1;;00000516;00000008;;;1;0;1;0;;;;0;;0;;0;0;0;1;0;1;30000015;11000002
2020;1000000078;300000062;10;1;0;1;;00004461;00000005;00000002;00004921;1;0;0;;;;;0;0;;;0;;0;1;0;0;30000172;11000024
2020;1000000079;300000063;16;2;0;1;;00004754;00000008;00000013;;1;0;0;;;0;;;;;;;;;1;0;;30000163;11000023
2020;1000000080;300000064;19;1;3;1;;00005304;00000005;00000025;00002527;1;0;0;;0;;;;;;;;;0;1;0;0;30000019;11000002
2020;1000000081;300000065;17;2;1;1;;00000776;00000002;00000026;00003780;1;0;0;;;;;;;;;;;0;0;0;0;30000159;11000022
2020;1000000082;300000066;12;2;3;1;;00002328;00000002;00000012;;1;0;0;;;;;0;;;;;0;0;1;0;0;30000205;11000029
2020;1000000083;300000067;9;2;0;1;;00003446;00000002;00000004;00003479;2;0;0;;;;;;;;;;;0;1;0;0;30000056;11000007
2020;1000000084;300000068;20;1;3;1;;00002105;00000005;00000025;00001521;1;0;0;;;;;;;;;;;0;1;0;0;30000059;11000008
2020;1000000085;300000069;19;1;0;1;;00001737;00000004;;;1;0;0;;;1;;;0;;0;;;0;1;0;1;30000102;11000014
2020;1000000086;300000070;13;1;3;1;;00002330;00000006;00000001;00004591;1;0;0;;0;1;;;;0;;;0;0;1;0;0;30000159;11000022
2020;1000000087;300000071;15;1;3;1;;00004543;00000003;;;2;0;0;0;;;;0;;;0;0;;0;1;0;;30000176;11000025
2020;1000000088;300000072;15;1;3;1;;00004765;00000007;00000019;00004663;2;0;0;0;;;0;;;;;;;0;1;0;0;30000076;11000010
2020;1000000089;300000073;14;2;3;1;;00000620;00000001;;00000107;1;0;0;;;;;;;;;;0;0;1;0;0;30000142;11000020
2020;1000000090;300000074;9;1;3;1;;00001103;00000005;00000016;00002568;1;0;0;;;;;0;;;;;;0;1;0;0;30000168;11000023
2020;1000000091;300000075;16;2;3;1;;00005569;00000005;00000006;00002531;1;0;0;;0;;0;0;;;;;;0;1;0;1;30000069;11000009
2020;1000000092;300000076;13;1;3;1;;00001330;00000005;00000008;;1;0;1;;;;;;;;0;;;0;1;0;0;30000023;11000003
2020;1000000093;300000077;23;1;3;1;;00005541;00000005;;00000304;1;0;0;;;;;;;;;;;0;1;0;0;30000051;11000007
2020;1000000094;300000078;4;2;3;1;;00004350;00000002;00000025;00001087;1;0;0;0;;;;;;;0;;;0;1;0;0;30000154;11000021
2020;1000000095;300000079;7;2;1;1;;00002028;00000004;00000013;00005104;1;0;1;;;;;;;;;0;;0;1;0;0;30000206;11000029
2020;1000000096;300000080;12;1;1;1;;00004518;00000006;;00005197;1;0;0;;;;;;;;;;;0;1;0;0;30000086;11000012
2020;1000000097;300000081;10;1;0;1;;00004582;00000004;00000011;00002037;1;0;0;;;;;;;0;0;;;0;;0;0;30000144;11000020
2020;1000000098;300000082;7;1;1;1;;00001544;00000002;;;1;0;0;;;;;;0;0;0;0;;0;1;0;0;30000006;11000000
2020;1000000100;300000083;9;2;0;1;;00001286;00000004;00000014;00001178;1;0;0;;0;;;0;;;;;;0;1;0;0;30000214;11000030
2020;1000000101;300000084;13;1;3;1;;00004513;00000007;;;1;0;0;;;;;;0;;;;0;0;0;0;0;30000204;11000029
2020;1000000102;300000085;13;2;0;1;;00003730;00000006;00000017;;1;0;0;;0;;;;0;;;;;0;1;0;0;30000033;11000004
2020;1000000103;300000086;18;1;1;1;;00005162;00000005;;;1;0;0;;;;;;;;;0;;0;1;1;0;30000010;11000001
2020;1000000104;300000087;25;1;3;1;;00002303;00000001;00000004;00003120;1;1;0;;;;;;;0;;;0;0;1;0;0;30000110;11000015
2020;1000000106;300000088;7;1;1;1;;00003553;00000001;00000019;00000922;1;0;0;;;1;;;;;;;;0;1;0;0;30000042;11000005
2020;1000000107;300000089;7;2;0;1;;00004537;00000001;;00003057;2;0;;;;;0;;0;;;;;0;1;0;0;30000064;11000009
2020;1000000108;300000090;10;1;5;1;;;00000005;00000013;00004572;1;0;0;;;;;;;;;;;0;1;0;0;30000216;11000030
2020;1000000109;300000091;16;1;3;1;;00003176;00000006;00000014;00003619;2;0;0;;0;;0;;;;;;;0;1;0;0;30000182;11000025
2020;1000000110;300000092;19;1;3;1;;00002870;00000005;00000015;00002979;1;1;0;;;;;0;;;;;;0;1;0;0;30000130;11000018
2020;1000000111;300000093;6;1;1;1;;00000153;00000002;00000013;;1;0;1;;;;;0;;;0;;0;0;1;0;0;30000175;11000024
2020;1000000112;300000094;7;2;0;1;;00002408;00000006;00000007;00001242;1;0;0;;;;;;;;;;;0;1;0;0;30000064;11000009
2020;1000000113;300000095;11;2;3;1;;00001899;00000001;00000004;00005477;1;0;0;;0;;;;;;;0;0;0;0;0;0;30000114;11000016
2020;1000000115;300000096;10;2;3;1;;00003284;00000008;00000010;;1;0;0;;1;;;;;;;;;0;0;0;0;30000203;11000028
2020;1000000116;300000097;16;1;0;1;;00000774;00000005;00000007;00003634;1;0;0;;;;;;;;;;;0;1;0;0;30000122;11000017
2020;1000000118;300000098;19;2;0;1;;00001477;00000002;00000012;00004207;1;0;0;;;;;;0;0;1;;0;0;1;0;0;30000078;11000011
2020;1000000119;300000099;6;1;1;1;;00001933;00000003;;00004610;2;0;0;;;;;;;;;;0;0;1;0;0;30000190;11000027
2020;1000000120;300000100;12;2;3;1;;00001919;00000004;00000014;;1;0;1;;0;;;;;;;;;0;1;0;0;30000069;11000009
2020;1000000122;300000101;19;1;0;1;;00001729;00000001;00000001;00003978;1;0;0;0;1;1;;;;;0;;;0;1;0;0;30000022;11000003
2020;1000000124;300000102;8;1;0;1;;00003783;00000006;00000008;;1;0;0;;;;;;;;;;;0;1;;0;30000179;11000025
2020;1000000125;300000103;18;1;1;1;;00004940;00000002;00000014;00002938;1;0;0;;;0;;;;;;;0;0;1;0;0;30000111;11000015
2020;1000000126;300000104;4;2;0;1;;00002441;00000008;;00003165;1;0;1;0;;;0;;;;;;;0;0;0;0;30000013;11000001
2020;1000000128;300000105;13;2;3;1;;00001758;00000008;;00003160;1;0;0;;;;;;;;;;;0;1;0;0;30000086;11000012
2020;1000000130;300000106;22;2;1;1;;00004138;00000007;00000026;;1;0;1;;;;;;;;;;;0;1;1;0;30000176;11000025
2020;1000000131;300000107;19;2;3;1;;00003491;00000003;;00005195;1;0;1;;;;;1;;0;;;;0;1;0;0;30000032;11000004
2020;1000000132;300000108;9;1;0;1;;00001476;00000008;;00001863;1;0;0;;;;;;;;0;0;0;0;1;0;0;30000059;11000008
2020;1000000133;300000109;24;1;2;1;;00004655;00000006;00000003;00001421;1;1;0;;;;;;;0;;;;0;1;0;0;30000011;11000001
2020;1000000134;300000110;6;2;1;1;;00001065;00000005;;;1;0;0;0;;1;;;;;;;0;0;;0;0;30000127;11000018
2020;1000000135;300000111;19;1;0;1;;00004722;00000001;00000020;00000846;1;0;0;;;;0;;;;;;;0;1;1;0;30000023;11000003
2020;1000000137;300000112;15;2;1;1;;00004213;00000005;00000019;00000898;1;0;0;0;;;;;;;;;;0;1;0;0;30000028;11000003
2020;1000000138;300000113;7;2;1;1;;00002964;00000004;00000021;;1;0;1;;1;;;;;;;;;0;1;0;0;30000063;11000008
2020;1000000139;300000114;9;2;3;1;;00002534;00000008;00000012;00003324;1;0;0;;;;;;;;0;;;0;1;0;0;30000013;11000001
2020;1000000140;300000115;17;1;3;1;;00002168;00000001;00000009;00000834;1;0;0;;;;;;;;;;;0;1;0;0;30000043;11000006
2020;1000000141;300000116;15;1;1;1;;00001237;00000004;00000004;;1;0;0;;;;;;;;0;;;0;1;0;0;30000008;11000001
2020;1000000142;300000117;11;1;3;1;;00001680;00000003;;00000766;1;0;1;;;1;0;;;;;0;;0;1;0;0;30000192;11000027
2020;1000000143;300000118;20;1;2;1;;00002360;00000008;;;1;0;0;;;0;;;;;;0;;0;1;0;0;30000215;11000030
2020;1000000144;300000119;7;2;1;1;;00001964;00000004;;00003083;1;0;0;;;;;;;;;;0;0;1;1;0;30000107;11000015
2020;1000000145;300000120;20;2;3;1;;00005406;00000005;;00002279;1;0;1;0;;;;;;;;;;0;1;0;0;30000137;11000019
2020;1000000146;300000121;17;2;0;1;;00002455;00000003;00000001;;1;0;0;;;;;;;;;;;0;;0;0;30000215;11000030
2020;1000000148;300000122;14;1;1;1;;00004380;00000005;00000016;00003612;2;0;0;;1;;;;;;;;;0;1;0;0;30000069;11000009
2020;1000000149;300000123;17;2;1;1;;00003611;00000002;00000020;;1;0;0;;;;;;0;;;;0;0;1;0;0;30000078;11000011
2020;1000000150;300000124;8;2;0;1;;00001607;00000008;;00000500;1;0;1;;;;;;;;0;;;0;1;0;0;30000105;11000014
2020;1000000151;300000125;12;2;1;1;;00003428;00000002;;00001922;1;0;0;;;;0;;0;;;;;0;0;0;0;30000122;11000017
2020;1000000153;300000126;18;1;1;1;;00004485;00000005;;00001089;1;0;0;;;;;;;0;;;;0;1;0;0;30000024;11000003
2020;1000000154;300000127;8;2;0;1;;00005098;00000004;00000008;00005149;1;0;1;0;;;;;;;;;;0;0;0;0;30000145;11000020
2020;1000000156;300000128;17;1;0;1;;00003168;00000003;00000002;00001726;1;0;0;;;;;;;;;;;0;1;0;0;30000122;11000017
2020;1000000157;300000129;16;2;0;1;;00000616;00000002;;;2;0;0;;0;;;;;0;;0;;0;1;0;0;30000208;11000029
2020;1000000158;300000130;17;2;0;1;;00005175;00000003;;00002282;1;1;0;;;;;;;;;0;0;0;1;0;0;30000100;11000014
2020;1000000159;300000131;8;1;3;1;;00001526;00000002;00000005;00003593;1;0;0;0;;;;;0;;;;;0;1;0;0;30000063;11000008
2020;1000000160;300000132;23;1;1;1;;00003576;00000003;00000006;00004997;1;0;0;;0;;;;;;;;;0;1;0;0;30000002;11000000
2020;1000000162;300000133;19;1;0;1;;00002937;00000005;;00002746;2;0;0;;;;0;;;;;;;0;1;0;;30000144;11000020
2020;1000000163;300000134;13;1;1;1;;00005032;00000001;00000020;00004508;2;0;0;;;;;;;0;;;;0;1;0;0;30000095;11000013
2020;1000000164;300000135;10;2;3;1;;00001378;00000001;00000022;;1;0;0;;;1;;0;;;0;;;0;1;0;0;30000095;11000013
2020;1000000165;300000136;17;2;0;1;;00005173;00000004;00000026;00002480;2;0;0;;;;0;;;;;;;0;1;0;0;30000132;11000018
2020;1000000167;300000137;14;1;3;1;;00004940;00000005;00000010;00003615;1;0;0;;;0;;;;;;;;0;1;1;0;30000161;11000022
2020;1000000168;300000138;15;1;3;1;;00004654;00000003;00000025;00003563;1;0;0;;;1;;;;;;;;0;1;0;0;30000007;11000000
2020;1000000169;300000139;17;1;1;1;;00004396;00000003;;00001452;1;0;0;;;;;;0;;;;0;0;1;0;0;30000060;11000008
2020;1000000170;300000140;7;1;1;1;;00004301;00000008;00000012;00003590;1;0;0;0;;;;;0;0;;0;;0;1;0;0;30000068;11000009
2020;1000000171;300000141;18;1;0;1;;00001339;00000006;;00005383;1;0;0;;;1;;0;;;;;;;0;0;0;30000117;11000016
2020;1000000172;300000142;18;1;3;1;;00002610;00000003;;00004067;1;0;0;;0;;;;;;;;;0;1;0;0;30000193;11000027
2020;1000000173;300000143;11;2;0;1;;00003871;00000005;00000013;;1;0;1;;;;;;;;;;;0;;0;0;30000211;11000030
2020;1000000175;300000144;17;1;1;1;;00000267;00000008;00000024;;1;0;0;;;1;;;;;;;;0;1;0;0;30000025;11000003
2020;1000000176;300000145;6;2;1;1;;00000042;00000004;;00000379;1;0;0;;;1;0;;;;0;;;0;1;0;0;30000170;11000024
2020;1000000177;300000146;19;1;1;1;;00001635;00000004;;00004397;1;0;0;;;1;;0;;;;;;0;1;0;1;30000061;11000008
2020;1000000178;300000147;20;2;0;1;;00004793;00000007;00000009;00004445;1;0;0;0;;;;0;;;;0;;0;0;0;0;30000019;11000002
2020;1000000179;300000148;7;1;0;1;;00005286;00000003;00000008;00005502;1;0;0;;;;;;;;;;;0;1;0;0;30000197;11000028
2020;1000000180;300000149;4;2;0;1;;00001670;00000005;00000027;00000355;1;0;0;0;;;;0;;;0;;;0;1;0;0;30000088;11000012
2020;1000000181;300000150;21;2;1;1;;00002764;00000002;;00001762;2;0;0;;;;;;;;0;;0;0;1;0;0;30000133;11000018
2020;1000000183;300000151;14;2;0;1;;00000954;00000002;00000014;;1;0;0;;0;;;0;;;;;;0;1;0;0;30000075;11000010
2020;1000000184;300000152;7;1;3;1;;00000006;00000005;00000006;;1;0;0;0;;;;0;;0;;;;0;1;;0;30000068;11000009
2020;1000000185;300000153;7;2;2;1;;00003562;00000005;00000010;;1;0;0;;;;0;;;;;0;;0;1;0;0;30000137;11000019
2020;1000000186;300000154;4;1;0;1;;00000342;00000001;00000016;;1;0;0;;;1;;0;;;;;;0;1;0;0;30000026;11000003
2020;1000000187;300000155;20;1;1;1;;00001682;00000001;00000017;00000967;1;0;1;0;;;;;;;;;;0;1;0;;30000066;11000009
2020;1000000188;300000156;17;2;1;1;;00000366;00000001;00000019;00004759;2;0;1;;;;;;0;;;;;0;1;0;0;30000095;11000013
2020;1000000190;300000157;13;1;3;1;;00002417;00000004;00000001;00005176;1;1;0;;;;;;;;;;;0;1;0;0;30000207;11000029
2020;1000000191;300000158;20;1;0;1;;00000969;00000008;00000020;00000500;2;0;0;;;;;;;;;;;;;0;0;30000135;11000019
2020;1000000192;300000159;17;1;1;1;;00001599;00000007;00000004;;1;0;0;0;;;;;0;;;;;0;1;0;0;30000021;11000002
2020;1000000195;300000160;16;1;0;1;;00002602;00000001;00000007;00004899;1;0;0;;;;;;;;;;0;0;1;0;0;30000113;11000016
2020;1000000196;300000161;10;2;3;1;;00004662;00000007;;00004013;1;0;0;;;;;;;;;0;;0;;0;0;30000071;11000010
2020;1000000197;300000162;15;1;3;1;;00004854;00000007;00000027;00000625;1;0;0;;;;;;;;;0;0;0;1;;0;30000048;11000006
2020;1000000198;300000163;7;1;3;1;;00003113;00000001;;;2;0;0;0;0;;;0;;;;;;0;1;0;0;30000210;11000029
2020;1000000199;300000164;7;2;1;1;;00002737;00000008;00000001;00002334;1;0;0;;;;;;;;;;;0;1;0;0;30000059;11000008
2020;1000000200;300000165;5;2;3;1;;00001299;00000002;00000006;00005059;1;0;1;;;;;;;;;;;0;1;;0;30000014;11000001
2020;1000000201;300000166;10;1;3;1;;00004007;00000002;00000013;;1;0;1;;;;;0;;;;;;0;1;0;0;30000187;11000026
2020;1000000203;300000167;11;1;0;1;;00004723;00000006;;00003266;1;0;1;;;;;;;0;;;;0;1;0;0;30000081;11000011
2020;1000000204;300000168;17;2;1;1;;00004367;00000003;;;2;0;0;;0;;;;;;;;;0;1;0;0;30000138;11000019
2020;1000000205;300000169;11;1;3;1;;00001442;00000004;00000013;00000323;1;1;1;;;1;;;;;;;;0;1;0;0;30000011;11000001
2020;1000000206;300000170;33;1;3;1;;00001824;00000005;;00002532;1;0;0;;;;;;;;;;0;0;1;0;0;30000029;11000004
2020;1000000207;300000171;11;1;0;1;;00002413;00000001;00000024;;1;0;1;;;;;;;;;;;0;1;0;0;30000093;11000013
2020;1000000208;300000172;13;2;3;1;;00000434;00000006;;;1;0;0;;0;;;;;;;;;0;1;0;0;30000038;11000005
2020;1000000209;300000173;14;2;0;1;;00003971;00000007;;00004839;2;0;0;;0;;;;;;;;;0;1;0;1;30000134;11000019
2020;1000000210;300000174;10;2;3;1;;00003285;00000007;00000024;;1;0;0;;0;1;;;;;;;;0;1;1;0;30000203;11000028
2020;1000000212;300000175;12;2;1;1;;00001146;00000007;;00003752;1;0;1;;0;;;;;;;;0;0;1;0;0;30000099;11000014
2020;1000000213;300000176;16;1;1;1;;00000113;00000002;00000001;;1;0;0;;;1;;;;;;;;0;1;0;0;30000071;11000010
2020;1000000214;300000177;11;1;0;1;;00004651;00000003;00000004;00005442;1;0;0;;0;;0;0;;;;;;0;0;0;0;30000067;11000009
2020;1000000215;300000178;6;1;3;1;;00002619;00000005;00000026;00003437;2;0;0;;;;;;;1;;0;0;0;1;0;0;30000029;11000004
2020;1000000216;300000179;19;2;3;1;;00003464;00000007;;00001131;1;0;0;;0;1;0;;;;0;0;;0;1;0;0;30000021;11000002
2020;1000000217;300000180;12;2;3;1;;00001915;00000001;00000015;00001699;1;0;0;;;;;;;;;;;0;1;0;0;30000077;11000010
2020;1000000218;300000181;10;2;1;1;;00004836;00000005;00000005;;1;0;0;;;;;;;;;0;;0;1;0;0;30000209;11000029
2020;1000000219;300000182;5;2;3;1;;00003574;00000006;00000007;;1;0;0;;;;;;;0;0;;;0;1;0;0;30000165;11000023
2020;1000000220;300000183;11;1;0;1;;00005527;00000008;00000022;;2;0;0;;0;0;;0;0;0;;;;0;1;0;0;30000094;11000013
2020;1000000221;300000184;17;1;3;1;;00001658;00000004;;;1;0;;;;;;;;;0;;;0;1;0;0;30000187;11000026
2020;1000000222;300000185;10;2;3;1;;00002513;00000007;;00002254;2;0;0;;;;0;;;0;;;;0;1;0;0;30000199;11000028
2020;1000000226;300000186;14;2;1;1;;00004704;00000006;;00003890;1;0;1;0;;0;;;;;0;0;0;0;1;0;0;30000050;11000007
2020;1000000227;300000187;17;1;3;1;;00003614;00000002;;;1;0;0;;;1;;;;;;;0;0;1;;0;30000015;11000002
2020;1000000228;300000188;16;2;3;1;;00002072;00000005;00000008;;1;0;0;0;;;;;;;;;;0;1;0;0;30000195;11000027
2020;1000000229;300000189;13;2;0;1;;00001608;00000004;00000020;00003786;1;0;1;;;;;;;;0;;0;;1;0;0;30000106;11000015
2020;1000000231;300000190;17;2;3;1;;00002957;00000004;00000007;;1;0;0;;1;;;;;;;;;0;1;0;0;30000119;11000016
2020;1000000232;300000191;14;2;1;1;;00000394;00000008;00000012;;1;0;0;;;;;;;;;;;0;1;0;0;30000144;11000020
2020;1000000235;300000192;20;2;3;1;;00001486;00000003;00000026;;1;0;0;;;;;;;;;;;0;1;0;0;30000175;11000024
2020;1000000236;300000193;15;1;1;1;;00001129;00000007;;00002216;1;0;0;;0;;0;;;;;;;0;1;0;0;30000156;11000022
2020;1000000238;300000194;10;2;3;1;;00002173;00000008;00000001;00002750;1;0;0;;;1;;;;;;;;0;1;0;0;30000193;11000027
2020;1000000239;300000195;18;1;3;1;;00000921;00000007;00000016;00002379;1;0;1;;;;;;;0;;0;;0;1;1;0;30000089;11000012
2020;1000000240;300000196;15;2;1;1;;00002622;00000001;;00003758;1;0;0;0;;;0;;;;;0;;0;1;0;0;30000133;11000018
2020;1000000241;300000197;19;2;3;1;;00000475;00000004;;00001577;1;0;0;;0;;;;;;;;;0;1;0;0;30000160;11000022
2020;1000000243;300000198;13;1;3;1;;00003515;00000003;;00000358;1;0;0;;;;;;;;;0;;;1;0;0;30000163;11000023
2020;1000000244;300000199;10;1;0;1;;00004327;00000007;;00004822;1;0;0;;;;;;0;;;0;;0;1;0;0;30000195;11000027
2020;1000000245;300000200;11;1;3;1;;00000670;00000002;00000024;;1;0;0;;;;;;0;;;;;0;1;0;0;30000155;11000022
2020;1000000246;300000201;17;1;1;1;;00005499;00000002;00000015;00004543;1;0;0;;;1;;;;;;;;;0;0;0;30000171;11000024
2020;1000000247;300000202;17;1;0;1;;00000372;00000001;00000027;;1;0;0;;;;;;;;;0;;0;1;0;0;30000152;11000021
2020;1000000248;300000203;10;2;3;1;;00005376;00000005;00000019;;1;0;0;;;;;;;;;;;0;;0;1;30000032;11000004
2020;1000000249;300000204;24;2;0;1;;00000930;00000002;00000002;00004898;1;0;1;;0;;;;;;;;;0;1;0;0;30000199;11000028
2020;1000000250;300000205;12;1;1;1;;00002137;00000001;;00003403;1;0;0;;;;;;0;;0;;;0;1;0;0;30000138;11000019
2020;1000000251;300000206;17;2;1;1;;00002665;00000005;00000013;;1;0;0;;;;;0;0;;0;;;0;1;0;0;30000096;11000013
2020;1000000252;300000207;14;2;0;1;;00000484;00000002;;00005102;1;0;1;;;;;;;0;;0;;0;1;0;0;30000144;11000020
2020;1000000253;300000208;10;2;3;1;;00002428;00000004;00000007;00004552;1;0;0;;;;;0;;;;;;0;1;0;0;30000032;11000004
2020;1000000254;300000209;16;2;0;1;;00002449;00000007;00000007;00001923;1;0;1;0;;;;;;;;;;0;1;0;0;30000123;11000017
2020;1000000255;300000210;20;1;1;1;;00001169;00000007;;00003544;1;0;0;;1;1;;;;0;;;;;1;0;0;30000025;11000003
2020;1000000256;300000211;15;1;0;1;;00003446;00000006;00000020;00001933;1;0;0;;;;0;;;;;;;0;1;0;0;30000069;11000009
2020;1000000259;300000212;9;1;1;1;;00005002;00000007;00000024;00004289;1;0;0;0;;;;;;;;;;0;1;0;0;30000084;11000011
2020;1000000260;300000213;8;1;3;1;;00002493;00000004;;00001291;1;0;0;;;;0;;;;;;;0;;0;0;30000001;11000000
2020;1000000261;300000214;15;2;0;1;;00002830;00000008;00000007;00002166;1;0;0;;;;;;;;;;;0;1;0;0;30000036;11000005
2020;1000000262;300000215;14;1;1;1;;00001871;00000008;00000016;00004722;1;0;0;;;;;;;;;;;0;1;1;0;30000134;11000019
2020;1000000264;300000216;10;1;3;1;;00005474;00000002;00000017;00002993;2;0;0;0;;;;;;;;;;0;1;0;0;30000174;11000024
2020;1000000265;300000217;17;2;0;1;;00000174;00000003;00000016;;1;0;0;;1;;;;;;;0;;0;1;0;0;30000181;11000025
2020;1000000268;300000218;4;2;3;1;;00004966;00000002;00000019;;1;0;0;;;;;0;0;;;0;0;0;0;0;0;30000100;11000014
2020;1000000270;300000219;17;2;1;1;;00004359;00000007;00000010;00000227;1;0;1;;;;;;;;;;;1;1;0;0;30000181;11000025
2020;1000000271;300000220;20;2;0;1;;00002394;00000007;;;1;0;0;0;;;;;;;;;0;0;1;0;0;30000123;11000017
2020;1000000272;300000221;11;1;3;1;;00001016;00000001;00000027;00001063;2;0;0;;;;0;;;;;;;0;1;0;0;30000050;11000007
2020;1000000273;300000222;17;2;0;1;;00000415;00000002;00000004;00003961;1;0;0;0;;;;0;;;;;;0;;0;0;30000127;11000018
2020;1000000274;300000223;5;1;1;1;;00002350;00000001;;;1;0;0;;;;0;;;;;;0;0;0;;0;30000032;11000004
2020;1000000275;300000224;12;1;0;1;;00003922;00000001;00000007;00003443;1;0;0;;;;;;;;0;;;0;1;0;0;30000089;11000012
2020;1000000276;300000225;12;2;0;1;;00001470;00000001;;;1;0;;;;0;;;0;;0;0;;0;1;0;0;30000074;11000010
2020;1000000277;300000226;18;1;3;1;;00001873;00000001;00000014;;1;0;1;;;;;;;;;;;0;1;0;0;30000169;11000024
2020;1000000278;300000227;11;2;2;1;;00003170;00000006;00000007;00005260;1;0;0;;0;1;0;0;;0;;0;;0;1;0;0;30000116;11000016
2020;1000000279;300000228;12;2;1;1;;00005115;00000002;00000019;;2;0;0;;;;;;0;;0;;;0;1;0;1;30000193;11000027
2020;1000000280;300000229;11;2;3;1;;00001740;00000004;00000021;;2;0;0;;;;;;;;0;;0;0;1;0;0;30000046;11000006
2020;1000000282;300000230;17;1;3;1;;00004258;00000006;00000017;00004012;1;0;1;0;;;;0;;;;;;0;1;0;0;30000085;11000012
2020;1000000285;300000231;17;2;2;1;;00001958;00000002;00000021;00001802;1;0;1;;0;;0;;;;0;;;0;1;0;0;30000024;11000003
2020;1000000287;300000232;16;1;1;1;;00000848;00000002;;;1;1;0;;;;;;;0;1;;;0;1;0;0;30000072;11000010
2020;1000000288;300000233;12;2;2;1;;00001948;00000006;00000013;00005451;1;0;1;;;;0;;;;;;;0;1;;0;30000184;11000026
2020;1000000289;300000234;16;1;3;1;;00001759;00000002;00000027;00001150;1;0;0;;;;;;;;;0;;0;1;0;0;30000105;11000014
2020;1000000290;300000235;21;2;0;1;;00001140;00000006;00000009;;1;0;0;;;;;;;0;;;;0;1;0;1;30000182;11000025
2020;1000000291;300000236;7;1;1;1;;00000578;00000006;00000008;;1;0;1;;0;;;0;;;0;0;;0;1;0;0;30000099;11000014
2020;1000000292;300000237;14;2;1;1;;00004821;00000001;;00002253;1;0;0;;;;;;;;0;;0;0;1;0;0;30000148;11000021
2020;1000000294;300000238;12;1;0;1;;00003437;00000003;;00003957;1;0;0;;;;;;;;0;;;0;1;0;0;30000174;11000024
2020;1000000295;300000239;15;2;1;1;;00002284;00000004;;;1;1;0;0;;1;;;;;;0;;0;1;;0;30000068;11000009
2020;1000000296;300000240;7;1;2;1;;00004123;00000007;00000005;;1;0;0;0;0;;;1;;;;;;0;1;0;0;30000198;11000028
2020;1000000297;300000241;19;1;1;1;;00000663;00000002;00000013;;1;0;1;0;;;;;;;;;;0;1;0;0;30000105;11000014
2020;1000000298;300000242;17;1;0;1;;00002401;00000001;;;1;0;0;;1;;;;;;;;;0;1;0;0;30000154;11000021
2020;1000000299;300000243;16;1;0;1;;00004514;00000005;;00001242;1;0;0;;;;;;;;;;;0;1;0;0;30000058;11000008
2020;1000000300;300000244;11;2;2;1;;00000211;00000008;;00001539;1;0;0;;1;;;;0;;;;;0;1;0;0;30000130;11000018
2020;1000000303;300000245;12;2;3;1;;00001100;00000006;00000011;00004469;1;1;0;;;;;;;;0;0;0;0;1;0;0;30000213;11000030
2020;1000000304;300000246;21;1;3;1;;00003677;00000001;00000002;00001500;1;0;0;;;1;;;0;;;;;0;1;0;0;30000019;11000002
2020;1000000305;300000247;23;1;1;1;;00005448;00000008;;;1;0;0;;;;0;;;0;;;0;0;1;0;0;30000139;11000019
2020;1000000306;300000248;18;1;0;1;;00001554;00000008;00000009;;1;0;0;;;;;;;;;;;0;1;;0;30000217;11000030
2020;1000000307;300000249;17;1;0;1;;00004568;00000004;00000003;00001902;2;0;0;;;;;;;0;;;;0;1;0;;30000056;11000007
2020;1000000309;300000250;14;1;1;1;;00004731;00000007;00000005;00003792;1;0;0;;;;;0;;;;;;0;1;0;0;30000067;11000009
2020;1000000311;300000251;38;1;0;1;;00002982;00000005;00000021;;1;0;0;;;1;;0;;;;;;0;1;0;1;30000182;11000025
2020;1000000314;300000252;13;2;3;1;;00003568;00000001;00000025;00000545;1;0;0;0;;;;;;;;;;0;1;0;0;30000047;11000006
2020;1000000315;300000253;23;2;1;1;;00004329;00000003;00000001;00004244;1;0;0;;;;;;;;;;;0;1;0;0;30000196;11000027
2020;1000000316;300000254;14;1;0;1;;00002612;00000003;00000014;00001137;1;0;0;;;;;;;;;;;0;1;0;0;30000201;11000028
2020;1000000317;300000255;9;1;3;1;;00004864;00000003;;00000495;1;0;0;;;;;;0;;;0;;0;1;0;0;30000163;11000023
2020;1000000318;300000256;5;1;2;1;;00004865;00000004;00000018;00000334;1;0;0;;;;;0;;;0;;0;0;1;0;0;30000004;11000000
2020;1000000320;300000257;18;2;0;1;;00000312;00000002;00000011;;1;0;0;;;;0;0;;0;0;0;;0;1;0;1;30000159;11000022
2020;1000000321;300000258;18;1;3;1;;00002245;00000004;;00001687;1;0;0;;;;;;;;;;;0;1;0;0;30000040;11000005
2020;1000000322;300000259;17;2;3;1;;00002662;00000002;00000015;;1;0;1;;;;;;0;;;;0;0;;0;0;30000065;11000009
2020;1000000324;300000260;19;2;0;1;;00001137;00000005;00000022;;1;0;0;;;;;;;;;;;0;0;0;0;30000099;11000014
2020;1000000325;300000261;24;2;3;1;;00000781;00000005;;00003651;2;0;0;;;;;;;0;0;;;0;1;0;0;30000177;11000025
2020;1000000326;300000262;12;2;1;1;;00000693;00000002;00000008;00001084;1;0;1;;;;;;;0;;;;0;1;0;0;30000161;11000022
2020;1000000327;300000263;6;2;1;1;;00004050;00000001;00000025;00004873;1;0;1;;;;;;;;;;;0;1;0;0;30000125;11000017
2020;1000000328;300000264;8;1;1;1;;00000529;00000005;;00003685;1;0;0;;;;0;;;0;;;0;0;1;0;0;30000101;11000014
2020;1000000329;300000265;7;2;2;1;;00003638;00000007;00000025;;1;0;0;;0;;;;;;;;;0;1;1;0;30000011;11000001
2020;1000000330;300000266;4;2;1;1;;00001214;00000007;00000014;00005093;2;0;0;;;;;0;0;;;0;;;1;0;0;30000075;11000010
2020;1000000331;300000267;16;2;3;1;;00002533;00000006;00000026;00004492;2;0;0;;;;;;0;;;0;;0;1;0;0;30000191;11000027
2020;1000000333;300000268;18;1;1;1;;00002206;00000006;00000024;00005317;1;0;1;;;;;;;;;;;0;1;0;0;30000084;11000011
2020;1000000334;300000269;8;2;1;1;;00004328;00000002;;00002522;1;0;0;;;1;;;;;;;;0;1;0;0;30000097;11000013
2020;1000000335;300000270;11;2;3;1;;00001179;00000006;00000015;00003506;1;0;0;0;;;;0;;;;;;0;1;0;0;30000175;11000024
2020;1000000336;300000271;10;1;0;1;;00002721;00000003;00000003;00003848;1;1;0;;;;;;;0;;;;0;1;0;0;30000177;11000025
2020;1000000339;300000272;14;2;3;1;;00003051;00000001;00000005;00003500;1;0;1;;0;;;;;;;;;0;1;0;0;30000049;11000006
2020;1000000340;300000273;18;2;0;1;;00001136;00000005;00000015;00005423;2;0;1;;;;;;;0;;;;0;1;0;0;30000168;11000023
2020;1000000342;300000274;20;1;3;1;;00003619;00000003;;;1;0;0;;;;0;;;;;;;0;1;0;;30000188;11000026
2020;1000000343;300000275;12;2;3;1;;00003636;00000002;;;1;0;0;;;;;0;;0;0;;;0;;0;0;30000101;11000014
2020;1000000344;300000276;16;1;3;1;;00001685;00000008;00000019;;2;0;1;;;;;;0;;;;;0;1;0;1;30000067;11000009
2020;1000000345;300000277;16;2;1;1;;00003865;00000001;00000021;00001460;2;0;0;;;;;;;0;;;;0;1;0;0;30000107;11000015
2020;1000000347;300000278;12;2;1;1;;00002563;00000001;;00000501;1;0;1;;0;;;1;;;;;;0;1;0;0;30000201;11000028
2020;1000000349;300000279;22;2;1;1;;00004272;00000005;;00005154;1;0;1;;;;;0;;0;;;;0;1;0;0;30000035;11000004
2020;1000000350;300000280;11;1;1;1;;00004066;00000005;00000020;00001925;1;0;0;;;;;;;;;;;0;1;0;0;30000136;11000019
2020;1000000353;300000281;17;1;1;1;;00001577;00000003;;00000323;1;0;0;;;;;;;0;;;0;0;0;0;0;30000164;11000023
2020;1000000354;300000282;7;2;1;1;;00000548;00000002;00000015;;2;0;0;;;1;;;;;;;;0;0;0;0;30000120;11000017
2020;1000000355;300000283;11;1;1;1;;00000573;00000001;00000015;;2;0;0;;;;;;;;;;;0;1;0;0;30000042;11000005
2020;1000000356;300000284;8;1;1;1;;00004339;00000006;00000003;00002477;1;0;0;;;;;;0;;;;;0;1;0;0;30000169;11000024
2020;1000000359;300000285;11;2;3;1;;00004242;00000007;00000013;;1;0;0;;;;;;;0;;;0;0;1;;0;30000088;11000012
2020;1000000360;300000286;19;2;3;1;;00003283;00000005;00000026;00003216;1;0;0;;;;;0;0;;;;;0;1;0;0;30000041;11000005
2020;1000000361;300000287;9;1;0;1;;00000414;00000003;00000027;00005416;2;0;0;0;;;;;;0;0;;;;1;0;0;30000143;11000020
2020;1000000362;300000288;14;1;0;1;;00001336;00000007;00000018;;1;0;1;;;0;;;;;0;;;0;1;0;0;30000213;11000030
2020;1000000363;300000289;41;1;1;1;;00004247;00000004;00000024;00005239;1;0;0;;;;;;0;;;;;0;1;;0;30000020;11000002
2020;1000000364;300000290;9;1;3;1;;00003107;00000005;00000002;00001546;1;0;1;;;;;;;;;;;0;1;0;0;30000016;11000002
2020;1000000365;300000291;19;2;1;1;;00003367;00000003;;00005048;1;0;0;;;;;;;;;;;0;1;0;0;30000193;11000027
2020;1000000367;300000292;4;2;1;1;;00004453;00000006;;00005367;1;0;0;0;;1;;;0;;0;;0;0;1;0;0;30000036;11000005
2020;1000000368;300000293;18;2;1;1;;00000959;00000008;00000021;;1;0;0;;;;;;;;;;;0;0;0;0;30000175;11000024
2020;1000000369;300000294;14;1;3;1;;00003731;00000008;00000022;;1;0;0;;;;;0;;;;;;0;1;0;0;30000002;11000000
2020;1000000370;300000295;15;2;3;1;;00004788;00000008;00000024;00001373;1;0;0;;;;;0;;;;;0;0;1;0;0;30000088;11000012
2020;1000000371;300000296;12;1;0;1;;00001133;00000006;00000005;00003165;1;0;1;;;;;;;0;;0;;0;1;0;1;30000121;11000017
2020;1000000372;300000297;7;1;0;1;;00004768;00000006;00000012;00000986;1;0;0;;;;;0;;0;;;0;0;1;0;0;30000036;11000005
2020;1000000373;300000298;15;1;1;1;;00001463;00000006;;;2;0;0;;;;;0;;;;;;0;1;0;0;30000090;11000012
2020;1000000375;300000299;33;1;3;1;;00002003;00000001;00000020;00001986;2;0;1;;;;;;;;0;;;0;1;0;0;30000023;11000003
2020;1000000376;300000300;13;2;3;1;;00004764;00000001;00000022;00004489;1;0;1;;;;;;0;;;0;0;0;1;0;0;30000024;11000003
2020;1000000377;300000301;15;1;0;1;;00003995;00000004;00000020;00003432;1;0;0;;0;0;0;;;0;0;;;0;1;0;0;30000207;11000029
2020;1000000378;300000302;16;2;0;1;;00004576;00000004;;;1;0;1;0;;;0;0;;;;;;0;1;0;0;30000066;11000009
2020;1000000379;300000303;6;2;0;3;;00001086;00000007;00000009;00000837;1;0;0;0;0;;;;0;;;0;;;0;0;0;30000075;11000010
2020;1000000380;300000304;19;2;3;1;;00004255;00000008;;00002839;1;1;0;;;;;;;0;0;;;0;1;0;0;30000021;11000002
2020;1000000381;300000305;11;2;1;1;;00004937;00000001;;00005383;2;0;0;0;;;;;;;;;0;0;1;0;0;30000009;11000001
2020;1000000383;300000306;14;1;3;1;;00004833;00000004;;;1;0;0;;;0;0;;;;;;;;1;0;0;30000048;11000006
2020;1000000391;300000307;10;2;3;1;;00002781;00000005;;00003514;1;0;0;;;;;;;;;;;0;1;0;0;30000125;11000017
2020;1000000392;300000308;9;2;3;1;;00003353;00000008;00000025;;1;1;1;;;;0;;;;;;;0;0;0;0;30000067;11000009
2020;1000000393;300000309;13;1;1;1;;00003448;00000006;;00003283;1;0;0;;;;;0;;;;;;0;1;0;0;30000112;11000015
2020;1000000394;300000310;8;2;1;1;;00002231;00000003;00000007;00001986;1;0;1;;;;0;;;;;;;0;1;0;0;30000032;11000004
2020;1000000397;300000311;22;2;1;1;;00002470;00000004;00000009;00003814;1;0;0;;0;;;;;;;0;0;0;1;1;0;30000169;11000024
2020;1000000398;300000312;10;1;1;1;;00000879;00000006;;00002350;1;0;0;;;;;;0;;;;;0;1;0;0;30000020;11000002
2020;1000000399;300000313;15;1;0;1;;00001725;00000002;00000017;;1;0;1;0;;;;;;;;;0;0;1;0;0;30000128;11000018
2020;1000000401;300000314;10;2;2;1;;00003241;00000007;;00004534;1;0;0;;;;;;;;;;;0;0;0;0;30000213;11000030
2020;1000000402;300000315;9;1;1;1;;00000483;00000007;00000001;00004386;1;0;0;;;;0;;;;0;0;;0;1;0;0;30000092;11000013
2020;1000000403;300000316;18;1;0;1;;00003625;00000002;00000009;00001570;1;0;0;;;;;;;;;;;0;1;0;0;30000043;11000006
2020;1000000404;300000317;21;1;1;1;;00000336;00000002;00000023;00001278;2;0;0;0;;0;;;;;0;;;0;1;0;0;30000214;11000030
2020;1000000405;300000318;15;2;3;1;;00002141;00000005;;00004750;1;0;0;;;;;;0;;;;;0;1;1;0;30000094;11000013
2020;1000000407;300000319;14;2;0;1;;00000010;00000007;00000021;;1;0;0;;1;;;;0;;;0;;0;1;0;0;30000204;11000029
2020;1000000408;300000320;15;2;0;1;;00003604;00000002;00000001;;1;0;;0;;;;0;;0;;;0;0;1;0;0;30000213;11000030
2020;1000000409;300000321;18;1;3;1;;00001274;00000007;00000003;00000780;1;0;1;0;;1;;;;;;;;0;1;0;0;30000037;11000005
2020;1000000410;300000322;15;2;3;1;;00001376;00000006;;;1;1;0;0;;;;;;;;;;0;0;;;30000027;11000003
2020;1000000411;300000323;19;2;3;1;;00000085;00000005;00000018;00002957;1;0;0;;;;;;;;;;;0;0;0;0;30000165;11000023
2020;1000000413;300000324;8;1;1;1;;00000232;00000006;00000018;00003973;1;0;0;0;0;0;;;;;;;;0;1;0;0;30000015;11000002
2020;1000000415;300000325;17;1;1;1;;00001540;00000004;00000022;;1;0;0;;0;;;;;;;;;0;1;;0;30000159;11000022
2020;1000000418;300000326;18;1;3;1;;00002993;00000008;00000015;00004725;1;0;0;;;;;;;0;;;;0;1;0;0;30000138;11000019
2020;1000000419;300000327;16;2;3;1;;00003879;00000005;;00004824;1;0;0;;;;;0;;;0;;;0;1;0;0;30000137;11000019
2020;1000000420;300000328;15;1;1;1;;00000033;00000005;00000025;00004114;1;0;1;;;1;;;;;;;;0;1;0;0;30000034;11000004
2020;1000000421;300000329;11;1;0;1;;00000268;00000006;;;1;0;0;0;;;;;;;;;;0;1;0;0;30000028;11000003
2020;1000000422;300000330;38;1;3;1;;00005396;00000001;00000009;;2;0;0;;;;;;;;;;0;0;1;0;0;30000052;11000007
2020;1000000423;300000331;20;1;1;1;;00001418;00000005;;00003868;1;0;0;;;;;;;;;;0;0;1;0;0;30000085;11000012
2020;1000000424;300000332;10;2;1;1;;00002798;00000005;00000019;;1;0;1;0;;;;;;0;;;;0;1;0;1;30000151;11000021
2020;1000000426;300000333;11;1;0;1;;00001400;00000006;00000014;;1;0;0;;;;;;;;;;;0;1;0;0;30000173;11000024
2020;1000000427;300000334;12;2;3;1;;00000263;00000004;00000024;00001197;2;0;0;;;;;;;;;0;0;0;1;0;0;30000096;11000013
2020;1000000428;300000335;8;2;0;1;;00005440;00000003;;00002230;1;0;0;;;;;0;;;;;;0;0;0;0;30000072;11000010
2020;1000000429;300000336;10;2;3;1;;00003236;00000003;00000010;;1;0;0;0;;;;;;0;;;;0;1;0;;30000158;11000022
2020;1000000430;300000337;10;2;1;1;;00002511;00000004;;;1;0;1;0;;;0;1;;;;;0;0;1;0;0;30000045;11000006
2020;1000000433;300000338;15;1;0;1;;00000749;00000008;00000026;00004408;1;0;0;;;;;;;;;;;0;1;0;0;30000006;11000000
2020;1000000435;300000339;16;2;0;1;;00002544;00000007;;;1;0;0;;;1;;;0;;;;;0;1;0;0;30000141;11000020
2020;1000000437;300000340;13;2;0;1;;00003644;00000008;00000006;00003154;1;0;0;0;;;;;;;;;;0;1;0;0;30000083;11000011
2020;1000000438;300000341;15;2;3;1;;00001720;00000006;00000025;00002538;1;0;0;;;;;;;;;;;0;1;0;0;30000002;11000000
2020;1000000439;300000342;11;1;1;1;;00005414;00000006;;00000424;1;0;1;;;;;;;;;;0;0;0;0;0;30000169;11000024
2020;1000000440;300000343;9;1;2;1;;00003851;00000004;00000020;00003756;1;0;0;;;;0;;;;;;;0;0;0;0;30000061;11000008
2020;1000000443;300000344;6;2;0;1;;00002600;00000007;00000017;00001939;1;1;0;;;;;;;;;0;;0;1;0;0;30000128;11000018
2020;1000000444;300000345;14;2;0;1;;00005263;00000006;;00002713;1;0;0;;;;;1;;;;;0;0;1;0;0;30000025;11000003
2020;1000000446;300000346;17;2;0;1;;00003440;00000001;;;1;0;1;;;;;;;;0;0;;0;1;0;0;30000159;11000022
2020;1000000447;300000347;20;1;1;1;;00003612;00000008;;00003370;2;0;0;;;;;;;;;0;;0;1;0;0;30000141;11000020
2020;1000000448;300000348;9;1;3;1;;00002314;00000003;;;1;0;1;;;;;;;0;;;;;1;0;0;30000038;11000005
2020;1000000449;300000349;16;2;1;1;;00003927;00000007;;00003002;1;0;0;0;;0;;;;;0;;;0;1;0;0;30000010;11000001
2020;1000000450;300000350;18;1;2;1;;00000788;00000005;00000022;00003717;1;0;0;;;;;;;;;;0;0;1;0;0;30000017;11000002
2020;1000000452;300000351;8;1;1;1;;00002857;00000008;00000005;00000976;1;0;0;;0;;;0;;;;;;0;1;0;0;30000113;11000016
2020;1000000453;300000352;9;2;4;1;;00000449;00000004;00000014;;1;0;0;;;1;;;;;0;;;0;1;0;0;30000141;11000020
2020;1000000454;300000353;18;2;2;1;;00003595;00000001;00000026;00002057;1;0;1;;;;0;;;;;;;0;1;0;0;30000167;11000023
2020;1000000456;300000354;13;2;1;1;;00003840;00000005;;;1;0;0;;;1;;;;0;;;;0;1;0;0;30000190;11000027
2020;1000000458;300000355;5;1;0;1;;00001267;00000005;00000026;00000530;1;0;0;0;;;0;;;;;;;0;1;0;0;30000037;11000005
2020;1000000459;300000356;6;2;5;1;;00004707;00000002;00000007;;1;0;0;;;;0;;;;0;;;0;1;0;0;30000187;11000026
2020;1000000462;300000357;6;1;3;1;;00000857;00000004;00000020;00005409;1;0;0;0;;1;;;0;;;;;0;1;0;0;30000074;11000010
2020;1000000463;300000358;15;1;0;1;;00003768;00000008;00000001;;1;0;0;;;;0;;0;;;;;0;0;0;0;30000038;11000005
2020;1000000465;300000359;9;1;3;1;;00003102;00000004;00000022;;1;0;1;;;;;;;;;0;;0;1;0;0;30000183;11000026
2020;1000000467;300000360;17;2;0;1;;00005448;00000008;00000022;00002325;2;0;0;;;;;;0;;;;;0;1;0;0;30000123;11000017
2020;1000000468;300000361;18;1;0;1;;00004876;00000006;;00000135;1;0;0;;;1;;;;;0;;0;0;1;0;0;30000118;11000016
2020;1000000469;300000362;21;2;0;1;;00003999;00000004;;;1;0;1;;;0;;;0;;;;;0;1;0;0;30000034;11000004
2020;1000000470;300000363;12;1;3;1;;00003449;00000002;00000009;00000452;1;0;0;;;0;;;;;;;;0;1;0;0;30000113;11000016
2020;1000000471;300000364;16;2;3;1;;00004130;00000003;00000007;00003116;1;0;1;;;0;;0;;;;;;0;1;0;0;30000127;11000018
2020;1000000472;300000365;22;1;3;1;;00002894;00000007;;00003654;1;0;0;;;;;;;0;;;;0;1;0;0;30000165;11000023
2020;1000000474;300000366;11;2;3;1;;00002383;00000002;00000009;;1;0;1;0;;;;;;;;;;0;1;0;0;30000007;11000000
2020;1000000478;300000367;17;1;3;1;;00003923;00000002;00000025;00003832;1;0;0;;;;;;;;;;;0;1;0;0;30000066;11000009
2020;1000000480;300000368;13;1;0;1;;00004159;00000004;;;1;0;0;;0;;;0;;;;;0;0;1;0;0;30000122;11000017
2020;1000000481;300000369;19;1;0;1;;00004864;00000008;;;1;0;0;;;;;;;;;0;;0;1;0;0;30000001;11000000
2020;1000000482;300000370;6;2;1;1;;00000944;00000007;;00002014;1;0;0;;1;0;;;;;0;;;0;1;0;0;30000095;11000013
2020;1000000484;300000371;5;1;1;1;;00003508;00000008;00000010;00005256;1;1;1;;;;;;;;;;;0;1;0;0;30000091;11000012
2020;1000000488;300000372;15;2;3;1;;00003185;00000006;00000011;;1;0;0;;;;;;0;;;;;0;1;0;0;30000192;11000027
2020;1000000489;300000373;16;1;0;1;;00001699;00000004;00000015;00004752;1;0;0;;;;;;;;;;;0;1;0;0;30000160;11000022
2020;1000000491;300000374;11;2;1;1;;00004138;00000008;00000011;00005325;1;0;0;;;1;;;;0;;;;0;1;0;0;30000146;11000020
2020;1000000492;300000375;6;1;1;1;;00000639;00000002;00000026;00002600;1;0;0;;;;;;;;0;;0;0;1;0;0;30000055;11000007
2020;1000000494;300000376;11;1;0;1;;00003779;00000001;00000026;00004415;1;0;0;;;;;;;;;;;0;1;0;0;30000172;11000024
2020;1000000496;300000377;7;2;3;1;;00004947;00000007;00000011;;1;0;0;;;;;;;;;;;0;1;0;0;30000082;11000011
2020;1000000497;300000378;14;2;0;1;;00004042;00000002;;;1;0;0;;;;0;;0;;;;0;0;1;0;0;30000083;11000011
2020;1000000498;300000379;17;1;1;1;;00001412;00000008;;;1;0;1;;;;;;;;;;;0;1;0;0;30000060;11000008
2020;1000000499;300000380;16;1;3;1;;00004237;00000008;00000018;00001848;1;0;0;;;;0;;;;;;;0;1;1;0;30000061;11000008
2020;1000000501;300000381;17;2;3;1;;00000152;00000003;;;1;0;0;;;1;;0;;;;;0;0;1;0;0;30000037;11000005
2020;1000000502;300000382;10;1;0;1;;00003766;00000003;00000013;00003569;1;0;0;;;;;;;;;;;0;1;0;0;30000119;11000016
2020;1000000503;300000383;20;2;1;1;;00000678;00000001;00000018;00003568;1;0;0;;;;;;;;0;;0;0;1;0;0;30000166;11000023
2020;1000000504;300000384;15;1;1;1;;00003970;00000006;00000010;00004722;1;0;0;;;;;;0;;;;;0;1;1;0;30000081;11000011
2020;1000000505;300000385;5;1;3;1;;00002512;00000004;;00004506;1;0;0;;0;;;;;;;;;0;1;0;0;30000103;11000014
2020;1000000507;300000386;17;1;3;1;;00004857;00000007;00000025;00001098;1;0;0;0;0;;;;0;;;0;;0;1;0;0;30000096;11000013
2020;1000000510;300000387;17;2;1;1;;00001725;00000008;00000025;00001696;2;0;0;;;;0;0;;;;;;0;1;0;0;30000166;11000023
2020;1000000511;300000388;7;2;3;1;;00000683;00000005;;00002803;1;0;1;;;;;;;0;;;;0;1;0;0;30000209;11000029
2020;1000000513;300000389;14;2;0;1;;00003680;00000004;00000018;00002713;1;0;0;;;;;;0;;;;0;0;1;0;0;30000161;11000022
2020;1000000514;300000390;10;1;1;1;;00000360;00000007;00000006;;1;0;0;;0;;;;;;;;;0;1;0;0;30000123;11000017
2020;1000000515;300000391;12;1;1;1;;00004555;00000008;00000012;00004869;1;0;0;;;;0;;;0;;;;0;1;0;0;30000053;11000007
2020;1000000516;300000392;17;2;1;1;;00003995;00000002;00000019;;1;0;0;;;;;;;;0;;;0;1;0;0;30000042;11000005
2020;1000000517;300000393;14;2;3;1;;00003877;00000001;;00004075;1;0;0;;0;1;0;0;;0;;0;;0;1;1;0;30000126;11000017
2020;1000000518;300000394;12;1;0;1;;00002088;00000008;;00003875;1;0;1;;1;;;0;;0;;;0;0;0;0;0;30000181;11000025
2020;1000000519;300000395;19;2;0;1;;00000541;00000001;00000002;00005139;1;0;0;0;;;;0;;;0;;;0;1;1;0;30000124;11000017
2020;1000000522;300000396;6;1;4;1;;00004938;00000007;00000023;00001579;1;0;0;;;;;;;;0;;;0;1;0;0;30000098;11000013
2020;1000000524;300000397;9;2;1;1;;00002314;00000005;;00001839;1;0;1;;0;;;0;;;;;;0;1;1;0;30000002;11000000
2020;1000000525;300000398;8;1;1;1;;00004094;00000004;00000025;00003276;1;0;0;;;1;;;0;;;;;0;1;0;0;30000096;11000013
2020;1000000526;300000399;16;2;3;1;;00004184;00000008;00000011;;2;0;0;0;1;;;;;;;0;0;0;1;0;0;30000025;11000003
2020;1000000529;300000400;14;1;3;1;;00000126;00000004;00000009;00003673;1;0;0;;;;0;;;;;;;0;1;0;0;30000184;11000026
2020;1000000530;300000401;6;1;0;1;;00003858;00000002;00000020;;1;0;1;;;;;;;0;;;;0;1;0;0;30000215;11000030
2020;1000000531;300000402;13;2;3;1;;00004111;00000002;00000013;;2;0;1;;;;;;0;;;;;0;1;0;0;30000088;11000012
2020;1000000533;300000403;9;1;3;1;;00000512;00000008;00000017;;1;0;0;;;;;;;;;;;0;1;0;0;30000111;11000015
2020;1000000534;300000404;18;2;3;1;;00002878;00000003;00000021;;1;0;1;;;;0;;;;;0;;0;1;0;0;30000061;11000008
2020;1000000535;300000405;15;2;3;1;;00002982;00000006;;00005074;1;0;0;;0;;;;;;0;;;0;1;;0;30000152;11000021
2020;1000000536;300000406;16;1;3;1;;00004003;00000005;;00002898;1;0;1;;;;;;0;0;0;;;0;1;0;0;30000183;11000026
2020;1000000538;300000407;10;2;1;1;;00004510;00000002;;00004421;1;1;0;;0;;0;0;;;;0;;0;1;0;0;30000120;11000017
2020;1000000539;300000408;13;2;0;1;;00004083;00000007;;00001248;1;0;0;;0;0;;;;;0;;;0;1;1;1;30000106;11000015
2020;1000000540;300000409;8;1;0;1;;00002090;00000003;;;1;0;0;;;;0;;;;;;0;0;1;0;0;30000142;11000020
2020;1000000541;300000410;30;2;3;1;;00002405;00000005;;00005209;1;0;0;0;;;;;;;;;0;0;1;;0;30000052;11000007
2020;1000000542;300000411;10;1;1;1;;00004674;00000001;00000024;00003828;2;0;0;;;;;;;;;0;;0;1;0;0;30000186;11000026
2020;1000000543;300000412;17;1;3;1;;00005430;00000005;00000001;00002085;1;0;0;;;;;0;;0;;0;0;0;1;0;0;30000062;11000008
2020;1000000544;300000413;19;1;0;1;;00003566;00000008;;00004626;1;0;1;;;;;0;;;;;;0;1;0;0;30000055;11000007
2020;1000000545;300000414;7;1;3;1;;00004959;00000004;00000005;00002366;1;0;0;;;1;;;;0;0;;;0;1;0;0;30000076;11000010
2020;1000000546;300000415;9;2;1;1;;00000679;00000002;00000003;;1;0;0;;;;;;;;;0;;;1;0;0;30000139;11000019
2020;1000000547;300000416;13;1;1;1;;00000415;00000008;00000003;;1;0;;0;0;;;;;;;;0;0;0;0;0;30000002;11000000
2020;1000000552;300000417;8;1;3;1;;00003187;00000007;00000024;00001250;2;0;0;0;;;;;;;0;;;0;1;0;0;30000049;11000006
2020;1000000557;300000418;14;1;3;1;;00003508;00000008;00000026;00004199;1;1;0;;;;0;0;0;;;;;0;1;0;0;30000067;11000009
2020;1000000558;300000419;5;1;1;1;;00004595;00000004;;00001693;1;0;1;;;0;;;;0;;0;;0;1;1;0;30000130;11000018
2020;1000000559;300000420;7;2;1;1;;00002220;00000008;;00003942;1;0;0;0;0;;0;;;;;;;0;0;0;0;30000149;11000021
2020;1000000560;300000421;20;2;3;1;;00003721;00000008;;00004158;2;0;1;0;;;;;;;;0;;0;1;0;0;30000029;11000004
2020;1000000561;300000422;13;2;0;1;;00004518;00000007;00000001;;1;0;0;;;;;;;0;;;;0;1;0;0;30000002;11000000
2020;1000000562;300000423;16;2;0;1;;00003218;00000003;00000014;00000901;2;0;0;;;;;;;;;;;0;;0;0;30000072;11000010
2020;1000000563;300000424;16;1;1;1;;00002696;00000006;00000007;00002384;1;0;1;;;;0;;;;;;;0;1;0;0;30000070;11000009
2020;1000000564;300000425;14;2;3;1;;00004012;00000004;00000021;;1;0;0;;;;;;;;;;;0;1;0;0;30000190;11000027
2020;1000000565;300000426;12;1;1;1;;00005443;00000001;;00002185;1;0;0;;;;0;1;;;;;0;0;1;0;0;30000153;11000021
2020;1000000566;300000427;7;2;3;1;;00000927;00000003;00000019;00002935;1;0;1;0;0;;;;;0;;;;0;1;0;0;30000203;11000028
2020;1000000567;300000428;13;2;0;1;;00004650;00000001;;00000444;1;0;0;;;1;;;;;0;;;0;1;0;0;30000127;11000018
2020;1000000568;300000429;10;1;2;1;;00003420;00000003;;00002639;1;0;1;;;;;0;0;;0;;;0;1;0;;30000181;11000025
2020;1000000569;300000430;7;2;3;1;;00000741;00000007;00000002;;1;0;0;;;;;;;;;;;0;1;0;0;30000112;11000015
2020;1000000570;300000431;9;1;0;1;;00000591;00000004;;00003013;1;0;0;;;1;;;;;;;;0;1;0;0;30000023;11000003
2020;1000000571;300000432;13;2;3;1;;00004121;00000008;00000020;00001538;1;0;0;0;;;0;;;;;;0;0;1;1;0;30000050;11000007
2020;1000000573;300000433;16;1;1;1;;00003613;00000004;00000013;;2;0;1;;;;;;;;;;;0;1;0;0;30000156;11000022
2020;1000000574;300000434;13;1;0;1;;00000085;00000007;00000022;00004088;1;0;1;;;;;;;;;;;0;1;0;0;30000017;11000002
2020;1000000575;300000435;9;1;3;1;;00004496;00000001;;00003605;1;0;0;;;;;;;0;;;;0;1;0;0;30000092;11000013
2020;1000000578;300000436;19;2;0;1;;00003998;00000002;;00003293;1;0;0;;;;;;;;;;;0;0;0;0;30000106;11000015
2020;1000000580;300000437;13;2;0;1;;00000320;00000007;;00005361;1;0;0;;;1;0;;0;;;;;0;1;;1;30000123;11000017
2020;1000000581;300000438;4;1;3;1;;00001015;00000007;00000012;;2;0;0;;;;0;;;;;;;0;1;0;0;30000155;11000022
2020;1000000582;300000439;8;1;0;1;;00005243;00000003;;00000586;1;0;0;0;;;;0;;0;;;;0;1;0;0;30000190;11000027
2020;1000000584;300000440;13;1;0;1;;00001301;00000005;00000007;00000501;1;0;0;;;1;0;;;;;;;0;1;0;0;30000015;11000002
2020;1000000585;300000441;11;2;0;1;;00001928;00000003;;00005322;1;0;0;;;;;;;0;;;0;0;1;0;0;30000166;11000023
2020;1000000590;300000442;14;2;0;1;;00004127;00000003;;00004720;1;0;1;;;;;;;;;;0;0;1;0;0;30000190;11000027
2020;1000000591;300000443;6;1;3;1;;00001580;00000006;00000007;00003608;1;0;1;;;1;;;;;;0;;0;;0;0;30000204;11000029
2020;1000000592;300000444;18;1;1;1;;00000506;00000001;00000021;00000412;1;1;1;0;;;;;;;;;;0;1;0;0;30000136;11000019
2020;1000000594;300000445;20;1;3;1;;00001241;00000002;00000017;00001471;1;0;0;;;;;;;0;;0;0;0;1;0;0;30000204;11000029
2020;1000000595;300000446;11;1;3;1;;00004375;00000006;00000001;00001852;1;0;0;;;;;;;;0;;;0;1;0;0;30000196;11000027
2020;1000000596;300000447;10;1;3;1;;00002642;00000005;00000025;00000595;1;0;0;;;;0;;;;;;;0;1;0;0;30000102;11000014
2020;1000000597;300000448;12;2;0;1;;00002960;00000001;00000018;00003534;1;0;0;;;;;;;;;;0;0;1;0;0;30000021;11000002
2020;1000000599;300000449;11;2;1;1;;00002289;00000003;00000003;;1;0;0;0;;;;;;;;;;0;1;0;0;30000069;11000009
2020;1000000600;300000450;11;1;0;1;;00000991;00000006;00000018;;2;0;1;;;;;;0;0;;;;0;1;0;0;30000165;11000023
2020;1000000601;300000451;14;2;1;1;;00001975;00000003;00000018;00004268;1;0;0;;;;;0;0;;;;;0;0;0;0;30000097;11000013
2020;1000000603;300000452;14;2;3;1;;00005400;00000007;00000013;00004616;1;0;0;;;;;;;0;;;;0;1;0;0;30000013;11000001
2020;1000000604;300000453;10;1;3;1;;00003180;00000001;;;1;1;0;;;;;;;;;;0;0;1;0;0;30000079;11000011
2020;1000000605;300000454;11;1;1;1;;00001964;00000001;00000003;00002483;2;0;0;;;;;0;;;;;;;1;0;0;30000207;11000029
2020;1000000606;300000455;7;1;1;1;;00002397;00000004;00000016;;1;0;1;0;;1;;;;0;;;;0;1;0;0;30000188;11000026
2020;1000000608;300000456;11;1;3;1;;00002575;00000008;;;1;0;;;;1;;;0;;;;;0;1;0;0;30000169;11000024
2020;1000000609;300000457;10;1;0;1;;00004481;00000001;;;1;0;0;;0;1;;;;0;;;;;1;0;0;30000211;11000030
2020;1000000610;300000458;11;1;1;1;;00002716;00000003;00000011;00005454;1;0;0;;;;;0;;0;;;;0;1;0;0;30000036;11000005
2020;1000000612;300000459;8;2;3;1;;00000209;00000005;00000024;;1;0;0;;;;;0;;;0;;;0;1;0;0;30000122;11000017
2020;1000000613;300000460;12;2;1;1;;00004924;00000006;00000026;00004156;1;0;0;;;;;0;;0;;;;0;1;0;0;30000015;11000002
2020;1000000614;300000461;6;2;1;1;;00000110;00000001;00000025;;1;0;1;;0;;;0;;;;;;0;1;0;0;30000168;11000023
2020;1000000617;300000462;13;2;3;1;;00005022;00000005;00000001;;1;0;0;;0;;0;;;;;;;0;1;0;0;30000161;11000022
2020;1000000618;300000463;11;2;0;1;;00002491;00000003;;00001339;1;0;0;0;;;;;;;0;0;;0;1;0;0;30000120;11000017
2020;1000000620;300000464;11;1;1;1;;00000923;00000003;;00005093;1;0;0;;;;;;0;;;;;0;1;0;0;30000009;11000001
2020;1000000621;300000465;19;1;0;1;;00004888;00000003;00000027;00000158;1;0;1;;;;;;;0;;;;0;1;0;0;30000197;11000028
2020;1000000623;300000466;7;1;0;1;;00000893;00000008;00000015;00000148;1;0;1;;;;;;;;;;;0;1;0;0;30000062;11000008
2020;1000000624;300000467;17;2;3;1;;00000540;00000006;;;2;0;0;;;1;0;;;0;0;0;;0;1;0;0;30000056;11000007
2020;1000000625;300000468;8;2;1;1;;00000089;00000002;00000013;00002565;1;0;0;;;;;;;0;;;0;0;1;0;;30000129;11000018
2020;1000000626;300000469;14;2;3;1;;00000865;00000007;;;1;0;0;;;;;;;;;;0;0;1;0;0;30000152;11000021
2020;1000000627;300000470;18;1;0;1;;00001848;00000002;00000023;00003400;1;0;0;;;;;;;0;;;;0;;0;0;30000090;11000012
2020;1000000628;300000471;8;2;3;1;;00002923;00000002;;00001061;2;0;1;0;;;;;;;;;;0;1;0;0;30000142;11000020
2020;1000000629;300000472;11;2;0;1;;00003675;00000005;;;2;0;1;;;;;;;;;;0;0;1;0;0;30000120;11000017
2020;1000000631;300000473;13;1;0;1;;00002424;00000002;;;2;0;0;0;;;0;;;;0;0;;0;1;0;0;30000006;11000000
2020;1000000632;300000474;13;2;1;1;;00002955;00000004;00000021;00004272;1;0;0;;0;;;;;;;;;0;1;0;0;30000205;11000029
2020;1000000633;300000475;13;1;1;1;;00000435;00000004;;00004398;1;0;0;;;;;;0;;;;;0;0;;0;30000129;11000018
2020;1000000634;300000476;19;1;3;1;;00005293;00000008;00000005;00001393;1;0;0;;;;;;;0;0;;0;0;1;0;0;30000200;11000028
2020;1000000637;300000477;10;1;3;1;;00003385;00000004;00000016;00002916;1;0;0;;;;;;;;;;;0;1;;0;30000187;11000026
2020;1000000638;300000478;6;2;1;1;;00000826;00000002;00000006;00004037;1;0;0;0;0;;;;;;;;0;0;1;0;0;30000188;11000026
2020;1000000639;300000479;8;1;3;1;;00005274;00000008;00000003;00003675;1;0;0;;0;;;;;;;;;0;1;0;0;30000186;11000026
2020;1000000640;300000480;14;2;1;1;;00003131;00000002;00000020;00000962;1;0;0;0;0;1;;;;;;;;0;1;0;0;30000183;11000026
2020;1000000642;300000481;19;1;1;1;;00001881;00000005;;;1;0;0;;;1;;;;;;;;0;1;0;0;30000047;11000006
2020;1000000643;300000482;6;2;1;1;;00004201;00000006;;;2;0;0;;0;0;0;0;;;;0;;0;1;0;0;30000081;11000011
2020;1000000644;300000483;10;1;0;1;;00004443;00000008;00000013;00003165;1;0;1;0;;;0;;;;;;;0;1;0;1;30000068;11000009
2020;1000000645;300000484;8;1;3;1;;00004197;00000002;;00005510;1;0;0;;;;;;;;;;;0;1;1;0;30000065;11000009
2020;1000000646;300000485;10;1;0;1;;00003831;00000007;00000016;00000728;2;0;0;;0;;;;0;;;;;0;1;0;0;30000201;11000028
2020;1000000647;300000486;12;2;1;1;;00005055;00000008;00000012;;1;0;0;;;;;;;;0;0;;0;1;0;0;30000167;11000023
2020;1000000649;300000487;4;2;3;1;;00005050;00000007;00000020;00001962;1;0;1;;;1;;;;;;;;0;1;0;0;30000027;11000003
2020;1000000650;300000488;13;1;0;1;;00000096;00000003;00000017;00001869;1;0;1;;;1;0;;;;;;;0;0;0;0;30000072;11000010
2020;1000000653;300000489;8;2;1;1;;00002408;00000008;00000018;00004902;1;0;0;0;;;0;0;0;;0;;;0;1;0;0;30000022;11000003
2020;1000000654;300000490;10;2;1;1;;00003062;00000007;00000005;00001563;1;0;0;;;;;0;0;;;;;0;1;0;0;30000021;11000002
2020;1000000655;300000491;11;1;0;1;;00002257;00000002;;00001338;2;0;0;0;;;;;;;;0;;0;;0;0;30000099;11000014
2020;1000000657;300000492;15;2;0;1;;00002031;00000006;00000026;;1;0;0;0;0;;;;;;;0;;0;1;0;0;30000090;11000012
2020;1000000658;300000493;11;2;0;1;;00002192;00000008;00000021;00003309;1;0;0;;;;;;;;;;;0;1;0;0;30000123;11000017
2020;1000000659;300000494;14;1;1;1;;00001941;00000001;00000007;00001296;1;0;0;;;;;;;;;;;0;1;0;0;30000081;11000011
2020;1000000660;300000495;7;1;1;1;;00003751;00000003;;;1;0;0;;;;;0;0;0;;;;0;1;0;0;30000032;11000004
2020;1000000661;300000496;5;2;2;1;;00003305;00000006;00000002;00001680;1;0;0;;;;;;;;;;;0;1;0;0;30000179;11000025
2020;1000000662;300000497;12;2;1;1;;00001977;00000001;;00002536;1;0;1;0;;1;;0;;0;;0;;0;1;0;0;30000132;11000018
2020;1000000663;300000498;6;2;1;1;;00002288;00000001;;00005180;1;0;0;;;;;;;0;0;;;0;1;0;0;30000018;11000002
2020;1000000664;300000499;13;2;2;1;;00004776;00000008;;00002801;2;0;0;;;;0;;0;0;;;;0;1;0;0;30000064;11000009
2020;1000000665;300000500;7;1;3;1;;00002579;00000003;00000015;;1;0;0;;;;;0;;0;;0;;0;1;0;0;30000217;11000030
2020;1000000666;300000501;19;2;0;1;;00003306;00000007;00000006;00004969;1;0;0;;;;;0;0;;;;;0;1;0;0;30000096;11000013
2020;1000000667;300000502;18;1;0;1;;00003740;00000005;00000013;00003976;1;0;0;;0;;;;;;;;;0;1;1;1;30000181;11000025
2020;1000000668;300000503;6;2;1;1;;00000929;00000008;00000005;;1;0;1;;;;;;;;0;0;;0;1;0;0;30000152;11000021
2020;1000000669;300000504;14;2;3;1;;00002272;00000008;;00001782;1;0;0;;;;0;;;;0;0;0;0;1;0;0;30000047;11000006
2020;1000000671;300000505;20;1;3;1;;00002109;00000008;00000022;00004592;1;0;0;;;;;;;;;0;;0;1;0;0;30000164;11000023
2020;1000000672;300000506;15;2;2;1;;00003380;00000007;00000022;00002126;1;0;0;;;;;;;;0;;;0;0;0;0;30000051;11000007
2020;1000000673;300000507;18;2;1;1;;00003271;00000005;;;1;0;0;0;;;;;;;;;;0;1;0;0;30000173;11000024
2020;1000000678;300000508;14;1;0;1;;00001238;00000006;;;1;0;0;0;;;0;0;;;;;0;0;1;0;0;30000180;11000025
2020;1000000679;300000509;12;2;1;1;;00003280;00000003;;00000144;1;0;0;;;0;0;;;;;;;0;0;0;0;30000068;11000009
2020;1000000680;300000510;11;2;3;1;;00000736;00000006;00000006;;2;0;0;;;;;;;;;;;0;0;0;0;30000067;11000009
2020;1000000681;300000511;21;1;3;1;;00001641;00000001;00000005;00002892;1;0;0;;;;;;;;;;0;0;1;0;0;30000169;11000024
2020;1000000682;300000512;7;2;3;1;;00002171;00000004;00000006;00004232;1;0;1;;;;;;;;;;0;0;1;0;0;30000059;11000008
2020;1000000683;300000513;4;2;1;1;;00003301;00000008;00000026;00002399;1;0;0;;;;;;;0;;;0;0;1;0;0;30000007;11000000
2020;1000000684;300000514;12;1;3;1;;00001440;00000006;;00001425;1;0;0;;;;;;;;;;;0;1;0;0;30000014;11000001
2020;1000000685;300000515;6;1;0;1;;00000871;00000006;;00002106;1;0;0;0;;;;;;;;;;0;1;1;0;30000191;11000027
2020;1000000686;300000516;17;2;1;1;;00000300;00000005;00000014;00001463;1;0;0;0;;;0;;0;0;;0;;0;1;0;0;30000189;11000026
2020;1000000687;300000517;15;2;1;1;;00001157;00000006;00000009;00004382;1;0;0;;;;;;;;;;;0;1;0;0;30000153;11000021
2020;1000000688;300000518;7;1;3;1;;00000694;00000002;00000005;00001315;1;0;0;;;;;;;;;0;;0;1;0;0;30000210;11000029
2020;1000000689;300000519;10;2;0;1;;00003021;00000006;00000002;00003531;1;0;0;;;;;;0;;;;;0;1;0;0;30000080;11000011
2020;1000000690;300000520;19;2;3;1;;00000226;00000006;00000014;00004129;1;0;0;;;;;0;0;;;;;0;1;0;1;30000106;11000015
2020;1000000691;300000521;15;2;0;1;;00001609;00000001;00000010;00004888;1;0;0;;;;;;;0;;;;0;1;0;0;30000063;11000008
2020;1000000693;300000522;6;1;0;1;;00005225;00000001;;;1;0;1;;0;;;;0;;;;0;0;1;0;0;30000168;11000023
2020;1000000694;300000523;16;1;1;1;;00005411;00000001;00000004;00004469;1;0;0;;;0;;;;;;0;;0;1;0;0;30000162;11000023
2020;1000000695;300000524;8;1;0;1;;00004875;00000004;00000023;00001677;1;0;1;;;;0;;;0;0;;;0;1;0;0;30000086;11000012
2020;1000000696;300000525;10;1;1;1;;00003880;00000005;00000010;;2;0;0;;;;;;;;;;;0;;0;0;30000030;11000004
2020;1000000697;300000526;26;2;3;1;;00003314;00000004;00000018;;1;0;0;;;;;0;;;;;;0;1;0;0;30000165;11000023
2020;1000000699;300000527;11;2;1;1;;00002535;00000004;00000010;;1;0;0;;;;;;;0;;;;0;1;0;1;30000146;11000020
2020;1000000700;300000528;7;1;1;1;;00004943;00000001;;00003487;2;0;0;;;;;0;;;;;0;0;1;0;0;30000169;11000024
2020;1000000701;300000529;10;2;1;1;;00002186;00000007;;00002190;1;0;0;;;;;;;;;0;;0;1;0;0;30000079;11000011
2020;1000000702;300000530;13;2;1;1;;00000213;00000001;00000016;;2;0;0;;;;;;;;;0;;0;1;0;0;30000173;11000024
2020;1000000703;300000531;8;2;0;1;;00002344;00000004;00000026;;2;0;0;;;;;;;;;;;0;1;0;0;30000118;11000016
2020;1000000704;300000532;7;2;1;1;;00001436;00000005;00000022;;1;0;0;0;;;;;;;;;;0;1;0;0;30000180;11000025
2020;1000000705;300000533;8;1;3;1;;00000504;00000007;;00003097;1;0;0;;;;;;;;;;;0;1;0;0;30000075;11000010
2020;1000000706;300000534;17;2;0;1;;00001540;00000004;00000008;00003718;1;0;0;0;;;;;;0;;;0;0;1;0;0;30000024;11000003
2020;1000000707;300000535;14;1;3;1;;00003892;00000001;;00002069;1;0;0;0;;;;0;;0;;0;0;0;0;;0;30000024;11000003
2020;1000000708;300000536;12;2;0;1;;00001689;00000008;00000006;;1;0;0;;;0;0;;;;;;0;0;1;0;0;30000151;11000021
2020;1000000709;300000537;19;2;1;1;;00001852;00000001;00000027;;1;0;0;;;1;;;;0;;;;0;1;0;0;30000116;11000016
2020;1000000710;300000538;5;2;1;1;;00003925;00000008;;;1;0;0;;;;0;;0;;;;;0;1;0;0;30000126;11000017
2020;1000000712;300000539;18;1;3;1;;00001449;00000003;00000025;00002854;1;0;0;;;;0;;;;;;;;1;0;0;30000183;11000026
2020;1000000713;300000540;7;2;3;1;;00004464;00000003;00000009;00002087;1;0;0;;;;0;;;;;;;0;1;0;;30000130;11000018
2020;1000000714;300000541;20;2;1;1;;00004287;00000001;;00001207;1;0;0;0;;;;;;;;;0;0;1;0;0;30000008;11000001
2020;1000000715;300000542;7;1;1;1;;00002053;00000006;;00000958;1;0;0;0;;;;;;;;;;0;1;0;0;30000051;11000007
2020;1000000717;300000543;14;2;0;1;;00000319;00000004;;00003878;1;0;0;0;;;;;;0;;0;;0;0;0;0;30000008;11000001
2020;1000000719;300000544;8;2;1;1;;00003107;00000007;00000013;00000023;2;0;1;;;;0;;;;;;;0;1;0;0;30000215;11000030
2020;1000000720;300000545;13;2;3;1;;00005199;00000008;;;1;0;0;0;;;;;;;;;;0;;0;0;30000125;11000017
2020;1000000722;300000546;17;2;1;1;;00001628;00000005;;;1;1;0;;;;0;;;0;;;;0;1;0;0;30000103;11000014
2020;1000000723;300000547;12;1;0;3;;00004688;00000006;00000011;00002062;1;0;1;;;;;;;;;0;;0;1;0;0;30000202;11000028
2020;1000000724;300000548;14;2;0;1;;00002561;00000005;00000025;00002281;1;0;0;0;;;;;;;;;;0;1;0;0;30000172;11000024
2020;1000000726;300000549;12;1;3;1;;00005566;00000001;00000009;00005385;1;0;0;;;;;;0;;0;;0;0;1;0;0;30000189;11000026
2020;1000000727;300000550;11;2;1;1;;00004331;00000007;00000009;;1;0;0;;1;;;;;0;;;;0;0;1;0;30000173;11000024
2020;1000000728;300000551;18;1;1;1;;00001271;00000004;00000021;;1;0;0;;;;0;;;;0;;;0;1;0;0;30000061;11000008
2020;1000000729;300000552;19;2;1;1;;00002869;00000003;00000019;00000134;1;0;1;;;1;;1;;;;0;;0;1;0;0;30000205;11000029
2020;1000000731;300000553;29;1;2;1;;00000089;00000004;;;1;0;0;0;1;1;;;;0;;0;;0;1;0;0;30000197;11000028
2020;1000000734;300000554;15;1;3;1;;00000349;00000003;;;1;0;0;0;;;;;;0;0;;0;0;1;0;0;30000183;11000026
2020;1000000735;300000555;11;1;1;1;;00002230;00000003;;00001033;2;0;0;;;;;0;;;;0;0;0;1;0;0;30000053;11000007
2020;1000000736;300000556;12;2;0;1;;00005084;00000002;00000016;00005409;1;0;1;;0;;;;;;;;0;0;1;0;0;30000155;11000022
2020;1000000737;300000557;8;2;1;1;;00001563;00000001;;00002315;1;0;0;;;1;;;;;;;;0;1;0;0;30000030;11000004
2020;1000000738;300000558;9;2;1;1;;00004301;00000005;;;1;0;0;;;;;;0;;;;;0;1;0;0;30000022;11000003
2020;1000000739;300000559;21;1;1;1;;00001365;00000002;;00002935;1;0;0;;;;;;;;;;;0;0;0;0;30000176;11000025
2020;1000000741;300000560;19;2;0;1;;00004267;00000001;;00001377;2;0;0;;;;;;;;;;;0;1;0;0;30000006;11000000
2020;1000000742;300000561;10;2;3;1;;00002313;00000005;;00001929;1;0;0;;;;;0;;;;;;0;1;0;;30000072;11000010
2020;1000000744;300000562;5;1;3;1;;00002273;00000006;;00000026;1;0;0;;0;1;;;;;;;;0;1;;0;30000045;11000006
2020;1000000747;300000563;20;1;0;1;;00003609;00000001;00000017;00000309;1;0;1;;;;;;0;;0;;;0;1;1;0;30000129;11000018
2020;1000000748;300000564;4;1;0;1;;00000411;00000003;00000015;00003255;1;0;1;0;;;;;0;;;;0;0;1;1;0;30000016;11000002
2020;1000000749;300000565;12;1;1;1;;00002178;00000007;00000027;00003483;1;0;0;;;;;0;0;;;;;0;1;0;0;30000090;11000012
2020;1000000750;300000566;13;2;1;1;;00004402;00000003;00000020;;1;0;0;;;0;;;;;;;;0;1;0;0;30000042;11000005
2020;1000000753;300000567;17;2;1;1;;00003688;00000008;00000002;00001208;1;0;0;;;;;;;;;0;;0;1;0;0;30000109;11000015
2020;1000000754;300000568;17;1;3;1;;00000139;00000001;00000011;;1;0;1;;;;;;0;;0;;;0;1;0;0;30000090;11000012
2020;1000000755;300000569;14;1;0;1;;00005137;00000002;;00001413;1;0;0;;;1;;;0;0;;;0;0;1;0;0;30000024;11000003
2020;1000000756;300000570;10;2;0;1;;00000939;00000008;00000004;;1;0;0;;;;;;;;;;;0;;0;0;30000095;11000013
2020;1000000757;300000571;17;2;1;1;;00005314;00000008;;;1;0;0;;;;;;;;;;;0;1;0;;30000010;11000001
2020;1000000759;300000572;25;1;3;1;;00005117;00000008;00000010;00001907;1;0;0;0;0;1;;;0;;0;;;0;1;1;0;30000046;11000006
2020;1000000761;300000573;8;1;3;1;;00005255;00000005;00000027;;1;0;0;;;;;;;;;;0;0;1;1;0;30000136;11000019
2020;1000000763;300000574;16;2;1;1;;00003783;00000004;;00002769;2;0;0;;;;0;;;0;;;0;;1;0;0;30000053;11000007
2020;1000000764;300000575;8;2;1;1;;00002966;00000008;;00003910;1;0;0;;;;;;0;;0;;;0;1;0;0;30000164;11000023
2020;1000000765;300000576;8;2;3;1;;00004965;00000001;;;2;1;0;;;1;;0;;;0;;;0;1;0;0;30000162;11000023
2020;1000000766;300000577;4;2;3;1;;00000452;00000002;00000003;00001639;1;0;0;;0;1;;;;;;0;;0;;0;0;30000136;11000019
2020;1000000767;300000578;18;1;1;1;;00005115;00000003;00000015;00000129;1;0;0;0;0;;;1;;;0;0;;0;1;1;0;30000125;11000017
2020;1000000768;300000579;18;1;0;1;;00004535;00000001;00000007;00003654;1;0;0;;;1;;;;;;;0;0;1;0;1;30000088;11000012
2020;1000000769;300000580;10;2;3;1;;00003529;00000008;00000012;00000767;1;0;0;;;;;;;;;;;0;1;0;0;30000184;11000026
2020;1000000771;300000581;15;1;1;1;;00002000;00000007;00000018;;1;0;0;;;;;;;;;;;0;1;0;0;30000012;11000001
2020;1000000773;300000582;13;1;2;1;;00001846;00000004;00000002;00004619;1;0;0;;;;0;;;;;;;0;1;0;0;30000190;11000027
2020;1000000774;300000583;7;2;0;1;;00004827;00000005;;00005470;1;0;0;0;;;;;;0;;;;0;1;0;0;30000146;11000020
2020;1000000776;300000584;4;2;3;1;;00001132;00000001;00000015;00005116;1;0;0;;0;;;0;;0;;;0;0;1;0;;30000213;11000030
2020;1000000777;300000585;5;1;1;1;;00001740;00000001;;00000746;1;0;0;;;;0;;0;;;0;;0;1;0;0;30000042;11000005
2020;1000000778;300000586;7;1;1;1;;00005239;00000006;00000011;00003208;1;0;0;;;;;;;;0;0;;;1;0;0;30000179;11000025
2020;1000000779;300000587;27;1;3;1;;00005503;00000008;;;1;0;0;;1;;;;;;;;;0;1;0;0;30000124;11000017
2020;1000000780;300000588;9;1;0;1;;00001007;00000001;;00004233;1;0;0;0;;0;;;;;;;;0;1;1;0;30000144;11000020
2020;1000000781;300000589;9;2;0;1;;00003859;00000004;00000011;;1;0;0;0;0;1;;;0;;;;;0;1;0;0;30000199;11000028
2020;1000000782;300000590;18;1;3;1;;00001123;00000005;00000014;00002542;1;0;0;0;;;;;;;;;;0;1;0;0;30000205;11000029
2020;1000000783;300000591;15;1;5;1;;00000757;00000008;;00000277;2;0;0;;;;;;;;;;;0;1;0;0;30000203;11000028
2020;1000000784;300000592;8;2;1;1;;00005344;00000005;;00000161;1;0;0;;;;;;;;;;;0;1;1;0;30000052;11000007
2020;1000000785;300000593;15;2;1;1;;00000163;00000002;00000007;00001481;1;0;0;;;;;;;;;0;;0;1;0;1;30000124;11000017
2020;1000000786;300000594;14;1;3;1;;00001451;00000001;00000009;00002623;1;0;0;;;0;0;;0;;;;;0;1;0;0;30000157;11000022
2020;1000000787;300000595;9;1;2;1;;00003187;00000004;;00002725;1;0;0;;;;;;0;;0;;;0;1;0;0;30000201;11000028
2020;1000000788;300000596;18;1;3;1;;00002216;00000004;00000014;00001517;1;0;0;;;1;;0;0;0;;;;0;1;0;0;30000043;11000006
2020;1000000789;300000597;15;1;0;1;;00000419;00000003;00000006;;1;0;1;;;;;;;;;;;0;1;0;0;30000129;11000018
2020;1000000790;300000598;21;1;1;1;;00003698;00000005;00000027;;1;0;0;;;;;;;;;;0;0;1;0;0;30000031;11000004
2020;1000000791;300000599;18;2;3;1;;00005115;00000002;;;1;0;0;;;;;;;;;;;0;1;1;0;30000024;11000003
2020;1000000792;300000600;9;1;1;1;;00003416;00000005;;;1;0;1;;;;;;0;;;0;;0;1;0;0;30000119;11000016
2020;1000000793;300000601;16;2;3;1;;00000960;00000008;;00002144;1;0;1;;;;;;0;;;;;0;1;0;0;30000072;11000010
2020;1000000794;300000602;19;1;1;1;;00002822;00000001;;00005401;1;0;0;;;;0;;;0;;;;0;1;;0;30000104;11000014
2020;1000000795;300000603;14;1;0;1;;00001889;00000002;00000014;00000514;2;0;1;0;0;;;;;;;;;0;1;0;0;30000204;11000029
2020;1000000798;300000604;6;2;0;1;;00000855;00000002;00000007;00003687;1;0;0;;;0;;;;;;0;;0;1;0;0;30000001;11000000
2020;1000000799;300000605;17;1;1;1;;00000270;00000006;00000024;;1;0;0;0;0;;;;;;;;;0;1;0;0;30000136;11000019
2020;1000000800;300000606;22;2;0;1;;00002536;00000002;00000026;00005055;1;0;0;;;;;;;;;;;0;1;0;0;30000047;11000006
2020;1000000801;300000607;5;1;3;1;;00002045;00000005;00000004;00004807;1;0;0;;;;;;0;;;;;0;1;0;0;30000132;11000018
2020;1000000803;300000608;10;2;1;1;;00003085;00000001;;00001213;1;0;1;;;;0;;;;;;0;0;0;0;0;30000188;11000026
2020;1000000804;300000609;10;2;1;1;;00000710;00000005;;00000191;1;0;0;;;1;0;;;;;0;;0;1;0;0;30000213;11000030
2020;1000000805;300000610;17;1;1;1;;00000959;00000001;;00003340;1;0;0;;0;;;;0;;;;;0;1;0;0;30000114;11000016
2020;1000000808;300000611;14;1;1;1;;00001315;00000004;;;1;0;0;;;;;;;;0;;;0;1;1;;30000182;11000025
2020;1000000809;300000612;10;1;1;1;;00001197;00000004;;00005440;1;0;0;0;;;;;;0;;;;;1;0;0;30000029;11000004
2020;1000000810;300000613;17;2;1;1;;00004656;00000002;;;2;0;1;;;;;;;;;;;0;1;0;0;30000208;11000029
2020;1000000811;300000614;4;1;0;1;;00004024;00000007;00000017;;2;0;0;;;;;;;;0;;;0;1;0;0;30000035;11000004
2020;1000000812;300000615;11;1;1;1;;00002242;00000003;;00002015;1;0;0;;;1;;;;0;;;;0;1;0;0;30000097;11000013
2020;1000000813;300000616;9;1;3;1;;00001372;00000002;00000023;;1;0;0;;;;;;;;;;;0;0;0;0;30000177;11000025
2020;1000000814;300000617;7;1;3;1;;00002363;00000007;00000007;;1;0;0;;;;;;;;;0;0;0;1;0;0;30000131;11000018
2020;1000000816;300000618;23;1;3;1;;00003222;00000003;00000020;;2;0;0;;;1;;;;;;;;0;1;0;0;30000050;11000007
2020;1000000817;300000619;15;2;0;1;;00003600;00000003;00000017;;1;0;0;0;;;;0;;;;;;0;1;;0;30000071;11000010
2020;1000000819;300000620;10;1;0;1;;00002468;00000008;;;1;0;0;;1;;;;;;;;;0;1;0;0;30000207;11000029
2020;1000000820;300000621;13;2;1;1;;00004861;00000004;;00004752;1;0;0;;;;;;0;;;;;0;1;0;0;30000157;11000022
2020;1000000821;300000622;9;2;3;1;;00001147;00000001;00000016;00000324;1;0;0;;;;;;;0;;;;0;1;;0;30000025;11000003
2020;1000000822;300000623;12;1;3;1;;00000746;00000002;00000001;;1;0;0;;;;;;;;;;;0;1;0;0;30000134;11000019
2020;1000000823;300000624;16;1;0;1;;00002981;00000006;;;1;0;0;;;;0;;1;;;;;0;;0;0;30000149;11000021
2020;1000000824;300000625;16;2;1;1;;00005134;00000001;00000025;00003947;1;0;0;;;;;;;;;;;0;0;0;0;30000155;11000022
2020;1000000826;300000626;13;2;1;1;;00003016;00000008;00000003;00002605;2;0;0;;;;;0;0;;;;;;1;0;0;30000019;11000002
2020;1000000828;300000627;13;1;1;1;;00002317;00000002;00000023;00000594;1;0;1;;;;;;;;;;;0;1;0;0;30000101;11000014
2020;1000000829;300000628;16;2;2;1;;00001848;00000004;00000014;;1;0;1;;;1;;;;;;;;0;1;0;0;30000102;11000014
2020;1000000830;300000629;13;1;3;1;;00005143;00000003;;00003483;2;0;0;;0;;0;;;;;;0;0;1;0;0;30000035;11000004
2020;1000000831;300000630;18;2;0;1;;00003093;00000001;00000017;;1;0;0;;;;;0;;;;;;0;1;0;0;30000200;11000028
2020;1000000832;300000631;16;1;1;1;;00004947;00000008;;00000228;2;0;1;0;;;;0;;;;;;0;1;0;0;30000118;11000016
2020;1000000835;300000632;19;2;3;1;;00003538;00000004;00000014;;1;0;0;0;;;;;;;;;;0;0;0;0;30000015;11000002
2020;1000000836;300000633;14;2;1;1;;00003762;00000008;00000020;;1;0;0;0;;;;;;;;;;0;1;0;0;30000040;11000005
2020;1000000837;300000634;8;1;3;1;;00002911;00000002;00000012;00001700;1;0;0;;0;;0;;0;0;0;;;0;1;;0;30000189;11000026
2020;1000000838;300000635;24;2;0;1;;00002167;00000006;00000023;00001885;1;0;0;;;;;;;;;;;0;1;0;0;30000180;11000025
2020;1000000839;300000636;16;2;3;1;;00003456;00000007;00000020;00005424;1;0;0;0;;;;;;;;;;0;1;0;0;30000012;11000001
2020;1000000840;300000637;20;2;0;1;;00004625;00000001;00000016;00001411;1;0;0;;1;;;;0;;;;;;1;0;0;30000129;11000018
2020;1000000842;300000638;15;2;1;1;;00003451;00000002;00000025;00001835;1;0;0;;;;;;;;;;;0;1;0;0;30000122;11000017
2020;1000000844;300000639;10;1;0;1;;00002683;00000002;;;1;0;1;;;;;0;;0;;0;;0;1;0;0;30000168;11000023
2020;1000000845;300000640;17;1;2;1;;00005097;00000001;00000010;00004864;1;0;0;;;;0;;;;0;;;0;1;0;0;30000178;11000025
2020;1000000847;300000641;12;2;3;1;;00005105;00000006;00000025;00001993;1;1;0;0;0;;;0;;;;0;;;1;0;0;30000158;11000022
2020;1000000849;300000642;17;2;1;1;;00002112;00000001;00000006;00000570;2;0;0;;0;;;;;;0;;;0;;0;0;30000073;11000010
2020;1000000850;300000643;10;2;3;1;;00000865;00000006;;00002555;1;0;0;;0;1;;;;;;;;0;1;0;0;30000167;11000023
2020;1000000851;300000644;7;2;1;1;;00002009;00000006;;;1;0;0;;;;;;;;0;;0;0;1;0;0;30000046;11000006
2020;1000000852;300000645;14;1;3;1;;00000983;00000008;00000015;00003906;1;0;0;;;;;;;0;;;;0;1;0;0;30000186;11000026
2020;1000000853;300000646;18;1;1;1;;00004434;00000003;00000018;00001732;1;0;0;0;;;;;;;;;;0;1;0;0;30000123;11000017
2020;1000000854;300000647;9;2;1;1;;00004177;00000005;;00002390;1;0;0;;;;;;0;;;;;0;0;0;0;30000139;11000019
2020;1000000856;300000648;19;1;0;1;;00004330;00000001;00000016;00000064;1;0;0;;;;;;;0;;;;0;1;;0;30000199;11000028
2020;1000000857;300000649;23;1;0;1;;00005560;00000008;00000015;;1;0;;0;;;;0;;;;0;;0;0;0;0;30000028;11000003
2020;1000000859;300000650;24;2;0;1;;00001693;00000001;;00001322;1;0;0;;;1;;;0;0;;;0;0;1;0;0;30000026;11000003
2020;1000000862;300000651;14;1;1;1;;00000885;00000004;00000006;00000621;2;0;0;;;;0;;;;;;0;0;1;0;0;30000157;11000022
2020;1000000863;300000652;13;2;1;1;;00005342;00000007;00000019;;1;0;1;;;;;;0;;;;;0;1;1;0;30000156;11000022
2020;1000000864;300000653;12;1;1;1;;00001475;00000008;00000017;00002723;1;0;0;;0;;;0;;;;0;;0;1;0;0;30000197;11000028
2020;1000000865;300000654;6;1;0;1;;00003405;00000001;00000007;00004455;1;0;1;;;1;;0;;;;;;0;1;0;0;30000120;11000017
2020;1000000866;300000655;16;1;3;1;;00005517;00000004;00000013;00003007;1;0;0;0;;;;;;;;;;0;0;0;0;30000101;11000014
2020;1000000867;300000656;17;2;1;1;;00002859;00000001;00000012;00001953;2;0;0;;;;;;;;;;;0;1;0;0;30000183;11000026
2020;1000000868;300000657;11;1;3;1;;00001813;00000003;;00005041;2;0;0;0;;;;;;0;;;;0;1;0;0;30000186;11000026
2020;1000000870;300000658;20;2;2;1;;00004725;00000003;00000004;00001274;2;0;0;;;;;;;;0;0;;0;1;0;0;30000097;11000013
2020;1000000871;300000659;21;1;1;1;;00003302;00000005;00000020;00001582;1;0;0;;;;;;;0;0;;0;0;1;0;0;30000030;11000004
2020;1000000872;300000660;16;1;1;1;;00002727;00000007;00000004;00004680;1;0;0;;;0;0;;;0;;0;;0;1;0;0;30000028;11000003
2020;1000000873;300000661;6;2;1;1;;00001575;00000003;;00001218;2;0;0;;;;;0;;;;;;0;1;0;1;30000195;11000027
2020;1000000875;300000662;8;2;3;1;;00005251;00000003;;00001822;1;1;1;0;;;;;;0;0;0;;0;1;0;0;30000038;11000005
2020;1000000876;300000663;15;2;0;1;;00004367;00000006;00000001;;1;0;1;;;;;;;;;;0;0;1;0;0;30000135;11000019
2020;1000000877;300000664;11;2;1;1;;00001244;00000001;00000026;;2;0;0;;0;;;;;;0;;;0;0;0;0;30000117;11000016
2020;1000000878;300000665;4;1;0;1;;00001778;00000005;;;1;0;0;;;;;0;;0;;;;0;1;0;0;30000209;11000029
2020;1000000879;300000666;19;1;1;1;;00000240;00000004;;;2;0;0;;;;0;;;;;;0;0;1;0;0;30000047;11000006
2020;1000000880;300000667;22;1;0;1;;00003955;00000003;00000025;00003114;1;0;0;0;;;;;;;;;;0;1;0;0;30000173;11000024
2020;1000000881;300000668;7;2;0;1;;00005200;00000004;00000013;;1;0;0;;;1;;;;0;;;;0;1;0;0;30000172;11000024
2020;1000000882;300000669;9;1;1;1;;00000970;00000001;;00003325;1;0;1;;;;;;;;;;;0;1;1;0;30000188;11000026
2020;1000000883;300000670;20;2;1;1;;00002539;00000008;00000015;00004376;1;0;0;;;1;;;;;0;;;0;0;0;0;30000191;11000027
2020;1000000884;300000671;4;1;0;1;;00000661;00000004;;00000437;1;0;0;;;;;0;;;;;0;0;1;0;0;30000189;11000026
2020;1000000886;300000672;13;1;1;1;;00003142;00000007;00000003;00004895;1;0;0;;;;;;0;;;0;;0;1;0;0;30000081;11000011
2020;1000000888;300000673;6;1;3;1;;00003543;00000001;;00002797;1;0;0;0;1;;;;;;;;;0;1;0;0;30000155;11000022
2020;1000000889;300000674;20;2;3;1;;00003126;00000003;00000014;;1;0;0;;;;;1;;;;;;0;1;0;0;30000158;11000022
2020;1000000890;300000675;14;1;0;1;;00001946;00000006;00000016;;1;1;0;0;;;;;;;;;;0;0;0;0;30000038;11000005
2020;1000000891;300000676;11;2;3;1;;00004698;00000003;00000007;00003614;1;0;0;;0;;;;;;;;;0;1;0;0;30000195;11000027
2020;1000000892;300000677;9;1;1;1;;00001664;00000007;;;1;0;0;;1;;;;;;;0;;0;1;0;0;30000042;11000005
2020;1000000894;300000678;18;1;1;1;;00004384;00000007;00000006;00001849;2;0;0;;;;;;;;;;;0;0;0;0;30000077;11000010
2020;1000000896;300000679;18;2;3;1;;00004248;00000004;00000023;;2;0;0;;;;;;;;;;;0;1;0;0;30000136;11000019
2020;1000000897;300000680;15;2;1;1;;00001832;00000002;00000015;;1;0;0;;;;;;;;;;;0;1;1;1;30000178;11000025
2020;1000000898;300000681;8;1;0;1;;00005081;00000006;00000006;00004242;2;0;0;;;;;;;0;;0;0;0;1;0;0;30000134;11000019
2020;1000000899;300000682;8;2;1;1;;00001235;00000002;00000001;00003808;1;0;0;;;;;;;;0;;;0;1;0;0;30000025;11000003
2020;1000000900;300000683;15;2;3;1;;00003358;00000006;;;1;0;0;;;;;;;;;;;0;1;0;0;30000078;11000011
2020;1000000901;300000684;16;1;2;1;;00005326;00000005;00000011;00002987;1;0;0;;;1;;0;;;;;;0;1;0;0;30000017;11000002
2020;1000000902;300000685;18;1;1;1;;00005570;00000005;00000004;00000985;1;0;0;;;0;;0;;;;;;0;1;0;0;30000012;11000001
2020;1000000903;300000686;16;2;1;1;;00000560;00000008;00000016;00001213;1;0;0;0;;;;;;;;;;0;1;0;0;30000091;11000012
2020;1000000904;300000687;19;2;1;1;;00003953;00000006;;00001032;1;0;0;0;;;;;;0;;;;0;1;1;0;30000131;11000018
2020;1000000905;300000688;25;2;0;1;;00003355;00000001;00000017;00004925;2;1;0;0;;;;;;;;;0;0;0;0;0;30000205;11000029
2020;1000000906;300000689;12;1;1;1;;00003952;00000001;00000011;;1;0;0;0;;;;;;;;;;0;;0;0;30000192;11000027
2020;1000000907;300000690;13;2;0;1;;00001248;00000002;00000024;;2;0;0;;1;1;;0;;;;0;;0;1;0;0;30000110;11000015
2020;1000000908;300000691;10;2;0;1;;00000975;00000008;00000026;00002695;1;0;0;0;;;;0;;0;;;;0;1;;0;30000163;11000023
2020;1000000909;300000692;15;1;0;1;;00005198;00000002;;00002407;1;0;0;;1;;;;0;;0;0;;0;1;0;0;30000141;11000020
2020;1000000911;300000693;12;2;1;1;;00004342;00000005;;;1;0;0;;;;;;;;;;0;0;1;0;0;30000116;11000016
2020;1000000912;300000694;26;2;0;1;;00004953;00000007;00000001;00001040;1;0;0;;;;;0;;;;;;0;1;0;0;30000002;11000000
2020;1000000914;300000695;7;2;3;1;;00002317;00000006;00000026;00003340;1;0;0;;0;1;;;0;;;;0;0;1;0;0;30000177;11000025
2020;1000000917;300000696;19;2;1;1;;00005386;00000004;00000003;00001334;1;0;1;;;1;;;;;;;;0;1;0;0;30000198;11000028
2020;1000000918;300000697;13;1;3;1;;00002608;00000004;00000023;;1;0;0;;;0;;0;;;;;;0;1;1;0;30000113;11000016
2020;1000000920;300000698;20;2;1;1;;00003840;00000005;00000015;00001726;1;0;0;;0;;;;;;;;0;0;1;1;0;30000039;11000005
2020;1000000923;300000699;15;2;0;1;;00005416;00000006;00000008;00003073;1;0;0;0;;;;;0;;;;;0;1;0;0;30000034;11000004
2020;1000000924;300000700;9;1;3;1;;00003656;00000004;;00001058;1;0;1;;;1;;;;;;;;0;0;0;0;30000083;11000011
2020;1000000925;300000701;21;1;3;1;;00003246;00000002;;;1;0;0;;;;;;;0;0;;0;0;1;0;0;30000094;11000013
2020;1000000926;300000702;17;1;3;1;;00001834;00000008;00000002;;2;0;1;0;;1;;0;;0;;;;0;1;0;0;30000044;11000006
2020;1000000927;300000703;12;1;1;1;;00002598;00000005;00000014;00003088;1;1;0;;;1;0;;0;;0;;;0;1;1;0;30000030;11000004
2020;1000000928;300000704;17;1;3;1;;00004581;00000008;00000019;00000009;2;0;0;;;;;;;;;;0;0;1;0;;30000012;11000001
2020;1000000929;300000705;11;2;3;1;;00003240;00000001;00000019;00003597;1;0;0;;;;;;;;;;0;0;1;0;0;30000209;11000029
2020;1000000930;300000706;11;2;5;1;;00000701;00000004;;;1;0;0;;;;;;;0;;;;0;1;0;0;30000042;11000005
2020;1000000931;300000707;27;2;0;1;;00004358;00000004;00000009;00004437;1;0;0;;0;;;;;;;0;;0;1;0;0;30000196;11000027
2020;1000000933;300000708;24;1;0;1;;00001385;00000008;;;1;0;0;;;;;;;;;;;0;1;0;0;30000056;11000007
2020;1000000934;300000709;7;2;1;1;;00005043;00000003;00000015;00001165;1;0;0;;;0;;;;;;;;0;1;0;0;30000006;11000000
2020;1000000936;300000710;16;2;3;1;;00001735;00000007;00000015;00003862;1;0;0;;;;;;;;;;;0;1;0;0;30000202;11000028
2020;1000000937;300000711;12;2;3;1;;00001286;00000003;00000001;00001094;1;0;0;;;;;;;;;0;0;0;1;0;0;30000086;11000012
2020;1000000940;300000712;11;2;0;1;;00003642;00000004;00000010;;1;0;0;;;;0;;;;;;0;0;1;0;0;30000057;11000008
2020;1000000941;300000713;10;2;1;1;;00002522;00000003;00000023;00000019;1;0;0;;;;;;;;;0;0;0;1;1;0;30000209;11000029
2020;1000000942;300000714;15;2;0;1;;00002715;00000001;00000005;;1;0;0;;;;;;;;;;;0;;0;0;30000074;11000010
2020;1000000943;300000715;12;1;0;1;;00005134;00000002;00000015;00001792;2;0;0;0;;;;;;;;;;0;1;0;0;30000110;11000015
2020;1000000944;300000716;7;2;1;1;;00002855;00000008;;00000670;1;0;0;;;;;0;0;0;0;0;;0;1;0;0;30000134;11000019
2020;1000000945;300000717;18;1;1;1;;00001730;00000002;00000007;00005463;2;0;0;;;;;;;;;;;0;1;0;0;30000139;11000019
2020;1000000947;300000718;8;1;0;1;;00004840;00000007;;00001050;2;0;1;;;;;;;;;;;;1;0;0;30000120;11000017
2020;1000000948;300000719;10;2;3;1;;00004106;00000004;00000024;00001002;1;0;0;;;;;1;;;;;;0;1;1;0;30000156;11000022
2020;1000000950;300000720;12;1;3;1;;00002453;00000001;00000011;00001686;1;0;1;;;;;;0;0;;0;;0;1;0;;30000164;11000023
2020;1000000951;300000721;18;2;3;1;;00003249;00000002;00000014;00002905;2;0;1;;;;;;;;;;;0;1;0;0;30000163;11000023
2020;1000000953;300000722;7;1;0;1;;00000819;00000007;00000019;;1;0;0;;;;0;;;;;0;0;0;1;0;0;30000099;11000014
2020;1000000954;300000723;18;2;1;1;;00003129;00000003;00000023;00000430;2;0;0;;0;;;;;;;;;0;1;0;0;30000056;11000007
2020;1000000955;300000724;9;2;0;1;;00002871;00000005;00000011;;1;0;1;;0;;;;;;;;;0;1;0;0;30000038;11000005
2020;1000000956;300000725;9;1;3;1;;00002954;00000005;00000021;;1;0;1;0;;;0;;;;;;;0;1;0;0;30000204;11000029
2020;1000000957;300000726;20;1;3;1;;00001747;00000001;00000015;00001903;1;0;0;;;;;;;0;;;0;0;1;0;0;30000097;11000013
2020;1000000959;300000727;8;1;0;1;;00004902;00000007;;;1;0;0;;;;;;;;;;;0;1;0;0;30000090;11000012
2020;1000000961;300000728;9;1;3;1;;00003790;00000003;00000005;00001533;2;0;1;;;;;;;;;;;0;1;0;0;30000062;11000008
2020;1000000962;300000729;16;2;3;1;;00004523;00000002;;00005367;1;0;0;;;;;;;;;;;0;1;0;1;30000144;11000020
2020;1000000964;300000730;15;2;0;1;;00001319;00000005;00000006;00001275;1;0;0;0;;;;;;;;;;;0;0;0;30000118;11000016
2020;1000000965;300000731;5;1;1;1;;00000559;00000008;00000009;00002498;1;0;0;;;1;;;;;;;;0;1;0;0;30000159;11000022
2020;1000000967;300000732;17;2;3;1;;00002090;00000002;00000001;00000924;1;0;0;;;;;;;;;;0;0;1;0;0;30000164;11000023
2020;1000000969;300000733;13;1;3;1;;00000849;00000008;00000016;00002557;1;0;1;;;1;;;;;0;;;0;1;0;0;30000033;11000004
2020;1000000970;300000734;18;2;0;1;;00001152;00000005;00000017;;1;0;0;;;;;;0;;;1;;0;1;0;;30000006;11000000
2020;1000000971;300000735;11;2;5;1;;00004293;00000003;00000022;00003699;1;0;1;;;1;;;;;;0;;0;1;0;1;30000005;11000000
2020;1000000972;300000736;19;1;1;1;;00004164;00000008;;00002994;1;0;0;;;;;;;0;;;;0;1;0;0;30000123;11000017
2020;1000000973;300000737;19;2;1;1;;00004038;00000005;00000010;00004512;1;0;0;;0;1;0;;;;;0;;0;1;0;;30000006;11000000
2020;1000000974;300000738;16;1;3;1;;00000196;00000006;00000024;;1;0;1;;;;;;0;0;;;;0;1;1;0;30000111;11000015
2020;1000000975;300000739;17;2;3;1;;00000502;00000006;00000018;00003190;1;0;0;;;;;;;;;0;;0;1;0;0;30000076;11000010
2020;1000000976;300000740;14;1;1;1;;00003533;00000001;00000014;00000150;1;0;1;;;;0;;0;;;0;;0;1;0;0;30000106;11000015
2020;1000000977;300000741;12;2;2;1;;00004758;00000005;00000014;00002957;2;0;0;0;;1;;;0;0;;;;0;1;0;0;30000101;11000014
2020;1000000978;300000742;8;2;0;1;;00003799;00000004;;00001109;1;0;0;;;1;;0;0;;;0;;0;1;0;;30000050;11000007
2020;1000000979;300000743;15;2;0;1;;00002553;00000006;;00001912;1;0;0;;1;;;;;;;;;0;1;0;1;30000214;11000030
2020;1000000980;300000744;18;1;3;1;;00002049;00000005;00000013;00003834;2;0;0;;;;;0;0;;;;;0;1;0;0;30000109;11000015
2020;1000000982;300000745;11;1;0;1;;00004833;00000006;;00001290;1;0;0;0;;;;;0;;0;;0;0;1;0;0;30000127;11000018
2020;1000000984;300000746;11;2;3;1;;00004707;00000002;;;1;0;1;;0;;;;;0;;;;0;1;0;0;30000083;11000011
2020;1000000985;300000747;13;1;1;1;;00004239;00000002;;;1;0;0;;;;;;;;;;;0;1;0;0;30000165;11000023
2020;1000000987;300000748;15;1;3;1;;00000165;00000005;00000003;00003969;1;0;0;;;;0;;;;;;;0;1;0;0;30000157;11000022
2020;1000000988;300000749;14;1;3;1;;00004147;00000002;;;2;0;0;0;;;;0;;;;0;;0;0;0;0;30000062;11000008
2020;1000000991;300000750;15;2;1;1;;00003807;00000003;00000011;00000229;1;0;1;;;1;0;;;;;;;0;1;0;0;30000022;11000003
2020;1000000993;300000751;21;1;3;1;;00004364;00000004;00000006;;1;0;0;;;;0;0;;;;;;0;1;0;0;30000129;11000018
2020;1000000994;300000752;15;1;0;1;;00003047;00000003;;;1;1;0;;;;;;;0;;;;0;;0;0;30000008;11000001
2020;1000000995;300000753;17;1;1;1;;00001184;00000008;;;2;0;0;;;;0;;0;;;;;0;1;0;0;30000190;11000027
2020;1000000997;300000754;16;2;5;1;;00000856;00000006;;00003961;1;0;0;;;;0;;;;0;;;0;1;0;0;30000160;11000022
2020;1000000998;300000755;11;2;0;1;;00001584;00000004;;00003406;1;0;0;;;;0;;;;;;0;0;1;0;0;30000151;11000021
2020;1000000999;300000756;16;1;3;1;;00004398;00000007;;;1;0;;;;;;;;;;;;0;;0;1;30000113;11000016
2020;1000001000;300000757;15;1;1;1;;00001385;00000003;00000006;00000856;1;0;0;;;;;;;0;;;;0;1;0;0;30000197;11000028
2020;1000001001;300000758;13;1;1;1;;00003315;00000001;00000008;;1;0;0;;;1;;;;;;0;;0;1;0;0;30000189;11000026
2020;1000001002;300000759;24;2;3;1;;00001522;00000007;00000001;00003578;1;0;0;;;1;;;;;;;;0;0;0;0;30000116;11000016
2020;1000001005;300000760;16;1;1;1;;00004475;00000001;00000014;00002492;1;0;0;;;;;;;;;;;0;1;0;0;30000024;11000003
2020;1000001007;300000761;9;2;3;1;;00000744;00000006;00000009;00001693;1;0;1;0;;1;;;;;;;;0;0;;0;30000181;11000025
2020;1000001008;300000762;10;1;1;1;;00002510;00000006;00000005;00001746;1;0;1;;;;;;;;;;;0;1;0;0;30000213;11000030
2020;1000001009;300000763;8;2;1;1;;00002213;00000003;00000003;;1;0;0;0;0;;;;;;;;;0;1;0;0;30000065;11000009
2020;1000001010;300000764;13;1;0;1;;00004497;00000005;00000015;00004540;1;0;0;;;;;0;;;;0;;0;1;;0;30000054;11000007
2020;1000001012;300000765;15;1;1;1;;00000552;00000003;;00000024;1;0;0;;;;;;;;;;;0;1;0;0;30000089;11000012
2020;1000001013;300000766;18;2;1;1;;00001897;00000004;00000016;00004079;2;0;0;;;1;;;;;;;;0;1;1;0;30000212;11000030
2020;1000001015;300000767;15;1;3;1;;00001286;00000001;00000020;;2;0;1;;;;;;;;;;;0;1;0;0;30000143;11000020
2020;1000001017;300000768;8;2;0;1;;00001854;00000004;;;1;0;0;0;;1;;;;;;;;;0;0;0;30000106;11000015
2020;1000001019;300000769;27;2;0;1;;00002718;00000001;;00003397;1;0;0;;1;;;;0;;;;;0;1;0;0;30000073;11000010
2020;1000001020;300000770;8;2;0;1;;00001268;00000008;;00002034;1;0;0;0;;;0;;0;;;;;0;1;0;;30000149;11000021
2020;1000001022;300000771;11;2;3;1;;00003030;00000008;00000009;;1;0;0;;;;0;;;;;;;0;1;0;0;30000030;11000004
2020;1000001023;300000772;19;1;1;1;;00005452;00000002;00000020;;1;0;1;;;;0;;;;;;;0;1;0;0;30000076;11000010
2020;1000001024;300000773;7;1;3;1;;00001814;00000007;00000010;00003702;1;0;0;0;;;;;;0;;;;0;1;0;0;30000115;11000016
2020;1000001026;300000774;12;2;0;1;;00001546;00000007;00000006;00002884;2;0;0;;;;;0;;0;;;;0;1;0;0;30000072;11000010
2020;1000001027;300000775;18;2;0;1;;00001176;00000007;;;1;0;0;;;;;;0;;;0;;0;1;1;0;30000059;11000008
2020;1000001028;300000776;40;2;0;1;;00004192;00000006;00000022;;1;0;1;;;;;0;;;;0;;0;1;0;0;30000052;11000007
2020;1000001031;300000777;10;2;3;1;;00000206;00000003;00000015;;1;0;0;;1;;;0;;;;;0;0;1;0;0;30000008;11000001
2020;1000001032;300000778;22;2;1;1;;00000064;00000002;;00000799;1;0;1;;;;;;0;;;;;0;1;0;0;30000015;11000002
2020;1000001033;300000779;11;1;1;1;;00004493;00000001;00000024;00003389;2;0;0;;0;;;;;;;0;;;1;1;0;30000150;11000021
2020;1000001034;300000780;10;1;0;1;;00000755;00000007;;00005277;1;0;0;;;;;;0;0;0;;;0;1;0;0;30000053;11000007
2020;1000001035;300000781;10;2;0;1;;00000459;00000008;;00004286;1;0;0;;0;;;;;0;;;;0;1;0;0;30000003;11000000
2020;1000001036;300000782;6;2;1;1;;00001435;00000001;00000013;00002290;1;0;0;;;;;;;0;;;;0;1;0;0;30000167;11000023
2020;1000001037;300000783;13;1;3;1;;00004459;00000007;00000023;00003540;1;0;1;;;;;;;;;;;0;;1;0;30000215;11000030
2020;1000001038;300000784;14;2;0;1;;00002654;00000008;00000010;00003914;1;0;0;;;;;;;;;0;;0;1;0;1;30000116;11000016
2020;1000001039;300000785;14;2;1;1;;00003062;00000006;00000015;;1;0;0;;;;0;0;;;0;;;0;1;0;0;30000131;11000018
2020;1000001041;300000786;9;1;1;1;;00003717;00000001;;;1;0;0;;;1;;0;0;;0;;0;0;1;0;0;30000173;11000024
2020;1000001042;300000787;11;1;0;1;;00000834;00000005;;;1;0;1;;;;0;;0;;;0;;0;1;0;0;30000080;11000011
2020;1000001043;300000788;9;1;3;1;;00003253;00000003;00000002;00000899;1;0;0;;;;;0;;0;;0;;0;1;0;;30000041;11000005
2020;1000001044;300000789;27;1;1;1;;00004960;00000002;;00003441;1;0;0;;;;;;;;;;;0;1;0;;30000029;11000004
2020;1000001048;300000790;5;1;0;1;;00001872;00000001;00000014;;1;0;0;;;;;;;0;;;;0;1;;0;30000137;11000019
2020;1000001049;300000791;18;2;1;1;;00004912;00000008;00000021;00002544;1;0;0;;;;0;;;;;;;0;0;0;0;30000139;11000019
2020;1000001050;300000792;10;1;3;1;;00003518;00000001;00000023;00005250;1;0;0;;0;;;;;;0;0;;0;1;0;0;30000005;11000000
2020;1000001051;300000793;16;1;1;1;;00000954;00000002;00000009;00004705;1;0;0;;;0;0;;;;;;;0;1;0;0;30000212;11000030
2020;1000001052;300000794;11;2;1;1;;00005429;00000008;00000016;00002361;1;0;0;0;;;;;;;;;;0;1;0;0;30000088;11000012
2020;1000001053;300000795;14;1;3;1;;00005117;00000001;00000011;00004407;1;0;0;;;;;;;;;;;0;1;0;0;30000030;11000004
2020;1000001054;300000796;18;1;3;1;;00004387;00000008;;;1;0;0;0;;;;0;;;;0;0;0;1;0;0;30000072;11000010
2020;1000001055;300000797;13;1;1;1;;00002844;00000004;00000008;00001697;1;0;0;0;;1;;;0;;;;;0;;0;0;30000190;11000027
2020;1000001056;300000798;10;1;1;1;;00005076;00000007;00000015;;1;0;0;;;;;;;;;0;;0;1;0;0;30000156;11000022
2020;1000001057;300000799;10;2;0;1;;00001372;00000008;00000020;00002357;2;0;0;;;;;;0;;;;0;0;1;0;0;30000051;11000007
2020;1000001058;300000800;22;2;0;1;;00001369;00000007;;00001289;1;0;0;;;;;;;0;;;;0;1;0;0;30000016;11000002
2020;1000001059;300000801;19;2;0;1;;00002191;00000003;00000003;00001424;2;0;1;;;;;;0;;;;;0;1;0;0;30000018;11000002
2020;1000001061;300000802;18;1;1;1;;00002974;00000008;;00002556;1;0;0;;;;;;;;;0;;0;1;1;0;30000063;11000008
2020;1000001062;300000803;9;2;5;1;;00000960;00000007;00000006;00003312;1;0;0;;0;1;;;;0;;;;0;1;0;0;30000149;11000021
2020;1000001063;300000804;15;1;0;1;;00002449;00000002;00000015;00001141;2;0;0;;;;;0;;;0;0;0;0;1;0;0;30000013;11000001
2020;1000001064;300000805;10;2;3;1;;00002145;00000003;;;1;0;0;0;;;;0;;;0;0;;0;1;0;0;30000026;11000003
2020;1000001065;300000806;11;2;3;1;;00004586;00000006;00000001;00003226;2;0;0;;;0;;;;;;;0;0;;0;0;30000205;11000029
2020;1000001066;300000807;10;2;3;1;;00004999;00000005;00000025;00000139;1;0;1;;0;1;;;;0;;;;0;1;1;0;30000019;11000002
2020;1000001067;300000808;13;2;1;1;;00000371;00000008;00000018;00002091;2;0;0;;;;;;;;;0;;0;1;;0;30000069;11000009
2020;1000001068;300000809;13;2;1;1;;00000547;00000003;00000005;;1;0;0;0;;;0;0;;0;;;;;1;0;0;30000021;11000002
2020;1000001069;300000810;19;2;0;1;;00005078;00000004;;00001442;2;0;0;0;;;;;0;0;;;;;1;0;0;30000017;11000002
2020;1000001070;300000811;6;1;1;1;;00001813;00000007;;00005476;1;0;0;;;;0;;;;0;;;0;1;0;0;30000095;11000013
2020;1000001071;300000812;10;1;1;1;;00000633;00000004;00000015;;1;0;0;;0;;;0;;;0;;0;0;1;0;0;30000101;11000014
2020;1000001072;300000813;14;1;3;1;;00005341;00000007;00000020;;1;0;0;;0;1;;;;;;;0;0;1;0;0;30000172;11000024
2020;1000001073;300000814;5;1;3;1;;00001951;00000008;00000002;00004762;1;0;1;;0;;;;0;0;0;;;0;1;0;0;30000149;11000021
2020;1000001075;300000815;6;1;1;1;;00004887;00000007;00000021;00001347;1;0;0;;;;0;;;0;;;;0;1;0;0;30000033;11000004
2020;1000001076;300000816;15;1;3;1;;00000391;00000008;00000026;00003397;1;0;1;;;1;;;0;0;0;;;0;1;0;0;30000124;11000017
2020;1000001077;300000817;14;1;3;1;;00002473;00000004;00000004;00002369;1;0;0;;;1;;;;;0;0;;0;1;0;0;30000139;11000019
2020;1000001078;300000818;23;1;0;1;;00000897;00000004;00000003;;2;0;0;;;;0;;;;;;0;0;1;0;0;30000170;11000024
2020;1000001079;300000819;4;2;3;1;;00003010;00000005;00000022;00005154;2;0;0;;;;;;;;;;;0;1;0;0;30000204;11000029
2020;1000001081;300000820;11;1;3;1;;00001751;00000002;;00001528;2;0;;;;;;0;0;;;;;0;1;0;0;30000201;11000028
2020;1000001082;300000821;9;1;2;1;;00004266;00000004;;00001298;1;0;0;;;;;;;;;;;;1;0;0;30000046;11000006
2020;1000001083;300000822;4;1;2;1;;00001661;00000006;00000002;00002419;1;0;0;;;;;;;;;;;0;1;;0;30000087;11000012
2020;1000001084;300000823;15;1;1;1;;00000377;00000005;00000020;00000231;1;0;0;0;;;;;0;;;;;0;;0;;30000181;11000025
2020;1000001085;300000824;8;1;0;1;;00001448;00000001;;00004182;1;0;0;;;0;0;0;0;;;;;;1;;0;30000069;11000009
2020;1000001086;300000825;10;2;1;1;;00001786;00000001;00000009;00002459;1;0;0;;;;;;;0;;;;0;1;0;1;30000012;11000001
2020;1000001087;300000826;6;2;1;1;;00004853;00000005;00000027;00003318;2;0;0;;;;0;;;;;;;0;1;0;0;30000198;11000028
2020;1000001088;300000827;12;1;1;1;;00005475;00000003;;00003804;1;0;0;;;;;;;;0;;;0;;0;0;30000200;11000028
2020;1000001089;300000828;8;1;3;1;;00002017;00000001;00000005;00004664;1;0;0;;;1;;;;;;;;0;1;0;0;30000014;11000001
2020;1000001091;300000829;14;1;3;1;;00005560;00000005;;;1;0;1;;;;0;;;;;;;0;1;;0;30000008;11000001
2020;1000001092;300000830;15;1;3;1;;00003554;00000002;00000015;00004232;1;0;0;;;;;;;;;;0;0;1;0;1;30000017;11000002
2020;1000001095;300000831;19;1;3;1;;00000965;00000001;;00003201;1;0;0;0;0;;0;0;;;;;;0;1;0;0;30000216;11000030
2020;1000001096;300000832;17;1;0;1;;00003809;00000001;00000006;;1;0;0;;0;;;;;;;;;0;1;0;0;30000040;11000005
2020;1000001097;300000833;16;2;1;1;;00002006;00000001;00000022;00000650;1;0;0;;;;;;;;;0;;0;1;0;0;30000081;11000011
2020;1000001098;300000834;14;1;3;1;;00002410;00000005;00000015;00000719;1;0;0;0;0;;;;;;;;;0;1;0;0;30000073;11000010
2020;1000001099;300000835;14;2;3;1;;00002648;00000005;00000012;00001102;1;0;0;;0;;;0;;;;;;0;1;0;0;30000101;11000014
2020;1000001101;300000836;16;1;0;1;;00002449;00000002;00000013;;1;0;0;;;;;;;;;;;0;1;0;0;30000120;11000017
2020;1000001102;300000837;5;2;3;1;;00000020;00000002;;00004629;1;0;0;;;;;;;;;;;0;0;0;0;30000146;11000020
2020;1000001103;300000838;4;2;1;1;;00004995;00000008;00000011;00001153;1;0;0;;;0;;;;;;;;0;1;0;0;30000143;11000020
2020;1000001104;300000839;9;2;1;1;;00004366;00000001;00000022;00001817;2;0;1;;;;;0;;;;;0;0;1;0;0;30000204;11000029
2020;1000001105;300000840;18;2;3;1;;00002210;00000005;00000014;00002231;1;0;0;;;;;;;;;;;0;1;0;0;30000045;11000006
2020;1000001106;300000841;36;2;3;1;;00002565;00000007;00000004;00002609;1;0;0;;0;;;;;;;;0;0;1;0;0;30000037;11000005
2020;1000001107;300000842;15;2;3;1;;00004327;00000003;;00001818;2;0;0;;;;;0;;0;;;;0;0;0;0;30000107;11000015
2020;1000001108;300000843;17;2;0;1;;00003621;00000002;;;1;0;0;;;1;;;0;0;;;;0;1;0;0;30000051;11000007
2020;1000001109;300000844;4;2;1;1;;00001103;00000002;00000013;00001998;1;0;0;;;1;;;;;;;;0;1;0;;30000150;11000021
2020;1000001110;300000845;12;1;3;1;;00002966;00000003;;00002879;1;0;0;;;;0;;;;;;;0;1;0;0;30000044;11000006
2020;1000001111;300000846;10;1;1;1;;00004321;00000003;00000024;;2;0;0;;;;;0;0;0;;;;0;1;0;0;30000179;11000025
2020;1000001113;300000847;9;2;0;1;;00001472;00000007;00000006;;1;0;0;0;0;;;;;;;;;0;1;;0;30000080;11000011
2020;1000001114;300000848;4;2;3;1;;00001771;00000003;00000010;00002012;2;0;0;;;;0;;;;;;;0;1;0;0;30000199;11000028
2020;1000001115;300000849;10;1;0;1;;00002595;00000002;00000013;00000434;1;0;0;;;1;;0;;;;;;0;1;1;1;30000046;11000006
2020;1000001116;300000850;11;2;0;1;;00004841;00000002;00000021;;1;0;0;;0;;;0;;;0;;;0;1;0;0;30000087;11000012
2020;1000001117;300000851;7;1;1;1;;00002615;00000008;;00003569;2;0;1;;;;0;0;;;;;;0;1;0;0;30000089;11000012
2020;1000001118;300000852;8;2;0;1;;00001666;00000004;;;2;0;0;;;;;;;;;;;0;1;0;0;30000195;11000027
2020;1000001119;300000853;14;2;3;1;;00004515;00000001;00000025;;1;0;0;;;;;;;;0;0;0;0;0;0;0;30000152;11000021
2020;1000001120;300000854;18;1;1;1;;00000207;00000005;00000004;00001104;1;0;0;0;;;;;;;;;;0;1;0;0;30000212;11000030
2020;1000001121;300000855;4;2;1;3;;00002923;00000004;;;1;0;0;;;1;0;;;;;;0;;1;0;0;30000194;11000027
2020;1000001122;300000856;4;1;3;1;;00000487;00000007;00000011;00001857;1;0;1;;;;0;;;;0;;;0;1;0;0;30000050;11000007
2020;1000001124;300000857;9;2;3;1;;00003649;00000006;;00002585;1;0;0;;;1;;;;;;;;;1;0;0;30000100;11000014
2020;1000001125;300000858;4;1;3;1;;00002879;00000006;00000014;;1;0;1;;;;;;;;;;;0;1;0;0;30000039;11000005
2020;1000001126;300000859;13;1;1;1;;00003395;00000008;00000023;;2;1;0;;0;;;;;;;;;0;0;0;0;30000092;11000013
2020;1000001127;300000860;14;2;3;1;;00000477;00000002;00000006;00003613;1;0;0;;;;;;;;0;;;0;1;0;0;30000149;11000021
2020;1000001130;300000861;8;1;2;1;;00004247;00000001;00000003;;1;0;0;;0;;;;;;;0;;0;1;0;0;30000170;11000024
2020;1000001131;300000862;10;1;3;1;;00003817;00000002;;00000411;2;0;0;;;;;1;;;;;;0;1;0;0;30000033;11000004
2020;1000001134;300000863;16;1;1;1;;00000737;00000002;;00002422;1;0;0;;;;;;;;0;;;0;1;0;0;30000003;11000000
2020;1000001135;300000864;9;1;3;1;;00001708;00000003;00000020;;1;0;0;;0;;;;;0;0;;;0;;0;0;30000087;11000012
2020;1000001136;300000865;10;1;3;1;;00002483;00000007;00000007;00001055;1;0;0;;;;0;;;;;;;0;1;0;0;30000206;11000029
2020;1000001137;300000866;16;2;1;1;;00004471;00000001;00000020;;1;0;0;;;;;;;;;;;0;1;0;0;30000074;11000010
2020;1000001138;300000867;14;2;1;1;;00001029;00000008;;00004939;1;0;1;0;;;;;;0;;0;0;0;0;0;1;30000176;11000025
2020;1000001139;300000868;11;1;0;1;;00002398;00000008;00000019;00002289;1;0;0;;;0;;;0;;;;;0;1;0;0;30000198;11000028
2020;1000001140;300000869;16;1;1;1;;00002861;00000007;00000009;;1;0;0;;;;;;;;;;;0;1;0;0;30000205;11000029
2020;1000001141;300000870;22;1;0;1;;00004343;00000008;;00001502;1;0;0;;;;;;;;;;;0;1;0;0;30000085;11000012
2020;1000001142;300000871;4;2;0;1;;00002096;00000005;00000004;;2;0;1;;;;;;;;;;;0;1;0;0;30000121;11000017
2020;1000001143;300000872;26;1;1;1;;00002812;00000008;00000004;00000627;1;0;0;;;;;;0;;0;;;0;;0;0;30000161;11000022
2020;1000001144;300000873;46;2;3;1;;00000978;00000008;00000018;00004114;1;0;0;;;1;;;;0;;1;;0;1;0;0;30000186;11000026
2020;1000001145;300000874;13;2;3;1;;00002102;00000008;;00000038;1;0;0;;0;;;;;;;;;1;1;0;0;30000158;11000022
2020;1000001146;300000875;12;2;3;1;;00004808;00000004;00000016;;1;0;0;;;;;;;;;;0;0;1;0;0;30000067;11000009
2020;1000001147;300000876;15;2;1;1;;00004404;00000004;00000004;00000707;1;0;0;;;;;;;;;;;0;1;0;0;30000025;11000003
2020;1000001149;300000877;11;2;0;1;;00000602;00000006;00000008;;1;0;0;;;;;;;;;;;0;1;0;0;30000052;11000007
2020;1000001150;300000878;5;2;2;1;;00004155;00000002;;;1;0;1;;;1;;;;;0;;;0;1;0;0;30000092;11000013
2020;1000001151;300000879;9;2;0;1;;00001412;00000004;;;2;1;1;;;;;;;0;;;;0;1;0;;30000118;11000016
2020;1000001152;300000880;16;2;0;1;;00004610;00000002;;00004667;1;0;1;0;;;;;;;;;0;0;1;0;0;30000090;11000012
2020;1000001153;300000881;14;1;3;1;;00000027;00000006;00000022;00001769;1;0;0;;;;;;0;;;;0;0;1;0;0;30000109;11000015
2020;1000001154;300000882;12;1;1;1;;00001446;00000002;00000018;00003569;1;0;0;0;;;0;;;;;0;;0;1;0;0;30000091;11000012
2020;1000001155;300000883;16;1;1;1;;00000647;00000001;;00001378;1;0;0;;;;;;;;;;;;1;0;0;30000177;11000025
2020;1000001156;300000884;10;2;1;1;;00000971;00000004;00000002;00002629;1;0;0;0;;;;;;;;;;0;1;0;0;30000193;11000027
2020;1000001157;300000885;11;2;3;1;;00005107;00000008;00000010;00002148;1;0;0;0;;0;;;0;;;;0;0;0;0;;30000036;11000005
2020;1000001158;300000886;17;2;1;1;;00001027;00000004;00000011;00005343;1;0;0;;;;;;;;;;;0;1;1;0;30000159;11000022
2020;1000001159;300000887;12;2;1;1;;00000245;00000007;00000020;00000877;1;0;0;;;1;;;;;0;;;0;1;0;0;30000056;11000007
2020;1000001161;300000888;8;1;3;1;;00004956;00000007;00000004;;2;0;0;;0;;0;;0;;;;0;;1;0;0;30000059;11000008
2020;1000001162;300000889;12;2;0;1;;00000243;00000001;00000018;00002443;1;0;0;;;;;0;;;;;0;0;1;0;0;30000010;11000001
2020;1000001163;300000890;14;2;3;1;;00002297;00000008;00000015;00000722;1;0;1;;;;;;;;;;;0;1;0;0;30000180;11000025
2020;1000001164;300000891;8;1;3;1;;00001967;00000002;00000026;00002629;1;0;0;;;;;;;;0;;;0;1;0;1;30000053;11000007
2020;1000001165;300000892;16;1;0;1;;00005436;00000007;00000017;;1;0;0;;;;;;;;;0;0;1;0;0;0;30000201;11000028
2020;1000001166;300000893;6;1;1;1;;00004734;00000008;00000024;00003257;2;0;0;;;;0;;;;;0;;0;1;0;0;30000144;11000020
2020;1000001167;300000894;15;1;0;1;;00001423;00000002;00000004;00000539;1;0;0;;0;;;0;1;0;1;;;0;1;0;0;30000151;11000021
2020;1000001168;300000895;15;1;0;1;;00005457;00000003;;00004516;1;0;0;0;;1;0;;0;;;;;0;1;0;0;30000179;11000025
2020;1000001169;300000896;13;2;1;1;;00001366;00000006;00000022;00001446;1;0;0;;;;;;;0;;0;;0;0;0;0;30000149;11000021
2020;1000001170;300000897;12;1;1;1;;00004731;00000001;00000011;00003123;1;0;0;;;;;0;;;0;;;0;1;0;0;30000071;11000010
2020;1000001171;300000898;13;2;3;1;;00005473;00000008;00000005;00002215;1;0;0;;;;;1;;;;;;0;1;0;0;30000038;11000005
2020;1000001172;300000899;14;1;0;1;;00000617;00000003;00000011;00000095;1;0;0;;0;;;;;;0;;;0;1;;0;30000205;11000029
2020;1000001173;300000900;14;2;1;1;;00003377;00000005;00000016;00002452;1;0;0;;;;0;;;;;;;0;1;0;0;30000043;11000006
2020;1000001174;300000901;6;1;3;1;;00001878;00000006;;;1;0;0;;0;;0;;;;;;;0;1;0;0;30000039;11000005
2020;1000001175;300000902;4;2;3;1;;00002065;00000001;00000006;;1;0;1;;;;;0;0;;;;;0;1;0;0;30000051;11000007
2020;1000001176;300000903;5;1;0;1;;00001161;00000004;;00005202;2;0;1;;;1;;;;0;;;;0;1;0;0;30000081;11000011
2020;1000001177;300000904;17;1;0;1;;00002321;00000007;00000015;;1;0;1;;;;;;;;;;;0;1;0;0;30000190;11000027
2020;1000001178;300000905;9;1;0;1;;00003305;00000001;00000011;;2;1;1;;;1;;;;;;;;0;1;0;0;30000120;11000017
2020;1000001179;300000906;17;1;1;1;;00005337;00000002;;;1;0;0;;0;;;;;0;0;;;0;1;0;0;30000205;11000029
2020;1000001180;300000907;8;2;0;1;;00002878;00000004;;00004388;2;0;0;;;;;0;;0;;;;0;0;0;0;30000060;11000008
2020;1000001181;300000908;8;2;3;1;;00001272;00000005;;00005357;1;0;1;0;;;;;;;;;;0;1;1;0;30000188;11000026
2020;1000001182;300000909;14;1;0;1;;00001705;00000008;00000018;00000070;1;0;1;;;0;;;;;;0;;0;1;0;0;30000066;11000009
2020;1000001183;300000910;6;1;3;1;;00002240;00000004;;00002633;1;0;0;;;0;;;0;;;;;0;1;0;0;30000164;11000023
2020;1000001184;300000911;4;2;1;1;;00002770;00000006;00000013;;2;0;0;;;1;;;;;;;;0;1;0;0;30000205;11000029
2020;1000001185;300000912;19;1;1;1;;00005319;00000007;00000021;00000078;1;0;0;0;0;1;;;;;;;0;0;1;0;0;30000073;11000010
2020;1000001186;300000913;16;2;1;1;;00000388;00000001;;00001781;1;0;0;;;;;;1;;;;;0;1;1;0;30000066;11000009
2020;1000001187;300000914;5;2;1;1;;00000597;00000001;00000025;00002912;2;0;0;;;;;1;;0;;;;0;1;0;0;30000209;11000029
2020;1000001188;300000915;4;2;1;1;;00002885;00000001;;00001226;1;0;0;;;;;;0;;0;;;0;1;0;0;30000213;11000030
2020;1000001189;300000916;10;1;1;1;;00004739;00000007;00000019;;1;0;0;;;;;;;0;;;;0;1;0;0;30000009;11000001
2020;1000001190;300000917;18;1;3;1;;00003994;00000002;;;2;0;0;;;1;;;0;0;0;;;0;;0;0;30000150;11000021
2020;1000001191;300000918;16;2;3;1;;00005546;00000001;00000017;00000680;1;0;0;;;;;0;;0;;;;0;0;0;0;30000022;11000003
2020;1000001192;300000919;7;2;3;1;;00002531;00000008;;;1;0;0;;0;1;;;;;;;;0;1;0;0;30000052;11000007
2020;1000001193;300000920;10;2;1;1;;00001714;00000004;;00003248;1;0;1;0;0;1;;;1;;;;0;0;1;0;0;30000041;11000005
2020;1000001194;300000921;17;1;3;1;;00004067;00000007;00000027;;2;0;0;0;;;;;;;;;;0;1;0;0;30000095;11000013
2020;1000001195;300000922;19;1;3;1;;00000737;00000001;;00002554;1;0;0;0;;;;;;;;;;0;0;0;0;30000132;11000018
2020;1000001196;300000923;15;2;1;1;;;00000001;00000021;00000232;1;0;1;;0;0;;;;;0;;;0;1;0;0;30000034;11000004
2020;1000001197;300000924;13;2;0;1;;00003723;00000006;;00003254;1;0;0;;;;;0;;0;;;;0;1;;0;30000212;11000030
2020;1000001198;300000925;8;2;0;1;;00001610;00000008;00000014;;2;0;0;;0;1;0;0;;;;;;0;1;0;0;30000136;11000019
2020;1000001199;300000926;50;2;3;3;;00000020;00000007;;00000728;1;0;0;;;;;;;;;;;0;;0;0;30000213;11000030
2020;1000001200;300000927;33;1;3;1;;00005190;00000008;;;2;0;0;;0;;;;;0;;0;;0;1;0;1;30000010;11000001
2020;1000001201;300000928;11;1;1;1;;00004191;00000005;00000025;;1;0;0;0;;1;;;;;;;;0;1;0;0;30000116;11000016
2020;1000001202;300000929;7;2;0;1;;00001026;00000007;;00001948;1;0;0;0;;;0;0;;0;;;;0;1;0;;30000169;11000024
2020;1000001203;300000930;13;1;0;1;;00001886;00000006;00000017;00003198;1;0;0;;;;;0;;;;;0;0;1;0;0;30000057;11000008
2020;1000001204;300000931;4;1;3;1;;00004596;00000002;00000015;00002219;1;0;0;;;;;;;;0;;;0;0;0;0;30000081;11000011
2020;1000001205;300000932;8;2;0;1;;00000627;00000002;;;1;0;0;;0;1;;;;;0;;0;0;1;0;0;30000176;11000025
2020;1000001206;300000933;10;1;3;1;;00003176;00000007;00000015;;2;0;0;;;;;;0;0;;;;0;1;0;0;30000050;11000007
2020;1000001207;300000934;5;1;3;1;;00004063;00000007;;;2;0;0;;;;;0;;;;;;0;1;0;0;30000126;11000017
2020;1000001208;300000935;14;1;1;1;;00000501;00000001;;;2;0;0;;;1;0;;;;;;0;0;1;1;0;30000156;11000022
2020;1000001209;300000936;4;1;3;1;;00005011;00000003;00000021;00002443;1;0;0;;;;;;;;;0;;0;1;0;1;30000171;11000024
2020;1000001210;300000937;11;1;1;1;;00005418;00000002;00000027;00005307;1;0;0;;;1;0;;;0;;;;0;1;0;0;30000046;11000006
2020;1000001211;300000938;5;2;1;1;;00004336;00000004;;00004006;1;0;0;;;;;;;;;;;0;1;0;0;30000118;11000016
2020;1000001212;300000939;9;1;1;1;;00004868;00000001;00000007;00003679;2;0;0;;;;0;;;;;;0;0;1;0;0;30000153;11000021
2020;1000001213;300000940;16;2;0;1;;00003031;00000003;00000014;00001289;1;0;0;;;1;;;;;;;;0;1;0;0;30000037;11000005
2020;1000001214;300000941;13;1;3;1;;00002344;00000008;00000007;00000032;1;0;0;;;;0;;0;;0;;0;0;1;0;0;30000172;11000024
2020;1000001215;300000942;6;2;1;1;;00000662;00000001;00000019;00002937;2;0;0;;0;;;;0;;;;;0;1;0;0;30000129;11000018
2020;1000001216;300000943;17;2;3;1;;00003129;00000007;00000013;00001381;1;0;0;;;;;;;;;;;0;1;1;0;30000158;11000022
2020;1000001217;300000944;4;2;1;1;;00003686;00000005;00000007;00004501;1;0;0;;;;;;;;;;;0;1;0;0;30000153;11000021
2020;1000001218;300000945;16;1;3;1;;00003721;00000001;00000012;00001882;2;0;0;;;;;;;;;;;0;0;0;0;30000041;11000005
2020;1000001219;300000946;6;2;1;1;;00000876;00000004;;00005087;1;0;0;;;;;0;0;;;;;0;1;0;0;30000166;11000023
2020;1000001220;300000947;11;1;1;1;;00002413;00000002;00000013;;2;0;0;;;;;;;;0;;;0;0;0;0;30000144;11000020
2020;1000001221;300000948;4;1;3;1;;00000557;00000008;00000004;00001353;1;0;0;;;;;;;;;;0;0;1;0;0;30000139;11000019
2020;1000001222;300000949;18;1;1;1;;00005421;00000006;;00004202;1;0;1;;;;0;0;;;;;;0;1;0;;30000020;11000002
2020;1000001223;300000950;58;2;3;1;;00004289;00000005;;00000808;1;0;0;;;;;;0;;;;;0;1;1;0;30000192;11000027
2020;1000001224;300000951;9;1;1;1;;00004026;00000002;00000021;00001974;2;0;0;;0;;;;;;0;;0;0;1;0;0;30000141;11000020
2020;1000001225;300000952;5;2;3;1;;00005233;00000003;00000018;00001727;1;0;1;;;;;;0;;;;;0;1;0;0;30000087;11000012
2020;1000001226;300000953;13;1;1;1;;00001790;00000001;00000002;00002947;2;0;0;;;;;0;;;;;0;0;1;1;0;30000164;11000023
2020;1000001227;300000954;4;1;1;1;;00003281;00000008;00000010;;1;0;0;;;;;;;;;;;0;1;0;0;30000021;11000002
2020;1000001228;300000955;8;1;1;1;;00004545;00000003;00000012;00000072;1;0;0;0;;;;;;;;;0;0;1;0;0;30000053;11000007
2020;1000001229;300000956;4;1;0;1;;00005220;00000003;;00005246;1;1;0;;;;0;;;;;;;0;1;;0;30000035;11000004
2020;1000001230;300000957;7;1;1;1;;00002610;00000008;;00003122;1;0;1;;;;;0;;;;;;0;;0;0;30000033;11000004
2020;1000001231;300000958;6;1;0;1;;00004811;00000008;00000016;00005490;1;0;0;0;;;;;0;;;;;0;1;0;0;30000074;11000010
2020;1000001232;300000959;48;2;4;1;;00002497;00000002;00000026;;1;0;0;0;;;0;;;;;;;0;1;0;;30000158;11000022
2020;1000001233;300000960;4;1;1;1;;00003463;00000001;;00001463;1;0;1;;;;;;0;0;;;;0;1;0;0;30000039;11000005
2020;1000001234;300000961;7;2;1;1;;00000368;00000004;00000017;;1;0;0;;0;;;;;0;0;0;;0;1;1;0;30000035;11000004
2020;1000001235;300000962;4;1;0;1;;00000388;00000001;00000027;00003929;1;0;0;;;1;0;;;;;;;0;1;0;0;30000213;11000030
2020;1000001236;300000963;10;1;3;1;;00002481;00000004;00000017;00000790;1;0;0;;;;;;;;;;;0;1;0;0;30000155;11000022
2020;1000001237;300000964;6;2;3;1;;00002171;00000008;;00003806;1;0;1;;;;0;0;;;;;;0;1;0;0;30000004;11000000
2020;1000001238;300000965;11;1;0;1;;00000512;00000005;00000013;;1;0;0;;0;;;0;;0;0;;;0;1;0;0;30000158;11000022
2020;1000001239;300000966;9;2;1;1;;00005248;00000001;00000005;00005016;2;0;0;;;1;;0;;0;;;;0;1;0;0;30000002;11000000
2020;1000001240;300000967;7;1;0;1;;00003793;00000004;00000018;00000189;1;0;0;;0;;;;;;;;0;0;1;0;0;30000061;11000008
2020;1000001241;300000968;4;2;3;1;;00004060;00000007;00000013;;1;1;0;;;;;0;;;0;;;0;1;0;0;30000015;11000002
2020;1000001242;300000969;10;1;0;1;;00003592;00000003;;00002620;2;0;1;;;;0;0;0;;;;;;1;0;0;30000058;11000008
2020;1000001243;300000970;15;2;3;1;;00002368;00000007;00000002;00004021;1;0;0;;;;;;;;;;;0;0;0;0;30000205;11000029
2020;1000001244;300000971;17;2;1;1;;00004463;00000006;00000001;;1;0;1;;;0;0;;0;;;;0;0;1;0;0;30000125;11000017
2020;1000001245;300000972;8;2;0;1;;00001492;00000008;;00001872;2;0;0;;;;;;;;0;;;0;1;0;0;30000014;11000001
2020;1000001246;300000973;7;2;3;1;;00001486;00000004;00000015;00003793;1;0;0;;;;;0;;0;;0;;0;1;0;0;30000075;11000010
2020;1000001247;300000974;15;2;1;1;;00005449;00000002;;00001440;1;0;1;0;;;;;;;;;;;1;0;0;30000156;11000022
2020;1000001248;300000975;4;1;0;1;;00004606;00000003;00000019;00000660;1;0;0;;;;;;;0;;;;0;1;0;0;30000178;11000025
2020;1000001249;300000976;18;2;0;1;;00004617;00000002;00000020;;1;0;0;;;;;;;;;;0;0;1;0;0;30000005;11000000
2020;1000001250;300000977;7;2;0;1;;00005497;00000005;00000027;00003617;2;0;0;;;1;0;;;0;;0;;0;;0;0;30000059;11000008
2020;1000001251;300000978;8;1;0;1;;00004316;00000004;;00000473;1;0;0;;;;;;0;;;;;0;1;0;0;30000188;11000026
2020;1000001252;300000979;13;2;3;1;;00001172;00000004;00000016;;1;1;0;0;;;;;;;;;;0;1;0;0;30000066;11000009
2020;1000001253;300000980;80;2;3;1;;00001126;00000007;00000008;;1;0;0;;0;;;;;;;;;0;1;0;0;30000009;11000001
2020;1000001254;300000981;12;2;3;1;;00003694;00000005;00000018;;2;0;0;;;;;0;;;;0;;;1;0;0;30000027;11000003
2020;1000001255;300000982;17;2;3;1;;00001417;00000008;;00003778;2;0;0;;;0;;0;;;;0;0;0;1;0;1;30000029;11000004
2020;1000001256;300000983;8;1;3;1;;00003419;00000002;;00001661;1;0;0;;0;;0;;;;;;;;1;0;0;30000013;11000001
2020;1000001257;300000984;4;1;5;1;;00001815;00000003;;00004804;2;0;0;;;1;;0;;;;;;0;1;0;0;30000116;11000016
2020;1000001258;300000985;4;2;3;1;;00001315;00000004;00000003;00001942;2;0;0;;;;;;;;;;;0;1;0;0;30000134;11000019
2020;1000001259;300000986;6;1;3;1;;00003955;00000006;00000020;00003347;1;0;1;;;;0;;;;0;;;0;1;0;0;30000127;11000018
2020;1000001260;300000987;50;2;1;1;;00003779;00000008;00000009;00003222;1;0;0;;;1;0;;;0;;;;0;1;0;0;30000027;11000003
2020;1000001261;300000988;11;1;3;1;;00002598;00000006;00000003;00004288;1;0;0;;;;0;0;;0;;;;0;1;0;0;30000155;11000022
2020;1000001262;300000989;4;1;3;1;;00001486;00000002;00000016;00003360;1;0;0;0;;;0;;;0;0;;;0;1;0;0;30000150;11000021
2020;1000001263;300000990;4;2;1;1;;00003773;00000002;00000007;;1;0;0;;;1;;;;;;;;0;1;0;0;30000010;11000001
2020;1000001264;300000991;5;1;1;1;;00001630;00000004;;00003784;1;0;0;0;;;;;;0;;;;0;1;0;0;30000084;11000011
2020;1000001265;300000992;14;2;3;1;;00003441;00000006;;;1;0;0;;;;;;;;1;;;0;1;1;0;30000075;11000010
2020;1000001266;300000993;13;2;3;1;;00001950;00000006;00000005;00000171;1;0;0;;;;;;0;;;;0;0;1;0;0;30000019;11000002
2020;1000001267;300000994;7;2;1;1;;00002983;00000004;00000010;00003398;1;1;1;0;0;;;;;;;;;0;1;0;0;30000040;11000005
2020;1000001268;300000995;6;1;0;1;;00004453;00000006;;00002817;1;0;0;;;;;;0;;;;;0;;0;0;30000091;11000012
2020;1000001269;300000996;13;1;1;1;;00001298;00000005;;00000224;1;0;0;0;0;;;;;;;;;0;1;0;0;30000006;11000000
2020;1000001270;300000997;13;1;3;1;;;00000004;;;1;0;0;;;;;;;;;;;0;1;0;0;30000115;11000016
2020;1000001271;300000998;8;2;1;1;;00003716;00000005;;;1;0;0;;;;;;;;;0;;0;1;0;0;30000165;11000023
2020;1000001272;300000999;15;2;2;1;;00005100;00000004;;00002074;1;0;0;;;;;0;;;0;;;;1;;0;30000117;11000016
2020;1000001273;300001000;4;1;0;1;;00002257;00000008;00000020;00003011;1;0;1;;;;;;;;;;0;0;1;0;1;30000173;11000024
