NU_ANO;CO_PESSOA_FISICA;ID_MATRICULA;NU_IDADE_REFERENCIA;TP_SEXO;TP_COR_RACA;TP_NACIONALIDADE;CO_UF_NASC;CO_MUNICIPIO_NASC;CO_PAIS_RESIDENCIA;CO_UF_END;CO_MUNICIPIO_END;TP_ZONA_RESIDENCIAL;IN_NECESSIDADE_ESPECIAL;IN_TRANSPORTE_PUBLICO;IN_TRANSP_BICICLETA;IN_TRANSP_MICRO_ONIBUS;IN_TRANSP_ONIBUS;IN_TRANSP_TR_ANIMAL;IN_TRANSP_VANS_KOMBI;IN_TRANSP_OUTRO_VEICULO;IN_TRANSP_EMBAR_ATE5;IN_TRANSP_EMBAR_5A15;IN_TRANSP_EMBAR_15A35;IN_TRANSP_EMBAR_35;IN_ESPECIAL_EXCLUSIVA;IN_REGULAR;IN_EJA;IN_PROFISSIONALIZANTE;ID_TURMA;CO_ENTIDADE
2021;1000000001;400000001;25;2;2;1;;00000205;00000005;;00002717;2;0;1;;;;;;0;;;;;0;0;0;0;40000123;11000017
2021;1000000004;400000002;10;1;3;1;;00000161;00000006;;00000239;2;0;0;;;0;;;;0;0;0;;0;1;0;0;40000183;11000026
2021;1000000005;400000003;11;2;1;1;;00000257;00000003;00000009;00004978;2;1;0;0;;;;;0;;;;0;;1;0;0;40000107;11000015
2021;1000000006;400000004;8;2;3;1;;00004035;00000002;00000015;;1;0;0;;;;;;;;;;;0;1;0;0;40000189;11000026
2021;1000000007;400000005;18;2;3;1;;00002773;00000006;00000008;00003314;1;0;0;;1;;;;;;;;;0;1;0;0;40000108;11000015
2021;1000000008;400000006;10;1;3;1;;00001933;00000002;;00002256;1;0;1;;;;0;;;;;0;;;1;0;0;40000099;11000014
2021;1000000009;400000007;9;1;0;1;;00001505;00000007;00000011;00004005;1;0;1;;0;;;0;;;;;;0;1;0;0;40000099;11000014
2021;1000000010;400000008;12;2;1;1;;00001331;00000007;00000026;;1;0;0;0;0;1;;;;;;;;0;0;0;0;40000156;11000022
2021;1000000011;400000009;9;2;3;1;;00002090;00000003;;00004434;1;0;0;;;;;0;;0;0;;;0;1;1;0;40000007;11000000
2021;1000000017;400000010;16;1;0;1;;00005552;00000006;;00001760;1;0;0;;;;;;;;0;;0;0;1;0;0;40000144;11000020
2021;1000000019;400000011;20;1;1;1;;00000068;00000004;00000023;00003453;1;0;0;;;;;;;;;;;0;1;0;;40000028;11000003
2021;1000000021;400000012;18;2;1;1;;00001107;00000001;;;2;0;0;0;;;;;;;;;;0;0;0;0;40000050;11000007
2021;1000000023;400000013;27;1;1;1;;00005218;00000004;;00000291;1;0;0;;0;1;0;;;;;;;0;1;0;0;40000070;11000009
2021;1000000025;400000014;11;1;3;1;;00002804;00000007;00000013;00004328;1;0;1;0;;;;;;;;;;0;1;0;0;40000014;11000001
2021;1000000026;400000015;19;2;3;1;;00004416;00000005;;00005094;1;0;0;;;;;;;;;;;0;1;0;0;40000119;11000016
2021;1000000027;400000016;23;2;0;1;;00004845;00000007;;00002292;1;0;0;;;;;;;;;;0;0;1;0;1;40000004;11000000
2021;1000000028;400000017;12;1;1;1;;00000537;00000003;;00003002;1;0;0;;;;;0;;0;;;;0;1;0;0;40000015;11000002
2021;1000000029;400000018;7;1;1;1;;00004207;00000007;00000009;00000997;1;0;0;;;;;;0;;;;;0;1;0;0;40000217;11000030
2021;1000000030;400000019;8;2;0;1;;00001074;00000002;;00003608;1;0;1;0;;;0;;;;;1;;0;1;0;0;40000092;11000013
2021;1000000032;400000020;19;2;0;1;;00004547;00000006;00000014;00000874;1;0;0;;0;;;0;0;;;;;0;1;0;0;40000156;11000022
2021;1000000033;400000021;9;2;0;1;;00000588;00000004;00000010;;1;0;0;;;;;;0;0;;;;0;0;0;0;40000094;11000013
2021;1000000035;400000022;7;2;1;1;;00004427;00000007;00000024;;1;0;1;0;;1;;;0;0;;;;0;1;0;0;40000090;11000012
2021;1000000036;400000023;17;2;1;1;;00000066;00000002;;;1;0;0;;;;;0;;;0;;;0;1;0;0;40000046;11000006
2021;1000000037;400000024;14;1;3;1;;00002610;00000001;00000003;;1;0;0;;;;0;;;;;0;;0;1;0;0;40000035;11000004
2021;1000000038;400000025;23;1;1;1;;00003856;00000001;;;1;0;1;;;1;;;;;0;;;0;1;;0;40000151;11000021
2021;1000000039;400000026;20;1;1;1;;00003760;00000001;00000004;00002178;1;0;0;;;;;;;;;;;0;1;0;0;40000008;11000001
2021;1000000040;400000027;19;1;1;1;;00003546;00000006;00000021;;1;0;0;0;;;;;0;;;;;0;1;0;0;40000132;11000018
2021;1000000042;400000028;17;2;1;1;;00000337;00000003;;;1;0;0;0;;;;;;;0;;0;0;1;0;0;40000168;11000023
2021;1000000045;400000029;4;2;1;1;;00001820;00000002;00000012;;2;0;0;0;0;;;0;;;0;;;0;1;0;0;40000212;11000030
2021;1000000046;400000030;6;1;0;1;;00004859;00000007;00000012;00003743;1;0;0;;;;;0;1;;;;0;0;1;;0;40000115;11000016
2021;1000000047;400000031;10;2;1;1;;00004162;00000003;;00002803;1;0;0;;0;;;;;0;;;;0;1;0;0;40000090;11000012
2021;1000000048;400000032;36;2;0;1;;00003040;00000007;00000006;;1;0;0;;;;;;;;;;;0;1;0;0;40000091;11000012
2021;1000000049;400000033;10;1;1;1;;00003450;00000006;00000023;;2;0;0;;0;;;;;;;;;0;0;0;0;40000167;11000023
2021;1000000050;400000034;13;1;0;1;;00002831;00000003;00000017;00000091;1;0;0;;;1;;1;;;;;;0;1;0;0;40000072;11000010
2021;1000000051;400000035;13;2;1;1;;00003140;00000005;;00005232;1;0;1;;;;;0;;0;;0;;0;1;0;0;40000144;11000020
2021;1000000052;400000036;19;2;0;1;;00003312;00000006;;00003659;1;0;0;;;;;;;;;;;0;1;1;0;40000122;11000017
2021;1000000053;400000037;21;1;0;1;;00002271;00000001;00000024;00001938;1;0;1;;;1;;;;;;;;;1;0;1;40000061;11000008
2021;1000000055;400000038;8;1;1;1;;00004765;00000005;;;1;0;0;0;;;;;;;;;0;0;1;0;0;40000064;11000009
2021;1000000056;400000039;9;1;0;1;;00002132;00000001;00000010;;2;0;0;;;;;;;0;;0;;0;1;1;0;40000198;11000028
2021;1000000057;400000040;18;2;3;1;;00004995;00000005;00000021;;2;0;0;0;;1;;;0;;;;;0;1;0;0;40000074;11000010
2021;1000000058;400000041;15;2;1;1;;00002613;00000006;;;2;0;0;;0;;0;;;;;;;0;1;1;0;40000101;11000014
2021;1000000060;400000042;9;1;1;1;;00002620;00000002;00000027;00004402;2;0;1;;0;0;;;;0;0;;;0;1;0;0;40000093;11000013
2021;1000000062;400000043;8;1;3;1;;00003499;00000003;;00002840;1;0;0;;1;;;;;;;;;0;1;0;0;40000024;11000003
2021;1000000064;400000044;7;1;3;1;;00000455;00000004;00000018;00001367;1;0;0;;;;;;;;;;;0;1;0;0;40000191;11000027
2021;1000000065;400000045;18;1;3;1;;00000977;00000007;;;1;0;0;;0;;;;;;;;;0;1;0;0;40000006;11000000
2021;1000000066;400000046;15;2;3;1;;00002561;00000001;00000025;;1;0;0;;;;;;;;;0;;0;1;0;0;40000129;11000018
2021;1000000067;400000047;7;1;3;1;;00001747;00000004;00000008;00002189;1;0;1;;0;1;;;;0;;0;;0;1;0;0;40000054;11000007
2021;1000000068;400000048;9;2;0;1;;00004313;00000004;00000020;00003916;1;0;0;;;;;;;;;;0;0;1;0;0;40000135;11000019
2021;1000000069;400000049;14;1;0;1;;00002496;00000007;00000007;00000323;1;0;0;;;;;;0;;;;;0;1;0;0;40000030;11000004
2021;1000000070;400000050;17;2;1;1;;00003048;00000005;;;1;0;0;;;0;;;;;;0;;0;1;0;;40000122;11000017
2021;1000000071;400000051;18;2;0;1;;00003383;00000002;;;1;0;0;;;;;0;;;;;;0;1;0;0;40000071;11000010
2021;1000000072;400000052;14;2;3;1;;00001366;00000002;00000001;00003834;1;0;0;;;;0;;;;0;0;;0;1;0;0;40000115;11000016
2021;1000000073;400000053;12;1;3;1;;00003517;00000002;00000001;00002719;1;0;1;;0;1;;;0;;;;0;0;1;1;0;40000027;11000003
2021;1000000074;400000054;14;2;0;1;;00001973;00000001;00000020;;1;0;0;;;;0;0;0;;0;;0;0;1;0;0;40000175;11000024
2021;1000000075;400000055;9;2;2;1;;00003902;00000002;00000002;00004359;1;0;0;0;;;0;;;0;;;;0;1;0;1;40000166;11000023
2021;1000000077;400000056;13;1;0;1;;00004612;00000006;;;2;0;0;;;;;;;0;;;0;0;0;0;0;40000122;11000017
2021;1000000078;400000057;11;1;0;1;;00002427;00000007;00000010;;1;0;1;;;0;;;;;;;;0;1;0;0;40000064;11000009
2021;1000000079;400000058;17;2;0;1;;00001828;00000003;00000020;;1;0;0;;0;;;;;;;0;;0;1;0;0;40000212;11000030
2021;1000000080;400000059;20;1;3;1;;00001648;00000003;00000027;00001619;1;0;0;;;0;;;;;;;;0;1;0;0;40000095;11000013
2021;1000000081;400000060;18;2;1;1;;00004135;00000004;;;1;0;0;;;;;;;;;;;0;1;0;0;40000082;11000011
2021;1000000082;400000061;13;2;3;1;;00004706;00000003;00000006;00002835;1;0;0;;;;;;;;;0;;0;1;0;1;40000077;11000010
2021;1000000083;400000062;10;2;0;1;;00003843;00000007;00000022;00004008;1;0;0;0;;;;;;;;;;0;1;0;1;40000061;11000008
2021;1000000084;400000063;21;1;3;1;;00005530;00000003;;00000858;1;0;0;;;0;;;;;;;;0;1;;;40000046;11000006
2021;1000000085;400000064;20;1;0;1;;00001087;00000002;;;1;0;0;;;;;;;;;;;0;1;0;0;40000138;11000019
2021;1000000086;400000065;14;1;3;1;;00002818;00000003;00000022;00003323;1;0;1;;;;;;;;;;0;0;1;0;0;40000209;11000029
2021;1000000087;400000066;16;1;3;1;;00003541;00000001;00000006;;1;0;0;;;;0;;;;;;;0;;0;0;40000172;11000024
2021;1000000088;400000067;16;1;3;1;;00001583;00000006;00000019;00002718;1;0;0;;0;;;;;;;;;;1;0;0;40000123;11000017
2021;1000000089;400000068;15;2;3;1;;00002421;00000001;00000020;;2;0;0;;;1;;;;;;;;0;1;0;;40000178;11000025
2021;1000000091;400000069;17;2;3;1;;00003688;00000004;;;1;0;0;0;;;;;;;;;;0;1;0;0;40000151;11000021
2021;1000000092;400000070;14;1;3;1;;00003644;00000004;00000008;;1;0;0;;;;0;;;;0;0;;0;1;0;0;40000096;11000013
2021;1000000093;400000071;24;1;3;1;;00000034;00000002;00000018;00000622;1;0;0;;;;;;;;;;0;0;1;0;0;40000154;11000021
2021;1000000094;400000072;5;2;3;1;;00002354;00000007;;;1;0;0;;1;;;;;;;;;0;1;0;0;40000018;11000002
2021;1000000095;400000073;8;2;1;1;;00004516;00000003;00000010;00001055;1;0;0;;;;;;;;;;0;0;0;0;;40000170;11000024
2021;1000000096;400000074;13;1;1;1;;00003437;00000003;00000014;00000147;1;1;0;;;;0;;;0;0;;;0;1;0;0;40000041;11000005
2021;1000000097;400000075;11;1;0;1;;00004037;00000006;00000008;00001362;1;0;0;;;;0;;;;;;;;1;0;0;40000014;11000001
2021;1000000098;400000076;8;1;1;1;;00001783;00000001;;00005402;1;0;0;;;0;;;;;;;;0;1;0;;40000113;11000016
2021;1000000100;400000077;10;2;0;1;;00004217;00000005;00000009;;1;0;0;;;;;;0;;;0;;0;1;0;0;40000208;11000029
2021;1000000101;400000078;14;1;3;1;;00000279;00000002;;;1;0;0;;;;;;1;;0;;;0;1;0;0;40000162;11000023
2021;1000000102;400000079;14;2;0;1;;00002005;00000004;00000013;00000298;1;0;1;;;;;;;;;0;;0;1;0;0;40000154;11000021
2021;1000000103;400000080;19;1;1;1;;00004225;00000004;00000025;;1;0;0;;;;;;;;;;;0;1;0;0;40000195;11000027
2021;1000000104;400000081;26;1;3;1;;00001859;00000006;;00003155;1;0;0;;;;;;;;0;;;0;0;0;0;40000186;11000026
2021;1000000106;400000082;8;1;1;1;;00001913;00000007;00000007;00005099;2;0;0;;;;;0;;;;;0;0;1;0;0;40000209;11000029
2021;1000000107;400000083;8;2;0;1;;00001309;00000005;00000020;00002485;2;0;0;0;;0;;;;;;;;0;1;0;0;40000201;11000028
2021;1000000108;400000084;11;1;5;1;;00003180;00000006;00000021;;1;0;0;0;;;0;;0;;;0;;0;1;0;0;40000149;11000021
2021;1000000109;400000085;17;1;3;1;;00002701;00000002;00000009;;1;0;1;;;;;;0;;;0;;0;0;0;0;40000148;11000021
2021;1000000110;400000086;20;1;3;1;;00003685;00000004;;00003044;2;0;0;;;;;;;;;0;;0;0;0;0;40000133;11000018
2021;1000000111;400000087;7;1;1;1;;00005125;00000004;00000010;00001792;1;0;0;;;;;;;;;;;0;1;0;0;40000063;11000008
2021;1000000112;400000088;8;2;0;1;;00001452;00000004;;;1;0;0;;;0;0;;;;;;;0;1;;0;40000057;11000008
2021;1000000113;400000089;12;2;3;1;;00001706;00000007;;00000103;1;0;1;0;;;0;;;;;1;;0;1;0;0;40000137;11000019
2021;1000000115;400000090;11;2;3;1;;00003080;00000006;00000018;00003665;1;0;1;;;;;;;0;;0;;0;1;0;0;40000078;11000011
2021;1000000119;400000091;7;1;1;1;;00003452;00000001;00000006;00001209;1;0;0;;;;;;0;;0;;;0;1;0;0;40000157;11000022
2021;1000000120;400000092;13;2;3;1;;00003878;00000003;00000019;00002690;1;0;0;;;;;;0;;;;;0;1;0;0;40000041;11000005
2021;1000000122;400000093;20;1;0;1;;00003211;00000001;00000003;;1;0;0;;0;;;;0;;;;0;0;1;0;0;40000186;11000026
2021;1000000124;400000094;9;1;0;1;;00003620;00000003;00000023;;1;0;;;;;;;;;;;;0;1;0;0;40000104;11000014
2021;1000000125;400000095;19;1;1;1;;00002974;00000002;00000005;00002463;2;0;0;;;;;;;;;;;0;1;0;0;40000010;11000001
2021;1000000126;400000096;5;2;0;1;;00002633;00000005;;00004864;1;0;0;;;;0;;;;0;;;0;1;0;0;40000174;11000024
2021;1000000128;400000097;14;2;3;1;;00005091;00000004;00000016;;1;0;0;;;;;;;0;;;;0;;0;1;40000035;11000004
2021;1000000131;400000098;20;2;3;1;;00003139;00000001;00000011;00003611;1;0;0;;;;;;;0;0;;0;0;1;0;0;40000060;11000008
2021;1000000132;400000099;10;1;0;1;;00002821;00000003;00000027;00004018;1;0;0;;;;;;;;;;;0;1;0;0;40000134;11000019
2021;1000000133;400000100;25;1;2;1;;00002158;00000001;00000009;00000449;1;0;0;;;;;;;0;0;0;0;0;1;0;0;40000070;11000009
2021;1000000134;400000101;7;2;1;1;;00000289;00000004;00000004;00001995;1;0;1;;;;;1;0;;;;;0;1;0;0;40000158;11000022
2021;1000000135;400000102;20;1;0;1;;00000289;00000007;;00003063;1;0;;;;;;0;;;;;;0;1;1;0;40000058;11000008
2021;1000000137;400000103;16;2;1;1;;00000947;00000005;;;1;0;0;;0;;0;;;;;;;0;1;0;0;40000176;11000025
2021;1000000138;400000104;8;2;1;1;;;00000003;00000001;;2;0;0;;;;;;;;;;;0;1;0;0;40000183;11000026
2021;1000000139;400000105;10;2;3;1;;00000173;00000007;00000004;00004403;1;0;0;0;;;0;;;;;;;0;1;0;0;40000209;11000029
2021;1000000140;400000106;18;1;3;1;;00005409;00000002;00000022;00001149;1;0;1;;;;;;;;;;0;0;1;0;0;40000083;11000011
2021;1000000141;400000107;16;1;1;1;;00002780;00000006;;00000573;1;0;0;;;;;;;;;;;0;1;0;0;40000010;11000001
2021;1000000142;400000108;12;1;3;1;;00002525;00000002;;;1;0;;;;;;1;;;;;;0;0;;;40000120;11000017
2021;1000000143;400000109;21;1;2;1;;00003968;00000001;;;1;0;1;;;;;0;;;;;;0;1;0;0;40000079;11000011
2021;1000000144;400000110;8;2;1;1;;00002701;00000004;00000019;00003592;2;0;0;;;;0;;0;0;;;;0;1;0;0;40000044;11000006
2021;1000000145;400000111;21;2;3;1;;00003000;00000003;00000012;00002441;1;0;0;0;;;;;;;;;;0;1;0;0;40000169;11000024
2021;1000000146;400000112;18;2;0;1;;00005031;00000001;;;1;0;0;0;;1;;;;;;;;0;1;0;0;40000093;11000013
2021;1000000148;400000113;15;1;1;1;;00000280;00000001;00000022;00005206;1;0;0;;;;;0;0;0;;;;0;1;0;0;40000200;11000028
2021;1000000149;400000114;18;2;1;1;;00004405;00000002;00000021;00002493;1;0;1;;0;;;;0;;;;;0;0;0;0;40000149;11000021
2021;1000000150;400000115;9;2;0;1;;00000276;00000003;00000022;;1;0;0;;;;;;;0;;;;0;1;0;0;40000039;11000005
2021;1000000151;400000116;13;2;1;1;;00004238;00000005;00000023;00002518;1;0;0;;;;;;;;;;;0;0;1;0;40000168;11000023
2021;1000000153;400000117;19;1;1;1;;00005392;00000004;00000008;00003849;1;0;0;0;;;;;;0;;;;0;1;0;;40000208;11000029
2021;1000000154;400000118;9;2;0;1;;00003377;00000007;00000024;00002436;1;1;0;;;;;;;;;;;0;1;0;0;40000068;11000009
2021;1000000156;400000119;18;1;0;1;;00001289;00000005;00000011;;2;0;0;;;;;;;;;;0;0;1;0;0;40000119;11000016
2021;1000000157;400000120;17;2;0;1;;00000705;00000001;00000011;00003945;1;0;1;;;;0;;;;;0;;0;1;0;0;40000175;11000024
2021;1000000158;400000121;18;2;0;1;;00005274;00000004;;00003587;2;0;0;;;;;0;;;;;;0;1;0;0;40000065;11000009
2021;1000000159;400000122;9;1;3;1;;00005169;00000003;00000018;00003035;1;0;0;;;1;;0;;;0;0;0;0;1;0;0;40000159;11000022
2021;1000000160;400000123;24;1;1;1;;00002469;00000006;00000014;;1;0;0;;;;;;;;;;;0;1;0;0;40000060;11000008
2021;1000000162;400000124;20;1;0;1;;00005499;00000007;00000019;00005414;2;0;0;;;;;;0;;0;;;0;1;0;0;40000166;11000023
2021;1000000163;400000125;14;1;1;1;;00005037;00000005;00000027;00003856;2;0;1;0;0;1;;;;;;;;0;1;0;0;40000210;11000029
2021;1000000164;400000126;11;2;3;1;;00001677;00000002;;;2;0;0;;;;;;;;;;;0;1;0;0;40000164;11000023
2021;1000000165;400000127;18;2;0;1;;00002630;00000003;;00003026;1;0;0;;0;;;;;;;;;0;1;0;0;40000039;11000005
2021;1000000167;400000128;15;1;3;1;;00001359;00000006;00000013;;2;0;0;;;;;;0;;;;;0;;0;0;40000184;11000026
2021;1000000168;400000129;16;1;3;1;;00001780;00000003;00000004;00003187;1;0;0;;;;0;;;;;0;;0;1;0;0;40000036;11000005
2021;1000000169;400000130;18;1;1;1;;00000289;00000002;00000007;00000692;1;0;1;0;0;;;;;;0;;;0;;0;0;40000074;11000010
2021;1000000170;400000131;8;1;1;1;;00005297;00000006;00000026;00004179;1;0;0;;0;;0;;;;;;;0;1;0;0;40000134;11000019
2021;1000000171;400000132;19;1;0;1;;00004251;00000002;00000022;;1;0;0;;;;0;;;;;;;;0;0;0;40000049;11000006
2021;1000000172;400000133;19;1;3;1;;00003334;00000001;00000014;;1;0;0;;;;;;1;;;;;0;1;0;0;40000124;11000017
2021;1000000173;400000134;12;2;0;1;;00005064;00000006;00000012;00005060;1;0;0;;0;;;;;;;;;0;1;0;0;40000201;11000028
2021;1000000175;400000135;18;1;1;1;;00000525;00000005;00000027;00005222;1;0;0;;;;;;;;;;0;0;1;0;0;40000044;11000006
2021;1000000176;400000136;7;2;1;1;;00000451;00000004;00000011;00002358;1;0;0;;;;;1;;;;;0;0;1;0;0;40000075;11000010
2021;1000000177;400000137;20;1;1;1;;00003711;00000006;00000023;00000112;2;0;0;;;0;0;;;;;0;0;0;1;0;0;40000078;11000011
2021;1000000178;400000138;21;2;0;1;;00003672;00000001;;;1;0;0;;;;;;;;;;;0;1;0;0;40000052;11000007
2021;1000000179;400000139;8;1;0;1;;00003723;00000003;00000014;00001012;1;0;0;0;;;;;;0;0;;;0;1;0;0;40000142;11000020
2021;1000000180;400000140;5;2;0;1;;00000635;00000004;;00001879;1;0;0;;1;;;;;;0;1;0;0;1;0;0;40000022;11000003
2021;1000000181;400000141;22;2;1;1;;00001351;00000004;;00002617;1;0;0;0;;;;;;;;;0;0;1;0;0;40000180;11000025
2021;1000000183;400000142;15;2;0;1;;00004354;00000005;00000020;00004879;1;0;1;;;;;;;;;;;0;1;0;0;40000186;11000026
2021;1000000184;400000143;8;1;3;1;;00002653;00000005;00000016;00000458;1;0;0;0;0;;;;0;;;;;0;1;0;0;40000185;11000026
2021;1000000185;400000144;8;2;2;1;;00001230;00000005;00000027;00000207;1;0;0;;;1;;;;;;;;0;1;0;0;40000180;11000025
2021;1000000186;400000145;5;1;0;1;;00005414;00000005;00000016;00003161;1;1;0;;0;;;;0;;0;;;0;1;0;0;40000095;11000013
2021;1000000187;400000146;21;1;1;1;;00000664;00000006;00000018;00004953;2;0;0;0;;;;;;;0;;0;0;;0;0;40000023;11000003
2021;1000000188;400000147;18;2;1;1;;00000743;00000007;00000015;;1;0;0;;0;;;0;0;;;;;0;1;0;0;40000169;11000024
2021;1000000190;400000148;14;1;3;1;;00000770;00000005;00000023;;1;0;0;0;;;;;;;;;;0;1;0;0;40000175;11000024
2021;1000000191;400000149;21;1;0;1;;00004774;00000002;00000005;00003022;1;0;0;;;;;;0;0;0;0;;0;0;0;0;40000193;11000027
2021;1000000192;400000150;18;1;1;1;;00000681;00000002;;00002475;2;0;0;0;0;;;;;;0;;;0;1;0;0;40000016;11000002
2021;1000000195;400000151;17;1;0;1;;00004383;00000006;;;1;0;0;;;0;;;;0;0;;0;0;1;0;0;40000095;11000013
2021;1000000196;400000152;11;2;3;1;;00003258;00000007;;00000128;1;0;0;;;1;;;;0;;0;;0;1;0;0;40000169;11000024
2021;1000000197;400000153;16;1;3;1;;00001229;00000006;00000026;;1;0;0;;;1;0;;0;;;0;;0;1;0;0;40000181;11000025
2021;1000000198;400000154;8;1;3;1;;00004278;00000001;;00001985;1;0;1;0;;;0;;;;0;;;0;1;0;0;40000165;11000023
2021;1000000199;400000155;8;2;1;1;;00002663;00000002;00000009;00002593;1;0;0;;;;;;;;;0;;0;1;0;0;40000168;11000023
2021;1000000200;400000156;6;2;3;1;;00005202;00000007;00000020;;1;0;1;;;;0;;0;;;;0;0;1;;0;40000086;11000012
2021;1000000201;400000157;11;1;3;1;;00001051;00000006;00000012;00001608;1;1;0;;;;;;;;;;;0;0;0;0;40000211;11000030
2021;1000000203;400000158;12;1;0;1;;00003626;00000003;00000003;00003558;1;0;0;;;;;;;;;;;0;1;0;0;40000212;11000030
2021;1000000204;400000159;18;2;1;1;;00000554;00000007;;;1;0;0;0;;1;;;;;;;;0;1;0;0;40000003;11000000
2021;1000000205;400000160;12;1;3;1;;00001801;00000006;00000011;;1;0;0;;0;;;;;0;0;;;0;1;0;0;40000021;11000002
2021;1000000206;400000161;34;1;3;1;;00005041;00000004;;00004060;1;0;0;0;;;;;;0;;;0;;1;0;0;40000123;11000017
2021;1000000207;400000162;12;1;0;1;;00003198;00000001;;00004961;1;0;1;;;1;;;;;;;;0;1;0;0;40000111;11000015
2021;1000000208;400000163;14;2;3;1;;00002404;00000005;00000011;00003959;1;0;0;;1;;;0;;0;;;;0;1;0;0;40000179;11000025
2021;1000000209;400000164;15;2;0;1;;00003159;00000002;00000006;00003554;2;0;0;;;;;;;0;;;0;0;1;0;0;40000073;11000010
2021;1000000210;400000165;11;2;3;1;;00000387;00000002;;00005024;1;0;1;;;1;0;0;;;;0;;0;;0;0;40000123;11000017
2021;1000000212;400000166;13;2;1;1;;00001163;00000004;;00003684;1;0;0;;;1;;0;;;;;;0;1;0;0;40000195;11000027
2021;1000000213;400000167;17;1;1;1;;00004945;00000002;00000007;00003106;1;0;0;;;1;;0;;0;;;0;;1;0;0;40000087;11000012
2021;1000000214;400000168;12;1;0;1;;00004410;00000007;00000026;;1;0;0;;;;0;0;;;;0;0;0;1;0;0;40000205;11000029
2021;1000000215;400000169;7;1;3;1;;00000697;00000002;;00002334;1;0;0;;;;0;;;0;;;;0;1;0;0;40000169;11000024
2021;1000000217;400000170;13;2;3;1;;00001869;00000004;;00004316;1;0;0;;;;;;;0;;;0;1;1;1;0;40000032;11000004
2021;1000000218;400000171;11;2;1;1;;00005245;00000006;00000012;;1;0;0;;;;0;0;;;;;;0;1;0;0;40000063;11000008
2021;1000000219;400000172;6;2;3;1;;00001777;00000002;00000015;;1;0;1;;;;;;;;;;;0;1;0;0;40000093;11000013
2021;1000000222;400000173;11;2;3;1;;00004538;00000001;00000009;00000579;1;0;0;;;;;0;;;;;;;1;0;0;40000203;11000028
2021;1000000226;400000174;15;2;1;1;;00004453;00000007;00000023;;1;1;0;;;;;;;;;0;;0;1;0;0;40000012;11000001
2021;1000000227;400000175;18;1;3;1;;00003688;00000006;;;1;0;0;;;;;;;;;;;0;0;0;0;40000138;11000019
2021;1000000228;400000176;17;2;3;1;;00003686;00000003;00000008;00000314;1;0;0;;;;;;;;1;;0;0;1;0;0;40000196;11000027
2021;1000000229;400000177;14;2;0;1;;00000738;00000003;;00001538;2;0;0;;;;;;;;;;0;0;1;0;0;40000079;11000011
2021;1000000231;400000178;18;2;3;1;;00002443;00000003;;;1;0;0;;;;;;;;;;;0;1;0;0;40000180;11000025
2021;1000000232;400000179;15;2;1;1;;00005278;00000002;;00001852;1;0;1;;;;;;0;0;;;;0;1;1;0;40000020;11000002
2021;1000000236;400000180;16;1;1;1;;00002701;00000006;00000013;00005108;1;0;0;;;;0;;0;;0;;;0;1;0;0;40000016;11000002
2021;1000000238;400000181;11;2;3;1;;00004818;00000004;00000022;00002103;1;0;0;;;;;;;;;;;0;1;1;0;40000210;11000029
2021;1000000239;400000182;19;1;3;1;;00004707;00000002;00000010;;1;0;0;;;;;;;;;;;0;1;0;0;40000103;11000014
2021;1000000240;400000183;16;2;1;1;;00002144;00000002;00000001;00004520;1;0;0;;;;;;;;;0;;0;1;0;0;40000182;11000025
2021;1000000241;400000184;20;2;3;1;;00001060;00000006;00000009;00004535;1;0;0;;;;;;;;;;;0;1;0;0;40000169;11000024
2021;1000000243;400000185;14;1;3;1;;00004911;00000002;00000006;00001596;2;0;1;;;;;;;;0;;0;0;1;0;0;40000040;11000005
2021;1000000244;400000186;11;1;0;1;;00004816;00000005;00000010;00004753;1;0;0;0;;;0;;0;;;;;0;1;0;0;40000175;11000024
2021;1000000245;400000187;12;1;3;1;;00001682;00000005;00000012;00002028;2;0;0;;0;;0;0;;0;0;;;0;;0;0;40000185;11000026
2021;1000000246;400000188;18;1;1;1;;00003745;00000007;00000025;00001532;2;0;0;0;;;;;;0;;;;0;1;0;0;40000003;11000000
2021;1000000247;400000189;18;1;0;1;;00001684;00000001;00000026;00001648;2;0;0;;0;;;;0;;;;;0;1;0;0;40000204;11000029
2021;1000000248;400000190;11;2;3;1;;00005055;00000007;;;1;0;0;;;;;;;;;;0;0;1;0;0;40000006;11000000
2021;1000000249;400000191;25;2;0;1;;00001888;00000003;00000013;;1;0;0;;;1;0;;0;0;;;;0;1;0;0;40000190;11000027
2021;1000000250;400000192;13;1;1;1;;00000436;00000007;;00004237;1;0;0;;;;;1;0;;;;;0;0;0;0;40000036;11000005
2021;1000000251;400000193;18;2;1;1;;00003954;00000004;00000001;00005427;1;0;0;;;;;;;;;;;0;1;;0;40000087;11000012
2021;1000000252;400000194;15;2;0;1;;00002053;00000003;00000004;;1;0;1;;0;;;0;;;;;0;0;1;0;;40000016;11000002
2021;1000000253;400000195;11;2;3;1;;00003846;00000003;00000019;;1;0;0;;;;;;;;;;;0;1;1;0;40000187;11000026
2021;1000000254;400000196;17;2;0;1;;00001235;00000002;00000005;;1;0;1;;;;;;;;;0;;0;1;0;0;40000099;11000014
2021;1000000255;400000197;21;1;1;1;;00004936;00000003;;00005349;1;0;0;;;;;0;;;0;;;0;1;0;0;40000059;11000008
2021;1000000256;400000198;16;1;0;1;;00003328;00000003;00000017;00001631;1;0;0;;;;0;;0;0;0;;;0;1;0;1;40000042;11000005
2021;1000000259;400000199;10;1;1;1;;00002217;00000006;00000024;;1;0;1;;;1;;0;;;;;0;0;1;0;0;40000108;11000015
2021;1000000260;400000200;9;1;3;1;;00003703;00000005;00000007;00001296;1;0;0;;;;;;;0;1;0;;0;1;0;;40000095;11000013
2021;1000000261;400000201;16;2;0;1;;00000923;00000006;;;1;0;0;;;;;;1;;;;;0;1;0;0;40000053;11000007
2021;1000000262;400000202;15;1;1;1;;00003717;00000005;00000003;00000472;1;0;0;;;1;;;;;;;;0;1;;0;40000026;11000003
2021;1000000264;400000203;11;1;3;1;;00005256;00000001;;;1;0;0;;;;;1;;;0;;;0;1;0;0;40000211;11000030
2021;1000000265;400000204;18;2;0;1;;00002902;00000007;00000026;00002507;1;0;1;;;;;;;;0;;;0;1;0;0;40000160;11000022
2021;1000000268;400000205;5;2;3;1;;00001761;00000006;00000001;00004911;1;0;0;0;;;0;;;;;;;0;1;0;0;40000021;11000002
2021;1000000271;400000206;21;2;0;1;;00001210;00000001;;00001094;1;0;1;;;;;0;;;;0;;0;1;0;0;40000034;11000004
2021;1000000272;400000207;12;1;3;1;;00002545;00000007;;00004290;1;0;0;;;;;0;;;;0;;0;1;;0;40000081;11000011
2021;1000000273;400000208;18;2;0;1;;00001189;00000007;;00000603;1;0;0;;;1;;;;0;;;;0;1;0;0;40000184;11000026
2021;1000000274;400000209;6;1;1;1;;00002605;00000002;;00003567;1;0;0;;;;0;;;;;;;0;;0;0;40000073;11000010
2021;1000000276;400000210;13;2;0;1;;00003192;00000002;00000027;00000592;1;0;0;;;;;;;;;;;0;1;0;0;40000181;11000025
2021;1000000277;400000211;19;1;3;1;;00002743;00000007;00000012;00000484;1;0;0;;;;;;;;;0;;0;1;0;0;40000115;11000016
2021;1000000278;400000212;12;2;2;1;;00004020;00000006;00000023;00003942;1;0;0;;0;;;;;;;;;0;1;0;0;40000211;11000030
2021;1000000279;400000213;13;2;1;1;;00002801;00000002;00000018;00004428;1;0;0;;;1;;;;;;;;0;1;1;0;40000058;11000008
2021;1000000280;400000214;12;2;3;1;;00000419;00000001;00000001;;1;1;0;;;;;;;0;0;;0;0;1;0;0;40000061;11000008
2021;1000000285;400000215;18;2;2;1;;00002210;00000001;00000011;;1;0;1;;;;;;0;;;;;0;1;0;1;40000141;11000020
2021;1000000287;400000216;17;1;1;1;;00001094;00000004;00000018;00004513;1;0;0;;;;0;;;;;;;0;1;0;0;40000050;11000007
2021;1000000288;400000217;13;2;2;1;;00005515;00000004;00000023;;1;1;0;;;0;;;;;;0;;;1;0;0;40000212;11000030
2021;1000000289;400000218;17;1;3;1;;00002540;00000006;00000018;00004735;1;0;0;;;;;;;;;;;0;1;0;0;40000006;11000000
2021;1000000290;400000219;22;2;0;1;;00004355;00000005;;;1;0;1;0;0;;;;;;;0;;0;1;0;0;40000158;11000022
2021;1000000291;400000220;8;1;1;1;;00002951;00000005;;;1;0;0;;;0;;;;;;;;0;;0;0;40000161;11000022
2021;1000000292;400000221;15;2;1;1;;00005076;00000006;00000017;00005409;1;0;1;;0;;;;;0;;;0;0;1;0;0;40000215;11000030
2021;1000000294;400000222;13;1;0;1;;;00000004;00000007;00004850;2;0;0;0;;;;;;;;;0;0;1;1;0;40000051;11000007
2021;1000000295;400000223;16;2;1;1;;00001317;00000006;00000026;;1;0;0;0;;;;;;;;;;0;1;0;0;40000167;11000023
2021;1000000296;400000224;8;1;2;1;;00005257;00000006;00000027;00002056;1;0;1;;;;;;;;0;0;;0;1;0;0;40000191;11000027
2021;1000000297;400000225;20;1;1;1;;00003809;00000002;00000017;00004326;1;0;0;;;;0;0;;0;;;0;0;1;;0;40000152;11000021
2021;1000000298;400000226;18;1;0;1;;00005255;00000006;;00000831;2;0;0;;;0;;;;0;;;;0;1;0;0;40000130;11000018
2021;1000000299;400000227;17;1;0;1;;00004384;00000003;;;1;0;1;;0;;;;0;;;;;0;1;0;;40000047;11000006
2021;1000000300;400000228;12;2;2;1;;00005373;00000001;;00001735;1;0;1;;0;;;;;;0;0;;0;1;0;0;40000100;11000014
2021;1000000303;400000229;13;2;3;1;;00000063;00000002;;00004101;2;0;0;;;;0;;;0;;;;0;1;0;0;40000020;11000002
2021;1000000304;400000230;22;1;3;1;;00005202;00000001;00000010;00001073;1;0;0;;;;;;;;;;;0;1;0;0;40000101;11000014
2021;1000000305;400000231;24;1;1;1;;00003517;00000006;00000004;00000476;1;0;0;;;;0;;;;;;0;0;1;0;0;40000026;11000003
2021;1000000307;400000232;18;1;0;1;;00000902;00000006;00000001;00001270;1;0;0;;0;;;;;;0;;;0;1;0;0;40000211;11000030
2021;1000000309;400000233;15;1;1;1;;00000098;00000006;00000015;00003624;1;0;0;;;;0;;0;0;;;0;0;1;0;0;40000166;11000023
2021;1000000314;400000234;14;2;3;1;;00002006;00000005;00000019;00000259;2;0;0;;0;;;;;;;;;;0;0;0;40000200;11000028
2021;1000000316;400000235;15;1;0;1;;00001664;00000007;00000014;;1;0;0;;;;;;;0;;;0;0;1;0;0;40000183;11000026
2021;1000000318;400000236;6;1;2;1;;00003309;00000003;00000019;00004156;1;0;0;;;;;;;;;;0;0;1;0;0;40000212;11000030
2021;1000000320;400000237;19;2;0;1;;00004089;00000007;00000009;;1;0;0;;;;;;;;0;0;;0;1;0;0;40000117;11000016
2021;1000000321;400000238;19;1;3;1;;00003629;00000003;00000002;00000896;1;0;0;;;;;0;;;;0;;0;1;0;0;40000046;11000006
2021;1000000322;400000239;18;2;3;1;;00002330;00000007;;00002275;1;0;0;;;;;;;;;;;0;1;0;0;40000185;11000026
2021;1000000324;400000240;20;2;0;1;;00003330;00000003;00000022;;1;0;0;;;1;;;;;;;;0;1;0;0;40000149;11000021
2021;1000000325;400000241;25;2;3;1;;00005438;00000006;;;1;0;0;;1;;0;;;0;;0;;0;1;;0;40000086;11000012
2021;1000000327;400000242;7;2;1;1;;00004180;00000006;;00000373;1;0;0;;;0;;;;0;0;0;0;0;1;0;0;40000009;11000001
2021;1000000328;400000243;9;1;1;1;;00002094;00000003;;00000671;1;0;0;0;0;;;;;;;0;;0;1;0;0;40000147;11000020
2021;1000000329;400000244;8;2;2;1;;00003950;00000007;00000009;00004593;1;0;1;;;;;;;;;;;0;1;0;0;40000004;11000000
2021;1000000330;400000245;5;2;1;1;;00002215;00000006;;00000449;1;0;0;;;;;;;;;;;0;1;0;0;40000208;11000029
2021;1000000331;400000246;17;2;3;1;;00004066;00000007;;;2;0;0;;1;;;;;;;;;0;0;0;0;40000102;11000014
2021;1000000333;400000247;19;1;1;1;;00002718;00000006;00000001;00002446;1;0;0;;;;;;;;;;;0;1;0;0;40000018;11000002
2021;1000000334;400000248;9;2;1;1;;00000697;00000001;00000021;;1;0;0;;;;;0;;;;0;;0;1;0;;40000031;11000004
2021;1000000335;400000249;12;2;3;1;;00003863;00000004;;00000139;1;0;0;;;;;;;;;;;0;1;0;1;40000114;11000016
2021;1000000336;400000250;11;1;0;1;;00003180;00000004;;00001077;1;0;1;0;;;;0;;;;;;0;1;0;0;40000089;11000012
2021;1000000339;400000251;15;2;3;1;;00000467;00000002;00000008;00000273;2;0;0;;;;0;0;;;0;;0;0;1;0;0;40000141;11000020
2021;1000000340;400000252;19;2;0;1;;00001807;00000006;;;1;0;0;;1;1;0;;;;;;;0;1;1;0;40000090;11000012
2021;1000000342;400000253;21;1;3;1;;00005106;00000003;00000008;00000309;1;0;0;;;;;;;;;;;0;1;0;0;40000151;11000021
2021;1000000343;400000254;13;2;3;1;;00002445;00000006;;00004442;1;0;0;;1;;0;;;;;;0;0;1;0;0;40000013;11000001
2021;1000000344;400000255;17;1;3;1;;00005375;00000007;00000026;;1;0;0;;;;;;;;;;;0;0;0;0;40000203;11000028
2021;1000000345;400000256;17;2;1;1;;00002498;00000006;00000026;00004855;1;1;0;;;1;;;;;;;;0;1;0;0;40000017;11000002
2021;1000000347;400000257;13;2;1;1;;00002649;00000001;00000025;;1;0;0;;;;;;;;;;;0;1;0;0;40000111;11000015
2021;1000000349;400000258;23;2;1;1;;00002190;00000007;;00000168;2;0;1;;;;;;;;;;;0;1;0;0;40000102;11000014
2021;1000000350;400000259;12;1;1;1;;00000958;00000004;00000019;;2;0;0;;;;;0;;;;;;0;1;0;;40000044;11000006
2021;1000000353;400000260;18;1;1;1;;00002553;00000007;;;1;0;0;;;1;0;;0;;0;;;0;0;0;0;40000011;11000001
2021;1000000354;400000261;8;2;1;1;;00003581;00000003;;00000568;2;1;0;0;;;0;;;;;;;0;1;;1;40000137;11000019
2021;1000000355;400000262;12;1;1;1;;00004307;00000007;;;1;0;0;;;;;;0;;;;;0;0;0;0;40000105;11000014
2021;1000000356;400000263;9;1;1;1;;00002808;00000007;00000001;;1;0;0;;;1;0;;;;;;;0;1;0;0;40000083;11000011
2021;1000000359;400000264;12;2;3;1;;00000886;00000006;;00002890;2;0;1;0;;;;0;0;0;;;;0;1;0;0;40000097;11000013
2021;1000000360;400000265;20;2;3;1;;00001098;00000006;00000021;;1;0;0;;0;;;;;0;0;;;0;1;0;0;40000036;11000005
2021;1000000361;400000266;10;1;0;1;;00000751;00000006;;;1;0;0;;;;;;;;0;;;0;1;0;0;40000089;11000012
2021;1000000362;400000267;15;1;0;1;;00001881;00000002;00000012;00001353;1;0;1;;0;;;;;;;;;0;1;0;0;40000038;11000005
2021;1000000363;400000268;42;1;1;1;;00002135;00000006;;00000582;1;0;0;;;;;;;0;;;;0;1;0;0;40000009;11000001
2021;1000000364;400000269;10;1;3;1;;00003757;00000001;00000013;00002378;1;1;0;;1;;;;;0;;;;0;1;0;0;40000115;11000016
2021;1000000365;400000270;20;2;1;1;;00004727;00000007;00000008;;1;0;0;;;;;;0;;;;;0;1;1;0;40000171;11000024
2021;1000000367;400000271;5;2;1;1;;00003524;00000001;00000009;;1;0;0;;;;;;;;;;;0;1;0;0;40000032;11000004
2021;1000000368;400000272;19;2;1;1;;00004357;00000002;;00003353;1;0;0;;;;;;;;0;;0;0;1;0;0;40000111;11000015
2021;1000000369;400000273;15;1;3;1;;00002799;00000004;00000013;00005313;1;0;0;;;;;;;0;;;;;1;0;0;40000038;11000005
2021;1000000370;400000274;16;2;3;1;;00004201;00000007;;00002464;1;0;0;;;;0;;;0;;;;0;1;1;0;40000117;11000016
2021;1000000371;400000275;13;1;0;1;;00003313;00000001;;00004101;1;0;0;0;;1;;;;;;;;0;1;0;;40000050;11000007
2021;1000000372;400000276;8;1;0;1;;00002962;00000004;00000018;00002443;1;0;0;;1;;;0;;;;;0;0;0;0;0;40000038;11000005
2021;1000000373;400000277;16;1;1;1;;00001455;00000002;;00001139;1;0;0;;;;0;;0;;;;;0;1;0;0;40000147;11000020
2021;1000000375;400000278;34;1;3;1;;00005510;00000002;00000005;;1;0;1;;;;;;;;0;;;0;1;0;0;40000127;11000018
2021;1000000376;400000279;14;2;3;1;;00001791;00000002;00000004;00001908;1;0;0;;;;;;;0;;;0;0;1;0;1;40000120;11000017
2021;1000000377;400000280;16;1;0;1;;00001983;00000004;00000004;;1;0;0;;;;;;;;;;;0;1;0;;40000025;11000003
2021;1000000378;400000281;17;2;0;1;;00005267;00000003;;;2;0;1;0;;;;0;;;;;;0;0;0;0;40000086;11000012
2021;1000000379;400000282;7;2;0;3;;00005534;00000003;00000009;00004365;1;0;0;;;;;;;;;;;0;1;0;0;40000124;11000017
2021;1000000381;400000283;12;2;1;1;;00005240;00000002;00000011;00002140;1;1;0;0;;;0;0;;;;;;0;1;0;0;40000030;11000004
2021;1000000383;400000284;15;1;3;1;;00004089;00000006;;00005393;1;0;0;;1;;;0;;;;;;0;0;0;1;40000076;11000010
2021;1000000391;400000285;11;2;3;1;;00001187;00000006;00000014;00003184;1;0;0;0;;;;0;;;;0;;0;1;0;0;40000079;11000011
2021;1000000392;400000286;10;2;3;1;;00005498;00000007;00000017;00004751;1;0;0;;;1;;;;;;;;0;0;0;1;40000064;11000009
2021;1000000393;400000287;14;1;1;1;;00003541;00000006;;00002726;1;1;0;;;;;;;;;;;0;1;0;0;40000055;11000007
2021;1000000394;400000288;9;2;1;1;;00002718;00000001;00000005;00003900;2;0;0;;;;;;;;;;;0;1;1;0;40000135;11000019
2021;1000000397;400000289;23;2;1;1;;00002436;00000002;00000014;00001317;1;0;0;;;;;;;;;;0;;;;0;40000009;11000001
2021;1000000398;400000290;11;1;1;1;;00005203;00000001;;00002339;1;0;1;;;;;;;;;;;0;1;0;0;40000155;11000022
2021;1000000399;400000291;16;1;0;1;;00004228;00000001;00000015;00002952;1;0;0;;;;;;0;;;;;0;1;0;0;40000011;11000001
2021;1000000401;400000292;11;2;2;1;;00003230;00000004;;00003192;1;0;0;0;;;;;;;;;0;0;1;0;0;40000107;11000015
2021;1000000402;400000293;10;1;1;1;;00003885;00000004;;;1;0;0;;;;;0;;;;;;0;1;0;0;40000106;11000015
2021;1000000404;400000294;22;1;1;1;;00004427;00000003;00000021;00001220;1;0;1;0;;;0;;;;0;;;0;1;1;0;40000212;11000030
2021;1000000405;400000295;16;2;3;1;;00000260;00000007;00000008;00001358;1;0;0;0;0;;;;;;;;;0;1;0;0;40000150;11000021
2021;1000000407;400000296;15;2;0;1;;00004995;00000003;;00000965;1;0;0;;;0;;0;;;;;;0;0;1;0;40000112;11000015
2021;1000000408;400000297;16;2;0;1;;00002467;00000005;00000016;00005453;1;0;0;;;;;;0;;;0;;0;0;0;0;40000119;11000016
2021;1000000409;400000298;19;1;3;1;;00002198;00000006;00000001;;1;0;0;;;1;;;;;;;;0;1;0;0;40000013;11000001
2021;1000000410;400000299;16;2;3;1;;00002411;00000006;00000010;00002794;2;0;0;;;;;;;;;;0;0;1;0;0;40000003;11000000
2021;1000000411;400000300;20;2;3;1;;00000166;00000001;;;1;1;0;;;;0;;;;;;;0;1;0;1;40000196;11000027
2021;1000000413;400000301;9;1;1;1;;00000275;00000006;00000011;00002299;2;0;0;;;;;;;;;;;0;1;1;0;40000203;11000028
2021;1000000415;400000302;18;1;1;1;;00003223;00000001;00000002;;1;0;0;0;;1;;;;;;;;0;1;0;0;40000124;11000017
2021;1000000418;400000303;19;1;3;1;;00003047;00000001;00000021;00004057;1;0;0;;;;;;;;;;;0;1;0;0;40000064;11000009
2021;1000000419;400000304;17;2;3;1;;00004914;00000001;00000013;;1;0;0;;0;;;;;;;;0;0;1;0;0;40000137;11000019
2021;1000000421;400000305;12;1;0;1;;00005137;00000001;00000004;;1;0;1;;0;;;;;;;;;0;1;0;0;40000035;11000004
2021;1000000422;400000306;39;1;3;1;;00004821;00000006;00000023;00002685;1;0;0;;;1;;;;;;0;0;0;0;1;0;40000129;11000018
2021;1000000423;400000307;21;1;1;1;;00004038;00000006;00000018;00005179;1;0;1;;;;;;;;;;;1;1;0;0;40000205;11000029
2021;1000000424;400000308;11;2;1;1;;00000611;00000007;00000026;00002589;2;0;0;;;1;;;0;;;;;0;1;0;0;40000039;11000005
2021;1000000426;400000309;12;1;0;1;;00000577;00000005;;00005317;1;1;0;;;;0;0;;0;;;;0;0;0;0;40000084;11000011
2021;1000000427;400000310;13;2;3;1;;00001381;00000007;00000011;00003817;1;0;0;0;;;0;;;0;;;0;0;0;0;0;40000154;11000021
2021;1000000428;400000311;9;2;0;1;;00000626;00000006;;;1;0;0;;;;0;1;;;;;0;0;1;0;0;40000074;11000010
2021;1000000429;400000312;11;2;3;1;;00004074;00000004;00000015;;1;1;0;;0;;0;;;;;;;0;1;1;0;40000188;11000026
2021;1000000430;400000313;11;2;1;1;;00000490;00000007;00000012;;1;0;0;;;;;0;;0;;;0;0;1;0;0;40000091;11000012
2021;1000000433;400000314;16;1;0;1;;00000982;00000001;;00004147;1;0;0;;;;0;;;;;;0;0;1;0;0;40000016;11000002
2021;1000000435;400000315;17;2;0;1;;00002427;00000006;00000006;00000409;1;0;0;0;;;0;;;0;;0;;0;1;0;0;40000051;11000007
2021;1000000437;400000316;14;2;0;1;;00003585;00000007;;00004011;1;0;0;0;0;;0;;;;;0;;0;1;0;0;40000114;11000016
2021;1000000438;400000317;16;2;3;1;;00005063;00000001;00000026;00000912;1;0;0;;0;;;;0;;;;0;0;0;;0;40000152;11000021
2021;1000000439;400000318;12;1;1;1;;00004410;00000005;;00000507;2;0;0;;0;;;;;;;;1;0;1;0;0;40000107;11000015
2021;1000000440;400000319;10;1;2;1;;00003425;00000003;00000008;00001871;2;0;0;;;;;;0;;;0;;0;1;0;0;40000072;11000010
2021;1000000443;400000320;7;2;0;1;;00002313;00000006;;;1;0;1;;;;0;;;0;;;;0;1;0;0;40000161;11000022
2021;1000000444;400000321;15;2;0;1;;00002672;00000004;;00004544;1;0;1;0;;;;;;;;;0;0;1;0;0;40000133;11000018
2021;1000000446;400000322;18;2;0;1;;00003110;00000003;;;1;0;0;;;;;;;;;;;0;1;1;0;40000187;11000026
2021;1000000447;400000323;21;1;1;1;;00003046;00000007;00000017;00004167;1;0;0;;;1;;0;;;;;;0;1;0;0;40000115;11000016
2021;1000000450;400000324;19;1;2;1;;00003395;00000006;00000023;00003411;1;0;0;;;;;;;;0;;;0;0;0;0;40000007;11000000
2021;1000000452;400000325;9;1;1;1;;00005319;00000007;;;1;0;1;0;0;;;;;;;;0;0;1;0;0;40000130;11000018
2021;1000000453;400000326;10;2;4;1;;00002263;00000007;00000012;00001797;1;0;0;;;;;;;;;0;;0;1;0;0;40000153;11000021
2021;1000000454;400000327;19;2;2;1;;00004292;00000001;;00004221;1;0;0;0;;;;;;;;0;;0;1;0;0;40000038;11000005
2021;1000000456;400000328;14;2;1;1;;00000444;00000003;00000011;00002226;1;0;0;0;;;;;;;;;;;1;0;0;40000080;11000011
2021;1000000458;400000329;6;1;0;1;;00000957;00000002;00000023;00000006;2;0;0;;;0;0;;;0;;;;0;1;0;0;40000108;11000015
2021;1000000459;400000330;7;2;5;1;;00004636;00000007;;00001302;1;0;0;;0;;;0;;;;;;0;1;0;0;40000120;11000017
2021;1000000462;400000331;7;1;3;1;;00004010;00000006;00000023;;1;0;1;0;;1;0;;;;;0;0;0;1;0;0;40000059;11000008
2021;1000000463;400000332;16;1;0;1;;00000343;00000007;00000025;;2;0;0;;;1;;;;;;;;0;1;0;0;40000110;11000015
2021;1000000465;400000333;10;1;3;1;;00003332;00000007;00000007;;1;0;0;;0;;0;0;;;;;;0;1;0;0;40000050;11000007
2021;1000000467;400000334;18;2;0;1;;00001357;00000004;;;2;0;1;0;;;;;;0;;;;0;1;0;0;40000039;11000005
2021;1000000468;400000335;19;1;0;1;;00000382;00000002;00000009;00004128;1;1;0;0;0;;;;;;;;0;0;1;0;0;40000016;11000002
2021;1000000469;400000336;22;2;0;1;;00000138;00000005;;;1;0;0;;;;;;;;0;;;0;1;0;0;40000009;11000001
2021;1000000470;400000337;13;1;3;1;;00002645;00000006;;;1;0;1;;0;;;;;0;;;;0;1;0;0;40000122;11000017
2021;1000000471;400000338;17;2;3;1;;00001357;00000002;00000023;00004654;1;0;0;;0;;;;;;;;;0;1;0;0;40000114;11000016
2021;1000000472;400000339;23;1;3;1;;00005484;00000005;00000012;00001126;1;0;0;;;;;;;;;;;0;1;0;0;40000077;11000010
2021;1000000474;400000340;12;2;3;1;;00005161;00000003;00000003;00004535;1;0;0;;;;;;;;;;;0;1;0;0;40000192;11000027
2021;1000000480;400000341;14;1;0;1;;00001116;00000002;00000008;00003136;1;0;0;;;1;;;0;;;0;0;0;1;0;0;40000042;11000005
2021;1000000481;400000342;20;1;0;1;;00004887;00000002;00000021;;1;0;0;;;;;;;0;0;;0;0;1;0;0;40000099;11000014
2021;1000000482;400000343;7;2;1;1;;00004546;00000004;;;2;0;0;;;;0;0;;;;;;0;1;0;0;40000210;11000029
2021;1000000484;400000344;6;1;1;1;;00002979;00000005;;00004212;1;0;0;;;;0;;;;;;;0;1;0;0;40000102;11000014
2021;1000000488;400000345;16;2;3;1;;00001889;00000004;;00001056;2;1;0;;;;0;;;;;;;0;1;0;0;40000095;11000013
2021;1000000489;400000346;17;1;0;1;;00000964;00000001;00000008;;1;0;1;;0;0;;;;;;;1;0;1;0;0;40000193;11000027
2021;1000000491;400000347;12;2;1;1;;00000093;00000001;00000023;00000463;2;0;0;;;;;;;;;;;0;1;0;0;40000187;11000026
2021;1000000492;400000348;7;1;1;1;;00002668;00000004;00000004;00004146;1;0;;;0;1;;;;;;;;0;1;0;0;40000159;11000022
2021;1000000494;400000349;12;1;0;1;;00005141;00000006;;00000782;2;0;0;0;;;;;0;;;;;0;1;0;0;40000113;11000016
2021;1000000496;400000350;8;2;3;1;;00001997;00000004;00000018;;2;0;0;;0;;;0;;;;0;;0;1;0;0;40000053;11000007
2021;1000000497;400000351;15;2;0;1;;00003169;00000002;;00003397;1;0;0;;;;;0;;;0;;;0;1;1;;40000022;11000003
2021;1000000498;400000352;18;1;1;1;;00000457;00000002;00000027;00000810;1;0;0;;;;;;;;;;0;0;1;0;1;40000105;11000014
2021;1000000499;400000353;17;1;3;1;;00003324;00000001;00000025;00005099;2;0;0;;;1;;;;;;;;0;1;0;0;40000125;11000017
2021;1000000501;400000354;18;2;3;1;;00004167;00000003;00000015;;2;1;0;;;;;;;;;;0;0;1;0;1;40000148;11000021
2021;1000000502;400000355;11;1;0;1;;00004245;00000007;00000027;00004434;1;0;0;;;;;;;0;;;;0;1;0;0;40000136;11000019
2021;1000000503;400000356;21;2;1;1;;00001776;00000007;00000022;00003546;1;0;0;;;0;0;;;;;;;0;0;0;0;40000011;11000001
2021;1000000504;400000357;16;1;1;1;;00003442;00000005;00000013;00000934;1;0;1;;;;0;;;;;0;;0;1;0;0;40000067;11000009
2021;1000000505;400000358;6;1;3;1;;00003550;00000007;00000005;00003803;1;0;0;;1;;;;0;;0;0;;0;1;0;0;40000067;11000009
2021;1000000507;400000359;18;1;3;1;;00004689;00000002;00000024;00004798;1;0;0;;0;;;;;;;;0;0;1;0;0;40000033;11000004
2021;1000000510;400000360;18;2;1;1;;00005473;00000006;;;1;0;1;;0;1;0;;;;;;;0;1;0;0;40000044;11000006
2021;1000000511;400000361;8;2;3;1;;00001275;00000007;00000003;00000254;1;0;0;;;;;;;0;;;;0;1;0;0;40000160;11000022
2021;1000000513;400000362;15;2;0;1;;00003636;00000003;;00001727;1;0;0;0;;;;;0;;;0;;0;1;0;0;40000194;11000027
2021;1000000514;400000363;11;1;1;1;;00005425;00000006;00000016;00004499;1;0;0;;0;;;;0;0;;;;0;1;0;0;40000199;11000028
2021;1000000515;400000364;13;1;1;1;;00004244;00000004;00000006;00002489;1;1;0;0;;;0;;;;;;;0;1;0;0;40000201;11000028
2021;1000000516;400000365;18;2;1;1;;00003456;00000001;00000025;00000888;1;0;0;;;;0;;;0;0;;;0;1;0;0;40000177;11000025
2021;1000000517;400000366;15;2;3;1;;00002184;00000003;00000017;00005206;1;0;0;;;;;;0;;;;;;1;0;0;40000058;11000008
2021;1000000519;400000367;20;2;0;1;;00001228;00000002;00000016;00004576;1;0;0;;;;;;;;0;;;0;1;0;0;40000009;11000001
2021;1000000522;400000368;7;1;4;1;;00003670;00000004;00000022;00001045;1;0;0;;;;;;;;;;;0;1;0;0;40000077;11000010
2021;1000000524;400000369;10;2;1;1;;00001025;00000003;;;1;0;0;;;;0;;0;;;;;0;1;0;0;40000098;11000013
2021;1000000525;400000370;9;1;1;1;;00000618;00000006;00000021;00003279;1;0;0;;;;;;;;;;0;0;1;0;1;40000175;11000024
2021;1000000526;400000371;17;2;3;1;;00003742;00000004;00000014;00001095;1;0;0;;;;;;;;;;;0;1;0;0;40000206;11000029
2021;1000000529;400000372;15;1;3;1;;00005118;00000005;00000009;00001159;1;0;0;;0;1;;;;;;;;0;1;0;0;40000061;11000008
2021;1000000530;400000373;7;1;0;1;;00002505;00000002;;00001553;1;0;0;;;;;;0;0;;0;;0;1;0;0;40000206;11000029
2021;1000000531;400000374;14;2;3;1;;00000941;00000002;00000024;00001576;2;0;0;;0;0;;;;;;;;0;1;;0;40000039;11000005
2021;1000000533;400000375;10;1;3;1;;00002244;00000007;;00000606;1;0;1;;;;;;;;;;;0;;0;0;40000018;11000002
2021;1000000534;400000376;19;2;3;1;;00003970;00000005;00000006;;1;0;0;;;;;;1;0;;;;0;1;0;0;40000031;11000004
2021;1000000535;400000377;16;2;3;1;;00001585;00000003;00000001;;1;0;;;;;;;;;;;;0;1;0;0;40000184;11000026
2021;1000000536;400000378;17;1;3;1;;00004778;00000001;;00003100;1;0;1;;;;;;;;;;0;0;1;0;0;40000057;11000008
2021;1000000538;400000379;11;2;1;1;;00001155;00000006;00000003;00000652;1;0;1;;0;;0;0;;;;;;0;1;0;0;40000158;11000022
2021;1000000539;400000380;14;2;0;1;;00004520;00000001;00000016;;1;0;0;;;;;0;;;0;;;0;1;0;0;40000106;11000015
2021;1000000540;400000381;9;1;0;1;;00004889;00000003;00000006;00005185;1;0;0;;;;;;;;;;;;1;0;1;40000144;11000020
2021;1000000541;400000382;31;2;3;1;;00001784;00000007;00000008;;1;0;1;;;1;;;0;0;;;;0;1;0;0;40000216;11000030
2021;1000000542;400000383;11;1;1;1;;00004142;00000002;00000027;00002708;1;0;0;;;;;;0;;;;;0;1;0;0;40000144;11000020
2021;1000000543;400000384;18;1;3;1;;00004519;00000005;00000016;00005287;2;0;0;;;;;;;;;;;0;1;1;;40000163;11000023
2021;1000000545;400000385;8;1;3;1;;00000421;00000004;;;1;0;0;;;0;;1;;;0;0;;0;0;0;0;40000070;11000009
2021;1000000546;400000386;10;2;1;1;;00003062;00000005;00000025;;1;0;0;;;;;;;;;;;0;1;0;0;40000059;11000008
2021;1000000547;400000387;14;1;1;1;;00002682;00000001;;00004143;1;0;0;;0;;;;;;;;0;0;1;1;0;40000036;11000005
2021;1000000552;400000388;9;1;3;1;;00005207;00000005;00000010;00003750;1;0;0;;;;0;0;;;;;;0;1;0;0;40000107;11000015
2021;1000000557;400000389;15;1;3;1;;00003165;00000004;00000006;00001285;1;0;0;;;;;;0;;0;;;0;1;1;0;40000177;11000025
2021;1000000559;400000390;8;2;1;1;;00004084;00000005;00000008;00000747;1;0;0;;;0;;;;;;;;0;1;0;0;40000151;11000021
2021;1000000560;400000391;21;2;3;1;;00000289;00000006;00000025;;2;0;0;;0;;;;;;;;;0;1;0;0;40000198;11000028
2021;1000000561;400000392;14;2;0;1;;00001385;00000003;00000010;00000629;1;0;0;;0;;;;;;;;;0;;0;0;40000173;11000024
2021;1000000562;400000393;17;2;0;1;;00001676;00000002;00000007;00004126;1;0;0;;0;;;;;;;0;;0;1;0;;40000052;11000007
2021;1000000563;400000394;17;1;1;1;;00003974;00000006;00000021;00002736;1;1;0;0;;;0;;;;;;;;0;0;0;40000046;11000006
2021;1000000564;400000395;15;2;3;1;;00001227;00000003;00000020;00003135;1;0;0;;;;;;0;;0;;0;0;1;0;0;40000102;11000014
2021;1000000565;400000396;13;1;1;1;;00003502;00000005;;;1;0;0;;0;;;;0;;;;;0;1;0;0;40000192;11000027
2021;1000000566;400000397;8;2;3;1;;00003292;00000006;00000001;;1;0;0;;;;;0;;0;;;0;0;1;0;0;40000200;11000028
2021;1000000567;400000398;14;2;0;1;;00000124;00000005;00000002;;1;0;0;0;;0;;;;0;;;;0;1;0;0;40000065;11000009
2021;1000000568;400000399;11;1;2;1;;00003152;00000005;00000017;;1;0;0;;;;0;;;;;;0;0;1;0;0;40000036;11000005
2021;1000000569;400000400;8;2;3;1;;00004559;00000006;;00003254;1;0;0;;;1;;;;;;;;0;1;0;0;40000052;11000007
2021;1000000570;400000401;10;1;0;1;;00002225;00000002;;;1;0;0;0;;1;0;1;0;;0;;;0;1;0;0;40000200;11000028
2021;1000000571;400000402;14;2;3;1;;00001510;00000005;00000013;;1;0;0;0;;1;;;;0;;;;0;1;0;0;40000165;11000023
2021;1000000573;400000403;17;1;1;1;;00001889;00000001;;;1;0;0;;;;;;;;;;;0;1;0;0;40000070;11000009
2021;1000000575;400000404;10;1;3;1;;00003499;00000002;;;1;0;0;;;1;;;;;;;;0;0;0;0;40000194;11000027
2021;1000000578;400000405;20;2;0;1;;00003335;00000004;;00004300;1;0;0;;;;;0;;;;;;0;1;0;0;40000210;11000029
2021;1000000580;400000406;14;2;0;1;;00005065;00000007;00000007;;1;0;0;;;0;;;;;;;;0;1;0;0;40000044;11000006
2021;1000000581;400000407;5;1;3;1;;00003462;00000001;00000019;;1;0;0;;0;;;0;0;;0;;;0;1;0;0;40000013;11000001
2021;1000000582;400000408;9;1;0;1;;00002920;00000002;00000016;00000707;1;0;0;;;;;0;;;;;;;1;0;0;40000197;11000028
2021;1000000584;400000409;14;1;0;1;;00003286;00000004;;00002957;1;0;0;;;;;;;;;;;0;1;0;0;40000124;11000017
2021;1000000585;400000410;12;2;0;1;;00000063;00000006;00000018;00004844;2;0;0;;;;;;;;;;;0;1;0;0;40000140;11000019
2021;1000000590;400000411;15;2;0;1;;00001381;00000007;00000027;00000587;1;0;0;;;;;;;0;;;;0;0;0;0;40000213;11000030
2021;1000000591;400000412;7;1;3;1;;00004889;00000005;00000022;;1;0;0;0;;;;;;;;;;0;1;0;0;40000096;11000013
2021;1000000592;400000413;19;1;1;1;;00003129;00000006;;00003964;1;0;0;;;;;;;;;;;0;1;0;0;40000033;11000004
2021;1000000595;400000414;12;1;3;1;;00000431;00000002;00000009;;1;0;0;;;;;;;0;;;;0;1;0;0;40000099;11000014
2021;1000000596;400000415;11;1;3;1;;00001231;00000005;;00003373;1;0;0;;;;;;;;;;;0;1;0;0;40000136;11000019
2021;1000000597;400000416;13;2;0;1;;00003048;00000005;00000023;;1;0;0;;;;;;;;;;;0;1;;0;40000107;11000015
2021;1000000600;400000417;12;1;0;1;;00000902;00000005;00000005;00001815;1;0;0;;0;;;1;;;0;;;0;1;0;0;40000199;11000028
2021;1000000601;400000418;15;2;1;1;;00002850;00000007;;00005142;1;0;0;;;;;0;;;;;;0;1;0;0;40000156;11000022
2021;1000000603;400000419;15;2;3;1;;00002702;00000006;00000003;;1;0;0;;;;;;;;;;;0;1;0;0;40000189;11000026
2021;1000000604;400000420;11;1;3;1;;00001921;00000002;;00003862;1;0;0;;;;;;;0;0;;;0;1;0;0;40000006;11000000
2021;1000000605;400000421;12;1;1;1;;00004724;00000004;;00000795;2;0;0;0;;;;;0;;0;;;0;1;0;1;40000019;11000002
2021;1000000606;400000422;8;1;1;1;;00000020;00000001;00000021;00001998;1;0;0;;1;;;;0;;;;;0;1;0;0;40000106;11000015
2021;1000000608;400000423;12;1;3;1;;00004526;00000004;;;1;0;0;;;;0;;;;0;;;0;1;0;0;40000179;11000025
2021;1000000609;400000424;11;1;0;1;;00003709;00000005;00000020;00000931;1;0;0;;;;;;;;;;0;0;1;1;1;40000079;11000011
2021;1000000610;400000425;12;1;1;1;;00001525;00000001;00000009;00002829;2;0;0;;;;0;;;;;;0;0;1;0;0;40000054;11000007
2021;1000000612;400000426;9;2;3;1;;00000479;00000007;00000006;;1;0;0;;0;;;0;;;;;;0;0;0;0;40000202;11000028
2021;1000000613;400000427;13;2;1;1;;00001172;00000002;00000022;;1;0;0;0;;;;;;;;;;0;1;0;0;40000166;11000023
2021;1000000614;400000428;7;2;1;1;;00001942;00000007;00000012;00005348;1;0;0;;;;;0;;;0;;;0;1;0;0;40000068;11000009
2021;1000000617;400000429;14;2;3;1;;00003243;00000005;;;2;0;0;;;;;;;;;;;0;1;0;0;40000153;11000021
2021;1000000618;400000430;12;2;0;1;;00004803;00000007;00000022;00004024;1;0;1;;;;;;;;;;;0;1;0;0;40000140;11000019
2021;1000000620;400000431;12;1;1;1;;00003089;00000002;;00000335;2;0;0;;;;;;;;;;;0;1;0;0;40000113;11000016
2021;1000000621;400000432;20;1;0;1;;00004552;00000001;00000023;;1;0;0;;;1;;;;;0;;;0;1;0;0;40000024;11000003
2021;1000000623;400000433;8;1;0;1;;00001533;00000001;00000004;;2;0;1;;;1;;;;0;;;0;0;1;0;0;40000049;11000006
2021;1000000624;400000434;18;2;3;1;;00002285;00000003;00000018;00005207;2;0;0;;;;;;;;;;;0;1;0;0;40000214;11000030
2021;1000000625;400000435;9;2;1;1;;00000002;00000006;00000021;;1;0;1;0;;;0;;;;;;;0;;;0;40000202;11000028
2021;1000000627;400000436;19;1;0;1;;00003115;00000004;;;1;0;0;;0;;;;0;;;;;0;1;0;0;40000193;11000027
2021;1000000628;400000437;9;2;3;1;;00002842;00000006;00000007;00003379;1;0;0;0;;;0;;;;;;;0;1;0;1;40000082;11000011
2021;1000000629;400000438;12;2;0;1;;00004073;00000001;00000010;;1;0;0;;;;;;;0;;0;;0;1;0;0;40000046;11000006
2021;1000000631;400000439;14;1;0;1;;00002504;00000006;;;1;0;0;;;;;;;;;;;0;1;0;0;40000170;11000024
2021;1000000632;400000440;14;2;1;1;;00000423;00000003;00000024;00002858;2;0;0;0;;1;;;;;;;;0;1;0;0;40000074;11000010
2021;1000000633;400000441;14;1;1;1;;00003080;00000004;00000024;;1;0;;;0;;;;;;;;;0;1;0;0;40000187;11000026
2021;1000000637;400000442;11;1;3;1;;00005459;00000005;;00000685;1;0;0;;;0;;;;0;;;;0;1;0;0;40000144;11000020
2021;1000000638;400000443;7;2;1;1;;00003637;00000006;;;1;0;0;;;;0;0;0;;0;;;0;1;0;0;40000041;11000005
2021;1000000640;400000444;15;2;1;1;;00005558;00000007;00000015;00000835;1;0;0;;;;;;;0;;;;0;1;0;0;40000212;11000030
2021;1000000642;400000445;20;1;1;1;;00002041;00000004;00000006;00002482;1;0;0;;0;;;;;0;;;0;0;1;0;0;40000178;11000025
2021;1000000643;400000446;7;2;1;1;;00002120;00000002;00000015;;1;0;0;;0;0;;;;;;0;0;0;1;0;1;40000160;11000022
2021;1000000644;400000447;11;1;0;1;;00004045;00000006;00000012;00002147;1;1;0;0;0;;;;;;;;;;1;0;0;40000161;11000022
2021;1000000645;400000448;9;1;3;1;;00004720;00000007;00000015;00003282;1;0;0;;;;;;;;;;;0;1;0;0;40000139;11000019
2021;1000000646;400000449;11;1;0;1;;00003480;00000006;;00003664;1;0;0;;;1;;;0;;;;0;0;0;0;0;40000186;11000026
2021;1000000647;400000450;13;2;1;1;;00005249;00000006;00000019;;1;0;0;;0;0;;;;;0;;;0;0;0;0;40000212;11000030
2021;1000000649;400000451;5;2;3;1;;00004962;00000001;00000020;00004504;1;0;0;;;;;;;0;;0;;0;1;0;1;40000112;11000015
2021;1000000650;400000452;14;1;0;1;;00002064;00000005;00000023;00002359;1;0;0;;;;;;;0;;;;0;1;0;0;40000141;11000020
2021;1000000653;400000453;9;2;1;1;;00005000;00000004;00000002;00004430;1;0;0;;;;;;;0;0;;0;0;1;0;0;40000001;11000000
2021;1000000654;400000454;11;2;1;1;;00003173;00000003;00000023;;1;0;1;;;1;;;;;;0;;0;1;0;0;40000169;11000024
2021;1000000655;400000455;12;1;0;1;;00003797;00000007;00000010;00000428;1;0;0;0;1;1;;0;;;;;;0;1;0;0;40000179;11000025
2021;1000000657;400000456;16;2;0;1;;00001981;00000001;00000008;00002775;1;0;1;;;1;;;;0;;;;0;1;0;0;40000092;11000013
2021;1000000658;400000457;12;2;0;1;;00003322;00000006;00000026;00003082;1;0;0;;;;;;;;0;;;0;1;0;0;40000099;11000014
2021;1000000659;400000458;15;1;1;1;;00001062;00000005;00000002;;1;0;0;0;;;;;;;;;;0;1;0;0;40000090;11000012
2021;1000000660;400000459;8;1;1;1;;00002376;00000004;00000027;;2;0;0;;;;;;;;0;0;;0;1;;0;40000069;11000009
2021;1000000661;400000460;6;2;2;1;;00001021;00000006;00000013;;2;0;0;;0;;0;0;;;;;;0;0;0;0;40000213;11000030
2021;1000000662;400000461;13;2;1;1;;00004140;00000003;00000003;;1;0;0;0;;;;;;;;;;0;1;0;0;40000180;11000025
2021;1000000663;400000462;7;2;1;1;;00000560;00000006;00000024;00002211;1;0;0;0;;;;;;;0;;;0;1;;;40000197;11000028
2021;1000000664;400000463;14;2;2;1;;00002932;00000007;00000013;00001108;2;0;0;;;;0;;0;0;;0;;0;1;0;0;40000037;11000005
2021;1000000665;400000464;8;1;3;1;;00001432;00000007;;;1;0;0;;;;;;0;0;;;;0;;0;0;40000137;11000019
2021;1000000666;400000465;20;2;0;1;;00003539;00000005;00000006;00003844;2;0;0;0;0;;;;;;;;0;0;1;0;0;40000102;11000014
2021;1000000667;400000466;19;1;0;1;;00003626;00000002;00000007;00004018;1;0;0;;;;;;0;;;;;0;0;0;0;40000077;11000010
2021;1000000668;400000467;7;2;1;1;;00000153;00000002;00000022;;1;0;0;;;;;;;;0;;;0;1;0;0;40000093;11000013
2021;1000000669;400000468;15;2;3;1;;00005047;00000005;00000027;00003408;2;0;0;;0;;;;;;;;;0;1;0;0;40000003;11000000
2021;1000000671;400000469;21;1;3;1;;00004873;00000007;00000003;00001834;1;0;0;;;;;0;;;;;;0;1;0;0;40000128;11000018
2021;1000000672;400000470;16;2;2;1;;00003490;00000003;;00000209;1;0;0;;;;;;;0;;0;;0;1;0;0;40000093;11000013
2021;1000000673;400000471;19;2;1;1;;00000965;00000007;00000015;;1;0;0;0;;;0;1;0;;0;;;0;1;0;0;40000179;11000025
2021;1000000678;400000472;15;1;0;1;;00001527;00000005;00000021;00004807;1;0;0;0;;;;;;0;;;;0;1;0;0;40000180;11000025
2021;1000000679;400000473;13;2;1;1;;00004245;00000007;00000005;00000146;1;0;0;;;;0;;;;;;;0;1;0;0;40000139;11000019
2021;1000000680;400000474;12;2;3;1;;00001942;00000005;;00000965;1;0;0;;;;;;0;;;;;0;0;1;0;40000169;11000024
2021;1000000681;400000475;22;1;3;1;;00005065;00000003;00000010;00001150;2;0;0;;;0;;;;;;;0;0;1;1;0;40000191;11000027
2021;1000000682;400000476;8;2;3;1;;;00000007;00000009;00000380;2;0;0;0;;1;0;;;;;;;0;1;0;0;40000025;11000003
2021;1000000683;400000477;4;2;1;1;;00001651;00000007;00000006;00001382;1;0;1;;;;;;;0;;;;0;1;0;0;40000009;11000001
2021;1000000684;400000478;13;1;3;1;;00000163;00000003;00000003;00000306;1;0;0;;;;;;;;;0;0;0;1;0;0;40000153;11000021
2021;1000000685;400000479;7;1;0;1;;00001408;00000003;;00000787;2;0;0;;0;;;;;;;;;0;1;0;0;40000131;11000018
2021;1000000686;400000480;18;2;1;1;;00000163;00000001;;00003036;1;0;1;;;;;;;0;;;0;0;1;0;0;40000045;11000006
2021;1000000687;400000481;16;2;1;1;;00001937;00000003;;00002015;1;0;0;;;;;;0;0;0;;;0;1;0;0;40000047;11000006
2021;1000000688;400000482;8;1;3;1;;00002336;00000005;;;1;0;1;;0;;;;;;;;0;0;1;0;0;40000140;11000019
2021;1000000689;400000483;11;2;0;1;;00002173;00000004;00000003;00003242;2;0;0;0;;;;;;;;;;0;1;0;0;40000120;11000017
2021;1000000690;400000484;20;2;3;1;;00002420;00000005;00000020;;1;0;0;;;1;;;;;;;0;0;1;0;0;40000163;11000023
2021;1000000693;400000485;7;1;0;1;;00004258;00000007;00000008;00000384;2;0;0;;;;;;;;;;;0;1;0;0;40000016;11000002
2021;1000000694;400000486;17;1;1;1;;00002894;00000003;00000021;00000027;1;0;0;0;;0;;0;;;;;;0;1;0;0;40000099;11000014
2021;1000000695;400000487;9;1;0;1;;00005050;00000004;00000015;;1;0;1;;;1;;;;;0;;0;0;1;0;0;40000161;11000022
2021;1000000696;400000488;11;1;1;1;;00004658;00000006;00000021;;1;0;1;;;;;;;;;;;0;1;0;0;40000124;11000017
2021;1000000697;400000489;27;2;3;1;;00004993;00000004;00000016;00000040;2;0;0;;;;0;;;;;;;0;1;0;0;40000021;11000002
2021;1000000699;400000490;12;2;1;1;;00002603;00000003;;00003684;1;0;0;;;;0;;;;;;;0;1;0;0;40000187;11000026
2021;1000000700;400000491;8;1;1;1;;00005274;00000001;;;2;0;0;;;;;;;;;;0;0;1;0;0;40000091;11000012
2021;1000000701;400000492;11;2;1;1;;00002396;00000007;00000015;;1;0;0;;;1;;;0;;;;;0;1;;0;40000035;11000004
2021;1000000702;400000493;14;2;1;1;;00000571;00000002;;00000079;1;0;1;;1;1;;;;;;0;;0;1;0;0;40000195;11000027
2021;1000000703;400000494;9;2;0;1;;00002422;00000005;00000003;00000458;1;0;0;0;1;;;;;;;;;0;1;0;0;40000203;11000028
2021;1000000704;400000495;8;2;1;1;;00000389;00000007;00000010;00004732;1;0;1;;;;;;;;;;;0;1;0;0;40000152;11000021
2021;1000000705;400000496;9;1;3;1;;00000809;00000006;00000007;;1;0;0;;;;;;;;;;0;0;1;1;0;40000211;11000030
2021;1000000706;400000497;18;2;0;1;;00002831;00000007;00000014;00005412;1;0;0;;;;0;;;;0;;;0;0;0;0;40000176;11000025
2021;1000000707;400000498;15;1;3;1;;00004867;00000006;;00005439;1;0;0;;;;;;;0;;;0;0;1;0;0;40000054;11000007
2021;1000000708;400000499;13;2;0;1;;00000428;00000005;;;1;0;0;;;1;;0;;;;;;0;1;1;0;40000072;11000010
2021;1000000709;400000500;20;2;1;1;;00001393;00000004;;00000233;1;0;0;0;;;;;0;;;;0;0;1;0;0;40000164;11000023
2021;1000000710;400000501;6;2;1;1;;00001462;00000006;;00001504;1;0;1;;;;;;0;;;;;0;1;0;0;40000198;11000028
2021;1000000712;400000502;19;1;3;1;;00001075;00000003;00000015;00000536;1;0;0;;;1;;;;;;;;0;1;0;0;40000051;11000007
2021;1000000713;400000503;8;2;3;1;;00001887;00000007;00000027;;1;0;1;;;;0;;;;0;0;;0;1;0;0;40000092;11000013
2021;1000000715;400000504;8;1;1;1;;00002843;00000001;00000023;00002554;2;0;0;;;;0;;;0;0;0;;0;1;0;0;40000027;11000003
2021;1000000717;400000505;15;2;0;1;;00004138;00000004;00000024;00001438;2;0;0;;0;;0;;;;0;;;0;0;0;0;40000051;11000007
2021;1000000719;400000506;9;2;1;1;;00000243;00000006;00000018;00000791;1;0;0;0;;;;0;;;;;;0;0;0;0;40000091;11000012
2021;1000000720;400000507;14;2;3;1;;00005015;00000007;00000002;;1;0;0;;;;;;;;;0;;0;1;0;;40000008;11000001
2021;1000000724;400000508;15;2;0;1;;00004135;00000003;00000009;;1;0;0;0;;0;;;;;0;;;0;;0;0;40000031;11000004
2021;1000000726;400000509;13;1;3;1;;00001440;00000001;;00003193;2;0;0;0;0;;;;;;0;;;0;1;0;0;40000080;11000011
2021;1000000727;400000510;12;2;1;1;;00000745;00000005;;;1;0;0;;;1;;;;0;;;;0;1;0;0;40000163;11000023
2021;1000000728;400000511;19;1;1;1;;00004592;00000004;00000025;00000239;1;0;0;;;;;;0;;0;;;0;1;0;0;40000109;11000015
2021;1000000729;400000512;20;2;1;1;;00005517;00000001;;00000834;1;0;1;;0;;0;;0;;;;;0;1;;0;40000094;11000013
2021;1000000731;400000513;30;1;2;1;;00004894;00000003;00000008;;1;0;0;;;;;;;;;;;0;1;0;;40000143;11000020
2021;1000000734;400000514;16;1;3;1;;00000262;00000006;;00001591;2;0;0;;;;;;;;0;;0;0;1;0;0;40000060;11000008
2021;1000000735;400000515;12;1;1;1;;00002928;00000005;00000006;00003182;1;0;0;0;0;;;;;;;;0;0;;0;0;40000107;11000015
2021;1000000736;400000516;13;2;0;1;;00001328;00000001;00000019;00005450;1;0;0;;;;0;;0;;;;;0;1;0;0;40000045;11000006
2021;1000000737;400000517;9;2;1;1;;00003468;00000006;;00002541;1;0;0;;;;;;;;;;;0;1;0;0;40000130;11000018
2021;1000000738;400000518;10;2;1;1;;00002082;00000005;;;2;0;0;;;1;;;;0;;;;0;1;0;0;40000058;11000008
2021;1000000739;400000519;22;1;1;1;;00003304;00000003;;00002835;2;0;0;;;;;;;;;0;;0;1;0;0;40000135;11000019
2021;1000000741;400000520;20;2;0;1;;00005196;00000003;;;1;0;0;;;;;;;0;;;0;0;1;0;0;40000047;11000006
2021;1000000742;400000521;11;2;3;1;;00003888;00000003;;00000870;1;0;0;;;;;;0;;;;;0;1;0;0;40000037;11000005
2021;1000000744;400000522;6;1;3;1;;00000655;00000002;;;1;0;0;;;;;;;;;0;;0;1;0;0;40000124;11000017
2021;1000000747;400000523;21;1;0;1;;00002866;00000002;;00004150;2;0;1;;0;;;;;;;;;0;1;0;0;40000139;11000019
2021;1000000748;400000524;5;1;0;1;;00005354;00000001;00000004;00001161;1;0;0;;;0;;;;;;;;0;0;0;0;40000164;11000023
2021;1000000750;400000525;14;2;1;1;;00003687;00000006;00000007;00000123;1;0;0;;;;;;0;0;;;;0;0;0;0;40000172;11000024
2021;1000000753;400000526;18;2;1;1;;00002810;00000001;;00003986;2;0;0;;;;;;;;;;;0;1;;0;40000076;11000010
2021;1000000754;400000527;18;1;3;1;;00003848;00000006;;00003803;1;0;0;;;;;;;;;;;0;;;0;40000115;11000016
2021;1000000755;400000528;15;1;0;1;;00004594;00000006;00000005;;1;0;0;;;;0;;;0;;;;0;1;0;0;40000151;11000021
2021;1000000756;400000529;11;2;0;1;;00001489;00000001;00000005;;1;0;0;;;;;;;0;;0;0;0;1;0;;40000038;11000005
2021;1000000757;400000530;18;2;1;1;;00002030;00000003;00000021;00004061;1;0;0;0;;;;;;0;;;;0;1;0;0;40000007;11000000
2021;1000000759;400000531;26;1;3;1;;00001222;00000004;00000015;;1;0;0;;;;;;0;;;;;0;0;0;0;40000046;11000006
2021;1000000761;400000532;9;1;3;1;;00001324;00000005;;00003411;1;1;0;;;;;;;;;;;0;1;0;0;40000183;11000026
2021;1000000763;400000533;17;2;1;1;;00005461;00000003;00000002;00003860;2;0;0;;;;;1;;;;;0;0;1;0;0;40000068;11000009
2021;1000000765;400000534;9;2;3;1;;00002252;00000001;;00004306;1;0;0;;;;;;;;;;0;0;1;0;0;40000200;11000028
2021;1000000766;400000535;5;2;3;1;;00001779;00000005;;;1;0;0;;;0;;0;0;0;;;;0;1;0;0;40000180;11000025
2021;1000000767;400000536;19;1;1;1;;00002208;00000002;00000004;00003735;1;0;1;0;0;;;;;;0;;;0;1;0;0;40000082;11000011
2021;1000000768;400000537;19;1;0;1;;00000523;00000006;00000024;00004428;1;0;0;0;0;1;0;;;0;;;;0;1;;0;40000070;11000009
2021;1000000769;400000538;11;2;3;1;;00001463;00000004;;;1;0;0;;;;0;;;;;0;;0;1;1;0;40000059;11000008
2021;1000000771;400000539;16;1;1;1;;00000802;00000002;00000025;00000750;1;0;0;;;;;;;;;;;0;1;0;0;40000209;11000029
2021;1000000773;400000540;14;1;2;1;;00000820;00000002;00000021;;1;0;1;;0;;;;;;;;;0;1;0;0;40000086;11000012
2021;1000000774;400000541;8;2;0;1;;00005303;00000001;00000022;;1;0;0;;;;;;;;;;;0;1;0;0;40000213;11000030
2021;1000000776;400000542;5;2;3;1;;00002307;00000004;00000018;;1;0;0;;;;;;;;;;;0;1;;0;40000166;11000023
2021;1000000777;400000543;6;1;1;1;;00004530;00000006;;;1;0;0;0;;;;;;;;;0;0;1;0;0;40000208;11000029
2021;1000000778;400000544;8;1;1;1;;00003550;00000003;00000011;;1;0;0;;;;;;0;;;;;0;;0;0;40000026;11000003
2021;1000000779;400000545;28;1;3;1;;00002459;00000002;00000013;;1;0;0;;;;0;;0;;;;;0;1;0;0;40000038;11000005
2021;1000000780;400000546;10;1;0;1;;00004667;00000003;;;1;0;;;;;;;;;0;;;0;1;0;0;40000043;11000006
2021;1000000781;400000547;10;2;0;1;;00000292;00000004;;;1;0;0;;;;0;;;;;0;;0;0;0;0;40000114;11000016
2021;1000000782;400000548;19;1;3;1;;00002701;00000004;;;1;0;0;;;;;;;;;;;0;1;0;0;40000049;11000006
2021;1000000783;400000549;16;1;5;1;;00002032;00000005;;00002331;1;0;0;;;;;;;;;;;0;1;0;0;40000178;11000025
2021;1000000784;400000550;9;2;1;1;;00000745;00000001;00000022;;1;1;0;;;;;;;;;;;0;1;0;0;40000185;11000026
2021;1000000785;400000551;16;2;1;1;;00000934;00000001;00000001;00003317;1;0;1;;1;;;;;;;;;0;1;0;0;40000123;11000017
2021;1000000787;400000552;10;1;2;1;;00004245;00000003;00000017;;1;0;0;0;0;;;;;;;;;0;0;0;0;40000095;11000013
2021;1000000788;400000553;19;1;3;1;;00002980;00000007;00000011;00001884;1;0;0;;1;;;;;;;0;;0;1;0;0;40000165;11000023
2021;1000000790;400000554;22;1;1;1;;00001641;00000003;;;1;0;0;0;;;;;;;0;;;0;1;0;0;40000114;11000016
2021;1000000791;400000555;19;2;3;1;;00002214;00000002;00000002;;1;0;0;;0;;;;;;;;;0;1;0;0;40000170;11000024
2021;1000000792;400000556;10;1;1;1;;00001247;00000002;;00002585;1;0;0;0;;;;;;;;0;;0;1;0;0;40000026;11000003
2021;1000000793;400000557;17;2;3;1;;00003756;00000004;;00000702;1;0;1;;;1;;;;;0;;0;0;0;0;0;40000170;11000024
2021;1000000794;400000558;20;1;1;1;;00004971;00000003;00000020;;1;0;0;;;;0;;;0;0;;;;1;0;0;40000043;11000006
2021;1000000795;400000559;15;1;0;1;;00002464;00000001;;00005114;1;0;0;;0;;0;0;;;0;;;0;1;0;0;40000048;11000006
2021;1000000798;400000560;7;2;0;1;;00002199;00000005;00000010;00001577;1;0;0;;;0;;;;0;;;;0;1;1;;40000210;11000029
2021;1000000799;400000561;18;1;1;1;;00005192;00000006;00000023;00003215;1;0;0;0;;;;;;;0;0;;0;1;0;0;40000188;11000026
2021;1000000800;400000562;23;2;0;1;;00000105;00000001;;;1;0;0;;;;;;;;;;;0;1;0;0;40000087;11000012
2021;1000000801;400000563;6;1;3;1;;00002194;00000004;00000024;00003086;1;1;0;0;0;;0;;;;;;;0;0;0;0;40000009;11000001
2021;1000000804;400000564;11;2;1;1;;00002473;00000001;00000004;00000203;2;0;1;0;;;;;;0;;;;0;1;0;0;40000144;11000020
2021;1000000805;400000565;18;1;1;1;;00004437;00000004;;;2;0;0;;;;0;0;;;;;;0;1;0;;40000156;11000022
2021;1000000808;400000566;15;1;1;1;;00000746;00000007;;;2;0;0;;;;;;;;;;0;0;1;0;0;40000016;11000002
2021;1000000809;400000567;11;1;1;1;;00000635;00000007;;00001725;2;0;0;;;1;;;;0;;;;;0;0;0;40000181;11000025
2021;1000000810;400000568;18;2;1;1;;00000218;00000006;00000005;00002195;1;0;1;;;;;;;;;;;0;1;1;0;40000088;11000012
2021;1000000811;400000569;5;1;0;1;;00004005;00000002;;00002260;1;0;0;;;;0;;;;;;;;0;0;0;40000057;11000008
2021;1000000812;400000570;12;1;1;1;;00004762;00000004;;00005181;2;0;0;0;;;;;;;;0;;0;1;;0;40000028;11000003
2021;1000000813;400000571;10;1;3;1;;00003751;00000005;;;2;0;0;;;1;;;;;;;;0;1;0;0;40000145;11000020
2021;1000000816;400000572;24;1;3;1;;00004142;00000005;;00004417;2;0;0;;0;;;;;;;;;0;1;0;0;40000152;11000021
2021;1000000817;400000573;16;2;0;1;;00003485;00000005;;;1;0;0;;;;;1;;0;;;;0;1;0;0;40000217;11000030
2021;1000000819;400000574;11;1;0;1;;00003923;00000001;00000009;;1;0;0;;;;;;;;;;0;0;1;1;0;40000136;11000019
2021;1000000820;400000575;14;2;1;1;;00002018;00000005;;;1;0;1;;;;;;;;;;;0;1;0;0;40000036;11000005
2021;1000000821;400000576;10;2;3;1;;00000077;00000003;;;1;0;0;0;0;;;;;;;;;0;;0;0;40000057;11000008
2021;1000000822;400000577;13;1;3;1;;00005461;00000002;00000025;00002017;1;0;0;;0;;;;;;;;0;0;1;0;0;40000214;11000030
2021;1000000824;400000578;17;2;1;1;;00003224;00000004;;00004528;1;0;0;0;;1;;;0;;;0;;0;1;;0;40000008;11000001
2021;1000000826;400000579;14;2;1;1;;00002015;00000002;00000020;00004509;1;0;0;0;;0;;;;0;;;;0;1;0;0;40000115;11000016
2021;1000000828;400000580;14;1;1;1;;;00000006;00000004;00003477;2;0;0;;;;;;;;0;0;;0;1;0;0;40000023;11000003
2021;1000000831;400000581;19;2;0;1;;00005430;00000005;00000018;00002928;1;0;0;;;;;;;;;;;0;1;0;0;40000201;11000028
2021;1000000832;400000582;17;1;1;1;;00001906;00000006;;;1;1;0;;;;;;0;;;;;0;1;0;0;40000006;11000000
2021;1000000836;400000583;15;2;1;1;;00005206;00000004;00000024;;1;0;0;0;;;0;;0;;;;;0;1;;;40000052;11000007
2021;1000000837;400000584;9;1;3;1;;00001628;00000002;00000012;;1;0;1;;0;1;;;0;;;;;0;1;0;0;40000077;11000010
2021;1000000838;400000585;25;2;0;1;;00004181;00000001;;;1;0;0;;;;;;0;;;0;;0;1;0;0;40000103;11000014
2021;1000000839;400000586;17;2;3;1;;00002757;00000001;00000021;00000537;1;0;0;;;;0;;;;;0;;0;1;0;0;40000071;11000010
2021;1000000840;400000587;21;2;0;1;;00001201;00000004;00000010;;1;0;0;;;;;;;;;;;0;1;0;0;40000024;11000003
2021;1000000842;400000588;16;2;1;1;;00000854;00000006;00000006;00004019;1;0;1;0;;1;;;;;;0;;0;1;0;0;40000169;11000024
2021;1000000847;400000589;13;2;3;1;;;00000007;;00002264;1;0;0;0;;;;;0;;;;;0;0;0;0;40000117;11000016
2021;1000000849;400000590;18;2;1;1;;00003731;00000006;;00003204;1;0;0;;;;;0;;;;;;0;0;0;0;40000189;11000026
2021;1000000850;400000591;11;2;3;1;;00003211;00000002;00000019;00005305;1;0;1;;;;;;;0;;;;0;1;0;0;40000046;11000006
2021;1000000851;400000592;8;2;1;1;;00002807;00000001;00000027;;1;0;0;;;;;;;;0;;0;0;1;0;0;40000046;11000006
2021;1000000853;400000593;19;1;1;1;;00000809;00000007;00000018;00000232;1;0;1;;0;1;;;;;;0;;0;1;0;0;40000143;11000020
2021;1000000854;400000594;10;2;1;1;;00003380;00000006;00000019;;1;0;1;;;;;;0;0;;;0;;1;0;0;40000124;11000017
2021;1000000856;400000595;20;1;0;1;;00001463;00000007;;;1;0;0;;;;;;;;;;0;0;1;0;0;40000107;11000015
2021;1000000857;400000596;24;1;0;1;;00005236;00000001;00000026;;1;0;0;;;;;;;;0;0;;0;0;0;0;40000106;11000015
2021;1000000859;400000597;25;2;0;1;;00000426;00000002;;00003950;1;0;0;;;;0;;;;;;;0;1;0;;40000022;11000003
2021;1000000862;400000598;15;1;1;1;;00004567;00000007;;00005148;1;0;0;;;;;0;;;;0;;0;1;0;0;40000176;11000025
2021;1000000864;400000599;13;1;1;1;;00002372;00000006;00000009;00002913;1;0;0;;;;;;0;0;;;;;1;0;0;40000179;11000025
2021;1000000865;400000600;7;1;0;1;;00003178;00000006;;00001459;1;0;0;;;0;;;0;;;;;0;0;0;1;40000143;11000020
2021;1000000866;400000601;17;1;3;1;;00003114;00000006;00000012;;1;0;0;;;;0;;;;;;0;0;0;0;0;40000172;11000024
2021;1000000867;400000602;18;2;1;1;;00003468;00000003;00000026;00000497;1;0;0;;0;;;0;1;;;;;0;1;0;0;40000101;11000014
2021;1000000868;400000603;12;1;3;1;;00003813;00000002;00000011;00000384;2;0;0;0;;;0;;0;0;;;;0;1;0;0;40000211;11000030
2021;1000000870;400000604;21;2;2;1;;00002225;00000001;00000024;00002122;1;0;0;;;;;;;0;;;;0;1;0;0;40000130;11000018
2021;1000000871;400000605;22;1;1;1;;00000671;00000002;00000020;00000410;1;0;0;;;;;0;;;;;;0;1;0;0;40000100;11000014
2021;1000000872;400000606;17;1;1;1;;00000756;00000001;00000002;;1;0;0;;;0;;;;;;;;0;1;0;0;40000080;11000011
2021;1000000873;400000607;7;2;1;1;;00003817;00000004;00000008;00003829;1;0;1;;;;;;;;0;;;0;1;0;0;40000127;11000018
2021;1000000875;400000608;9;2;3;1;;00000172;00000002;00000008;;2;0;0;;;;;;;0;;;0;0;1;0;0;40000192;11000027
2021;1000000876;400000609;16;2;0;1;;00004380;00000004;00000018;;1;0;0;;;;;;;;0;0;;0;1;0;1;40000183;11000026
2021;1000000877;400000610;12;2;1;1;;00002722;00000003;00000003;;1;0;1;;;;;;;;;;0;0;1;0;0;40000110;11000015
2021;1000000878;400000611;5;1;0;1;;00001089;00000001;00000015;00003501;2;1;0;;;;;;;;;;0;0;1;0;0;40000192;11000027
2021;1000000881;400000612;8;2;0;1;;00002143;00000001;00000010;00003247;1;0;0;;0;1;;;;;;;;0;1;0;0;40000192;11000027
2021;1000000882;400000613;10;1;1;1;;00005397;00000001;00000014;;2;0;0;;;;;;;;;;;0;1;0;0;40000042;11000005
2021;1000000884;400000614;5;1;0;1;;00002629;00000005;00000018;;1;0;0;;;1;;;;;;0;;0;0;1;;40000063;11000008
2021;1000000886;400000615;14;1;1;1;;00001489;00000002;;00003303;1;0;0;;1;;;;0;;;;;0;1;0;0;40000214;11000030
2021;1000000888;400000616;7;1;3;1;;00003375;00000003;00000020;00000739;1;0;1;;1;;0;;;;;;;0;1;0;0;40000187;11000026
2021;1000000889;400000617;21;2;3;1;;00000166;00000005;;00002644;1;0;0;0;;;;;;;;;;0;1;0;0;40000187;11000026
2021;1000000890;400000618;15;1;0;1;;00004550;00000004;;00002431;1;0;1;;;;;;;;;;;0;1;1;0;40000039;11000005
2021;1000000891;400000619;12;2;3;1;;00002276;00000007;00000009;;1;0;0;;;;;;;;;0;;0;1;0;0;40000176;11000025
2021;1000000892;400000620;10;1;1;1;;00005019;00000002;00000006;00001535;1;0;1;;;;;;;0;;;;0;1;0;0;40000130;11000018
2021;1000000894;400000621;19;1;1;1;;00005496;00000003;00000027;00003584;1;0;0;;;;;;;;;;;0;1;0;0;40000144;11000020
2021;1000000896;400000622;19;2;3;1;;00001111;00000001;00000001;00005373;1;0;1;;;;;;;;;0;0;0;1;0;0;40000160;11000022
2021;1000000897;400000623;16;2;1;1;;00004379;00000001;00000026;00003501;1;0;0;;;;;;;;;;0;0;1;0;0;40000178;11000025
2021;1000000898;400000624;9;1;0;1;;00001540;00000001;00000023;00001425;1;0;1;0;;1;;0;;;;0;;0;1;0;1;40000011;11000001
2021;1000000899;400000625;9;2;1;1;;00002889;00000002;00000021;00004768;1;0;0;0;;;;;;;;;;0;1;0;0;40000147;11000020
2021;1000000900;400000626;16;2;3;1;;00004879;00000002;00000015;00000522;1;0;0;;;;0;;;;;;;0;1;0;0;40000145;11000020
2021;1000000901;400000627;17;1;2;1;;00002300;00000006;00000016;00004075;1;0;0;;;;0;;;;;0;;0;;0;0;40000147;11000020
2021;1000000902;400000628;19;1;1;1;;00000295;00000005;00000020;;1;0;1;;;;0;;;;0;;;0;1;0;0;40000028;11000003
2021;1000000903;400000629;17;2;1;1;;00004105;00000007;00000024;;2;0;1;;;;;0;0;;0;;;0;1;0;0;40000110;11000015
2021;1000000904;400000630;20;2;1;1;;00001233;00000006;00000025;;1;0;0;0;;;;;;;;;;0;;;0;40000177;11000025
2021;1000000905;400000631;26;2;0;1;;00002667;00000001;;00004298;2;0;0;0;;1;;;;;;;0;0;1;0;0;40000131;11000018
2021;1000000906;400000632;13;1;1;1;;00004389;00000007;;00002064;1;0;0;;0;;;;;;;;;0;1;0;0;40000168;11000023
2021;1000000907;400000633;14;2;0;1;;00004793;00000006;00000024;00003441;2;0;1;;;1;;;;;0;1;;0;1;0;0;40000129;11000018
2021;1000000908;400000634;11;2;0;1;;00000613;00000007;00000011;;1;0;0;;;;;;;;0;;;0;1;0;0;40000050;11000007
2021;1000000909;400000635;16;1;0;1;;00003208;00000006;;00004426;1;0;0;;;1;;;;;;;;0;1;0;0;40000034;11000004
2021;1000000911;400000636;13;2;1;1;;00004695;00000004;;;1;0;0;;;;;0;;;;0;0;0;1;0;;40000184;11000026
2021;1000000914;400000637;8;2;3;1;;00003987;00000006;00000021;00000647;1;0;0;;;;;0;;;;;;0;1;1;0;40000070;11000009
2021;1000000917;400000638;20;2;1;1;;00000205;00000004;00000022;00002644;1;0;0;;;;;;;;;;;0;1;0;0;40000011;11000001
2021;1000000918;400000639;14;1;3;1;;00003482;00000004;00000009;00002995;1;0;0;;1;;;;;;;;;;0;0;0;40000154;11000021
2021;1000000920;400000640;21;2;1;1;;00002878;00000006;00000023;00003484;1;0;0;;0;;;0;0;;;;;0;1;0;0;40000061;11000008
2021;1000000923;400000641;16;2;0;1;;00000285;00000005;00000021;00003116;1;0;0;;;;;0;;0;;;;0;1;0;0;40000007;11000000
2021;1000000924;400000642;10;1;3;1;;00004360;00000002;00000004;00003516;2;0;0;;;;;0;;;;;;0;1;0;0;40000122;11000017
2021;1000000925;400000643;22;1;3;1;;;00000005;00000026;00004067;1;0;0;;;;;;;0;;;;0;1;0;0;40000192;11000027
2021;1000000926;400000644;18;1;3;1;;00001485;00000003;00000014;;1;0;0;;;;;;;;0;;;0;1;0;0;40000050;11000007
2021;1000000927;400000645;13;1;1;1;;00002248;00000007;00000010;00000244;2;0;0;;;;0;;;;0;;;;0;0;0;40000076;11000010
2021;1000000928;400000646;18;1;3;1;;00002399;00000006;00000002;00004221;2;0;0;;;;0;;;;;;0;0;1;0;0;40000018;11000002
2021;1000000929;400000647;12;2;3;1;;00000509;00000001;00000011;00002883;1;0;0;0;0;;0;;;;;;;0;1;0;0;40000025;11000003
2021;1000000930;400000648;12;2;5;1;;00000654;00000007;00000001;00000905;2;0;0;;;;;0;;;0;0;;0;1;0;0;40000205;11000029
2021;1000000931;400000649;28;2;0;1;;00002789;00000004;00000004;00003599;1;0;0;;;;;;0;;;;;0;1;0;0;40000088;11000012
2021;1000000933;400000650;25;1;0;1;;00002027;00000004;00000020;00001773;1;0;1;;;1;;;;;;;;0;1;1;0;40000112;11000015
2021;1000000934;400000651;8;2;1;1;;00001102;00000005;;00000081;1;0;0;;;;;;0;;0;;;0;1;0;0;40000050;11000007
2021;1000000936;400000652;17;2;3;1;;00005185;00000004;;00004980;1;0;0;0;0;;;;;;;0;;0;1;0;1;40000211;11000030
2021;1000000937;400000653;13;2;3;1;;00002054;00000006;00000015;00001070;1;0;0;;;;;;;;0;;;0;0;0;0;40000150;11000021
2021;1000000940;400000654;12;2;0;1;;00002750;00000007;00000017;00003707;1;0;0;;;;;0;0;;;;;0;1;0;0;40000107;11000015
2021;1000000941;400000655;11;2;1;1;;00001783;00000001;;;1;0;0;;;;;;0;;;;;0;0;0;0;40000018;11000002
2021;1000000942;400000656;16;2;0;1;;00000618;00000002;;;1;0;1;;;;;0;;0;;;;0;1;;0;40000022;11000003
2021;1000000943;400000657;13;1;0;1;;00001105;00000007;;;1;0;0;0;;;;;;;;;;0;1;0;0;40000081;11000011
2021;1000000944;400000658;8;2;1;1;;00003679;00000002;;00001693;1;0;0;0;;0;;;1;;;;;0;1;0;0;40000208;11000029
2021;1000000945;400000659;19;1;1;1;;00001935;00000003;00000005;00000888;1;0;0;;;;;;;;;;0;0;1;0;0;40000017;11000002
2021;1000000947;400000660;9;1;0;1;;00002181;00000007;;00005050;1;0;0;;;;0;;;;;;;0;1;0;0;40000039;11000005
2021;1000000948;400000661;11;2;3;1;;00003882;00000001;00000007;00001871;1;1;0;;;1;;;;;0;;;0;1;0;0;40000205;11000029
2021;1000000950;400000662;13;1;3;1;;00003268;00000003;;00004789;1;0;1;;;;0;;;;;0;;0;1;0;0;40000179;11000025
2021;1000000951;400000663;19;2;3;1;;00004425;00000002;00000005;00003113;1;0;0;;;;;1;;;;;;0;1;0;0;40000015;11000002
2021;1000000953;400000664;8;1;0;1;;00001793;00000001;00000022;00003789;1;0;0;0;;;0;;;;;;0;0;1;0;0;40000022;11000003
2021;1000000954;400000665;19;2;1;1;;00002214;00000003;00000019;00002286;1;0;0;;;;;;;0;;0;;0;1;0;0;40000036;11000005
2021;1000000955;400000666;10;2;0;1;;00005184;00000007;;00002438;1;0;0;;;;;;;0;;;;0;1;0;0;40000180;11000025
2021;1000000956;400000667;10;1;3;1;;00001609;00000007;;00003130;1;0;0;0;;1;;;;;;;;0;1;0;0;40000178;11000025
2021;1000000957;400000668;21;1;3;1;;00001862;00000005;00000026;00005245;2;0;0;;;;;;;;;;;0;1;0;0;40000088;11000012
2021;1000000961;400000669;10;1;3;1;;00003442;00000001;00000019;00000446;1;0;0;0;;;;0;;;;;;0;1;0;0;40000038;11000005
2021;1000000962;400000670;17;2;3;1;;00002734;00000005;00000023;00001266;1;0;0;;;;;;;;;;;0;1;0;0;40000090;11000012
2021;1000000965;400000671;6;1;1;1;;00004305;00000006;00000022;;2;0;1;;;1;;;;;;;;0;1;0;0;40000125;11000017
2021;1000000967;400000672;18;2;3;1;;00001679;00000006;00000013;00004290;1;0;0;;;;;1;0;;;;0;0;;0;0;40000011;11000001
2021;1000000971;400000673;12;2;5;1;;00004781;00000005;;00000957;1;0;0;;;;;;0;;;;;0;0;0;0;40000164;11000023
2021;1000000972;400000674;20;1;1;1;;00003810;00000006;00000008;;2;0;1;;;;0;;;;;;;0;1;0;0;40000093;11000013
2021;1000000973;400000675;20;2;1;1;;00001173;00000004;00000001;;1;0;0;;;;0;;;0;;;;0;1;0;0;40000092;11000013
2021;1000000974;400000676;17;1;3;1;;00004484;00000006;00000022;;1;0;0;;1;;;;0;;;0;;0;1;0;0;40000182;11000025
2021;1000000976;400000677;15;1;1;1;;00002767;00000007;00000014;;1;0;0;;0;1;;;0;0;0;;0;0;1;0;0;40000001;11000000
2021;1000000977;400000678;13;2;2;1;;00001255;00000004;;;1;0;0;;;1;;;;;;;;0;1;0;0;40000095;11000013
2021;1000000978;400000679;9;2;0;1;;00000797;00000002;;00004382;1;0;0;;;;;;;;;;;0;1;0;0;40000157;11000022
2021;1000000979;400000680;16;2;0;1;;00003484;00000004;00000021;;1;0;0;;;1;;;0;0;;;;0;1;;0;40000082;11000011
2021;1000000980;400000681;19;1;3;1;;00001291;00000006;00000010;;1;0;0;;1;;;0;;;0;;;0;1;0;0;40000087;11000012
2021;1000000982;400000682;12;1;0;1;;00003583;00000002;;;1;0;1;;;;;;;;;;;0;0;;0;40000135;11000019
2021;1000000984;400000683;12;2;3;1;;00003162;00000004;;;1;0;0;0;;;;;;;;;;0;1;0;;40000081;11000011
2021;1000000985;400000684;14;1;1;1;;00002161;00000001;00000020;00003124;1;0;0;;;1;;;;;0;;;0;1;;0;40000202;11000028
2021;1000000987;400000685;16;1;3;1;;00001957;00000004;00000009;;1;0;0;;;;;0;;0;;;0;0;1;1;0;40000019;11000002
2021;1000000991;400000686;16;2;1;1;;00001851;00000004;00000021;;1;0;0;;;;;;0;;;;;0;1;0;0;40000076;11000010
2021;1000000993;400000687;22;1;3;1;;00000633;00000003;00000010;00000681;1;0;0;0;;;;0;;;;0;0;0;1;0;0;40000009;11000001
2021;1000000994;400000688;16;1;0;1;;00004657;00000006;;;1;0;0;;;;0;;;;;;;0;1;0;0;40000175;11000024
2021;1000000995;400000689;18;1;1;1;;00001459;00000002;00000019;00003071;1;0;0;;;;;;;;0;0;;0;1;0;0;40000002;11000000
2021;1000000998;400000690;12;2;0;1;;00004822;00000007;;;1;0;1;;;;;0;;;;;;0;0;0;0;40000152;11000021
2021;1000000999;400000691;17;1;3;1;;00003206;00000004;00000018;;1;0;0;;0;;;;;;;;;0;;0;0;40000011;11000001
2021;1000001000;400000692;16;1;1;1;;00000439;00000007;00000020;00001760;1;0;0;;;;;;0;;;;;;1;0;0;40000086;11000012
2021;1000001001;400000693;14;1;1;1;;00001132;00000003;00000025;00001032;1;0;0;;;;;0;;0;0;;0;0;1;0;0;40000058;11000008
2021;1000001005;400000694;17;1;1;1;;00004495;00000005;;00000292;1;0;0;0;;1;;0;;;;0;;0;1;0;0;40000112;11000015
2021;1000001007;400000695;10;2;3;1;;00003548;00000002;;;1;0;0;;;;0;0;0;;;;;0;1;1;0;40000193;11000027
2021;1000001008;400000696;11;1;1;1;;00002943;00000005;00000002;00004189;1;0;0;;;;0;;;;;;;0;1;0;0;40000015;11000002
2021;1000001009;400000697;9;2;1;1;;00003487;00000003;;00001890;1;0;0;;;;;;;;;0;;0;1;0;0;40000031;11000004
2021;1000001010;400000698;14;1;0;1;;00002243;00000003;00000026;00003610;2;0;0;;;1;;;;;;;;0;1;0;0;40000061;11000008
2021;1000001012;400000699;16;1;1;1;;00002839;00000001;00000006;00003790;1;0;0;;0;;;0;;;0;;;0;1;0;0;40000208;11000029
2021;1000001013;400000700;19;2;1;1;;00002746;00000005;00000025;00002944;1;0;0;0;;;;;;0;;;0;0;1;0;0;40000107;11000015
2021;1000001015;400000701;16;1;3;1;;00003977;00000002;;00004122;1;0;0;0;;;;;;0;;0;;0;1;1;0;40000168;11000023
2021;1000001017;400000702;9;2;0;1;;00000294;00000002;;;1;0;0;;1;;0;;;;;;;0;1;0;0;40000134;11000019
2021;1000001019;400000703;28;2;0;1;;00004939;00000006;;;1;0;0;0;;0;;;0;;;;;0;1;0;0;40000164;11000023
2021;1000001020;400000704;9;2;0;1;;00004492;00000001;00000008;;1;0;0;;;;;0;;;;;0;0;1;0;1;40000028;11000003
2021;1000001022;400000705;12;2;3;1;;00002030;00000002;00000007;00004524;1;0;1;;0;1;;0;;;;;;0;1;0;0;40000107;11000015
2021;1000001023;400000706;20;1;1;1;;00004174;00000007;;00000561;1;0;;;;;0;;;;;;;0;1;0;0;40000061;11000008
2021;1000001024;400000707;8;1;3;1;;00002822;00000006;00000022;00004047;1;0;0;0;;;0;;;;;;;0;1;0;0;40000186;11000026
2021;1000001026;400000708;13;2;0;1;;00002864;00000002;00000003;00000459;1;1;0;;;;;;;;;;;0;1;0;0;40000039;11000005
2021;1000001027;400000709;19;2;0;1;;00001439;00000005;00000018;00002217;2;0;0;0;;;;;;;0;;;0;1;0;0;40000197;11000028
2021;1000001031;400000710;11;2;3;1;;00001861;00000002;00000017;00001574;1;0;0;;;;0;;;0;;0;;0;1;0;0;40000023;11000003
2021;1000001032;400000711;23;2;1;1;;00001808;00000005;00000009;00001197;1;0;0;;;;0;0;0;;;0;0;0;1;0;1;40000057;11000008
2021;1000001033;400000712;12;1;1;1;;00004011;00000006;;;2;0;1;;;;;;;;;;;0;1;0;0;40000024;11000003
2021;1000001034;400000713;11;1;0;1;;00004137;00000005;;00000305;1;0;0;0;;;0;;;;0;;;0;1;0;0;40000158;11000022
2021;1000001035;400000714;11;2;0;1;;00002300;00000003;00000021;00002385;1;0;1;;;;;;;;0;;;0;1;0;0;40000036;11000005
2021;1000001036;400000715;7;2;1;1;;00001106;00000004;00000022;00001879;1;0;0;;;;;;;0;;;;0;1;0;0;40000083;11000011
2021;1000001037;400000716;14;1;3;1;;00002106;00000001;00000016;00002491;1;0;0;;;;;0;;;;;0;0;1;0;0;40000165;11000023
2021;1000001038;400000717;15;2;0;1;;00005193;00000007;00000016;;1;0;0;;;;;0;;;;;;0;1;0;0;40000127;11000018
2021;1000001039;400000718;15;2;1;1;;00002533;00000005;00000018;00000406;1;0;0;;;;;0;;;;;;0;1;0;0;40000029;11000004
2021;1000001041;400000719;10;1;1;1;;00004270;00000004;00000026;;1;0;0;;;;;;;0;;;;0;1;0;0;40000165;11000023
2021;1000001042;400000720;12;1;0;1;;00001389;00000003;;00002476;1;0;0;;;1;0;0;;0;;;;0;0;0;0;40000209;11000029
2021;1000001043;400000721;10;1;3;1;;00001873;00000003;00000008;00001410;1;0;0;0;;;;;;;;;;0;0;0;1;40000126;11000017
2021;1000001044;400000722;28;1;1;1;;00000534;00000002;00000016;;2;0;0;;;;;;;;;;;0;1;0;0;40000092;11000013
2021;1000001048;400000723;6;1;0;1;;00003102;00000006;;00002347;1;0;0;;;;;;;;0;0;;0;1;0;0;40000210;11000029
2021;1000001050;400000724;11;1;3;1;;00001666;00000004;00000007;00004441;1;0;0;;;;;0;;;;;;;;0;;40000006;11000000
2021;1000001051;400000725;17;1;1;1;;00001513;00000003;;;1;0;1;;0;;;;;;;;;0;1;0;0;40000095;11000013
2021;1000001052;400000726;12;2;1;1;;00004211;00000001;00000026;;1;0;0;;;1;;;;;;;;0;1;0;0;40000074;11000010
2021;1000001053;400000727;15;1;3;1;;00004829;00000007;00000026;00003798;1;0;0;0;;;;;;;;0;;0;1;0;0;40000130;11000018
2021;1000001054;400000728;19;1;3;1;;00002426;00000001;;00001909;1;0;0;;;;0;;;;;0;;0;1;0;0;40000061;11000008
2021;1000001055;400000729;14;1;1;1;;00004379;00000005;00000005;00004286;1;0;0;;;;;0;;;;;;0;1;0;0;40000097;11000013
2021;1000001056;400000730;11;1;1;1;;00000283;00000003;00000013;;1;0;0;;;;;;;0;0;;;0;1;0;0;40000062;11000008
2021;1000001057;400000731;11;2;0;1;;00001826;00000006;;00001027;1;0;0;;;;;;;0;0;;;0;1;0;0;40000122;11000017
2021;1000001058;400000732;23;2;0;1;;00003407;00000001;;00001550;1;1;0;;0;;;;;;;;;0;0;0;0;40000129;11000018
2021;1000001059;400000733;20;2;0;1;;00004833;00000003;00000002;;1;0;0;;;;;;;;0;0;;0;1;0;0;40000039;11000005
2021;1000001061;400000734;19;1;1;1;;00005245;00000002;;00004600;1;0;1;;;;;;;0;;;;0;1;;0;40000160;11000022
2021;1000001062;400000735;10;2;5;1;;00003405;00000006;00000027;;1;1;0;;;;;;0;;;;;0;;0;0;40000127;11000018
2021;1000001064;400000736;11;2;3;1;;00004003;00000003;00000027;;1;0;0;0;;;;0;;0;;;;0;1;;0;40000196;11000027
2021;1000001065;400000737;12;2;3;1;;00004180;00000006;00000025;;1;0;0;;;;0;0;;0;0;0;;0;1;0;0;40000158;11000022
2021;1000001066;400000738;11;2;3;1;;00004371;00000006;;00005226;2;0;0;;;;;;;;;;;0;;0;0;40000002;11000000
2021;1000001067;400000739;14;2;1;1;;00001686;00000007;00000016;;1;0;0;0;;;;;;;0;;;0;1;0;0;40000075;11000010
2021;1000001068;400000740;14;2;1;1;;00003350;00000006;00000001;;1;0;0;;;1;;;;;;0;;0;1;0;0;40000009;11000001
2021;1000001069;400000741;20;2;0;1;;00003252;00000007;00000013;00003393;1;0;0;;;;;;;;;;0;0;0;1;0;40000064;11000009
2021;1000001070;400000742;7;1;1;1;;00001634;00000004;00000008;00002351;2;0;0;;;;0;;;;;;;0;1;0;0;40000101;11000014
2021;1000001071;400000743;11;1;1;1;;00003075;00000003;00000016;00000118;2;0;0;;;;;;;;;;;0;1;;0;40000064;11000009
2021;1000001072;400000744;15;1;3;1;;00000806;00000007;00000016;00002637;1;0;;;;;;;0;0;;;0;0;;0;0;40000125;11000017
2021;1000001073;400000745;6;1;3;1;;00000515;00000004;;00000522;1;0;1;0;;;0;;;0;;0;0;0;1;0;0;40000072;11000010
2021;1000001075;400000746;7;1;1;1;;00001416;00000003;;00001146;2;0;0;;;;;;;;;;;0;1;0;0;40000213;11000030
2021;1000001076;400000747;16;1;3;1;;00002178;00000003;00000012;00000855;1;0;1;;;0;;0;;;;;;0;1;0;1;40000137;11000019
2021;1000001077;400000748;15;1;3;1;;00002792;00000007;00000004;00001547;1;0;0;;0;1;;0;;;;;;0;1;1;0;40000158;11000022
2021;1000001078;400000749;24;1;0;1;;00002841;00000003;00000004;00002539;1;0;0;;;;;;0;;;;;0;1;0;0;40000106;11000015
2021;1000001079;400000750;4;2;3;1;;00005045;00000007;00000025;;1;0;0;;;0;;;;;;0;;;1;;0;40000181;11000025
2021;1000001081;400000751;12;1;3;1;;00002980;00000007;;00002691;2;0;0;0;;;;;;;;;;0;1;0;0;40000124;11000017
2021;1000001082;400000752;10;1;2;1;;00002354;00000003;00000020;00002922;1;0;0;;;;;;;;;;;0;0;0;0;40000005;11000000
2021;1000001083;400000753;5;1;2;1;;00004249;00000007;;00001479;1;0;0;;;;;;0;;;;;0;1;0;0;40000141;11000020
2021;1000001084;400000754;16;1;1;1;;00005093;00000003;00000019;00001228;1;1;0;0;;;;0;;;;;;0;1;0;0;40000096;11000013
2021;1000001086;400000755;11;2;1;1;;00002671;00000005;;00004849;1;0;0;;0;;;0;0;;0;;;0;1;0;0;40000145;11000020
2021;1000001087;400000756;7;2;1;1;;00003689;00000005;00000007;00003871;1;0;0;;;1;;;;;;;;0;1;0;0;40000071;11000010
2021;1000001088;400000757;13;1;1;1;;00002547;00000007;;00003626;1;0;1;;;;;;;;;;;0;1;0;;40000209;11000029
2021;1000001089;400000758;9;1;3;1;;00003869;00000001;00000019;00001356;2;0;0;;;;;;;0;;;;0;1;0;0;40000190;11000027
2021;1000001091;400000759;15;1;3;1;;00004039;00000003;00000005;00002882;1;1;0;;;;;;;;0;;;0;;0;0;40000022;11000003
2021;1000001092;400000760;16;1;3;1;;00000184;00000002;;;1;0;0;;;;0;;;0;;0;;0;1;0;1;40000089;11000012
2021;1000001095;400000761;20;1;3;1;;00001270;00000007;00000024;00002997;2;0;0;;;;0;;;;;0;;0;1;0;0;40000158;11000022
2021;1000001098;400000762;15;1;3;1;;00005036;00000003;00000015;;2;0;1;;;;;;;0;;;;0;1;0;0;40000002;11000000
2021;1000001101;400000763;17;1;0;1;;00005425;00000002;;00004111;2;1;1;;;0;0;;;;;0;0;0;;0;0;40000132;11000018
2021;1000001102;400000764;6;2;3;1;;00002282;00000002;;00001304;1;0;0;;;;;0;0;;;;;0;1;;0;40000087;11000012
2021;1000001103;400000765;5;2;1;1;;00000699;00000005;00000014;;2;0;0;;;;;;;;;;;0;1;;0;40000127;11000018
2021;1000001104;400000766;10;2;1;1;;00003851;00000004;00000010;00003678;1;0;0;;;;;;0;;0;;0;0;1;0;0;40000206;11000029
2021;1000001105;400000767;19;2;3;1;;00004210;00000004;00000022;00002948;2;1;0;;;;;;;;;;;0;1;0;0;40000106;11000015
2021;1000001106;400000768;37;2;3;1;;00003373;00000001;00000018;;1;0;1;;;;;0;;;;;;0;1;0;0;40000079;11000011
2021;1000001107;400000769;16;2;3;1;;00000842;00000006;00000002;00001240;1;0;0;;;;;;;;;;;0;1;0;0;40000211;11000030
2021;1000001108;400000770;18;2;0;1;;00005537;00000005;00000019;;1;0;0;;;;;;0;0;0;;;0;1;;0;40000097;11000013
2021;1000001110;400000771;13;1;3;1;;00000603;00000003;;00002767;1;0;1;;;;;;;;0;;;0;1;0;0;40000215;11000030
2021;1000001111;400000772;11;1;1;1;;00001307;00000005;00000007;00004725;1;0;1;;;;;;;;;;;0;1;0;0;40000121;11000017
2021;1000001114;400000773;5;2;3;1;;00005482;00000004;00000002;;1;0;0;;;0;;;;;;;;0;1;0;0;40000161;11000022
2021;1000001115;400000774;11;1;0;1;;00004649;00000001;;;2;0;0;;;1;;0;;0;;;0;0;1;0;0;40000100;11000014
2021;1000001116;400000775;12;2;0;1;;00001886;00000007;00000006;;1;0;1;;;;;;;;0;0;;0;1;1;0;40000060;11000008
2021;1000001117;400000776;8;1;1;1;;00004617;00000003;00000011;00002352;1;0;0;;;0;;;;;;;;0;1;0;0;40000209;11000029
2021;1000001120;400000777;19;1;1;1;;00001155;00000004;;;1;0;0;;;;;;;;;0;;0;1;0;0;40000060;11000008
2021;1000001121;400000778;5;2;1;3;;00004461;00000004;00000025;00001010;1;0;0;;;;;;0;;;;;;1;0;0;40000169;11000024
2021;1000001122;400000779;5;1;3;1;;00002537;00000007;;00000907;1;0;0;;;;;0;;;0;;0;0;1;0;0;40000110;11000015
2021;1000001124;400000780;10;2;3;1;;00005014;00000004;;00002756;1;0;1;0;;;;;0;0;;;;0;1;0;0;40000135;11000019
2021;1000001125;400000781;4;1;3;1;;00000809;00000006;;;2;0;0;;1;;;;;;;;;0;;1;0;40000059;11000008
2021;1000001126;400000782;14;1;1;1;;00004803;00000005;00000023;00001893;2;0;0;;;;;;0;;;;;0;0;0;0;40000177;11000025
2021;1000001127;400000783;15;2;3;1;;00003476;00000007;00000011;00002159;1;0;0;;0;;;;;;;;0;0;1;0;0;40000110;11000015
2021;1000001130;400000784;9;1;2;1;;00002263;00000007;00000004;00004804;1;0;0;0;;;;;;;;0;;0;1;0;0;40000165;11000023
2021;1000001134;400000785;17;1;1;1;;00003246;00000001;;;1;0;0;0;;1;;;;;0;;0;0;1;0;0;40000121;11000017
2021;1000001135;400000786;10;1;3;1;;00000815;00000002;;00002334;2;0;0;;;;0;;;;;;;0;1;0;;40000107;11000015
2021;1000001136;400000787;11;1;3;1;;00003655;00000001;00000013;;1;0;0;;;;;;;;;;;0;1;0;0;40000202;11000028
2021;1000001137;400000788;17;2;1;1;;00005484;00000006;00000010;00004970;2;1;0;;;;;;;0;;;;0;1;0;0;40000133;11000018
2021;1000001138;400000789;15;2;1;1;;00003223;00000001;;00003380;1;0;0;;;;;;;0;0;0;;0;1;0;0;40000036;11000005
2021;1000001139;400000790;12;1;0;1;;00002993;00000005;00000013;00004770;2;0;0;;;;;;;0;;0;;0;1;0;0;40000203;11000028
2021;1000001140;400000791;17;1;1;1;;00001479;00000006;00000005;00003999;1;0;1;;;1;;0;;;;;;;1;0;0;40000190;11000027
2021;1000001141;400000792;23;1;0;1;;00000540;00000007;00000001;00001134;1;0;0;;;0;;;;;;;;0;1;0;0;40000168;11000023
2021;1000001142;400000793;5;2;0;1;;00001786;00000004;00000003;;2;0;0;;;;;;;;;0;;0;1;0;0;40000007;11000000
2021;1000001144;400000794;47;2;3;1;;00002216;00000003;00000008;;1;0;0;;;;0;0;;0;;;0;0;;0;0;40000048;11000006
2021;1000001145;400000795;14;2;3;1;;00003478;00000003;00000002;00001551;1;0;0;0;;1;;;;;0;0;;0;0;0;0;40000123;11000017
2021;1000001146;400000796;13;2;3;1;;00000030;00000004;00000004;00001639;2;0;0;0;;;;;;;0;;;0;;0;0;40000208;11000029
2021;1000001147;400000797;16;2;1;1;;00003019;00000005;00000027;00003817;1;0;0;;;;0;;1;;0;;;0;1;0;0;40000186;11000026
2021;1000001149;400000798;12;2;0;1;;00001473;00000007;00000021;00000863;2;0;0;0;;;0;0;0;;;;;0;1;0;0;40000023;11000003
2021;1000001150;400000799;6;2;2;1;;00003919;00000001;00000008;00004237;1;0;0;;0;;;;;;0;;;0;1;0;0;40000070;11000009
2021;1000001151;400000800;10;2;0;1;;00004751;00000001;;;2;0;0;;;;;;;;;;;0;1;0;0;40000214;11000030
2021;1000001152;400000801;17;2;0;1;;00005556;00000005;;00001800;1;0;0;;;;;;;;;;;0;1;0;0;40000118;11000016
2021;1000001153;400000802;15;1;3;1;;00002203;00000003;00000020;00004330;1;0;1;;;;0;0;0;;;;;0;1;0;0;40000079;11000011
2021;1000001154;400000803;13;1;1;1;;00002561;00000001;;00002131;1;0;1;;;;0;;;0;;;;0;1;0;0;40000054;11000007
2021;1000001155;400000804;17;1;1;1;;00004063;00000005;00000016;;1;0;0;;;;;;;;;;;;1;0;0;40000078;11000011
2021;1000001156;400000805;11;2;1;1;;00001975;00000006;00000027;;1;0;1;;;;;;0;;;;;0;1;0;0;40000147;11000020
2021;1000001157;400000806;12;2;3;1;;00000132;00000005;;;2;0;1;;;;;;;;;;;0;1;0;0;40000049;11000006
2021;1000001158;400000807;18;2;1;1;;00002378;00000006;00000005;00004933;1;0;0;;;;;;;;0;0;0;0;1;0;0;40000180;11000025
2021;1000001161;400000808;9;1;3;1;;00000365;00000006;;;1;0;0;;;1;;;;;;;;0;1;0;0;40000026;11000003
2021;1000001162;400000809;13;2;0;1;;00001234;00000001;;00000136;1;0;1;;;1;;;;;;;;0;1;0;0;40000083;11000011
2021;1000001163;400000810;15;2;3;1;;00005258;00000006;;00004264;2;0;1;;;0;;;;;;;;;0;;0;40000109;11000015
2021;1000001164;400000811;9;1;3;1;;00000100;00000006;00000011;00000849;1;0;0;;;;;;;;;;0;0;1;0;0;40000044;11000006
2021;1000001165;400000812;17;1;0;1;;00000763;00000003;00000002;00005128;1;0;0;;;1;;;;;0;;0;0;1;1;0;40000085;11000012
2021;1000001166;400000813;7;1;1;1;;00003452;00000006;00000004;00001561;1;0;0;0;;;;;;0;0;;;0;1;0;;40000181;11000025
2021;1000001167;400000814;16;1;0;1;;00002243;00000003;00000014;00003112;2;0;1;;0;;;;;;;;;0;1;0;0;40000077;11000010
2021;1000001168;400000815;16;1;0;1;;00001164;00000003;00000019;;1;0;0;;0;1;;0;;;;;;0;1;0;0;40000100;11000014
2021;1000001170;400000816;13;1;1;1;;00004235;00000007;00000023;;2;0;0;0;0;;;;;;;;;0;1;0;0;40000145;11000020
2021;1000001171;400000817;14;2;3;1;;00002842;00000004;00000011;00004249;1;0;0;;;;;;;0;0;;;0;0;0;0;40000192;11000027
2021;1000001172;400000818;15;1;0;1;;00002539;00000002;00000027;;1;0;0;;;;;;;;;;;0;1;;0;40000047;11000006
2021;1000001173;400000819;15;2;1;1;;00003908;00000004;;00003968;1;0;0;;;;;;0;;;;;0;1;0;0;40000117;11000016
2021;1000001174;400000820;7;1;3;1;;00004560;00000003;;00002688;1;0;0;0;;;;;;;;;0;0;0;0;0;40000077;11000010
2021;1000001175;400000821;5;2;3;1;;00002719;00000002;00000016;;1;0;0;;;1;;;;0;;0;;0;1;0;0;40000192;11000027
2021;1000001176;400000822;6;1;0;1;;00000597;00000003;;;2;0;0;0;;;;;;;;;;0;1;0;;40000066;11000009
2021;1000001177;400000823;18;1;0;1;;00000397;00000001;;00002578;2;0;0;;;;;0;;;;;;0;1;0;0;40000013;11000001
2021;1000001178;400000824;10;1;0;1;;00005060;00000007;00000026;00001685;2;0;0;;;;;;;;;;;0;0;0;0;40000071;11000010
2021;1000001179;400000825;18;1;1;1;;00003728;00000002;00000009;00001867;1;0;0;;;;;;;;;;0;0;1;0;0;40000111;11000015
2021;1000001180;400000826;9;2;0;1;;00003707;00000007;00000002;00003519;2;0;0;;;;;;;;0;;;0;1;0;0;40000001;11000000
2021;1000001181;400000827;9;2;3;1;;00004603;00000004;00000022;00001225;1;0;0;0;;;0;;;;;;;0;1;0;0;40000006;11000000
2021;1000001182;400000828;15;1;0;1;;00004087;00000007;00000016;00004152;1;0;0;;;1;;0;;0;;;;0;1;0;0;40000032;11000004
2021;1000001183;400000829;7;1;3;1;;00000731;00000005;00000012;00001646;1;0;0;;0;1;;;;0;;0;;0;1;0;0;40000117;11000016
2021;1000001185;400000830;20;1;1;1;;00004247;00000007;;;1;0;0;;;;;0;;0;;;0;0;1;0;0;40000162;11000023
2021;1000001187;400000831;6;2;1;1;;00003404;00000002;00000025;;1;0;0;;0;1;;;;0;;;;0;1;0;0;40000175;11000024
2021;1000001188;400000832;4;2;1;1;;00004722;00000003;00000002;;1;0;1;0;;;;;;;;;;0;1;0;0;40000005;11000000
2021;1000001189;400000833;11;1;1;1;;00001984;00000002;;00002670;1;0;0;0;;;;;;;;;;0;1;0;0;40000070;11000009
2021;1000001190;400000834;19;1;3;1;;00004603;00000001;00000010;;1;0;1;;;;;;;;;;;0;1;0;0;40000035;11000004
2021;1000001191;400000835;17;2;3;1;;00003609;00000001;00000010;;1;0;1;;1;;;;;;0;;;0;1;0;0;40000204;11000029
2021;1000001192;400000836;8;2;3;1;;00004012;00000002;00000016;;1;0;1;;;;;;;;0;;0;0;1;0;0;40000038;11000005
2021;1000001193;400000837;11;2;1;1;;00001503;00000007;00000012;;1;0;1;;1;;;;;;;;;0;0;0;0;40000153;11000021
2021;1000001194;400000838;18;1;3;1;;00004320;00000007;;00000765;1;0;0;;0;;;;;;0;0;;0;1;0;0;40000135;11000019
2021;1000001195;400000839;20;1;3;1;;00003824;00000007;;;2;0;0;0;;;;;;;;0;;0;1;0;0;40000015;11000002
2021;1000001196;400000840;16;2;1;1;;00002313;00000003;;00004482;1;0;0;;;;;;;;0;;0;0;1;0;0;40000052;11000007
2021;1000001198;400000841;9;2;0;1;;00000448;00000001;00000016;00003379;1;0;0;0;;1;;;;0;;;0;0;1;0;0;40000009;11000001
2021;1000001200;400000842;34;1;3;1;;00000119;00000005;;00005363;1;0;0;;;;;;;;;;;0;1;0;;40000108;11000015
2021;1000001202;400000843;8;2;0;1;;00005276;00000007;00000007;00003575;1;0;0;;;0;;;;;;;;0;1;0;0;40000023;11000003
2021;1000001203;400000844;14;1;0;1;;00001280;00000004;;00000243;2;0;0;;;1;;;;;;;0;0;1;0;0;40000175;11000024
2021;1000001204;400000845;4;1;3;1;;00000536;00000004;00000023;00000181;1;0;0;;;;;;;;;;;0;1;0;0;40000202;11000028
2021;1000001205;400000846;9;2;0;1;;00000288;00000007;00000021;00001995;1;0;0;0;;;0;;0;;1;;;0;1;0;1;40000187;11000026
2021;1000001206;400000847;11;1;3;1;;00005570;00000002;;00004411;1;0;0;0;;;0;;0;0;;;;0;0;0;0;40000126;11000017
2021;1000001207;400000848;6;1;3;1;;00002127;00000004;00000020;;1;0;0;;;;;;;;;;;0;;0;0;40000014;11000001
2021;1000001208;400000849;15;1;1;1;;00003157;00000005;00000008;00004863;1;0;0;;;;0;;;;;;0;0;1;0;0;40000128;11000018
2021;1000001209;400000850;5;1;3;1;;00004856;00000002;00000025;00003960;1;0;0;;;;;;;;;;;0;1;0;;40000165;11000023
2021;1000001210;400000851;12;1;1;1;;00001356;00000003;00000019;00000387;1;0;0;0;0;1;0;;;;;0;0;0;1;0;0;40000173;11000024
2021;1000001211;400000852;6;2;1;1;;00003991;00000007;;00004180;1;0;0;;;1;;0;;;;;;0;1;0;0;40000132;11000018
2021;1000001212;400000853;10;1;1;1;;00000417;00000007;;00001763;2;0;0;;;;;;;;;;;0;1;0;1;40000153;11000021
2021;1000001213;400000854;17;2;0;1;;00002150;00000007;00000011;;1;0;0;;0;;;;;0;;0;;0;1;0;0;40000063;11000008
2021;1000001214;400000855;14;1;3;1;;00004978;00000003;;;1;0;0;;;;;;;;;0;;0;1;0;0;40000210;11000029
2021;1000001215;400000856;7;2;1;1;;00001771;00000006;00000027;00001589;1;0;1;;;1;;;;;;;;0;1;0;;40000004;11000000
2021;1000001216;400000857;18;2;3;1;;00002728;00000004;00000014;00004825;1;0;0;;1;;;;;;;;;0;1;;0;40000134;11000019
2021;1000001217;400000858;4;2;1;1;;00002830;00000005;00000007;;1;0;;;;;;;;;;;;0;1;;0;40000212;11000030
2021;1000001218;400000859;17;1;3;1;;00003392;00000006;00000027;;1;0;1;0;;1;0;;;;;;;0;1;0;0;40000112;11000015
2021;1000001219;400000860;7;2;1;1;;00003597;00000007;00000009;00003790;1;0;1;0;;;0;;;;0;;;0;1;0;;40000023;11000003
2021;1000001221;400000861;4;1;3;1;;00002953;00000002;00000025;;1;0;0;0;0;;0;0;0;;;;;0;1;0;0;40000106;11000015
2021;1000001222;400000862;19;1;1;1;;00003854;00000002;00000024;;1;0;0;0;;;;;;;0;0;;0;1;0;0;40000016;11000002
2021;1000001223;400000863;59;2;3;1;;00000069;00000001;00000004;;1;0;0;;;1;;;;;;1;;0;1;0;0;40000135;11000019
2021;1000001224;400000864;10;1;1;1;;00004842;00000004;00000018;;1;0;0;0;;1;;;;0;;;;0;1;0;0;40000195;11000027
2021;1000001225;400000865;6;2;3;1;;00000039;00000004;00000017;;1;0;0;;;;;;;;;;0;0;1;0;0;40000091;11000012
2021;1000001226;400000866;14;1;1;1;;00003767;00000001;;;1;0;0;;;;;0;0;;;;;0;1;0;0;40000177;11000025
2021;1000001227;400000867;5;1;1;1;;00000178;00000003;00000014;;1;0;0;;;;;1;;;;;;0;1;0;0;40000115;11000016
2021;1000001228;400000868;9;1;1;1;;00002031;00000006;00000009;00002973;1;0;0;;0;1;;;;;;;;;1;0;0;40000127;11000018
2021;1000001229;400000869;4;1;0;1;;00004649;00000003;;;1;0;1;;1;;;0;;;;;;0;1;0;0;40000006;11000000
2021;1000001230;400000870;8;1;1;1;;00001700;00000004;00000023;;1;0;0;0;;;0;;;;;;;0;1;0;0;40000206;11000029
2021;1000001231;400000871;7;1;0;1;;00004264;00000005;00000023;00002179;1;0;0;;;1;;;0;;;;0;0;1;0;1;40000153;11000021
2021;1000001234;400000872;8;2;1;1;;00005335;00000004;;;1;0;0;0;;;0;;;0;;;;0;1;0;0;40000001;11000000
2021;1000001235;400000873;4;1;0;1;;00001829;00000002;00000004;00004267;1;0;0;;1;;;;;;;;;0;1;0;0;40000034;11000004
2021;1000001236;400000874;11;1;3;1;;00003467;00000002;00000002;00000730;1;0;0;;;;;;;;;;;0;1;0;0;40000213;11000030
2021;1000001237;400000875;7;2;3;1;;00001139;00000006;;00003636;2;1;0;;;1;;;;;0;;;0;1;0;0;40000096;11000013
2021;1000001238;400000876;12;1;0;1;;00000655;00000007;;;1;0;0;;;;;;;;;0;;0;1;0;0;40000087;11000012
2021;1000001239;400000877;10;2;1;1;;00001796;00000005;00000006;00004779;1;0;0;;;;;;;;;;0;0;1;0;0;40000182;11000025
2021;1000001241;400000878;5;2;3;1;;00003252;00000005;00000026;00003333;2;0;0;;;;;;;;0;;;0;1;0;0;40000132;11000018
2021;1000001242;400000879;11;1;0;1;;00002835;00000005;;00001610;2;0;0;;;;0;;;;;0;;0;1;0;0;40000011;11000001
2021;1000001243;400000880;16;2;3;1;;00000005;00000007;00000008;00003791;1;0;0;;0;;;;;;;;0;0;1;0;0;40000119;11000016
2021;1000001244;400000881;18;2;1;1;;00002712;00000006;00000015;00003058;1;0;0;0;;;0;;;;0;0;;0;1;0;0;40000203;11000028
2021;1000001245;400000882;9;2;0;1;;00000860;00000007;00000001;00004649;1;0;0;;;;;;;0;;;;0;1;1;0;40000044;11000006
2021;1000001246;400000883;8;2;3;1;;00005347;00000001;00000003;00002370;1;0;0;;;;;;;;0;;;0;1;0;0;40000171;11000024
2021;1000001247;400000884;16;2;1;1;;00004665;00000004;00000019;00002224;1;0;0;;;;;;;;;;;0;1;0;0;40000015;11000002
2021;1000001248;400000885;4;1;0;1;;00005077;00000003;00000001;00002987;1;0;0;0;;;0;0;;;;;;0;;0;0;40000198;11000028
2021;1000001249;400000886;19;2;0;1;;00000346;00000001;;00005128;1;0;1;0;;;;0;;;0;;;0;1;0;0;40000173;11000024
2021;1000001250;400000887;8;2;0;1;;00002832;00000002;00000003;;1;0;0;;0;;;;;;;;;0;1;0;0;40000112;11000015
2021;1000001251;400000888;9;1;0;1;;00004488;00000004;00000010;00003856;1;0;0;;;;;;;;;;;0;0;0;0;40000163;11000023
2021;1000001252;400000889;14;2;3;1;;00004878;00000001;00000015;;1;0;0;;;;;;;;;;;0;1;0;0;40000187;11000026
2021;1000001254;400000890;13;2;3;1;;00003647;00000006;00000003;;1;0;0;;0;1;;;;;0;;0;0;1;0;1;40000201;11000028
2021;1000001255;400000891;18;2;3;1;;00002097;00000005;00000023;00002433;1;0;0;;;;0;;;;;;0;0;1;0;0;40000177;11000025
2021;1000001256;400000892;9;1;3;1;;00005564;00000003;00000019;;2;0;1;;;;;;;;;;;0;1;0;;40000184;11000026
2021;1000001257;400000893;4;1;5;1;;00000205;00000001;00000003;00001831;1;0;0;0;;1;;0;;;;;;0;1;0;0;40000094;11000013
2021;1000001258;400000894;5;2;3;1;;00003333;00000005;;;1;0;1;0;;1;;;;;;;;0;1;;0;40000091;11000012
2021;1000001259;400000895;7;1;3;1;;00003855;00000001;00000006;00003001;1;0;0;;0;;;;;;0;0;;0;1;0;0;40000078;11000011
2021;1000001260;400000896;51;2;1;1;;00005095;00000002;00000021;;1;0;0;;;0;0;;;;;;;0;1;0;0;40000045;11000006
2021;1000001261;400000897;12;1;3;1;;00000342;00000004;00000011;;1;0;0;;;;;0;;;;;0;0;1;0;0;40000144;11000020
2021;1000001262;400000898;5;1;3;1;;00004501;00000003;00000002;00001092;1;0;0;;;;;;;;;;;0;1;0;0;40000095;11000013
2021;1000001263;400000899;5;2;1;1;;00005557;00000005;00000008;;2;0;0;;;1;;;;0;;;;0;1;0;0;40000177;11000025
2021;1000001264;400000900;6;1;1;1;;00000428;00000003;;;1;0;0;;;;0;;;;0;0;;;0;0;;40000137;11000019
2021;1000001265;400000901;15;2;3;1;;00004045;00000007;00000008;00003440;2;0;0;;0;;0;0;;;;;;0;1;0;0;40000177;11000025
2021;1000001266;400000902;14;2;3;1;;00003772;00000002;00000009;;1;0;0;;;;;;;0;0;;;0;1;0;0;40000091;11000012
2021;1000001267;400000903;8;2;1;1;;00002162;00000007;00000025;;2;0;1;;0;;0;;0;;0;;;0;1;0;0;40000202;11000028
2021;1000001268;400000904;7;1;0;1;;00000773;00000006;00000025;00004166;2;0;0;;;;;0;;;;;;0;1;0;0;40000039;11000005
2021;1000001269;400000905;14;1;1;1;;00003233;00000001;;00002097;1;0;0;;;1;;;;0;0;;;0;1;0;0;40000129;11000018
2021;1000001270;400000906;14;1;3;1;;00002040;00000004;;00004476;1;0;0;;;;;;;;;;;0;1;0;0;40000190;11000027
2021;1000001271;400000907;9;2;1;1;;00001168;00000001;00000014;;2;0;1;;;0;;;;0;;;0;0;;0;0;40000187;11000026
2021;1000001272;400000908;16;2;2;1;;00000007;00000005;;;1;0;0;;;;;;0;;;;;0;1;0;0;40000180;11000025
2021;1000001273;400000909;5;1;0;1;;00003197;00000003;;00002404;1;0;0;0;;;;;;;;;;0;1;0;0;40000094;11000013
2021;1000001274;400000910;7;1;0;1;;00002962;00000007;;;1;0;0;;;0;;;;;;;0;0;1;0;0;40000053;11000007
2021;1000001275;400000911;11;2;1;1;;00004748;00000003;00000010;00001454;1;0;1;;;0;;;;;0;;;0;0;0;0;40000064;11000009
2021;1000001276;400000912;16;2;3;1;;00003046;00000002;00000009;00005372;1;0;0;;;;;;0;;;;;0;1;0;0;40000058;11000008
2021;1000001277;400000913;15;2;0;1;;00002147;00000006;00000021;;1;0;0;;;;;;;;;;;0;1;0;0;40000134;11000019
2021;1000001278;400000914;12;1;1;1;;00005569;00000002;00000027;;1;0;1;;;;;;;;;;;0;1;0;0;40000079;11000011
2021;1000001279;400000915;14;2;0;1;;00004826;00000006;;00004911;1;0;0;;1;;0;0;;;;;;0;1;;0;40000091;11000012
2021;1000001280;400000916;7;1;0;1;;00000620;00000004;00000014;00000405;1;0;0;;1;;;;;;;0;0;0;1;0;0;40000102;11000014
2021;1000001281;400000917;6;2;0;1;;00004962;00000005;;00003804;2;0;0;;0;;0;;;;0;;;0;1;0;0;40000086;11000012
2021;1000001282;400000918;15;1;3;1;;00000662;00000003;00000013;00005445;1;0;0;;;0;;;;;0;0;;0;1;;0;40000195;11000027
2021;1000001283;400000919;14;2;3;1;;00000607;00000007;;00003792;1;0;0;;;;;0;;0;0;;;0;1;0;0;40000097;11000013
2021;1000001284;400000920;6;1;5;1;;00005113;00000005;00000026;;2;0;0;;;;;;;;;;;0;1;0;0;40000087;11000012
2021;1000001285;400000921;18;1;0;1;;00002794;00000003;00000022;00005216;1;0;1;;;;;0;;;;0;;;1;0;0;40000155;11000022
2021;1000001286;400000922;11;2;1;1;;00002251;00000002;00000018;00004575;1;0;0;;;;0;;;;;;;0;1;0;0;40000181;11000025
2021;1000001287;400000923;16;1;3;1;;00005287;00000001;00000025;;1;0;0;;;;;;;;;;;0;0;0;0;40000132;11000018
2021;1000001288;400000924;12;1;0;1;;00000770;00000002;00000013;;1;0;0;;0;;0;;;;;;0;0;1;0;0;40000194;11000027
2021;1000001289;400000925;7;2;0;1;;00004069;00000003;00000012;;1;0;1;0;;;;;;;;0;;0;0;0;;40000189;11000026
2021;1000001290;400000926;8;1;0;1;;00003423;00000001;;;1;0;1;;;;;;;;;0;;0;1;0;0;40000197;11000028
2021;1000001291;400000927;9;1;0;1;;00002672;00000005;;00004759;1;0;0;;;;;0;0;;0;;;0;1;0;0;40000095;11000013
2021;1000001292;400000928;11;1;3;1;;00004473;00000002;00000020;;1;0;0;;;;;;;;;;;0;1;0;0;40000027;11000003
2021;1000001293;400000929;14;1;1;1;;00002416;00000004;00000020;;1;0;0;;;;;;;0;;0;0;0;1;0;1;40000189;11000026
2021;1000001294;400000930;14;2;3;1;;00000092;00000003;00000013;;1;0;0;;;;;;;;;;0;0;1;0;0;40000039;11000005
2021;1000001295;400000931;5;2;0;1;;00003004;00000001;;00004098;2;0;0;;;;;;0;0;;0;0;0;1;0;0;40000114;11000016
2021;1000001296;400000932;7;1;3;1;;00004590;00000005;00000026;00005418;1;0;0;;;;;;;;;;0;0;1;0;0;40000209;11000029
2021;1000001297;400000933;6;2;3;1;;00001446;00000004;00000025;;1;0;0;0;0;;0;0;;;0;;;0;1;0;0;40000114;11000016
2021;1000001298;400000934;17;1;3;1;;00000073;00000002;00000027;00003403;2;0;0;;;1;0;;;;;;;0;1;0;0;40000125;11000017
2021;1000001299;400000935;9;1;1;1;;00000781;00000004;00000015;00001055;1;0;0;;;;0;;;;;;;0;1;0;0;40000114;11000016
2021;1000001300;400000936;12;1;1;1;;00002936;00000005;00000019;00005223;1;0;0;;;;;;;;;;;0;1;0;0;40000165;11000023
2021;1000001301;400000937;16;2;3;1;;00000453;00000005;00000008;00003647;1;0;1;;;;;;;;;;0;0;1;0;;40000212;11000030
2021;1000001302;400000938;8;1;3;1;;00005463;00000001;00000005;;2;1;0;;0;;;;;0;0;0;;0;1;1;0;40000187;11000026
2021;1000001303;400000939;4;1;1;1;;00003584;00000005;00000012;00002535;1;0;1;;;;;0;0;;0;;;0;0;1;0;40000138;11000019
2021;1000001304;400000940;4;2;0;1;;00005117;00000001;;00004210;1;0;0;;1;;0;0;;;;;;0;1;0;0;40000196;11000027
2021;1000001305;400000941;5;1;3;1;;00004471;00000003;00000010;;1;0;0;;;;;0;;;;;;0;1;0;0;40000182;11000025
2021;1000001306;400000942;10;1;3;1;;00000446;00000003;;;1;0;0;;;0;;0;;0;;;;0;;0;0;40000172;11000024
2021;1000001307;400000943;17;1;3;1;;00003364;00000002;00000017;00003994;1;0;0;;;;;;;0;;;;0;1;0;0;40000055;11000007
2021;1000001308;400000944;6;1;0;1;;00000650;00000005;;;1;0;0;0;;;;;;;;;;0;0;0;1;40000199;11000028
2021;1000001309;400000945;5;1;3;1;;00001012;00000001;00000004;;1;0;1;0;;;;;;;0;;;0;1;0;0;40000052;11000007
2021;1000001310;400000946;8;2;3;1;;00003253;00000003;;00001622;2;0;1;;1;;0;0;;;;;0;;1;0;0;40000153;11000021
2021;1000001311;400000947;13;1;1;1;;00001077;00000003;00000018;00005138;1;0;0;;;1;0;;;;;;;;1;0;0;40000058;11000008
2021;1000001312;400000948;8;2;0;1;;00004433;00000002;;00002972;1;0;0;;;;;;;;0;;;0;1;0;0;40000033;11000004
2021;1000001313;400000949;38;1;3;1;;00003040;00000004;00000003;00003875;1;0;0;;;;;;;;;;;0;1;0;0;40000026;11000003
2021;1000001314;400000950;13;2;1;1;;00001052;00000002;00000002;;1;0;0;;0;;;;;;;;;0;1;0;0;40000019;11000002
2021;1000001315;400000951;5;1;3;1;;00004903;00000002;00000015;;2;0;0;;;;;;;;;0;;0;1;0;0;40000058;11000008
2021;1000001316;400000952;17;1;0;1;;00003358;00000001;;;1;0;0;;0;;;;0;0;;;;0;1;0;0;40000137;11000019
2021;1000001317;400000953;6;1;1;1;;00004050;00000007;00000004;00000884;1;0;0;;0;;;;0;;;;;0;1;0;0;40000101;11000014
2021;1000001318;400000954;6;1;0;1;;00001420;00000001;;00002800;1;0;0;;0;1;0;;;;;;;0;0;0;0;40000130;11000018
2021;1000001319;400000955;11;2;0;1;;00003998;00000001;00000013;00000287;1;0;1;;;;0;;;;0;;;0;1;0;0;40000068;11000009
2021;1000001320;400000956;10;2;3;1;;00005475;00000006;;00004108;1;0;0;;;;;;0;;;;;0;1;0;0;40000134;11000019
2021;1000001321;400000957;14;2;0;1;;00001419;00000005;00000019;00000521;1;0;0;0;;;;;;;;;;0;1;0;0;40000086;11000012
2021;1000001322;400000958;9;2;0;1;;00005025;00000004;00000027;00001546;1;0;0;;;;;;;;;;;0;1;0;0;40000076;11000010
2021;1000001323;400000959;11;2;1;1;;00002807;00000004;;00000929;1;0;0;;;;;;;;0;;;0;1;0;0;40000085;11000012
2021;1000001324;400000960;9;1;1;1;;00000874;00000004;;00004475;1;0;0;;;;;;;;;;;0;1;0;0;40000003;11000000
2021;1000001325;400000961;9;2;0;1;;00002424;00000007;00000019;00004149;1;0;1;0;;;;;0;;;0;0;0;1;1;0;40000128;11000018
2021;1000001326;400000962;19;2;1;1;;00002506;00000002;00000010;;2;0;0;;0;;;;;;;0;;0;1;;0;40000031;11000004
2021;1000001327;400000963;14;1;0;1;;00003535;00000006;00000026;00003144;1;0;0;;;1;;;;;;;;0;1;0;0;40000162;11000023
2021;1000001328;400000964;12;1;1;1;;00004786;00000003;00000003;;2;1;0;;;;;;;0;;0;0;0;1;0;0;40000136;11000019
2021;1000001329;400000965;4;1;3;1;;00003805;00000007;00000012;00000220;1;0;0;;;;;;;;;;;0;1;0;0;40000069;11000009
2021;1000001330;400000966;15;1;3;1;;00003766;00000005;00000007;;1;0;0;;;;;;;;;0;;0;1;;0;40000071;11000010
2021;1000001331;400000967;8;1;1;1;;00002199;00000002;;00003852;1;0;0;;;1;;;;;;;;0;1;0;0;40000113;11000016
2021;1000001332;400000968;15;1;1;1;;00003558;00000005;00000006;00002533;1;0;0;;0;;;;;0;0;0;;0;1;0;0;40000091;11000012
2021;1000001333;400000969;4;2;1;1;;00002495;00000006;00000011;00003613;1;0;0;;0;;;;0;;;;;0;1;0;0;40000138;11000019
2021;1000001334;400000970;18;1;0;1;;00002966;00000007;00000018;;1;0;0;;0;;;;;;;;;0;1;0;0;40000132;11000018
2021;1000001335;400000971;8;1;0;1;;00004328;00000004;;00001338;1;0;1;0;0;;;1;0;0;;0;;0;1;0;0;40000112;11000015
2021;1000001336;400000972;47;1;0;1;;00003325;00000004;00000015;00003116;2;0;0;;;;;;;;;;;0;1;0;0;40000187;11000026
2021;1000001337;400000973;21;1;1;1;;00003525;00000002;00000008;00000815;1;0;0;;;;0;;;;;;;0;1;0;0;40000066;11000009
2021;1000001338;400000974;16;2;0;1;;00000573;00000005;;00002270;1;0;0;;;;;;;;;;0;0;1;0;0;40000126;11000017
2021;1000001339;400000975;12;1;1;1;;00000332;00000002;;;1;0;1;0;;;0;;;;;;;0;1;0;0;40000034;11000004
2021;1000001340;400000976;16;2;3;1;;00004990;00000002;;00001413;1;0;0;;;;;;;;;;;0;;0;0;40000150;11000021
2021;1000001341;400000977;10;2;1;1;;00002740;00000004;;00000910;1;0;0;0;;;;;;0;0;;;0;1;0;0;40000206;11000029
2021;1000001342;400000978;12;1;3;1;;00004147;00000001;00000009;00001901;1;0;0;0;;;;0;0;;0;;;0;;0;0;40000049;11000006
2021;1000001343;400000979;11;2;3;1;;00000733;00000007;00000016;00002775;1;0;0;;0;1;;;;;0;0;;0;1;0;0;40000146;11000020
2021;1000001344;400000980;12;2;2;1;;00005218;00000007;;00004989;1;0;0;;;1;;;;;;;;0;1;0;0;40000087;11000012
2021;1000001345;400000981;18;2;3;1;;00004903;00000005;;00004115;1;0;0;;;;;;;;;;0;0;1;1;0;40000213;11000030
2021;1000001346;400000982;21;2;3;1;;00002694;00000002;00000019;;1;0;0;;;1;;;;;;0;;0;1;1;0;40000039;11000005
2021;1000001347;400000983;12;1;0;1;;00003294;00000007;;00003755;1;0;0;0;;;;;;;0;0;;0;1;0;0;40000173;11000024
2021;1000001348;400000984;4;1;0;1;;00000654;00000003;00000022;;1;0;0;;;;;;;;;0;;0;1;0;0;40000206;11000029
2021;1000001349;400000985;29;2;0;1;;00005001;00000005;;00000622;1;0;0;;;;;;;;;;;0;1;0;0;40000197;11000028
2021;1000001350;400000986;4;1;0;1;;00004005;00000006;;;1;0;0;;;;;;;;;;0;0;1;0;1;40000042;11000005
2021;1000001351;400000987;5;2;0;1;;00000551;00000007;00000027;;1;0;1;0;;;;;0;0;0;;;0;1;0;0;40000137;11000019
2021;1000001352;400000988;10;2;0;1;;00004482;00000002;00000027;00002394;1;0;0;;;1;;0;;;;0;;0;1;0;0;40000157;11000022
2021;1000001353;400000989;5;2;1;1;;00000638;00000002;;00002067;1;0;1;;;;0;;;;0;;;0;1;0;0;40000029;11000004
2021;1000001354;400000990;4;2;1;1;;00002184;00000004;00000023;00001387;1;0;0;;;0;;;;;;;;0;1;0;0;40000184;11000026
2021;1000001355;400000991;15;1;2;1;;00001336;00000005;00000015;00003604;1;0;0;;;;;;;;;;0;0;1;0;0;40000125;11000017
2021;1000001356;400000992;4;2;1;1;;00000086;00000004;00000009;00002484;1;0;0;;;;;;;;;;;0;1;0;0;40000052;11000007
2021;1000001357;400000993;16;1;0;1;;00004973;00000002;00000005;00001809;2;0;1;;0;;0;0;;;;;;0;1;0;0;40000098;11000013
2021;1000001358;400000994;17;1;3;1;;00001674;00000002;;00004925;1;0;0;;;;;;;;;;;0;1;;0;40000185;11000026
2021;1000001359;400000995;15;1;0;1;;00005478;00000003;00000010;;1;0;0;;;;;;;0;;;;0;0;0;0;40000040;11000005
2021;1000001360;400000996;12;1;0;1;;00002315;00000002;;00003579;2;0;0;;;;;0;;;;0;;0;1;0;0;40000145;11000020
2021;1000001361;400000997;11;2;1;1;;00003394;00000005;00000007;;1;0;0;;;;;0;;0;;0;;0;1;0;0;40000027;11000003
2021;1000001362;400000998;11;1;3;1;;00005096;00000003;;;1;0;0;;;;;;;;;;;0;1;0;0;40000217;11000030
2021;1000001363;400000999;11;1;3;1;;00003800;00000003;00000019;00005331;1;0;0;;;;;;0;;;;;0;1;0;0;40000124;11000017
2021;1000001364;400001000;18;2;1;1;;00002459;00000004;;00001972;2;0;0;;0;;0;;;;;0;;0;1;0;0;40000126;11000017
