NU_ANO;CO_PESSOA_FISICA;ID_MATRICULA;NU_IDADE_REFERENCIA;TP_SEXO;TP_COR_RACA;TP_NACIONALIDADE;CO_UF_NASC;CO_MUNICIPIO_NASC;CO_PAIS_RESIDENCIA;CO_UF_END;CO_MUNICIPIO_END;TP_ZONA_RESIDENCIAL;IN_NECESSIDADE_ESPECIAL;IN_TRANSPORTE_PUBLICO;IN_TRANSP_BICICLETA;IN_TRANSP_MICRO_ONIBUS;IN_TRANSP_ONIBUS;IN_TRANSP_TR_ANIMAL;IN_TRANSP_VANS_KOMBI;IN_TRANSP_OUTRO_VEICULO;IN_TRANSP_EMBAR_ATE5;IN_TRANSP_EMBAR_5A15;IN_TRANSP_EMBAR_15A35;IN_TRANSP_EMBAR_35;IN_ESPECIAL_EXCLUSIVA;IN_REGULAR;IN_EJA;IN_PROFISSIONALIZANTE;ID_TURMA;CO_ENTIDADE
2019;1000000001;200000001;23;2;2;1;;00003879;00000001;;00003944;1;0;1;;;;;;;;;;;0;1;0;0;20000109;11000015
2019;1000000002;200000002;13;1;1;1;;00001356;00000001;00000015;00002023;1;0;0;;;;;;;;;0;;0;0;0;0;20000094;11000013
2019;1000000004;200000003;8;1;3;1;;00001078;00000001;;00003379;1;0;0;;;;;;;;;;;0;1;0;0;20000125;11000017
2019;1000000005;200000004;9;2;1;1;;00003684;00000002;00000011;;1;0;0;;;;;;;;;0;;0;0;;0;20000216;11000030
2019;1000000006;200000005;6;2;3;1;;00002896;00000001;00000003;;1;0;0;;1;;;;;0;;;;0;1;0;0;20000126;11000017
2019;1000000007;200000006;16;2;3;1;;00001805;00000001;;;2;0;0;0;;;;;;0;0;;0;0;1;0;0;20000092;11000013
2019;1000000008;200000007;8;1;3;1;;00004466;00000002;00000027;00004148;1;0;1;;;;;;;0;;;;0;1;0;0;20000087;11000012
2019;1000000009;200000008;7;1;0;1;;00004359;00000001;00000024;00001935;1;0;0;;;;;0;;;;;;0;1;0;1;20000200;11000028
2019;1000000010;200000009;10;2;1;1;;00000553;00000002;00000022;;1;0;0;;0;;0;;;;;;;0;1;0;0;20000198;11000028
2019;1000000011;200000010;7;2;3;1;;00004003;00000002;;00004418;1;0;0;;;;;;;;;;;0;1;0;0;20000090;11000012
2019;1000000015;200000011;23;1;0;1;;00004414;00000002;00000027;00001554;1;0;0;;;1;;;;;;;;0;1;0;0;20000087;11000012
2019;1000000017;200000012;14;1;0;1;;00002128;00000002;;00000986;1;0;0;;0;;;;;;0;0;;0;1;0;0;20000202;11000028
2019;1000000018;200000013;10;1;0;1;;00002250;00000002;;;1;0;0;;;;;;;;;;;0;1;0;0;20000036;11000005
2019;1000000019;200000014;18;1;1;1;;00000476;00000001;00000012;00002715;1;0;0;;0;;;;;;;;;0;1;0;0;20000003;11000000
2019;1000000020;200000015;21;2;3;1;;00002983;00000001;;;1;0;0;;;;;;;;0;;;0;1;0;0;20000185;11000026
2019;1000000021;200000016;16;2;1;1;;00001465;00000001;00000017;00003887;2;0;0;;;;;0;0;;;;;0;1;0;0;20000076;11000010
2019;1000000023;200000017;25;1;1;1;;00001094;00000001;00000013;;1;0;0;;;;;;;;;0;;0;1;0;0;20000120;11000017
2019;1000000025;200000018;9;1;3;1;;00002574;00000002;;00001056;1;0;0;;;;;;;;;;;;1;0;0;20000033;11000004
2019;1000000026;200000019;17;2;3;1;;00004542;00000002;00000005;00005039;1;0;0;;;;;;;;;0;;0;1;0;0;20000075;11000010
2019;1000000027;200000020;21;2;0;1;;00005328;00000001;;;1;0;0;;;;;;;;;;;0;1;0;0;20000183;11000026
2019;1000000028;200000021;10;1;1;1;;00004754;00000002;00000025;00005112;1;0;1;0;;1;;;;;;;;0;0;;0;20000161;11000022
2019;1000000029;200000022;5;1;1;1;;00004519;00000002;00000019;00004560;1;0;0;;0;;;;;;;;;0;1;0;0;20000051;11000007
2019;1000000030;200000023;6;2;0;1;;00002823;00000002;00000011;00002653;2;0;0;;;;;0;;;0;;;0;1;0;0;20000064;11000009
2019;1000000031;200000024;19;2;0;1;;00002430;00000002;;00001849;1;0;0;;;;;;;;;;;0;1;;0;20000138;11000019
2019;1000000032;200000025;17;2;0;1;;00002540;00000001;00000023;;2;0;0;;;1;;;;;;;;0;;0;0;20000119;11000016
2019;1000000033;200000026;7;2;0;1;;00005017;00000001;00000026;00001155;1;0;1;0;;;;;;;;;;0;0;0;0;20000215;11000030
2019;1000000035;200000027;5;2;1;1;;00003377;00000002;00000025;00003482;1;0;0;;;0;;0;;0;0;;;0;1;0;0;20000073;11000010
2019;1000000036;200000028;15;2;1;1;;00001485;00000002;00000009;00000055;2;0;0;;;1;;;0;;;;;0;1;0;0;20000094;11000013
2019;1000000037;200000029;12;1;3;1;;00001497;00000002;00000016;;1;0;0;;0;;0;;;;;;;0;1;0;0;20000046;11000006
2019;1000000038;200000030;21;1;1;1;;00002788;00000001;00000016;00003681;1;0;0;;0;;;;;;;;;1;0;0;0;20000199;11000028
2019;1000000039;200000031;18;1;1;1;;00001032;00000001;00000006;00001876;1;0;0;;;1;;0;;;;;;0;1;0;;20000015;11000002
2019;1000000040;200000032;17;1;1;1;;00003187;00000002;;00000826;1;0;0;0;;;;;;;;;;0;1;0;0;20000091;11000012
2019;1000000041;200000033;17;2;3;1;;00000148;00000002;00000006;00000929;1;0;0;0;;;;;;;;;0;0;1;0;0;20000023;11000003
2019;1000000042;200000034;15;2;1;1;;00002818;00000001;00000010;00003575;1;0;0;0;;;;0;;;0;;;0;1;1;0;20000085;11000012
2019;1000000044;200000035;17;2;3;1;;00001516;00000001;00000006;00004333;1;0;1;0;;;;;;0;;;;0;1;;0;20000008;11000001
2019;1000000045;200000036;4;2;1;1;;00002928;00000001;;00004735;2;0;0;;;;;;;;;;;0;1;0;0;20000168;11000023
2019;1000000046;200000037;4;1;0;1;;00004662;00000002;00000019;;1;0;0;;;;;;;;;;;0;1;0;0;20000070;11000009
2019;1000000047;200000038;8;2;1;1;;00000200;00000002;00000009;;1;0;1;;;;;;0;;;;;0;1;0;0;20000066;11000009
2019;1000000048;200000039;34;2;0;1;;00004961;00000001;00000010;00000306;1;0;1;;0;;0;;;;;;;0;1;0;0;20000121;11000017
2019;1000000049;200000040;8;1;1;1;;00001754;00000002;00000023;00004392;1;0;0;;;;;;;;0;0;0;0;1;0;0;20000200;11000028
2019;1000000050;200000041;11;1;0;1;;00001719;00000002;00000018;;1;0;0;;0;;;;;;;;;0;1;0;0;20000037;11000005
2019;1000000051;200000042;11;2;1;1;;00002911;00000002;00000016;00003102;1;0;1;;;;0;;0;;0;;;0;0;0;0;20000212;11000030
2019;1000000052;200000043;17;2;0;1;;00005282;00000002;;00002793;1;0;0;0;;;;;;;;;;0;1;0;0;20000128;11000018
2019;1000000053;200000044;19;1;0;1;;00004619;00000001;;00004370;1;0;0;;;;;0;0;0;;;;0;1;0;0;20000175;11000024
2019;1000000054;200000045;15;1;0;1;;00001990;00000002;00000021;00001063;1;0;0;;;;;;;;;;;0;1;0;0;20000006;11000000
2019;1000000055;200000046;6;1;1;1;;00000891;00000002;00000016;00001800;1;0;0;;0;;;;;;;;;;1;0;0;20000205;11000029
2019;1000000056;200000047;7;1;0;1;;00005559;00000002;00000021;;1;0;0;0;;;;;;;0;;;0;1;1;0;20000196;11000027
2019;1000000057;200000048;16;2;3;1;;00004844;00000001;00000018;;1;0;0;;0;;;;;;;;0;0;1;0;0;20000069;11000009
2019;1000000058;200000049;13;2;1;1;;00002114;00000002;00000019;00002502;1;0;0;;;1;;;;;;;;0;1;0;0;20000181;11000025
2019;1000000059;200000050;9;1;0;1;;00000976;00000001;00000008;00004533;2;0;0;;1;;0;;;;;;;0;1;0;0;20000154;11000021
2019;1000000060;200000051;7;1;1;1;;00004130;00000001;00000013;;1;0;1;;0;1;;;0;;;;;0;1;0;0;20000132;11000018
2019;1000000061;200000052;42;2;0;1;;00002754;00000001;00000009;;1;0;0;;;;;;;;0;;;;0;0;0;20000046;11000006
2019;1000000062;200000053;6;1;3;1;;00002731;00000001;00000018;00003845;1;0;1;;;1;;;;;;;;;1;0;0;20000121;11000017
2019;1000000064;200000054;5;1;3;1;;00002782;00000001;00000014;00005246;1;0;0;;;;;;;;;;;0;1;0;0;20000054;11000007
2019;1000000065;200000055;16;1;3;1;;00000007;00000002;00000015;00001062;1;0;0;;;;;0;;;;;;0;1;0;0;20000040;11000005
2019;1000000066;200000056;13;2;3;1;;00002592;00000001;;;1;0;0;;;;0;;;;;;;;1;0;0;20000077;11000010
2019;1000000067;200000057;5;1;3;1;;00002476;00000001;00000020;;1;1;0;;0;;0;1;;0;0;;0;0;1;0;0;20000192;11000027
2019;1000000068;200000058;7;2;0;1;;00003144;00000001;;00001069;1;0;1;;;;;;;;;;;0;1;1;0;20000165;11000023
2019;1000000069;200000059;12;1;0;1;;00000008;00000002;;00004676;1;0;0;;0;;;;;;;;;0;0;1;0;20000159;11000022
2019;1000000070;200000060;15;2;1;1;;00001353;00000001;00000002;00003896;1;0;0;;;;;;;;;;;0;1;0;0;20000011;11000001
2019;1000000071;200000061;16;2;0;1;;00000426;00000001;;;1;0;0;;;;;;;;0;;;0;1;0;0;20000073;11000010
2019;1000000072;200000062;12;2;3;1;;00005023;00000002;00000007;00001128;1;0;0;;0;0;;;;;;;;;1;;0;20000031;11000004
2019;1000000073;200000063;10;1;3;1;;00003443;00000001;;;1;0;0;;;;;;;;;;0;0;1;0;0;20000002;11000000
2019;1000000074;200000064;12;2;0;1;;00001913;00000001;;;1;0;1;;;;0;;;;;;0;0;1;;0;20000013;11000001
2019;1000000075;200000065;7;2;2;1;;00003400;00000001;00000016;00001630;2;0;0;;;1;0;;0;;;;;0;1;0;0;20000117;11000016
2019;1000000077;200000066;11;1;0;1;;00001098;00000001;00000019;;1;0;0;;;;;0;;;;;;0;1;0;0;20000149;11000021
2019;1000000078;200000067;9;1;0;1;;00000075;00000002;;;1;1;0;;;0;;;0;;;;0;0;1;0;0;20000087;11000012
2019;1000000079;200000068;15;2;0;1;;00003883;00000002;00000025;;1;0;1;0;;;;;;;;;0;0;0;0;0;20000041;11000005
2019;1000000080;200000069;18;1;3;1;;00000296;00000001;00000002;00000676;1;0;0;;;;0;;;;0;;;0;1;0;0;20000018;11000002
2019;1000000081;200000070;16;2;1;1;;00004584;00000002;00000023;;1;0;0;;0;;0;;;;0;;;0;1;0;0;20000203;11000028
2019;1000000082;200000071;11;2;3;1;;00001821;00000002;00000006;;2;0;0;0;;1;;;;;;;;0;1;0;0;20000134;11000019
2019;1000000083;200000072;8;2;0;1;;00005550;00000002;00000018;00000486;1;0;0;;;;;;0;;;;;0;1;0;0;20000189;11000026
2019;1000000084;200000073;19;1;3;1;;00001146;00000001;;00004238;1;0;0;;;;0;;;0;;;;0;1;0;0;20000180;11000025
2019;1000000085;200000074;18;1;0;1;;00002307;00000002;;;1;0;1;;0;;;1;;;;;;0;1;0;0;20000205;11000029
2019;1000000086;200000075;12;1;3;1;;00005057;00000002;00000017;00000759;1;0;0;;;;;;;;;;;0;;0;0;20000177;11000025
2019;1000000087;200000076;14;1;3;1;;00003771;00000001;;;1;0;0;;;;;;;;;;;0;1;0;0;20000134;11000019
2019;1000000088;200000077;14;1;3;1;;00000696;00000002;;;2;0;0;;;;;;;;;;0;0;0;;0;20000132;11000018
2019;1000000089;200000078;13;2;3;1;;00005272;00000001;;00001571;1;0;0;;;;;0;0;;;;;0;1;0;0;20000034;11000004
2019;1000000090;200000079;8;1;3;1;;00003556;00000002;;;1;0;0;;;;0;;0;0;;;;0;1;0;0;20000185;11000026
2019;1000000091;200000080;15;2;3;1;;00001350;00000002;00000001;00005461;1;0;0;;;1;;0;;0;;;;0;1;0;0;20000200;11000028
2019;1000000092;200000081;12;1;3;1;;00002901;00000001;00000001;00002323;1;0;0;;;;;0;;;;;0;0;1;0;;20000048;11000006
2019;1000000093;200000082;22;1;3;1;;00003120;00000001;;;1;0;0;;;;;0;;;;;;0;;0;0;20000060;11000008
2019;1000000094;200000083;4;2;3;1;;00001672;00000001;00000009;00000866;1;0;0;;;;;;;;0;0;;0;1;0;1;20000162;11000023
2019;1000000095;200000084;6;2;1;1;;00005569;00000001;;;1;0;0;;;;;0;;;0;;0;0;1;0;0;20000103;11000014
2019;1000000096;200000085;11;1;1;1;;00003828;00000002;00000011;;1;0;0;;;;;;;0;;;0;0;1;0;0;20000020;11000002
2019;1000000097;200000086;9;1;0;1;;00000820;00000002;00000020;00005021;1;0;0;;;;;;0;;;;;0;1;0;0;20000184;11000026
2019;1000000098;200000087;6;1;1;1;;00002248;00000002;;;2;0;0;;;;;0;;;;;;0;1;0;0;20000069;11000009
2019;1000000100;200000088;8;2;0;1;;00002495;00000001;;;1;0;0;0;;;;;;;;;;0;1;0;0;20000076;11000010
2019;1000000101;200000089;12;1;3;1;;00001913;00000001;00000009;00001210;1;0;0;;;;;;0;;;;;0;1;0;0;20000182;11000025
2019;1000000102;200000090;12;2;0;1;;00000659;00000001;;00003984;1;0;0;;;;;;0;;;;;0;1;1;0;20000181;11000025
2019;1000000103;200000091;17;1;1;1;;00004098;00000002;00000006;00002286;2;0;0;;;;;;;;;;;0;1;0;0;20000114;11000016
2019;1000000104;200000092;24;1;3;1;;00002952;00000001;00000025;;2;0;1;0;;;;;0;;;;;0;1;0;0;20000027;11000003
2019;1000000105;200000093;30;2;3;1;;00002010;00000002;00000006;00000843;1;0;0;;0;;;;;;;;;0;0;0;0;20000087;11000012
2019;1000000106;200000094;6;1;1;1;;00002981;00000002;00000015;;1;0;1;;;;;;0;;;;;0;;0;0;20000116;11000016
2019;1000000107;200000095;6;2;0;1;;00005427;00000002;00000025;00003701;1;0;0;;;;;;0;;;;;0;1;;0;20000038;11000005
2019;1000000108;200000096;9;1;5;1;;00000875;00000002;00000003;00003096;1;0;0;;;;0;;;;;0;;0;1;0;0;20000171;11000024
2019;1000000109;200000097;15;1;3;1;;00002222;00000002;;00003679;1;0;1;0;;;;;;;;;;;1;0;0;20000044;11000006
2019;1000000110;200000098;18;1;3;1;;00001777;00000001;00000025;;2;0;0;;;1;;0;;;;;0;0;1;0;0;20000163;11000023
2019;1000000111;200000099;5;1;1;1;;00004930;00000002;00000025;;1;0;0;;;1;;0;0;;;0;;0;1;0;1;20000125;11000017
2019;1000000112;200000100;6;2;0;1;;00000621;00000001;;00001849;1;0;0;;0;;;;;;;;;0;1;0;0;20000126;11000017
2019;1000000113;200000101;10;2;3;1;;00002890;00000002;;00004556;1;0;0;;0;;;;0;;;;;0;1;0;0;20000064;11000009
2019;1000000114;200000102;9;1;3;1;;00004329;00000001;00000017;;1;0;0;;1;1;;;;;;0;;0;1;0;0;20000062;11000008
2019;1000000115;200000103;9;2;3;1;;00001064;00000001;00000022;00000776;1;0;0;;;1;;0;;;;0;;0;1;0;;20000156;11000022
2019;1000000116;200000104;15;1;0;1;;00003610;00000002;;00005404;1;0;0;;;;;;;;;;;0;1;;0;20000110;11000015
2019;1000000118;200000105;18;2;0;1;;00002372;00000001;00000004;;1;0;0;0;;;;;;;;;;0;1;0;0;20000080;11000011
2019;1000000119;200000106;5;1;1;1;;00000687;00000001;00000017;;1;0;0;;;;;;;;;;;0;0;0;0;20000103;11000014
2019;1000000120;200000107;11;2;3;1;;00001007;00000001;00000018;;1;1;0;;;;;0;;;0;;;0;1;0;0;20000027;11000003
2019;1000000122;200000108;18;1;0;1;;00002184;00000001;;00003939;1;0;0;;0;;;;;0;;;;0;1;0;0;20000208;11000029
2019;1000000124;200000109;7;1;0;1;;00005002;00000002;00000015;00004458;1;0;0;;1;;;;;0;;;;0;1;0;;20000097;11000013
2019;1000000125;200000110;17;1;1;1;;00001721;00000002;00000016;00000914;1;0;0;0;;;0;1;;;;;;0;1;0;0;20000072;11000010
2019;1000000126;200000111;4;2;0;1;;00000721;00000002;00000015;00003370;1;0;0;0;;;;0;;;;;;0;1;1;;20000072;11000010
2019;1000000128;200000112;12;2;3;1;;00000742;00000002;;00002606;1;0;0;0;;;;0;;;;;;0;1;0;0;20000099;11000014
2019;1000000130;200000113;21;2;1;1;;00005383;00000001;00000005;00002133;1;0;0;0;0;;;;;;;;;0;1;;0;20000021;11000002
2019;1000000131;200000114;18;2;3;1;;00004628;00000001;00000027;00001062;1;0;0;0;1;;;;;;;;;0;1;0;0;20000053;11000007
2019;1000000132;200000115;8;1;0;1;;00001127;00000001;00000005;00005033;2;0;0;;;;0;;;;0;;;0;1;0;0;20000016;11000002
2019;1000000133;200000116;23;1;2;1;;00004226;00000002;;;1;0;0;;;;;;0;;0;;0;0;1;1;0;20000059;11000008
2019;1000000134;200000117;5;2;1;1;;00000697;00000002;;00000814;1;0;0;;0;1;;;0;;;;;0;1;0;0;20000091;11000012
2019;1000000135;200000118;18;1;0;1;;00002489;00000001;00000006;00002607;1;0;0;;;;;;;;0;0;0;0;0;;0;20000029;11000004
2019;1000000136;200000119;19;1;3;1;;00000461;00000001;00000010;;1;0;0;0;;;;;;;;0;;0;1;0;0;20000082;11000011
2019;1000000137;200000120;14;2;1;1;;00004996;00000002;;00004241;2;0;0;;;;;;;;;;;0;1;1;0;20000140;11000019
2019;1000000138;200000121;6;2;1;1;;00000639;00000002;00000017;;1;0;1;0;;1;;0;;;0;0;;0;1;0;0;20000138;11000019
2019;1000000139;200000122;8;2;3;1;;00004513;00000002;00000017;00000897;1;0;0;0;;;;;;;0;0;;0;1;0;0;20000022;11000003
2019;1000000140;200000123;16;1;3;1;;00003180;00000002;;;1;0;0;;;;;;;;;;;0;0;1;0;20000100;11000014
2019;1000000141;200000124;14;1;1;1;;00002242;00000001;00000002;00005217;1;0;0;;0;;;;;;;;0;0;1;0;0;20000205;11000029
2019;1000000142;200000125;10;1;3;1;;00000965;00000002;00000024;00003576;1;0;0;;;;0;;;;;;;;1;1;;20000097;11000013
2019;1000000143;200000126;19;1;2;1;;00000151;00000002;00000018;00003326;2;0;0;0;0;;;;;;;0;;0;1;0;;20000073;11000010
2019;1000000144;200000127;6;2;1;1;;00005280;00000001;00000023;00003952;2;0;0;0;;;;0;;;;;0;0;1;0;;20000043;11000006
2019;1000000145;200000128;19;2;3;1;;00002018;00000002;;00000110;1;0;1;;;;;;;;;;;0;1;0;0;20000092;11000013
2019;1000000146;200000129;16;2;0;1;;00003480;00000001;00000015;;1;0;0;;;1;;;;0;;;;0;1;0;0;20000155;11000022
2019;1000000147;200000130;24;2;1;1;;00003498;00000002;;00001968;1;0;0;;0;;;;;;0;;;0;1;0;0;20000012;11000001
2019;1000000148;200000131;13;1;1;1;;00004900;00000001;00000015;00004250;1;0;0;;;;0;;0;;0;0;;0;1;0;0;20000036;11000005
2019;1000000149;200000132;16;2;1;1;;00001081;00000002;00000002;00005187;1;0;1;;;;;;;;;;;0;1;0;0;20000175;11000024
2019;1000000150;200000133;7;2;0;1;;00000981;00000001;;00001622;1;0;0;;;;;;;;1;;;0;0;0;0;20000203;11000028
2019;1000000151;200000134;11;2;1;1;;00002693;00000001;00000005;00000399;1;0;0;;;;;;;;;0;;0;1;1;0;20000060;11000008
2019;1000000152;200000135;19;1;3;1;;00000927;00000001;00000023;00003793;2;0;0;;;0;;;;;0;;0;0;1;1;0;20000071;11000010
2019;1000000153;200000136;17;1;1;1;;00003483;00000001;00000022;;1;0;0;;;;;;0;;;0;;0;1;0;0;20000122;11000017
2019;1000000154;200000137;7;2;0;1;;00001939;00000002;00000027;00005031;1;0;1;0;;;;;;;0;;;0;1;0;0;20000052;11000007
2019;1000000156;200000138;16;1;0;1;;00001740;00000002;00000002;00002337;2;1;0;0;;;;;0;;0;;;0;0;0;0;20000137;11000019
2019;1000000157;200000139;15;2;0;1;;00004863;00000001;;;1;0;1;0;;;;;;0;;;;0;1;0;0;20000085;11000012
2019;1000000158;200000140;16;2;0;1;;00002329;00000001;;;1;0;0;;;1;;;;0;;;0;0;1;0;1;20000161;11000022
2019;1000000159;200000141;7;1;3;1;;00005398;00000002;00000005;00002721;1;0;0;;;1;;;;;0;;0;;1;1;0;20000023;11000003
2019;1000000160;200000142;22;1;1;1;;00005081;00000001;00000026;;1;0;0;;;;0;0;;;;0;;0;1;0;0;20000158;11000022
2019;1000000162;200000143;18;1;0;1;;00003331;00000002;00000013;00000692;1;0;1;;0;;;;;;;;;0;1;0;0;20000028;11000003
2019;1000000163;200000144;12;1;1;1;;00001722;00000002;00000004;00004049;1;0;0;;;;;0;;;;;0;0;1;0;1;20000174;11000024
2019;1000000164;200000145;9;2;3;1;;00004070;00000002;00000017;00004361;1;0;1;;;;;;;0;;;;0;1;0;0;20000158;11000022
2019;1000000165;200000146;16;2;0;1;;00001095;00000001;00000018;00004518;1;0;0;;;;;;;0;;;;0;1;0;0;20000194;11000027
2019;1000000167;200000147;13;1;3;1;;00000050;00000001;00000023;;1;0;0;;0;;;;;;0;;;0;1;0;1;20000174;11000024
2019;1000000168;200000148;14;1;3;1;;00000186;00000002;00000014;;1;0;0;0;;;0;;;;;;;0;1;0;0;20000104;11000014
2019;1000000169;200000149;16;1;1;1;;00000212;00000002;00000003;00001142;1;0;0;0;;1;;;0;0;;;;0;1;0;0;20000211;11000030
2019;1000000170;200000150;6;1;1;1;;00003632;00000001;00000018;00002210;1;0;1;;;0;;0;;;;;;0;1;;0;20000080;11000011
2019;1000000171;200000151;17;1;0;1;;00002609;00000001;00000014;00004514;1;1;0;0;;1;;;;;;;;0;1;0;0;20000182;11000025
2019;1000000172;200000152;17;1;3;1;;00000603;00000001;00000001;00001418;1;0;0;;0;;;;;;;;;0;1;0;;20000141;11000020
2019;1000000173;200000153;10;2;0;1;;00004123;00000002;00000004;00002585;1;0;0;;0;1;;;;;;;;0;1;;0;20000053;11000007
2019;1000000175;200000154;16;1;1;1;;00000647;00000001;00000027;00001275;1;0;0;0;;1;;;;0;;0;;0;1;0;0;20000043;11000006
2019;1000000176;200000155;5;2;1;1;;00002734;00000002;00000023;;1;0;1;0;;;;;0;0;0;;;0;1;0;0;20000023;11000003
2019;1000000177;200000156;18;1;1;1;;00004074;00000001;00000002;;1;0;0;;;;;0;0;;;;;0;1;0;0;20000008;11000001
2019;1000000178;200000157;19;2;0;1;;00000081;00000001;;00005237;1;0;0;;;;;;;;;;;0;1;0;0;20000006;11000000
2019;1000000179;200000158;6;1;0;1;;00004891;00000002;00000006;00001887;2;0;0;;;;;;;;;;0;0;;0;;20000038;11000005
2019;1000000180;200000159;4;2;0;1;;00002262;00000001;00000005;00003230;1;1;0;0;0;;;;;;;;;0;1;0;1;20000133;11000018
2019;1000000181;200000160;20;2;1;1;;00001098;00000002;;00000653;1;0;1;;;;;;;;;0;;0;1;0;0;20000074;11000010
2019;1000000183;200000161;13;2;0;1;;00000028;00000002;00000015;00001014;1;0;0;;;;0;0;;;;;;0;1;0;;20000196;11000027
2019;1000000184;200000162;6;1;3;1;;00004198;00000001;00000027;00001860;2;0;0;;;0;;;;;;0;;0;1;1;0;20000205;11000029
2019;1000000185;200000163;6;2;2;1;;00002159;00000001;;;1;0;0;;;;0;;;;;;;0;1;0;0;20000214;11000030
2019;1000000186;200000164;4;1;0;1;;00004829;00000001;00000023;00001094;1;0;0;;;;;0;;;;0;0;0;1;0;0;20000085;11000012
2019;1000000187;200000165;19;1;1;1;;00000574;00000001;;00001940;1;0;0;;;;;;;;;;;0;1;0;0;20000103;11000014
2019;1000000188;200000166;16;2;1;1;;00002123;00000002;;00004107;1;0;1;;;;;;;;;;;0;1;0;0;20000058;11000008
2019;1000000190;200000167;12;1;3;1;;00004750;00000002;;00002448;2;0;0;;;;0;;;;;;;0;1;0;0;20000077;11000010
2019;1000000191;200000168;19;1;0;1;;00003779;00000002;;00001000;2;0;0;;;;;0;;;;;;0;1;0;0;20000154;11000021
2019;1000000192;200000169;16;1;1;1;;00004008;00000002;00000017;00000031;1;0;0;;;;;;0;;;;;0;0;0;0;20000104;11000014
2019;1000000194;200000170;14;1;3;1;;00001054;00000002;00000004;00001403;1;0;0;;;;;;;;;;;0;1;0;0;20000099;11000014
2019;1000000195;200000171;15;1;0;1;;00002490;00000002;;;2;0;0;0;;1;;;;;0;;;0;1;0;0;20000066;11000009
2019;1000000196;200000172;9;2;3;1;;00005099;00000002;00000014;00002609;1;0;1;;0;;;;;;;;;0;1;0;0;20000166;11000023
2019;1000000197;200000173;14;1;3;1;;00003461;00000002;00000021;00005458;1;0;0;;0;;;;;;;;;0;1;0;0;20000066;11000009
2019;1000000198;200000174;6;1;3;1;;00002085;00000001;00000018;00004275;1;0;0;;;;;;;;;;;0;1;0;;20000048;11000006
2019;1000000199;200000175;6;2;1;1;;00000288;00000001;00000016;00005336;1;0;0;;;;;;;;0;1;;0;1;0;0;20000137;11000019
2019;1000000200;200000176;4;2;3;1;;00002444;00000002;00000027;00000462;1;0;0;;;;0;;;;;0;;0;1;0;0;20000158;11000022
2019;1000000201;200000177;9;1;3;1;;00001780;00000001;00000010;00005365;1;0;0;;;;;;0;;;;;0;1;0;0;20000015;11000002
2019;1000000203;200000178;10;1;0;1;;00005404;00000002;;00000602;1;0;0;;;;;0;;;;0;;0;1;0;0;20000157;11000022
2019;1000000204;200000179;16;2;1;1;;00003014;00000002;00000009;;2;0;0;;;;;;;;;;;0;1;0;0;20000021;11000002
2019;1000000205;200000180;10;1;3;1;;00000478;00000001;00000004;;1;0;1;;;1;;0;;;;;;0;1;0;0;20000036;11000005
2019;1000000206;200000181;32;1;3;1;;00003062;00000002;;;1;0;0;;;0;;0;0;;;0;;0;1;0;;20000184;11000026
2019;1000000207;200000182;10;1;0;1;;00000632;00000002;;00003489;2;0;0;;1;;;;0;;;;0;0;1;0;0;20000211;11000030
2019;1000000208;200000183;12;2;3;1;;00002708;00000001;00000018;00004697;2;0;0;;;;;;;0;;;;0;;0;0;20000078;11000011
2019;1000000209;200000184;13;2;0;1;;00002406;00000001;00000007;00002000;2;0;0;;;1;;;0;;;;0;0;1;0;0;20000154;11000021
2019;1000000210;200000185;9;2;3;1;;00000651;00000002;;;1;0;0;;;;0;;0;;;;;0;1;0;0;20000195;11000027
2019;1000000212;200000186;11;2;1;1;;00003241;00000002;00000023;;1;0;0;;;;;;;0;;;;;1;1;0;20000062;11000008
2019;1000000213;200000187;15;1;1;1;;00003874;00000002;00000011;00002733;1;0;0;0;;;;;;;;;;0;;0;0;20000175;11000024
2019;1000000214;200000188;10;1;0;1;;00000848;00000002;;;1;0;0;;0;;;;;0;0;;;0;1;0;0;20000100;11000014
2019;1000000215;200000189;5;1;3;1;;00004660;00000001;;00002013;1;0;0;0;;;;;0;0;;0;;0;;0;1;20000160;11000022
2019;1000000216;200000190;18;2;3;1;;00001940;00000002;00000001;;1;0;0;;;;;;;;;;;0;1;0;0;20000210;11000029
2019;1000000217;200000191;11;2;3;1;;00003635;00000001;00000021;00003205;1;0;0;;;;;;0;;;;;0;0;0;0;20000106;11000015
2019;1000000218;200000192;9;2;1;1;;00003342;00000001;00000003;00001301;1;0;1;;;;;;;0;;;;0;1;0;0;20000176;11000025
2019;1000000219;200000193;4;2;3;1;;00003352;00000002;00000012;00001963;1;0;1;0;;;;;;;;;;0;0;0;;20000113;11000016
2019;1000000220;200000194;10;1;0;1;;00002885;00000002;00000021;;1;0;0;;;;;;;0;0;;;0;0;1;0;20000058;11000008
2019;1000000221;200000195;16;1;3;1;;00002614;00000002;00000002;00004544;2;0;1;;;;;0;0;;;;;0;1;1;;20000080;11000011
2019;1000000222;200000196;9;2;3;1;;00003122;00000002;;00002461;1;0;0;;;;;;;;;0;0;0;0;0;0;20000206;11000029
2019;1000000224;200000197;13;2;1;1;;00000411;00000001;00000002;;1;0;0;;;;0;;;;;;;0;1;0;0;20000117;11000016
2019;1000000225;200000198;19;1;0;1;;00003700;00000002;00000026;00005037;1;0;0;;;;;;;;0;;0;0;1;0;0;20000124;11000017
2019;1000000226;200000199;13;2;1;1;;00001791;00000001;00000012;00003377;1;0;0;0;0;;;0;;;;;;0;1;0;0;20000132;11000018
2019;1000000227;200000200;16;1;3;1;;00001213;00000002;00000005;00004816;1;0;0;;0;;;;;;;;;0;1;0;0;20000062;11000008
2019;1000000228;200000201;15;2;3;1;;00000855;00000002;00000008;00002365;1;0;0;0;;;;;;;;;;0;0;0;0;20000019;11000002
2019;1000000229;200000202;12;2;0;1;;00003287;00000001;;00004774;2;0;1;;;;;;;;;0;;0;1;0;0;20000138;11000019
2019;1000000230;200000203;11;1;3;1;;00005159;00000002;00000018;00003033;1;0;1;;;;;;;;;0;0;0;1;0;;20000186;11000026
2019;1000000231;200000204;16;2;3;1;;00002319;00000001;00000015;00002361;1;0;0;;;;;;0;;;;;0;0;0;0;20000150;11000021
2019;1000000232;200000205;13;2;1;1;;00003360;00000001;00000016;00005455;1;0;0;;;1;0;;;;;;;0;1;0;0;20000041;11000005
2019;1000000235;200000206;19;2;3;1;;00001269;00000001;;;2;0;0;;;;;;;;;;;0;1;0;0;20000087;11000012
2019;1000000236;200000207;14;1;1;1;;00005569;00000002;00000012;00005197;1;0;0;;0;;;0;0;;;;;0;1;0;0;20000023;11000003
2019;1000000238;200000208;9;2;3;1;;00004122;00000002;;;1;0;1;;0;;;;;;;;;0;1;0;0;20000177;11000025
2019;1000000239;200000209;17;1;3;1;;00004018;00000002;00000011;00004341;1;0;0;;;;0;;;;;;;0;1;0;0;20000032;11000004
2019;1000000240;200000210;14;2;1;1;;00003884;00000002;00000010;;1;0;0;;;1;;;;0;;;;0;1;0;0;20000082;11000011
2019;1000000241;200000211;18;2;3;1;;00000010;00000002;;00000967;1;0;0;;;;;;0;;0;;;0;1;0;0;20000109;11000015
2019;1000000243;200000212;12;1;3;1;;00003833;00000002;00000002;;1;0;1;;0;1;;0;;0;0;;0;0;1;0;0;20000014;11000001
2019;1000000244;200000213;9;1;0;1;;00001356;00000002;00000001;00001271;2;0;0;;;;;;0;;;0;;0;1;1;0;20000214;11000030
2019;1000000245;200000214;10;1;3;1;;00005206;00000001;00000011;;1;0;0;;;;;;;;;;;0;1;0;0;20000212;11000030
2019;1000000246;200000215;16;1;1;1;;00003231;00000001;00000007;00001565;1;0;1;0;;;;0;;;;;;0;1;0;;20000045;11000006
2019;1000000247;200000216;16;1;0;1;;00004273;00000002;00000014;00001768;1;0;0;;;;;;;;;;;0;;0;;20000119;11000016
2019;1000000248;200000217;9;2;3;1;;00003207;00000002;00000023;;1;0;0;;;;;;;;;;0;0;0;0;0;20000115;11000016
2019;1000000249;200000218;23;2;0;1;;00003073;00000001;00000015;00002630;1;0;0;;;;;;;;;;;0;1;;0;20000033;11000004
2019;1000000250;200000219;11;1;1;1;;00003479;00000001;00000015;;1;0;0;0;;;;;;0;;;;0;1;0;0;20000098;11000013
2019;1000000251;200000220;16;2;1;1;;00005342;00000001;;;1;0;1;0;;;0;;;;;;;0;1;0;0;20000188;11000026
2019;1000000252;200000221;13;2;0;1;;00003282;00000001;;00005332;1;0;1;0;;;0;;0;;;0;;0;1;0;0;20000024;11000003
2019;1000000253;200000222;9;2;3;1;;00004272;00000001;00000002;00002786;1;0;0;;;0;;;;;0;;;0;1;0;0;20000083;11000011
2019;1000000254;200000223;15;2;0;1;;00002171;00000002;00000027;;1;0;0;0;;;0;;0;;;;;0;1;0;0;20000037;11000005
2019;1000000255;200000224;19;1;1;1;;00004834;00000002;;00000268;1;0;0;;;;0;;0;;;;;0;;0;0;20000211;11000030
2019;1000000256;200000225;14;1;0;1;;00001882;00000002;;00002162;1;1;1;;;1;;;;;;;;0;1;0;0;20000131;11000018
2019;1000000257;200000226;9;1;1;1;;00000043;00000001;00000001;;1;0;1;0;0;;;;;;;;;0;1;0;0;20000015;11000002
2019;1000000259;200000227;8;1;1;1;;00003364;00000001;;;1;0;0;;0;;;;;;;;0;0;1;0;0;20000137;11000019
2019;1000000260;200000228;7;1;3;1;;00005346;00000002;00000020;00002577;2;0;0;;;0;;;;0;0;;;0;1;0;0;20000175;11000024
2019;1000000261;200000229;14;2;0;1;;00000553;00000002;;00004063;1;0;0;;0;;;0;;;;;;0;1;0;0;20000012;11000001
2019;1000000262;200000230;13;1;1;1;;00004734;00000002;00000021;;1;0;1;;;;;;;0;;;0;0;1;0;0;20000019;11000002
2019;1000000264;200000231;9;1;3;1;;00001729;00000002;00000003;00004291;2;0;0;;;;0;;0;;;;;0;1;0;0;20000116;11000016
2019;1000000265;200000232;16;2;0;1;;00001411;00000001;00000002;00003984;1;1;0;;0;;;;0;;;0;;0;0;0;0;20000153;11000021
2019;1000000267;200000233;12;1;0;1;;00001762;00000002;00000010;00001238;2;0;0;;;;0;;;;;;;0;1;0;0;20000091;11000012
2019;1000000268;200000234;4;2;3;1;;00001541;00000002;00000004;00004771;1;0;1;;;;;0;;;;;;0;1;0;0;20000092;11000013
2019;1000000269;200000235;4;2;0;1;;00004287;00000001;;;1;0;0;;;;;;;;;;;;1;0;0;20000070;11000009
2019;1000000270;200000236;16;2;1;1;;00000075;00000001;;00002175;2;0;0;;;1;;;;0;;;;0;0;0;0;20000155;11000022
2019;1000000271;200000237;19;2;0;1;;00005308;00000001;00000017;00001534;1;0;0;0;0;1;;;0;;0;;;0;1;0;0;20000052;11000007
2019;1000000272;200000238;10;1;3;1;;00004543;00000001;;;1;0;1;;1;;;0;0;;0;;;0;1;0;0;20000156;11000022
2019;1000000273;200000239;16;2;0;1;;00004923;00000001;00000024;;1;0;0;;;;0;;;;;;;0;1;0;0;20000186;11000026
2019;1000000274;200000240;4;1;1;1;;00005390;00000002;;00004769;1;0;1;;;;;;;;;;;0;1;0;0;20000104;11000014
2019;1000000275;200000241;11;1;0;1;;00004269;00000001;;;1;0;1;;;;0;0;0;;0;;;0;0;0;0;20000143;11000020
2019;1000000276;200000242;11;2;0;1;;00003044;00000002;00000005;00003716;1;0;0;;;;;;;;;;;0;1;;0;20000090;11000012
2019;1000000277;200000243;17;1;3;1;;00000089;00000001;00000005;;1;0;0;;;;;;;;0;;;;1;;0;20000006;11000000
2019;1000000278;200000244;10;2;2;1;;00003574;00000001;00000016;00001042;1;0;0;;;;;;;;;0;0;0;1;;0;20000046;11000006
2019;1000000279;200000245;11;2;1;1;;00004910;00000001;;00000775;1;0;1;0;;;;;;;;;;0;1;0;0;20000194;11000027
2019;1000000280;200000246;10;2;3;1;;00001052;00000002;;;1;0;0;;0;;;;;;;;0;0;1;0;0;20000060;11000008
2019;1000000281;200000247;15;2;0;1;;00002813;00000002;00000025;;1;1;0;0;;;;;0;;;;;0;1;0;0;20000214;11000030
2019;1000000282;200000248;16;1;3;1;;00000224;00000002;00000018;00003525;2;0;0;;;;;;;0;;;;0;1;1;1;20000023;11000003
2019;1000000283;200000249;42;2;3;1;;00000892;00000001;;;1;0;0;0;;;;0;0;;;;;0;1;0;0;20000147;11000020
2019;1000000285;200000250;16;2;2;1;;00000008;00000002;;00002278;1;1;0;;;1;;;;0;;;;0;1;0;0;20000009;11000001
2019;1000000286;200000251;10;2;3;1;;00004188;00000001;;00002202;1;0;0;;;1;0;;;;;;;0;0;1;;20000098;11000013
2019;1000000287;200000252;15;1;1;1;;00000795;00000002;;00001316;1;0;0;;;;;;;;;;;0;1;0;0;20000110;11000015
2019;1000000288;200000253;11;2;2;1;;00004405;00000002;;;1;0;1;0;;;;;0;;;;;0;1;1;0;20000187;11000026
2019;1000000289;200000254;15;1;3;1;;00002278;00000002;;;2;0;0;0;;1;0;0;0;;;;0;0;1;0;0;20000196;11000027
2019;1000000290;200000255;20;2;0;1;;00003536;00000001;00000021;00004880;1;1;1;;;;0;;0;0;;;0;0;1;0;0;20000128;11000018
2019;1000000291;200000256;6;1;1;1;;00003072;00000002;00000015;;1;0;1;0;;;;;;;;;;0;0;0;0;20000045;11000006
2019;1000000292;200000257;13;2;1;1;;00000284;00000002;;00002475;1;0;0;;;;;;;0;;;;0;1;0;0;20000190;11000027
2019;1000000294;200000258;11;1;0;1;;00000736;00000002;;;2;0;0;;0;;;;;;;;;0;1;0;0;20000176;11000025
2019;1000000295;200000259;14;2;1;1;;00000192;00000002;00000021;00003118;2;0;0;0;;;;0;;;;;;0;1;0;0;20000019;11000002
2019;1000000296;200000260;6;1;2;1;;00002914;00000001;;00002313;1;0;0;;;;;;;;;;;0;0;0;0;20000116;11000016
2019;1000000297;200000261;18;1;1;1;;00001187;00000001;00000017;;1;0;1;;1;;0;;1;0;;;;0;;0;0;20000212;11000030
2019;1000000298;200000262;16;1;0;1;;00004343;00000002;;;1;0;0;0;;;;;;;;;;0;1;0;0;20000060;11000008
2019;1000000299;200000263;15;1;0;1;;00002959;00000001;00000012;00001783;1;1;0;;;;;;;;;;;0;1;0;0;20000042;11000005
2019;1000000300;200000264;10;2;2;1;;00003828;00000002;00000017;00005065;1;0;0;;;;;;0;0;;;;0;1;0;0;20000072;11000010
2019;1000000303;200000265;11;2;3;1;;00005036;00000001;00000025;00002105;1;0;0;;;;;;;;;;0;0;1;;1;20000203;11000028
2019;1000000304;200000266;20;1;3;1;;00001445;00000002;00000002;;1;0;0;;0;;;;;;;;;0;1;0;0;20000077;11000010
2019;1000000305;200000267;22;1;1;1;;00002080;00000002;;;1;0;0;;;;;;;0;;;;0;0;;0;20000052;11000007
2019;1000000306;200000268;17;1;0;1;;00003114;00000001;00000022;;1;0;0;;;1;0;;0;;0;;0;0;1;0;0;20000201;11000028
2019;1000000307;200000269;16;1;0;1;;00003714;00000002;;00000311;2;0;0;;;;;;;;0;0;0;0;0;0;0;20000101;11000014
2019;1000000308;200000270;11;2;0;1;;00001652;00000002;00000002;00001273;1;0;0;;;;0;;;;;;0;0;1;0;0;20000117;11000016
2019;1000000309;200000271;13;1;1;1;;00002371;00000001;;00003834;1;0;1;;;;;;0;;;;;0;1;0;;20000124;11000017
2019;1000000311;200000272;37;1;0;1;;00003604;00000002;00000018;00002203;1;0;0;;;;;;;;;;;0;1;0;0;20000138;11000019
2019;1000000313;200000273;14;1;5;1;;00001930;00000002;00000017;00001277;1;0;0;;;;;;0;;;;;0;1;0;0;20000037;11000005
2019;1000000314;200000274;12;2;3;1;;00000084;00000002;00000022;00004687;1;0;0;;;;;;0;;;;;1;1;0;0;20000130;11000018
2019;1000000315;200000275;22;2;1;1;;00004273;00000002;;;1;0;1;0;;;;0;;;;;;0;;1;;20000175;11000024
2019;1000000316;200000276;13;1;0;1;;00003988;00000002;00000003;00001943;1;0;0;;0;;;;;;;0;;0;0;0;0;20000081;11000011
2019;1000000317;200000277;8;1;3;1;;00001929;00000001;00000006;;1;0;0;;;;;;;;;;;0;1;0;0;20000032;11000004
2019;1000000318;200000278;4;1;2;1;;00002087;00000002;;;1;0;0;;0;;;0;;;;0;;0;1;0;0;20000142;11000020
2019;1000000320;200000279;17;2;0;1;;00003669;00000001;00000015;;1;0;0;;;1;;;;;;0;;0;1;;0;20000132;11000018
2019;1000000321;200000280;17;1;3;1;;00003806;00000001;;;1;0;0;;;1;;;;;;;;0;1;0;0;20000007;11000000
2019;1000000322;200000281;16;2;3;1;;00002994;00000002;00000024;00002380;1;0;0;;;;;0;0;;;;;0;1;0;0;20000122;11000017
2019;1000000324;200000282;18;2;0;1;;00004723;00000001;00000001;00001076;2;0;1;;;;;;0;;;;;;1;1;0;20000051;11000007
2019;1000000325;200000283;23;2;3;1;;00004601;00000001;00000003;00003899;1;0;0;;;;;;;0;;0;;0;1;0;0;20000102;11000014
2019;1000000326;200000284;11;2;1;1;;00002133;00000002;;00005098;2;0;0;;;;0;;;;;;;0;1;0;0;20000194;11000027
2019;1000000327;200000285;5;2;1;1;;00003056;00000002;;00004016;1;0;0;;;;;;;;;;;0;1;0;0;20000163;11000023
2019;1000000328;200000286;7;1;1;1;;00003942;00000001;00000019;00003675;1;0;0;;;1;;;0;0;;;;0;1;0;0;20000041;11000005
2019;1000000329;200000287;6;2;2;1;;00002985;00000001;00000022;00003398;1;0;1;0;;;;;;0;;;;;1;;0;20000143;11000020
2019;1000000330;200000288;4;2;1;1;;00003044;00000001;;00001993;1;1;0;;;;0;0;;0;;;;0;1;0;0;20000182;11000025
2019;1000000331;200000289;15;2;3;1;;00004486;00000001;;00003020;1;0;0;;;;;;;;;;;0;1;0;0;20000165;11000023
2019;1000000333;200000290;17;1;1;1;;00004318;00000001;00000021;;1;0;0;;;;;;;;;;;0;1;0;0;20000029;11000004
2019;1000000334;200000291;7;2;1;1;;00002219;00000001;00000003;00004450;1;0;1;;;;;;;;;;;0;0;0;0;20000050;11000007
2019;1000000335;200000292;10;2;3;1;;00000852;00000001;;00004728;1;0;0;;;;;;0;;;;;0;1;0;0;20000007;11000000
2019;1000000336;200000293;9;1;0;1;;00002265;00000001;00000013;;2;0;0;0;;;;;;0;;;0;0;1;;0;20000176;11000025
2019;1000000337;200000294;13;1;3;1;;00002710;00000002;;00004707;2;1;0;;;;;;;;;;;0;1;0;0;20000078;11000011
2019;1000000339;200000295;13;2;3;1;;00002154;00000002;00000017;00001806;2;0;1;0;;1;;;;;0;;;0;1;1;0;20000041;11000005
2019;1000000340;200000296;17;2;0;1;;;00000002;00000020;00000097;1;0;0;;;1;;;;0;;;;0;1;0;0;20000028;11000003
2019;1000000341;200000297;14;1;0;1;;00003715;00000002;00000001;00005019;1;0;1;;;;;;;;0;0;;0;1;0;0;20000131;11000018
2019;1000000342;200000298;19;1;3;1;;00001137;00000002;00000014;00000690;1;0;1;;;1;;0;;;;;;0;1;0;0;20000041;11000005
2019;1000000343;200000299;11;2;3;1;;00000466;00000002;00000020;00004628;1;0;0;;0;;0;;0;;;;0;0;1;0;0;20000144;11000020
2019;1000000344;200000300;15;1;3;1;;00000535;00000002;00000015;00004309;1;0;0;;;0;0;;;;0;0;;0;;0;0;20000018;11000002
2019;1000000345;200000301;15;2;1;1;;00005082;00000001;;00000976;2;0;1;;;;;;;;;;;;1;0;1;20000037;11000005
2019;1000000347;200000302;11;2;1;1;;00001906;00000002;00000010;00003597;1;0;0;;;;0;;;;0;;;0;1;0;0;20000213;11000030
2019;1000000349;200000303;21;2;1;1;;00000867;00000002;00000007;00000796;1;0;1;;0;;0;;;;;;;0;1;0;0;20000034;11000004
2019;1000000350;200000304;10;1;1;1;;00002529;00000002;00000009;;1;0;1;0;0;;;;;0;;;;0;1;0;0;20000211;11000030
2019;1000000352;200000305;14;1;4;1;;00001030;00000001;;00002840;2;0;0;0;;;;;;;0;;;0;;0;0;20000173;11000024
2019;1000000353;200000306;16;1;1;1;;00000643;00000002;00000021;;1;0;;;0;;;;;;;;;0;1;0;0;20000048;11000006
2019;1000000354;200000307;6;2;1;1;;00004949;00000002;00000026;00000944;2;0;1;;;;0;;;;;;;;0;0;0;20000098;11000013
2019;1000000355;200000308;10;1;1;1;;00003784;00000001;00000025;00002380;1;0;0;;;1;0;;;;;;;0;1;0;0;20000060;11000008
2019;1000000356;200000309;7;1;1;1;;00005448;00000001;00000003;00001348;2;0;0;;0;;;;;0;;;;0;1;0;0;20000152;11000021
2019;1000000359;200000310;10;2;3;1;;00003462;00000001;00000019;00000989;2;0;0;0;;1;;;0;;;;;0;1;1;0;20000007;11000000
2019;1000000360;200000311;18;2;3;1;;00003070;00000001;00000009;00005034;1;0;0;;;;;;;;;;;0;1;1;;20000198;11000028
2019;1000000361;200000312;8;1;0;1;;00001694;00000001;;;1;0;1;;;;0;0;;;0;;;0;1;;0;20000120;11000017
2019;1000000362;200000313;13;1;0;1;;00005014;00000002;;;1;0;0;;;;;;;;;;;0;1;0;0;20000162;11000023
2019;1000000363;200000314;40;1;1;1;;00002077;00000001;00000017;00005251;1;0;0;;;;0;;;;;;;0;1;0;0;20000175;11000024
2019;1000000364;200000315;8;1;3;1;;00001841;00000002;00000004;;1;0;0;;;1;0;;0;;;;0;0;1;0;0;20000051;11000007
2019;1000000365;200000316;18;2;1;1;;00002190;00000002;;;1;0;0;;;;;;;0;0;;;0;1;0;0;20000076;11000010
2019;1000000367;200000317;4;2;1;1;;00005143;00000002;00000004;;1;0;0;1;;;;;;;;;;0;1;0;0;20000120;11000017
2019;1000000368;200000318;17;2;1;1;;00003135;00000002;00000005;00000112;2;0;0;;1;;;;0;;;;;0;1;0;0;20000030;11000004
2019;1000000369;200000319;13;1;3;1;;00001127;00000002;00000001;;1;1;0;;;;;0;0;0;0;;0;0;1;0;0;20000047;11000006
2019;1000000370;200000320;14;2;3;1;;00001029;00000002;;;1;0;0;;;;;;;;;;;0;1;1;0;20000039;11000005
2019;1000000371;200000321;11;1;0;1;;00003625;00000002;00000002;00002174;1;0;0;;;;;;;;;;;0;1;;0;20000115;11000016
2019;1000000372;200000322;6;1;0;1;;00001394;00000001;;00000552;1;0;0;;;;;;;;;;0;0;;0;0;20000150;11000021
2019;1000000373;200000323;14;1;1;1;;00002673;00000002;00000005;00001041;1;1;0;;;;;;;;;;0;0;;0;0;20000077;11000010
2019;1000000375;200000324;32;1;3;1;;00001251;00000002;;00001153;1;0;0;;;;;;0;0;;;;0;0;0;;20000193;11000027
2019;1000000376;200000325;12;2;3;1;;00001672;00000002;00000018;00005069;1;0;0;;;;;;;;;;;;1;0;0;20000076;11000010
2019;1000000377;200000326;14;1;0;1;;00004011;00000002;00000007;00002348;1;0;1;;0;1;0;;;;;;;0;1;0;0;20000008;11000001
2019;1000000378;200000327;15;2;0;1;;00005054;00000001;00000016;00000925;1;1;0;;;;;;;;;;;0;1;0;;20000201;11000028
2019;1000000379;200000328;5;2;0;3;;00000377;00000001;;;1;0;1;;;;;;;;0;0;;0;1;0;0;20000179;11000025
2019;1000000380;200000329;18;2;3;1;;00001124;00000002;00000003;00004022;2;0;0;;;1;;;;;;;;0;1;0;0;20000089;11000012
2019;1000000381;200000330;10;2;1;1;;00002275;00000001;;00004419;1;0;0;;;;0;;0;0;0;0;;0;1;0;0;20000039;11000005
2019;1000000383;200000331;13;1;3;1;;00003840;00000002;00000007;00000496;1;0;0;;;;;0;;0;;;;0;1;0;;20000043;11000006
2019;1000000391;200000332;9;2;3;1;;00000342;00000001;;00002971;1;0;0;0;;0;0;;0;0;;;;;1;0;0;20000215;11000030
2019;1000000392;200000333;8;2;3;1;;00000337;00000002;00000002;00004053;1;0;1;;0;;;;0;;;;;0;1;0;0;20000007;11000000
2019;1000000393;200000334;12;1;1;1;;00002662;00000002;00000018;00000847;1;0;0;;;;;0;;;;;0;0;1;0;0;20000210;11000029
2019;1000000394;200000335;7;2;1;1;;00001311;00000001;00000026;00001258;2;0;0;;;;;;0;;;;0;0;1;;0;20000095;11000013
2019;1000000397;200000336;21;2;1;1;;00001988;00000001;00000011;;1;0;0;;;;;;0;;;;;0;0;0;0;20000182;11000025
2019;1000000398;200000337;9;1;1;1;;00000110;00000001;00000025;00000037;2;0;0;;;;;;0;;;0;0;0;1;0;1;20000075;11000010
2019;1000000399;200000338;14;1;0;1;;00000520;00000001;00000005;00005465;1;0;0;;;;;;;;;;;0;1;1;1;20000209;11000029
2019;1000000401;200000339;9;2;2;1;;00002114;00000002;00000027;;1;0;0;;;;;;;;;;0;0;1;0;0;20000059;11000008
2019;1000000402;200000340;8;1;1;1;;00000925;00000001;;00003170;1;0;0;;;;;;;;;;;0;1;0;0;20000212;11000030
2019;1000000403;200000341;17;1;0;1;;00005524;00000001;;00000465;1;0;0;;;1;;;;;;;;0;0;0;0;20000151;11000021
2019;1000000404;200000342;20;1;1;1;;00003888;00000002;;00004595;1;0;1;;;;;;;;;;;0;1;0;0;20000185;11000026
2019;1000000405;200000343;14;2;3;1;;00002462;00000001;00000013;;1;0;0;;1;;0;;;;;;;0;1;0;0;20000020;11000002
2019;1000000407;200000344;13;2;0;1;;00003428;00000002;00000005;00002827;1;0;0;;;;;;;;;0;;0;1;0;0;20000060;11000008
2019;1000000408;200000345;14;2;0;1;;00002350;00000002;;00004261;1;0;0;;;1;;;;0;;0;0;0;1;0;0;20000186;11000026
2019;1000000409;200000346;17;1;3;1;;00003133;00000001;00000002;00001719;1;0;0;0;0;;;0;0;;;0;;;1;0;0;20000174;11000024
2019;1000000410;200000347;14;2;3;1;;00004536;00000002;00000024;00002989;1;0;1;;;;;;0;;;0;;0;1;0;0;20000143;11000020
2019;1000000411;200000348;18;2;3;1;;00005253;00000002;00000027;00001850;1;0;0;;;;;;0;;0;;0;0;0;0;0;20000184;11000026
2019;1000000413;200000349;7;1;1;1;;00003267;00000001;00000012;00004609;1;0;1;;;;;;;;;;;0;1;0;0;20000051;11000007
2019;1000000414;200000350;16;2;0;1;;00004416;00000002;00000005;00001752;1;0;0;;;;;;;0;;0;0;0;1;0;;20000211;11000030
2019;1000000415;200000351;16;1;1;1;;00003408;00000002;;00002306;1;0;1;;1;;;;;0;;;;0;1;0;0;20000074;11000010
2019;1000000416;200000352;13;1;0;1;;00002049;00000002;;00004197;1;0;0;;;;;;;0;;;;0;1;;1;20000005;11000000
2019;1000000417;200000353;19;2;1;1;;00003354;00000002;;;1;0;0;;0;;;;;;;;;0;1;0;0;20000125;11000017
2019;1000000418;200000354;17;1;3;1;;00000168;00000001;00000020;00000146;1;0;0;0;;;;;;;0;;;0;1;0;0;20000184;11000026
2019;1000000419;200000355;15;2;3;1;;00004516;00000002;;00002032;1;0;0;;;;;;;0;;;;;1;1;0;20000122;11000017
2019;1000000420;200000356;14;1;1;1;;00005080;00000002;00000007;;1;0;0;;;;0;;;;;0;0;0;1;0;0;20000096;11000013
2019;1000000421;200000357;10;1;0;1;;00000489;00000001;00000007;00000799;1;1;1;;;;;;;;;;;0;1;0;0;20000204;11000029
2019;1000000422;200000358;37;1;3;1;;00004416;00000001;00000020;00002755;1;0;0;0;;;;0;;;;;0;0;1;0;0;20000064;11000009
2019;1000000423;200000359;19;1;1;1;;00004124;00000001;00000008;00003454;1;0;0;;;;;;;;0;0;;0;1;0;0;20000044;11000006
2019;1000000424;200000360;9;2;1;1;;00003926;00000001;00000016;00004395;2;0;0;;;;;0;;;;0;;0;1;0;0;20000070;11000009
2019;1000000426;200000361;10;1;0;1;;00003238;00000002;;;1;0;1;;;;;;0;;;;;0;1;0;0;20000001;11000000
2019;1000000427;200000362;11;2;3;1;;00005076;00000002;;00005297;1;0;0;;;;0;;;;;;;0;1;0;0;20000083;11000011
2019;1000000428;200000363;7;2;0;1;;00004407;00000001;00000008;00004270;2;0;0;;0;;0;;;;;;;0;1;;0;20000108;11000015
2019;1000000429;200000364;9;2;3;1;;00002726;00000001;00000016;;1;0;1;;;;;1;;;0;;;0;1;0;0;20000141;11000020
2019;1000000430;200000365;9;2;1;1;;00000869;00000002;00000004;00005288;1;0;0;;;1;0;0;;;;;;0;1;0;0;20000170;11000024
2019;1000000433;200000366;14;1;0;1;;00002497;00000001;00000021;00000939;1;0;1;;0;;;;;;;;;0;0;0;;20000188;11000026
2019;1000000434;200000367;22;1;1;1;;00000405;00000001;00000009;;1;0;0;0;;;;;0;;;;;0;1;0;0;20000060;11000008
2019;1000000435;200000368;15;2;0;1;;00000067;00000002;00000019;00003156;1;0;0;;;;;;;;;0;;0;1;0;;20000083;11000011
2019;1000000437;200000369;12;2;0;1;;00002574;00000001;00000022;00001798;1;0;;0;;;;;;0;0;;;0;1;0;0;20000201;11000028
2019;1000000438;200000370;14;2;3;1;;00003970;00000001;00000020;00002689;1;0;0;;1;;0;0;;;;;;0;1;0;0;20000204;11000029
2019;1000000439;200000371;10;1;1;1;;00002358;00000002;00000003;;1;0;0;0;;1;;;;;;;;0;1;;0;20000198;11000028
2019;1000000440;200000372;8;1;2;1;;00002963;00000001;00000022;00002988;2;0;0;0;;;;;;0;;;;0;1;0;0;20000152;11000021
2019;1000000441;200000373;4;1;1;1;;00004216;00000001;;00004874;1;0;0;;;1;;;;;0;;0;0;1;0;0;20000079;11000011
2019;1000000443;200000374;5;2;0;1;;00002567;00000001;;00001513;1;0;1;;;;;0;;;;;;0;0;0;0;20000173;11000024
2019;1000000444;200000375;13;2;0;1;;00004886;00000002;;;1;0;0;0;;1;;0;;;0;;;;1;;0;20000053;11000007
2019;1000000446;200000376;16;2;0;1;;00002324;00000002;;00002846;1;0;0;;;1;;;;;;0;0;0;1;;;20000159;11000022
2019;1000000447;200000377;19;1;1;1;;00002235;00000002;;00000814;1;0;0;;;1;;;;;;;;0;;0;0;20000111;11000015
2019;1000000448;200000378;8;1;3;1;;00002643;00000002;00000005;00000014;2;0;0;;;;;0;;;;;;1;1;1;0;20000036;11000005
2019;1000000449;200000379;15;2;1;1;;00004591;00000002;00000021;00003358;1;0;0;;;1;;0;;;;;;0;1;1;0;20000180;11000025
2019;1000000450;200000380;17;1;2;1;;00005044;00000002;00000003;;1;0;0;;;;;0;0;;0;;;0;1;1;0;20000122;11000017
2019;1000000452;200000381;7;1;1;1;;00000273;00000001;;00002451;1;0;0;;0;;;;0;;;;;0;1;0;0;20000095;11000013
2019;1000000453;200000382;8;2;4;1;;00000190;00000001;00000005;00001252;1;0;0;0;;;0;;0;;;;;;1;0;0;20000209;11000029
2019;1000000454;200000383;17;2;2;1;;00004507;00000002;;00003517;1;0;0;;1;;;0;;0;;;;0;1;0;0;20000032;11000004
2019;1000000456;200000384;12;2;1;1;;00002211;00000002;;00003756;1;0;0;0;;;;;0;0;0;;;0;1;1;0;20000144;11000020
2019;1000000458;200000385;4;1;0;1;;00001917;00000001;00000026;00004370;1;1;0;;;;;;;;0;;;0;1;0;0;20000168;11000023
2019;1000000459;200000386;5;2;5;1;;00004417;00000001;00000027;00004525;2;0;0;;;;;;;;;;;0;1;0;0;20000169;11000024
2019;1000000462;200000387;5;1;3;1;;00000718;00000002;;00002027;1;0;0;;;1;;0;;;;;0;0;1;0;0;20000077;11000010
2019;1000000463;200000388;14;1;0;1;;00003486;00000001;00000003;;2;0;1;0;;1;0;;;;0;;;0;1;0;0;20000089;11000012
2019;1000000465;200000389;8;1;3;1;;00004648;00000001;00000022;;1;0;0;0;;;;;;0;0;;;;1;0;0;20000153;11000021
2019;1000000467;200000390;16;2;0;1;;00003516;00000001;00000005;;2;0;0;;1;;0;0;;;;;;0;1;0;0;20000095;11000013
2019;1000000468;200000391;17;1;0;1;;00005047;00000002;;00003706;1;0;;;0;;;;;;;;;0;;0;0;20000098;11000013
2019;1000000469;200000392;20;2;0;1;;00000270;00000002;;00001876;1;0;0;;;;0;;;;;;;0;1;0;0;20000191;11000027
2019;1000000470;200000393;11;1;3;1;;00001045;00000001;;00002694;1;0;0;;;;;;;0;;;;0;;0;0;20000054;11000007
2019;1000000471;200000394;15;2;3;1;;00003284;00000001;00000019;00002041;1;0;0;;;1;;0;;0;;;;0;1;0;0;20000132;11000018
2019;1000000472;200000395;21;1;3;1;;00001734;00000002;;00002579;1;0;0;;;;;0;;;;;;0;0;0;0;20000011;11000001
2019;1000000474;200000396;10;2;3;1;;00004029;00000001;00000001;00004548;1;1;0;;;;;;;;0;;;0;1;0;0;20000053;11000007
2019;1000000475;200000397;10;2;1;1;;00002762;00000002;00000004;00000573;2;1;0;;;;;;;;;0;;0;0;0;0;20000102;11000014
2019;1000000476;200000398;18;2;1;1;;00003197;00000001;00000019;;1;1;0;0;;1;;;;;;;;;1;0;0;20000210;11000029
2019;1000000478;200000399;16;1;3;1;;00001342;00000001;;00001612;1;0;0;;;;;;;;;;;0;1;0;0;20000019;11000002
2019;1000000480;200000400;12;1;0;1;;00004938;00000002;;;1;1;0;;;;;0;;0;;;;0;1;0;0;20000119;11000016
2019;1000000481;200000401;18;1;0;1;;00005083;00000002;;;1;0;0;0;0;;;;;;;;;0;1;0;0;20000003;11000000
2019;1000000482;200000402;5;2;1;1;;00000077;00000001;00000012;;1;0;0;;;;;;;;;;;0;1;0;0;20000154;11000021
2019;1000000484;200000403;4;1;1;1;;00000219;00000002;00000011;00003554;1;0;0;;;;;;;;;;0;0;1;0;0;20000015;11000002
2019;1000000485;200000404;10;1;1;1;;00000941;00000002;00000025;00004004;1;0;0;;;;0;1;;;;;;0;1;0;0;20000075;11000010
2019;1000000486;200000405;4;1;3;1;;00001399;00000001;;00002210;1;0;0;;0;;;;;;;;;0;1;0;0;20000061;11000008
2019;1000000488;200000406;14;2;3;1;;00002967;00000001;;00001886;1;0;1;;;0;;;;0;;0;0;0;0;0;0;20000133;11000018
2019;1000000489;200000407;15;1;0;1;;00002612;00000001;00000024;00001309;1;0;1;;;0;0;;0;;;;;0;1;0;0;20000089;11000012
2019;1000000491;200000408;10;2;1;1;;00004289;00000001;;00002161;1;0;0;0;;;;;;;;;0;0;1;0;0;20000021;11000002
2019;1000000492;200000409;5;1;1;1;;00004386;00000001;;00003789;1;1;0;;;;;;;;;;;0;1;0;0;20000174;11000024
2019;1000000494;200000410;10;1;0;1;;00005150;00000001;00000025;00000833;2;0;0;;;;0;;;0;;;;0;1;0;0;20000136;11000019
2019;1000000495;200000411;16;1;1;1;;00004669;00000002;00000020;;1;0;0;;;;0;;;0;0;;0;0;1;0;0;20000106;11000015
2019;1000000496;200000412;6;2;3;1;;00004890;00000001;00000026;00004360;1;1;1;;;;;;;;;;;0;1;0;0;20000029;11000004
2019;1000000497;200000413;13;2;0;1;;00002183;00000002;;00002125;1;0;0;;;;0;;;0;;;;0;1;0;0;20000081;11000011
2019;1000000498;200000414;16;1;1;1;;00001752;00000002;00000022;00004224;1;0;0;;;;;;;;;;;0;1;0;0;20000193;11000027
2019;1000000499;200000415;15;1;3;1;;00003917;00000001;;00002402;1;0;0;;;1;;;;0;;;;0;;0;0;20000165;11000023
2019;1000000501;200000416;16;2;3;1;;00002829;00000001;00000024;;2;0;0;;;1;;;;;;;;0;1;0;0;20000131;11000018
2019;1000000502;200000417;9;1;0;1;;00000667;00000001;;00004167;1;0;1;;;0;;;;;0;;;0;;0;0;20000156;11000022
2019;1000000503;200000418;19;2;1;1;;00002337;00000002;00000007;;1;0;0;;;;;0;;;;0;;0;1;0;0;20000130;11000018
2019;1000000504;200000419;14;1;1;1;;00002936;00000001;;;1;0;0;0;;;0;0;;;;;;0;1;1;;20000092;11000013
2019;1000000505;200000420;4;1;3;1;;00005356;00000001;00000026;;1;0;0;;;;;;;;;;;0;1;0;;20000007;11000000
2019;1000000507;200000421;16;1;3;1;;00005218;00000001;00000027;00004978;1;0;0;;0;;;;;;;;;0;1;0;0;20000058;11000008
2019;1000000509;200000422;12;2;1;1;;00003933;00000002;00000022;00000793;1;0;1;;;;;0;;;;;;0;1;0;0;20000207;11000029
2019;1000000510;200000423;16;2;1;1;;00004770;00000001;00000007;00003889;1;0;0;;0;;;;;;;;0;0;1;0;0;20000188;11000026
2019;1000000511;200000424;6;2;3;1;;00003701;00000002;00000008;00001669;1;0;0;;;;;;;;;;;0;1;0;1;20000022;11000003
2019;1000000513;200000425;13;2;0;1;;00002829;00000001;00000009;00000905;1;1;1;;;1;;0;;0;;;;0;1;0;0;20000200;11000028
2019;1000000514;200000426;9;1;1;1;;00004911;00000001;00000016;;1;0;0;;;;;;;;;;;0;0;0;0;20000044;11000006
2019;1000000515;200000427;11;1;1;1;;00004732;00000002;;;1;0;0;;;;;;;;;;;0;0;0;0;20000202;11000028
2019;1000000516;200000428;16;2;1;1;;00003529;00000001;00000013;00004855;1;0;0;;;;;0;;;;;;0;0;0;0;20000102;11000014
2019;1000000517;200000429;13;2;3;1;;00005408;00000002;00000017;00000423;1;0;1;;;;;0;;;0;0;;0;1;0;0;20000074;11000010
2019;1000000518;200000430;11;1;0;1;;00004562;00000002;00000016;;1;0;1;;;;;;;;;;;0;0;;0;20000135;11000019
2019;1000000519;200000431;18;2;0;1;;00001080;00000002;00000017;;1;0;0;;0;0;;;;;;;;0;1;0;0;20000099;11000014
2019;1000000520;200000432;19;2;3;1;;00000794;00000002;;00000982;1;0;0;0;;;;;;;;;;0;1;;0;20000070;11000009
2019;1000000522;200000433;5;1;4;1;;00002719;00000001;;00005370;2;0;0;;;;;;;;;;;;1;0;0;20000052;11000007
2019;1000000524;200000434;8;2;1;1;;00001058;00000002;00000016;00005170;1;1;0;;;;0;;;;;0;0;0;0;0;0;20000087;11000012
2019;1000000525;200000435;7;1;1;1;;00000663;00000001;00000008;00004257;2;0;0;;;;;;;;0;;0;0;1;0;0;20000100;11000014
2019;1000000526;200000436;15;2;3;1;;00003046;00000002;00000027;;2;0;0;;;;;;;;;;0;0;1;;1;20000069;11000009
2019;1000000529;200000437;13;1;3;1;;00002555;00000001;00000011;;1;0;1;;;1;;;;;;0;;0;1;0;0;20000056;11000007
2019;1000000530;200000438;5;1;0;1;;00000026;00000002;00000025;;1;0;0;;;0;;;;0;;;;0;1;;0;20000012;11000001
2019;1000000531;200000439;12;2;3;1;;00000012;00000002;;00004606;1;0;0;;;;;;0;;;;;0;1;0;1;20000005;11000000
2019;1000000532;200000440;19;2;0;1;;00002991;00000002;;;1;0;0;;;;;0;;0;0;;;0;1;0;0;20000129;11000018
2019;1000000533;200000441;8;1;3;1;;00002022;00000002;;00002614;1;0;1;;;;;;;;;;;0;1;0;0;20000005;11000000
2019;1000000534;200000442;17;2;3;1;;00003998;00000001;00000009;00001638;2;0;0;;0;;0;;0;;;;0;0;1;0;0;20000151;11000021
2019;1000000535;200000443;14;2;3;1;;00001886;00000001;00000025;;2;0;0;;;;0;;;;;0;;0;1;0;0;20000165;11000023
2019;1000000536;200000444;15;1;3;1;;00003713;00000002;;;2;0;0;;0;;;;;;0;;;0;1;0;;20000131;11000018
2019;1000000538;200000445;9;2;1;1;;00002129;00000001;00000005;00002597;1;0;0;;;;0;;;0;0;;;0;1;;0;20000153;11000021
2019;1000000539;200000446;12;2;0;1;;00001419;00000001;00000009;00001277;1;0;0;;1;0;0;;;0;;;;0;1;0;0;20000006;11000000
2019;1000000540;200000447;7;1;0;1;;00000062;00000002;00000002;;1;0;0;;;1;;;;;;;0;0;1;0;1;20000047;11000006
2019;1000000541;200000448;29;2;3;1;;00004433;00000002;;00004779;2;0;0;;;;;;0;;;;;0;1;0;0;20000209;11000029
2019;1000000542;200000449;9;1;1;1;;00001423;00000002;;;1;0;0;;0;;;;0;;;0;;0;1;;0;20000003;11000000
2019;1000000543;200000450;16;1;3;1;;00000092;00000001;;;1;0;0;;;;;0;;;0;;;0;1;0;0;20000013;11000001
2019;1000000544;200000451;18;1;0;1;;00004129;00000001;;00001163;1;0;0;;;;;;0;0;;;;0;1;0;0;20000082;11000011
2019;1000000545;200000452;6;1;3;1;;00004099;00000002;;;1;0;0;;0;1;;;0;;0;;;0;1;0;0;20000016;11000002
2019;1000000546;200000453;8;2;1;1;;00000785;00000001;00000011;00000107;1;0;0;0;0;;;0;;0;;0;;0;1;0;0;20000170;11000024
2019;1000000547;200000454;12;1;1;1;;00001284;00000001;00000006;;1;0;1;0;0;;;;;0;;;;;1;0;1;20000068;11000009
2019;1000000552;200000455;7;1;3;1;;00003014;00000001;00000015;;2;0;1;;;;;0;0;;;0;0;0;1;1;0;20000124;11000017
2019;1000000556;200000456;4;2;1;1;;;00000001;00000010;00004606;1;0;0;0;;;;;;;;;;0;1;0;;20000138;11000019
2019;1000000557;200000457;13;1;3;1;;00004169;00000002;;;1;0;0;;;;;;;;;;;0;;0;1;20000126;11000017
2019;1000000558;200000458;4;1;1;1;;00003040;00000002;00000013;00004749;1;0;0;0;;;;0;;;;;;0;1;0;0;20000116;11000016
2019;1000000559;200000459;6;2;1;1;;00005436;00000002;00000018;00000035;1;0;0;0;;;;0;;;;;;0;1;0;0;20000032;11000004
2019;1000000560;200000460;19;2;3;1;;00005451;00000001;00000017;00001759;1;0;0;;0;;0;;;;;;;;1;0;0;20000086;11000012
2019;1000000561;200000461;12;2;0;1;;00000032;00000001;;;1;0;0;0;1;;;;;0;;0;0;;0;0;0;20000068;11000009
2019;1000000562;200000462;15;2;0;1;;00002803;00000002;;00003076;2;0;0;;;;;;;;;0;;0;1;0;0;20000002;11000000
2019;1000000563;200000463;15;1;1;1;;00003352;00000001;00000010;00003002;1;0;0;0;;;;;;;0;;0;0;1;0;0;20000129;11000018
2019;1000000564;200000464;13;2;3;1;;00000854;00000001;00000005;;1;0;0;0;;;;;;;;;0;0;1;;0;20000208;11000029
2019;1000000565;200000465;11;1;1;1;;00002992;00000001;00000013;;1;0;0;;;1;;;;;;0;;0;1;;0;20000128;11000018
2019;1000000566;200000466;6;2;3;1;;00001068;00000001;;00004436;1;0;0;;;;0;;;;;0;;0;1;0;0;20000060;11000008
2019;1000000567;200000467;12;2;0;1;;00002433;00000002;;;1;0;0;;0;0;;1;;;;;;0;1;0;0;20000116;11000016
2019;1000000568;200000468;9;1;2;1;;00002833;00000001;00000002;00002021;1;0;0;;;;;;;0;0;;;0;1;0;0;20000095;11000013
2019;1000000569;200000469;6;2;3;1;;00003797;00000002;00000027;00001294;1;0;1;;;;;;;;;;;0;1;1;1;20000132;11000018
2019;1000000570;200000470;8;1;0;1;;00000577;00000001;;00002455;1;0;0;0;;;0;0;;;;;;0;1;1;0;20000133;11000018
2019;1000000571;200000471;12;2;3;1;;00003579;00000001;00000002;;1;0;0;0;0;;;1;0;;;0;;0;;0;0;20000070;11000009
2019;1000000572;200000472;53;1;3;1;;00004547;00000001;00000021;;1;0;0;0;0;1;;;;;;;;0;1;0;0;20000125;11000017
2019;1000000573;200000473;15;1;1;1;;00005436;00000001;00000014;00001254;1;0;1;;;;;;0;;;;0;0;1;0;0;20000091;11000012
2019;1000000574;200000474;12;1;0;1;;00001241;00000002;;00001096;1;0;0;;;1;;;;;;0;;0;1;;0;20000200;11000028
2019;1000000575;200000475;8;1;3;1;;00003317;00000001;;00001874;1;0;0;;0;0;;0;;0;;;;0;1;1;0;20000001;11000000
2019;1000000578;200000476;18;2;0;1;;00005358;00000002;00000019;;1;0;0;;;;;;;;;;;0;1;;0;20000045;11000006
2019;1000000580;200000477;12;2;0;1;;00001981;00000001;00000019;00003824;1;0;0;0;;;;;0;;;;;0;1;;1;20000130;11000018
2019;1000000581;200000478;4;1;3;1;;00000634;00000001;;;1;0;0;;;;;;;;;;;0;1;0;0;20000120;11000017
2019;1000000582;200000479;7;1;0;1;;00004130;00000002;;;1;0;1;;;;0;;0;0;0;;;0;1;0;0;20000046;11000006
2019;1000000584;200000480;12;1;0;1;;00001436;00000001;;00004480;2;0;0;;1;1;;;;;;;;0;1;;0;20000165;11000023
2019;1000000585;200000481;10;2;0;1;;00002491;00000002;;00001950;2;0;0;;;;;0;0;;;;0;0;1;0;0;20000202;11000028
2019;1000000587;200000482;53;2;3;1;;00002817;00000001;;;1;0;0;;0;0;0;;;0;;;;0;1;1;1;20000185;11000026
2019;1000000589;200000483;7;2;1;1;;00002750;00000001;00000018;00001630;1;0;0;;;;0;;;;;;;0;1;1;0;20000184;11000026
2019;1000000590;200000484;13;2;0;1;;00002015;00000001;;00001045;1;0;1;;;;;;;;;;0;0;1;0;0;20000077;11000010
2019;1000000591;200000485;5;1;3;1;;00004370;00000001;;;2;0;1;;;;;;;;;0;;0;1;0;0;20000130;11000018
2019;1000000592;200000486;17;1;1;1;;00003362;00000001;00000007;00001450;1;0;1;;;;;;;;;;;0;1;0;1;20000167;11000023
2019;1000000594;200000487;19;1;3;1;;00003607;00000002;;00004851;1;0;0;;;;;;0;;;;0;0;1;;1;20000134;11000019
2019;1000000595;200000488;10;1;3;1;;00003261;00000001;;00002497;1;0;0;;;;;;;;;;;0;1;0;;20000092;11000013
2019;1000000596;200000489;9;1;3;1;;00000758;00000002;;00002550;1;0;1;;;1;;;;;;;;;1;0;0;20000069;11000009
2019;1000000597;200000490;11;2;0;1;;00003538;00000001;00000023;00002571;1;0;1;;;;;;;;;;;0;0;0;0;20000037;11000005
2019;1000000599;200000491;10;2;1;1;;00001665;00000002;00000011;00004249;1;1;0;;;;0;0;0;;0;;;0;0;;0;20000163;11000023
2019;1000000600;200000492;10;1;0;1;;00001627;00000002;00000017;;2;1;0;;;;;;;;;;;0;1;0;0;20000053;11000007
2019;1000000601;200000493;13;2;1;1;;00003073;00000002;;00000616;1;0;0;0;;;;;;;;;;0;1;0;0;20000012;11000001
2019;1000000603;200000494;13;2;3;1;;00000248;00000002;;;1;0;0;0;;;;1;;;;;;;1;0;0;20000217;11000030
2019;1000000604;200000495;9;1;3;1;;00005198;00000002;;;1;0;0;;0;;;;;;;;;0;1;0;0;20000055;11000007
2019;1000000605;200000496;10;1;1;1;;00002903;00000001;00000027;;1;1;0;;;;;;0;0;0;;;0;1;0;0;20000088;11000012
2019;1000000606;200000497;6;1;1;1;;00001491;00000002;;;2;0;0;;;;0;;0;;0;;;0;1;0;0;20000178;11000025
2019;1000000608;200000498;10;1;3;1;;00004683;00000001;00000002;00001348;1;0;1;0;;;;;0;;;0;;0;1;0;0;20000187;11000026
2019;1000000609;200000499;9;1;0;1;;00000439;00000001;00000010;;2;0;0;0;;;;;0;;;;;0;1;0;0;20000077;11000010
2019;1000000610;200000500;10;1;1;1;;00002505;00000002;00000008;00001779;1;0;0;0;;1;;;;;;;;0;1;0;0;20000021;11000002
2019;1000000612;200000501;7;2;3;1;;00001926;00000001;;00003039;1;0;0;0;;0;;;;0;;;;0;1;0;0;20000053;11000007
2019;1000000613;200000502;11;2;1;1;;00002480;00000002;00000020;00004491;1;0;0;;;;;;;;;;0;0;1;0;0;20000114;11000016
2019;1000000614;200000503;5;2;1;1;;00002647;00000001;00000015;00000818;1;0;0;;;;;;;;;;;0;1;0;0;20000158;11000022
2019;1000000615;200000504;4;1;1;1;;00001804;00000002;00000022;00003420;1;0;0;;;;;;;;;;;0;1;0;0;20000128;11000018
2019;1000000617;200000505;12;2;3;1;;00001499;00000002;00000017;00003379;1;0;0;;;;;;;;;;;0;1;0;0;20000205;11000029
2019;1000000618;200000506;10;2;0;1;;00002998;00000002;00000021;00002508;1;0;1;;;;;;;;;0;0;0;1;0;;20000049;11000006
2019;1000000620;200000507;10;1;1;1;;00002273;00000002;00000010;00004372;2;0;0;;;;;0;0;;0;;0;0;1;0;0;20000180;11000025
2019;1000000621;200000508;18;1;0;1;;00001609;00000002;00000024;;1;0;1;0;;;;;;;;;;0;1;0;0;20000183;11000026
2019;1000000623;200000509;6;1;0;1;;00005152;00000001;00000025;;1;0;1;;;;;0;0;;;;;0;1;0;0;20000128;11000018
2019;1000000624;200000510;16;2;3;1;;00004688;00000001;00000001;;1;0;1;0;0;;;;;;;;;;1;0;0;20000010;11000001
2019;1000000625;200000511;7;2;1;1;;00005138;00000001;;00004673;1;0;0;;;;;;1;;0;;;0;1;0;0;20000058;11000008
2019;1000000626;200000512;13;2;3;1;;00005527;00000001;00000019;00005282;1;0;0;;0;;;;;0;;;;0;1;0;0;20000152;11000021
2019;1000000627;200000513;17;1;0;1;;00000570;00000001;00000020;;2;0;1;;;;;1;;;;;;0;1;0;0;20000001;11000000
2019;1000000628;200000514;7;2;3;1;;00003671;00000001;;00002407;1;0;0;;;;;;;;0;;;0;0;0;0;20000215;11000030
2019;1000000629;200000515;10;2;0;1;;00001410;00000002;00000006;;1;0;0;;0;;;;;;;;;0;1;1;0;20000166;11000023
2019;1000000631;200000516;12;1;0;1;;00004471;00000001;00000014;00002641;1;0;1;;;1;;;;;;0;;0;1;0;0;20000081;11000011
2019;1000000632;200000517;12;2;1;1;;00002734;00000001;00000015;00000883;2;0;0;;;;;;0;;;;;0;1;0;0;20000212;11000030
2019;1000000633;200000518;12;1;1;1;;00002892;00000002;;00002997;1;0;0;;;;;0;;;;;;0;1;0;;20000177;11000025
2019;1000000634;200000519;18;1;3;1;;00005033;00000001;00000004;;1;0;0;;;1;;0;;;;;0;0;1;0;1;20000199;11000028
2019;1000000636;200000520;14;1;1;1;;00000551;00000002;00000002;00002254;1;0;0;0;;;;;;;;;0;0;0;0;0;20000156;11000022
2019;1000000637;200000521;9;1;3;1;;00000158;00000002;00000020;00003288;1;0;0;;0;;0;;;;;0;0;0;;0;0;20000209;11000029
2019;1000000638;200000522;5;2;1;1;;00000833;00000002;00000005;00005340;1;0;1;0;0;;;;;0;;;;0;;0;0;20000157;11000022
2019;1000000639;200000523;7;1;3;1;;00002219;00000002;00000005;00001547;1;0;0;;0;;;0;;;0;;;0;1;0;0;20000099;11000014
2019;1000000640;200000524;13;2;1;1;;00005045;00000002;00000008;00001425;1;1;0;;;1;;0;;;;;;0;1;0;0;20000198;11000028
2019;1000000641;200000525;14;1;2;1;;00003805;00000001;;00001639;1;0;0;;;;;1;0;;;0;;0;0;0;0;20000016;11000002
2019;1000000642;200000526;18;1;1;1;;00002477;00000002;;;1;0;0;0;;;;0;;;;;;0;0;0;0;20000088;11000012
2019;1000000643;200000527;5;2;1;1;;00005380;00000002;;00000892;1;0;0;;;0;;;;;;;;0;1;0;0;20000081;11000011
2019;1000000644;200000528;9;1;0;1;;00004736;00000001;00000021;00001703;2;0;0;;;;;;;;;;;0;1;;0;20000045;11000006
2019;1000000645;200000529;7;1;3;1;;00001681;00000002;;;1;0;0;0;;;;;;;;;0;0;;0;0;20000017;11000002
2019;1000000646;200000530;9;1;0;1;;00004271;00000001;00000004;00004715;1;0;0;0;;;;;;;;;;0;1;0;0;20000129;11000018
2019;1000000647;200000531;11;2;1;1;;00003981;00000001;;00001700;1;0;0;;;;;;;;;;;0;0;0;0;20000022;11000003
2019;1000000649;200000532;4;2;3;1;;00004085;00000002;;;2;0;1;;;;;;;;;;;0;1;0;0;20000179;11000025
2019;1000000650;200000533;12;1;0;1;;00003640;00000002;00000020;;2;0;0;;;;;;;;;;;0;1;0;;20000190;11000027
2019;1000000653;200000534;7;2;1;1;;00001745;00000002;00000024;;1;0;1;0;;;;0;;;;;0;0;1;;0;20000045;11000006
2019;1000000654;200000535;9;2;1;1;;00000529;00000001;;00002051;2;0;0;;;;;;;0;;;;;1;0;0;20000117;11000016
2019;1000000655;200000536;10;1;0;1;;00004783;00000002;00000023;;1;0;0;;;;;;;0;;;;0;1;0;0;20000151;11000021
2019;1000000657;200000537;14;2;0;1;;00003821;00000002;00000024;00003976;1;0;1;;;;;;;;;0;;0;1;0;0;20000137;11000019
2019;1000000658;200000538;10;2;0;1;;00002919;00000002;00000021;00003351;1;0;0;;;;0;;0;;;;0;0;1;0;0;20000067;11000009
2019;1000000659;200000539;13;1;1;1;;00005156;00000001;00000010;00003577;1;0;0;;;;;0;;0;;0;0;0;1;0;0;20000125;11000017
2019;1000000660;200000540;6;1;1;1;;00004425;00000002;;00001530;1;0;0;0;;;0;0;;;0;;;0;1;;0;20000066;11000009
2019;1000000661;200000541;4;2;2;1;;00005105;00000002;;00002571;1;0;0;;;;;;0;0;;;;0;1;0;0;20000148;11000021
2019;1000000662;200000542;11;2;1;1;;00004221;00000002;00000001;00000372;2;0;0;;;;;0;;;;;;0;1;1;;20000008;11000001
2019;1000000663;200000543;5;2;1;1;;00002174;00000002;00000007;;1;0;0;;;;;;;;;;;0;1;1;0;20000029;11000004
2019;1000000664;200000544;12;2;2;1;;00000606;00000001;00000013;00004421;2;0;0;;;;;;;0;;;0;0;1;0;0;20000045;11000006
2019;1000000665;200000545;6;1;3;1;;00000506;00000002;;00000481;1;0;0;;;;0;;;;;;;0;1;0;0;20000055;11000007
2019;1000000666;200000546;18;2;0;1;;00002958;00000001;;00000129;1;0;0;;;0;;;;;;;;0;1;0;0;20000133;11000018
2019;1000000667;200000547;17;1;0;1;;00003448;00000001;00000001;00003440;1;0;0;;;0;;;;;;;;0;1;0;0;20000054;11000007
2019;1000000668;200000548;5;2;1;1;;00001008;00000002;;00001046;2;0;1;0;;;;;;0;;;;0;1;0;0;20000068;11000009
2019;1000000669;200000549;13;2;3;1;;00002083;00000001;00000007;;1;0;0;;0;;;0;;;;;;0;1;1;0;20000157;11000022
2019;1000000671;200000550;19;1;3;1;;00003959;00000002;00000025;00002553;1;0;1;;;;;;;;;;;0;1;0;0;20000046;11000006
2019;1000000672;200000551;14;2;2;1;;00004927;00000002;00000006;;1;0;0;;;;;;;0;;0;;0;1;0;0;20000146;11000020
2019;1000000673;200000552;17;2;1;1;;00001401;00000001;00000027;;1;0;1;;;1;0;0;0;;;;;0;1;0;0;20000084;11000011
2019;1000000676;200000553;12;1;1;1;;00001166;00000002;00000011;00001342;1;0;0;0;;;;;;;;;;0;;1;0;20000031;11000004
2019;1000000678;200000554;13;1;0;1;;00003178;00000002;;00004014;1;0;1;;;;;;;;0;;;0;1;0;;20000036;11000005
2019;1000000679;200000555;11;2;1;1;;00000083;00000002;00000013;00000588;1;0;0;;;;;;;;;0;;0;1;0;0;20000070;11000009
2019;1000000680;200000556;10;2;3;1;;00003446;00000001;;00003605;1;0;0;;;;;;0;;;;;0;1;;0;20000055;11000007
2019;1000000681;200000557;20;1;3;1;;00002321;00000002;00000011;00002006;1;0;1;;;;0;0;0;0;;0;0;0;1;0;0;20000131;11000018
2019;1000000682;200000558;6;2;3;1;;00000563;00000002;00000006;;1;1;0;;;;0;0;0;;;0;;0;1;0;0;20000142;11000020
2019;1000000683;200000559;4;2;1;1;;00000285;00000002;;00003347;2;0;1;;;;;;;;;;;0;;1;0;20000126;11000017
2019;1000000684;200000560;11;1;3;1;;00003997;00000002;00000016;00005056;1;0;1;;;1;;;;0;;;;0;1;0;0;20000152;11000021
2019;1000000685;200000561;5;1;0;1;;00005138;00000001;00000008;00001146;1;0;1;;1;;;;;;;;0;0;1;0;0;20000019;11000002
2019;1000000686;200000562;16;2;1;1;;00000646;00000001;00000024;;1;0;0;;;;0;;;;;;0;0;1;0;0;20000210;11000029
2019;1000000687;200000563;14;2;1;1;;00004130;00000002;00000010;00000182;1;0;0;;;0;;0;;;0;;;0;1;0;0;20000028;11000003
2019;1000000688;200000564;6;1;3;1;;00002173;00000001;00000016;00003037;1;0;0;;;;;0;;0;0;;;0;1;1;;20000167;11000023
2019;1000000689;200000565;9;2;0;1;;00001542;00000001;;;1;0;0;;;;0;;;;;0;;0;1;0;0;20000188;11000026
2019;1000000690;200000566;18;2;3;1;;00001555;00000001;;00004893;1;0;0;0;;;;0;;;;;;0;;0;0;20000199;11000028
2019;1000000691;200000567;14;2;0;1;;00000109;00000001;;00001305;1;0;0;;;;;;;;;;0;0;1;0;0;20000154;11000021
2019;1000000693;200000568;5;1;0;1;;00003525;00000002;;00005385;1;0;0;0;;1;;;;;;0;;0;0;0;0;20000036;11000005
2019;1000000694;200000569;15;1;1;1;;00001070;00000002;00000008;;1;1;0;;;;;;;;0;;0;;1;0;0;20000029;11000004
2019;1000000695;200000570;7;1;0;1;;00000019;00000001;00000010;00005265;1;0;0;0;;0;;;0;;0;;;0;1;0;0;20000040;11000005
2019;1000000696;200000571;9;1;1;1;;00000344;00000001;00000007;00001295;1;0;0;;;;;;;0;;;;0;1;0;;20000009;11000001
2019;1000000697;200000572;25;2;3;1;;00000748;00000002;00000011;00005250;1;0;0;;;;;;0;0;;;;0;1;0;0;20000027;11000003
2019;1000000699;200000573;10;2;1;1;;00003079;00000002;00000022;00003049;1;0;0;;;;;;;;;0;;0;0;0;0;20000081;11000011
2019;1000000700;200000574;6;1;1;1;;00001796;00000002;00000023;;1;0;0;;;;;;;;;;;0;1;0;0;20000008;11000001
2019;1000000701;200000575;9;2;1;1;;00001106;00000002;00000023;00002981;1;0;0;;0;1;;;;;;;;0;0;1;0;20000056;11000007
2019;1000000702;200000576;12;2;1;1;;00003010;00000002;00000015;00004396;1;0;0;;0;;;;;;;;;0;1;0;0;20000140;11000019
2019;1000000703;200000577;7;2;0;1;;00001679;00000001;00000018;00003634;1;0;0;;;;;;;;;0;;0;1;0;0;20000214;11000030
2019;1000000704;200000578;6;2;1;1;;00004889;00000002;00000005;00004234;1;0;0;0;;;;;;;;;;0;1;0;0;20000198;11000028
2019;1000000705;200000579;7;1;3;1;;00001561;00000001;;00004032;2;0;0;;;1;0;;;;;;;0;1;0;0;20000132;11000018
2019;1000000706;200000580;16;2;0;1;;00005220;00000002;00000013;00003207;1;0;1;;;1;0;;0;0;;;;0;1;0;0;20000039;11000005
2019;1000000707;200000581;13;1;3;1;;00000992;00000001;00000017;;1;0;0;;;1;;;;;;;;0;1;0;0;20000106;11000015
2019;1000000708;200000582;11;2;0;1;;00003870;00000001;;;2;0;0;;;;;;;;;;0;0;1;0;0;20000044;11000006
2019;1000000709;200000583;18;2;1;1;;00001015;00000001;00000019;;2;0;1;;0;;;;0;;;;;0;1;0;0;20000176;11000025
2019;1000000710;200000584;4;2;1;1;;00001562;00000002;00000027;;1;0;1;;;;;;;;;;0;0;1;;0;20000176;11000025
2019;1000000711;200000585;20;2;1;1;;00001620;00000002;00000024;;1;0;0;;;;;0;;;;;0;0;1;0;0;20000201;11000028
2019;1000000712;200000586;17;1;3;1;;00002604;00000001;00000019;00004655;1;0;0;0;;;;;;;;;;0;1;0;0;20000196;11000027
2019;1000000713;200000587;6;2;3;1;;00003399;00000001;00000025;00001048;2;0;0;0;;;;;;;;;;0;1;0;0;20000067;11000009
2019;1000000714;200000588;19;2;1;1;;00003916;00000001;00000009;00001162;1;0;0;;;;;;0;0;;;;0;1;0;0;20000029;11000004
2019;1000000715;200000589;6;1;1;1;;00001824;00000001;;;1;0;0;;;;0;;;;0;;;0;1;0;0;20000183;11000026
2019;1000000717;200000590;13;2;0;1;;00003757;00000001;00000011;00003585;1;0;0;;1;;;;;;0;0;;0;1;0;0;20000113;11000016
2019;1000000719;200000591;7;2;1;1;;00003786;00000002;00000013;;1;0;1;;;;;;;;;;;0;1;0;0;20000133;11000018
2019;1000000720;200000592;12;2;3;1;;00005002;00000001;00000016;00002523;1;0;0;;;;;;;;;;;0;1;0;0;20000150;11000021
2019;1000000721;200000593;8;2;3;1;;00002428;00000002;00000012;00003964;2;0;1;0;0;;;;0;;;;;0;1;0;0;20000003;11000000
2019;1000000722;200000594;16;2;1;1;;00004282;00000002;00000023;00001777;1;0;0;;;;;;;;;;;0;0;0;0;20000081;11000011
2019;1000000723;200000595;11;1;0;3;;00004335;00000001;00000016;00003240;1;0;0;;;;;;;;;;;;0;;0;20000172;11000024
2019;1000000724;200000596;13;2;0;1;;00003435;00000001;;00001443;1;0;0;;;;0;;0;;;;;;1;;0;20000037;11000005
2019;1000000726;200000597;11;1;3;1;;00000647;00000001;;;1;0;0;;;;0;;;;;;;0;1;0;0;20000202;11000028
2019;1000000727;200000598;10;2;1;1;;00005107;00000002;;00000777;2;0;0;;;;;;;;;;;0;1;0;0;20000148;11000021
2019;1000000728;200000599;17;1;1;1;;00001129;00000002;00000009;00001512;1;0;0;;0;;0;;0;;;;0;0;1;0;0;20000208;11000029
2019;1000000729;200000600;18;2;1;1;;00001773;00000002;00000027;00002573;2;0;0;;;;;;0;;0;0;;0;1;0;0;20000192;11000027
2019;1000000731;200000601;28;1;2;1;;00003546;00000002;00000015;00001655;1;0;0;;;;;0;0;;;;;0;1;0;0;20000156;11000022
2019;1000000732;200000602;34;2;2;1;;00002419;00000001;00000021;00005126;1;0;0;;;;0;0;;;;;;0;1;0;0;20000109;11000015
2019;1000000734;200000603;14;1;3;1;;00001801;00000002;00000019;;1;0;0;;;;;;;;;0;;0;1;0;0;20000094;11000013
2019;1000000735;200000604;10;1;1;1;;00002925;00000002;;00004248;1;0;0;;;;;;;;;;;0;1;0;0;20000176;11000025
2019;1000000736;200000605;11;2;0;1;;00002560;00000002;00000016;;1;0;0;0;;;;;;;;;;0;1;1;0;20000092;11000013
2019;1000000737;200000606;7;2;1;1;;00003429;00000001;00000013;;1;0;0;;;;0;;;;;;0;;1;0;0;20000176;11000025
2019;1000000738;200000607;8;2;1;1;;00003806;00000002;00000026;00000647;2;0;0;;;;;;;;;;;0;1;0;0;20000131;11000018
2019;1000000739;200000608;20;1;1;1;;00004468;00000001;00000003;00001833;2;0;0;0;;;;0;;;;;;0;1;0;0;20000210;11000029
2019;1000000741;200000609;18;2;0;1;;00001392;00000001;;00002591;2;0;0;;;;;;0;;;;;0;0;0;0;20000032;11000004
2019;1000000742;200000610;9;2;3;1;;00004450;00000001;00000002;00001830;1;0;0;;;;;;;;;;;0;;1;0;20000176;11000025
2019;1000000744;200000611;4;1;3;1;;00003372;00000001;00000019;00001033;1;0;0;;;;;;;;0;;;0;1;0;0;20000103;11000014
2019;1000000747;200000612;19;1;0;1;;00002576;00000002;00000002;00004998;1;0;0;;0;1;0;0;;0;;;;0;1;1;0;20000190;11000027
2019;1000000748;200000613;4;1;0;1;;00004505;00000002;00000021;00001128;1;0;0;0;;;;;0;;;;;0;1;0;0;20000111;11000015
2019;1000000749;200000614;11;1;1;1;;00004370;00000001;00000023;00005236;1;0;0;;1;;;;;;;;0;0;1;0;0;20000039;11000005
2019;1000000750;200000615;12;2;1;1;;00002405;00000001;00000025;;1;0;0;;;;;;;;;;;0;1;0;0;20000048;11000006
2019;1000000751;200000616;14;1;1;1;;00005379;00000002;;00003575;1;0;0;;;;;;;;;;;0;1;0;0;20000172;11000024
2019;1000000753;200000617;16;2;1;1;;00004067;00000002;00000001;00003898;1;0;1;;;;;;;;;;;0;1;;;20000151;11000021
2019;1000000754;200000618;16;1;3;1;;00005517;00000002;;;1;0;1;;0;;;;;;;0;;0;1;0;0;20000062;11000008
2019;1000000755;200000619;13;1;0;1;;00000778;00000001;00000016;00004268;2;1;1;0;;;;;;;;;0;0;1;0;0;20000052;11000007
2019;1000000756;200000620;9;2;0;1;;00001613;00000001;;00002733;1;0;0;;;;;;0;;;;;0;1;0;0;20000073;11000010
2019;1000000757;200000621;16;2;1;1;;00003604;00000002;00000026;;1;0;0;;;;;;;;;;0;0;1;0;0;20000068;11000009
2019;1000000759;200000622;24;1;3;1;;00004891;00000002;00000021;00003284;1;1;0;;;;;;;;;;;0;;0;;20000056;11000007
2019;1000000761;200000623;7;1;3;1;;00002175;00000001;00000018;;1;0;0;;;;;;0;;;;;0;1;0;0;20000001;11000000
2019;1000000763;200000624;15;2;1;1;;00001836;00000001;00000027;00001749;1;0;1;;;0;0;0;;0;;;;0;1;;0;20000188;11000026
2019;1000000764;200000625;7;2;1;1;;00003749;00000001;00000004;00002918;1;0;0;;;;;;;;;;0;0;1;0;;20000062;11000008
2019;1000000765;200000626;7;2;3;1;;00002985;00000001;;00004139;1;0;0;0;0;;;;;;;;;0;1;0;0;20000052;11000007
2019;1000000766;200000627;4;2;3;1;;00004956;00000002;;00003416;1;0;0;;;;;;0;;;;;0;1;1;0;20000106;11000015
2019;1000000767;200000628;17;1;1;1;;00000738;00000002;00000014;;2;0;0;;;;0;;;;;0;;0;1;0;0;20000084;11000011
2019;1000000768;200000629;17;1;0;1;;00000975;00000001;00000006;;1;0;0;;;;0;0;;;;;;0;0;0;;20000044;11000006
2019;1000000769;200000630;9;2;3;1;;00004830;00000002;00000023;00002891;1;0;0;;;1;;;0;;;;;0;1;0;;20000163;11000023
2019;1000000771;200000631;14;1;1;1;;00005570;00000001;00000012;;1;0;0;;;;;;;;;0;;0;;0;0;20000134;11000019
2019;1000000773;200000632;12;1;2;1;;00002692;00000002;00000002;;2;0;0;0;;;;;0;;;;;0;;;1;20000013;11000001
2019;1000000774;200000633;6;2;0;1;;00002900;00000002;;00002594;1;1;0;;0;;;;;;;0;;0;1;0;0;20000093;11000013
2019;1000000776;200000634;4;2;3;1;;00002180;00000002;;00005032;1;0;0;;;;;;1;0;;0;;0;1;0;0;20000147;11000020
2019;1000000777;200000635;4;1;1;1;;00000072;00000002;00000002;00003508;1;0;1;;;;;0;;;;;;;1;;0;20000035;11000004
2019;1000000778;200000636;6;1;1;1;;00000976;00000002;00000011;;1;0;1;;;;;0;;;;;;0;;0;0;20000128;11000018
2019;1000000779;200000637;26;1;3;1;;00002409;00000002;00000002;00001692;1;0;0;;;;;;;;;;;0;1;0;0;20000122;11000017
2019;1000000780;200000638;8;1;0;1;;00000011;00000001;00000008;;1;0;0;0;;;;;;;;;;0;1;0;0;20000088;11000012
2019;1000000781;200000639;8;2;0;1;;00004906;00000001;00000006;00003665;1;0;0;;;1;0;;0;;;;;0;1;0;0;20000026;11000003
2019;1000000782;200000640;17;1;3;1;;00005027;00000001;00000024;00004052;1;0;0;;;;0;;0;0;;;;0;1;0;0;20000061;11000008
2019;1000000783;200000641;14;1;5;1;;00000913;00000001;00000022;;1;0;0;;;;;;;0;0;;;0;;0;0;20000096;11000013
2019;1000000784;200000642;7;2;1;1;;00004183;00000001;;00000386;2;0;0;0;;;;;;;;;;0;0;0;0;20000178;11000025
2019;1000000785;200000643;14;2;1;1;;00001253;00000001;00000001;00002899;2;0;0;;0;;;;;;;;;0;1;0;;20000049;11000006
2019;1000000786;200000644;13;1;3;1;;00001728;00000002;;;1;0;0;;;1;;;;;;;;0;1;0;0;20000039;11000005
2019;1000000787;200000645;8;1;2;1;;00000228;00000001;00000006;;1;0;0;;;;;0;;0;0;;;;1;1;0;20000156;11000022
2019;1000000788;200000646;17;1;3;1;;00002750;00000001;;00003685;1;0;0;;;;;0;;;;;;0;1;;0;20000037;11000005
2019;1000000789;200000647;14;1;0;1;;00005552;00000002;;00002410;1;1;0;;;;;;;;0;;;0;;0;0;20000179;11000025
2019;1000000790;200000648;20;1;1;1;;00001284;00000001;00000021;00003985;1;0;0;;;;;;;;;;;0;1;0;;20000071;11000010
2019;1000000791;200000649;17;2;3;1;;;00000002;;00003420;1;0;0;;;;;;;;;;;0;1;0;0;20000093;11000013
2019;1000000792;200000650;8;1;1;1;;00001388;00000001;00000026;00003562;1;0;0;0;;;;;;;;0;;0;1;0;0;20000217;11000030
2019;1000000793;200000651;15;2;3;1;;00000322;00000002;00000014;00003687;1;0;0;;;;;;0;;;;;0;0;0;0;20000134;11000019
2019;1000000794;200000652;18;1;1;1;;00003031;00000001;;;1;0;0;;;;;;;;;0;;0;1;0;0;20000001;11000000
2019;1000000795;200000653;13;1;0;1;;00002491;00000001;;00001802;1;0;0;;;0;;;;0;0;;;0;1;1;0;20000189;11000026
2019;1000000798;200000654;5;2;0;1;;00002532;00000001;00000011;00001445;1;0;1;0;0;0;;;;;;;;0;1;0;0;20000207;11000029
2019;1000000799;200000655;16;1;1;1;;00004176;00000002;;00003172;1;0;0;;0;;;;;0;;;;0;1;0;0;20000049;11000006
2019;1000000800;200000656;21;2;0;1;;00002865;00000001;00000006;00004499;1;0;0;;;;;;0;;;;;0;1;0;0;20000135;11000019
2019;1000000801;200000657;4;1;3;1;;00003332;00000001;00000012;00000470;1;0;0;;0;1;;;;;0;;;0;1;0;0;20000084;11000011
2019;1000000803;200000658;9;2;1;1;;00001822;00000002;00000016;00001896;2;0;0;;;1;;;;0;;0;;0;1;0;;20000054;11000007
2019;1000000804;200000659;9;2;1;1;;00001360;00000001;00000022;00001430;2;0;0;0;;;;;;;;;0;0;1;0;0;20000121;11000017
2019;1000000805;200000660;16;1;1;1;;00001269;00000002;00000026;00000211;1;0;0;;;;0;;;;;;;0;1;0;;20000127;11000018
2019;1000000808;200000661;13;1;1;1;;00004499;00000002;;00003119;1;0;0;;;;;;;0;;;;0;1;0;0;20000008;11000001
2019;1000000809;200000662;9;1;1;1;;00000416;00000002;00000014;;1;0;0;0;;;;;;;;;0;0;1;0;0;20000210;11000029
2019;1000000810;200000663;16;2;1;1;;00004705;00000002;00000025;;1;0;0;;;;;0;;;;;;0;1;;0;20000067;11000009
2019;1000000811;200000664;4;1;0;1;;00005270;00000001;;;2;0;1;;;;;;;0;0;;0;0;1;0;0;20000141;11000020
2019;1000000812;200000665;10;1;1;1;;00002820;00000001;00000011;;1;0;0;;;;;;;0;;;;;1;0;0;20000149;11000021
2019;1000000813;200000666;8;1;3;1;;00005063;00000002;00000012;00003967;1;0;0;;;;;;;;;;;0;1;0;0;20000086;11000012
2019;1000000814;200000667;6;1;3;1;;00004630;00000001;00000008;00000107;1;0;0;;;;;;;;;;;0;1;0;0;20000064;11000009
2019;1000000816;200000668;22;1;3;1;;00005116;00000002;00000018;00001165;1;0;0;;;1;;;;;0;;;0;1;0;0;20000006;11000000
2019;1000000817;200000669;14;2;0;1;;00003141;00000001;00000014;00003948;1;0;0;0;;;;;0;0;;;;0;;0;0;20000082;11000011
2019;1000000818;200000670;15;2;1;1;;00000214;00000002;00000001;00000430;1;0;0;;;;0;;;0;;0;;0;1;0;0;20000009;11000001
2019;1000000819;200000671;9;1;0;1;;00000732;00000002;;00000901;2;0;0;;0;1;;1;;;;0;;0;1;0;;20000205;11000029
2019;1000000820;200000672;12;2;1;1;;00002952;00000001;00000017;;2;0;0;;;0;;;;;0;;;0;1;0;0;20000014;11000001
2019;1000000821;200000673;8;2;3;1;;00003819;00000002;00000013;00002734;2;0;0;;;0;0;;;;;;;0;1;0;0;20000072;11000010
2019;1000000822;200000674;11;1;3;1;;00004729;00000002;00000011;00002298;1;0;0;;0;;;;;;;;0;0;1;0;0;20000161;11000022
2019;1000000823;200000675;15;1;0;1;;00002931;00000002;;00001449;2;0;0;;;;;;;0;;;;0;;0;0;20000060;11000008
2019;1000000824;200000676;15;2;1;1;;00003498;00000002;00000004;00004801;1;0;0;;;;;;;;;;;;;0;0;20000055;11000007
2019;1000000825;200000677;30;2;1;1;;00003230;00000002;;;1;0;0;;;;;;;;;;;0;1;0;0;20000051;11000007
2019;1000000826;200000678;12;2;1;1;;00002257;00000001;00000009;00001392;1;0;0;;;1;;;;;;;0;0;1;0;0;20000106;11000015
2019;1000000828;200000679;12;1;1;1;;00004205;00000002;00000022;00001098;1;0;1;;;;;;;;0;0;;0;1;0;0;20000199;11000028
2019;1000000829;200000680;15;2;2;1;;00004298;00000001;00000006;00005242;1;0;0;;0;;;;;;;;;0;1;1;0;20000096;11000013
2019;1000000830;200000681;12;1;3;1;;00004657;00000002;;00004389;1;0;0;;;;0;;;;;;;0;1;0;0;20000083;11000011
2019;1000000831;200000682;17;2;0;1;;00001883;00000002;00000015;00000998;1;0;0;;;0;;;0;;;;;;1;0;0;20000111;11000015
2019;1000000832;200000683;15;1;1;1;;00002604;00000001;00000005;00003108;1;0;0;;;;;;;;;;0;0;1;1;0;20000173;11000024
2019;1000000835;200000684;18;2;3;1;;00000433;00000002;00000021;00004636;1;0;0;;;;0;;0;;;0;;0;1;0;0;20000208;11000029
2019;1000000836;200000685;13;2;1;1;;00000066;00000002;00000006;00000215;1;0;0;;0;;;;0;;;;;;1;1;0;20000102;11000014
2019;1000000837;200000686;7;1;3;1;;00001895;00000002;00000022;;1;0;0;;;;;;;;0;;;;1;0;0;20000021;11000002
2019;1000000838;200000687;23;2;0;1;;00002725;00000001;00000022;00003683;1;0;0;;;;;;0;;;;;0;1;0;;20000063;11000008
2019;1000000839;200000688;15;2;3;1;;00003695;00000002;00000023;00001137;1;0;0;0;;;;;;;;;0;0;1;0;0;20000013;11000001
2019;1000000840;200000689;19;2;0;1;;00001832;00000001;00000016;00000360;1;0;0;;;;;;;;;;;0;1;0;0;20000076;11000010
2019;1000000842;200000690;14;2;1;1;;00002147;00000001;00000024;00005355;1;0;0;;;;;;;;;;;0;1;0;;20000012;11000001
2019;1000000844;200000691;9;1;0;1;;00000789;00000001;;00001351;1;0;0;0;;;;;;0;;0;0;0;1;0;0;20000181;11000025
2019;1000000845;200000692;16;1;2;1;;00001418;00000002;00000020;;1;0;0;;;;;;;;;;;0;1;0;0;20000075;11000010
2019;1000000847;200000693;11;2;3;1;;00002292;00000002;;00001604;1;0;0;;;;0;;0;;0;;;;1;0;0;20000100;11000014
2019;1000000848;200000694;19;1;0;1;;00005208;00000002;00000004;;1;0;0;;;;;0;;;;;;;1;0;0;20000071;11000010
2019;1000000849;200000695;16;2;1;1;;00000607;00000001;;00000414;2;0;0;;;1;;;;;;;;0;1;1;0;20000180;11000025
2019;1000000850;200000696;9;2;3;1;;00001892;00000002;;00003063;1;0;1;;;;;0;;;;0;;0;1;;0;20000041;11000005
2019;1000000851;200000697;6;2;1;1;;00002382;00000002;00000026;00004650;1;0;0;0;;;;;;;0;;;0;0;1;0;20000030;11000004
2019;1000000852;200000698;13;1;3;1;;00002997;00000002;00000020;;1;0;0;;;0;;;0;;;;;0;1;0;0;20000200;11000028
2019;1000000853;200000699;17;1;1;1;;00003810;00000001;;00002863;2;0;0;0;;;0;;;;;;;0;1;1;0;20000139;11000019
2019;1000000854;200000700;8;2;1;1;;00002482;00000001;00000021;00001387;1;0;0;;1;;;;;0;;;0;0;1;0;0;20000050;11000007
2019;1000000856;200000701;18;1;0;1;;00004473;00000002;00000019;00001341;1;0;0;;;;;;;;;;;0;1;0;0;20000071;11000010
2019;1000000857;200000702;22;1;0;1;;00003037;00000002;;00003661;2;0;0;0;;;;;;;;0;;0;1;0;0;20000098;11000013
2019;1000000859;200000703;23;2;0;1;;00002717;00000001;00000020;00004943;1;0;0;;;1;;;;;0;;;0;1;0;;20000186;11000026
2019;1000000860;200000704;37;1;0;1;;00000154;00000001;00000017;;1;0;0;;0;;;0;;;;0;;0;1;0;0;20000063;11000008
2019;1000000861;200000705;7;2;0;1;;00002653;00000002;;;1;0;0;;;;0;;;0;0;;0;0;1;0;0;20000025;11000003
2019;1000000862;200000706;13;1;1;1;;00000230;00000002;00000017;;1;0;0;;;;0;;;;0;;;0;1;0;0;20000138;11000019
2019;1000000863;200000707;12;2;1;1;;00001053;00000002;;00003558;1;0;0;;;;;;;;;;0;0;1;0;1;20000199;11000028
2019;1000000864;200000708;11;1;1;1;;00002472;00000002;00000006;;1;0;0;;;;;;;0;;;;0;1;0;;20000017;11000002
2019;1000000865;200000709;5;1;0;1;;00002633;00000002;;00005167;1;0;1;;;;;;;0;;0;;0;1;0;0;20000182;11000025
2019;1000000866;200000710;15;1;3;1;;00001752;00000001;00000003;;1;0;0;;;;;;;;;0;0;0;1;0;0;20000184;11000026
2019;1000000867;200000711;16;2;1;1;;00003007;00000002;;00002563;1;0;0;;;;;;;;;;;0;1;0;0;20000180;11000025
2019;1000000868;200000712;10;1;3;1;;00003808;00000002;00000009;00000954;2;0;0;;;;;;;;1;;;0;1;0;0;20000170;11000024
2019;1000000870;200000713;19;2;2;1;;00001819;00000001;;00004487;1;1;1;;;;;;;0;;;;0;1;0;0;20000112;11000015
2019;1000000871;200000714;20;1;1;1;;00002606;00000001;;;1;0;0;;;;;;;0;;;0;0;1;0;0;20000032;11000004
2019;1000000872;200000715;15;1;1;1;;00001793;00000001;00000011;00004021;1;0;0;;;;;;0;;;;;0;1;0;0;20000110;11000015
2019;1000000873;200000716;5;2;1;1;;00000047;00000001;00000025;00004306;1;0;0;;;;;;;;;;0;0;1;0;1;20000215;11000030
2019;1000000875;200000717;7;2;3;1;;00002085;00000002;00000023;00001663;2;1;0;;0;;;;;;;;0;0;1;0;0;20000135;11000019
2019;1000000876;200000718;14;2;0;1;;00000559;00000001;;00001269;1;0;0;;;;0;;;;;;0;0;1;0;0;20000171;11000024
2019;1000000877;200000719;10;2;1;1;;00000491;00000002;;;1;0;0;;;;;;;;;;0;0;1;0;0;20000216;11000030
2019;1000000878;200000720;4;1;0;1;;00003381;00000002;00000021;00002559;1;0;1;;;;;;;;;;;0;1;0;0;20000209;11000029
2019;1000000879;200000721;18;1;1;1;;00001990;00000002;00000027;;1;0;1;0;;1;;;0;;;;;0;1;0;0;20000135;11000019
2019;1000000880;200000722;21;1;0;1;;00000640;00000002;;;1;0;1;;1;;0;;;;;;;0;1;0;0;20000210;11000029
2019;1000000881;200000723;6;2;0;1;;00001315;00000001;00000014;;1;0;0;;;;;;;;;;;;1;0;0;20000200;11000028
2019;1000000882;200000724;8;1;1;1;;00001381;00000001;00000018;00002735;1;0;1;;;;;;;0;;;;0;1;0;0;20000060;11000008
2019;1000000883;200000725;19;2;1;1;;00004657;00000002;00000011;00001317;1;0;0;;;0;;0;;;0;;;0;1;0;0;20000035;11000004
2019;1000000884;200000726;4;1;0;1;;00002301;00000001;;00000183;1;0;1;;;;;;;0;0;;0;0;1;1;0;20000174;11000024
2019;1000000885;200000727;16;1;3;1;;00004051;00000001;;;1;0;;;;;;;;;0;;;0;1;0;0;20000011;11000001
2019;1000000886;200000728;12;1;1;1;;00001844;00000002;00000016;;1;0;0;;;;;0;;0;;;;0;1;0;0;20000121;11000017
2019;1000000888;200000729;5;1;3;1;;00001106;00000002;00000022;00003065;1;0;0;;;;;;;;;;;0;1;0;;20000161;11000022
2019;1000000889;200000730;19;2;3;1;;00005404;00000002;;;1;0;0;;;;;1;;0;;;;1;1;0;0;20000011;11000001
2019;1000000890;200000731;13;1;0;1;;00003821;00000002;00000023;00004699;2;0;0;;0;;;;;;;;0;0;1;0;0;20000075;11000010
2019;1000000891;200000732;10;2;3;1;;00005410;00000002;;00001402;1;0;0;0;;;;;;;;;;0;1;0;0;20000179;11000025
2019;1000000892;200000733;8;1;1;1;;00003858;00000001;;00000449;1;0;0;;;1;;;0;0;;;;0;1;0;0;20000169;11000024
2019;1000000893;200000734;11;2;1;1;;00000512;00000001;00000012;;2;0;0;;;;;;;;;;;0;1;0;0;20000086;11000012
2019;1000000894;200000735;17;1;1;1;;00003663;00000001;00000017;00000338;1;0;0;;;;0;;;0;;;;0;0;0;;20000118;11000016
2019;1000000896;200000736;17;2;3;1;;00001707;00000001;00000019;00004682;1;0;0;;;;;;;;;;;;1;0;0;20000013;11000001
2019;1000000897;200000737;14;2;1;1;;00000315;00000002;00000003;;1;0;0;;;;;;0;;;;;0;1;0;0;20000003;11000000
2019;1000000898;200000738;7;1;0;1;;00000177;00000002;;00002362;2;0;0;;;;;0;;;;;0;0;1;;0;20000016;11000002
2019;1000000899;200000739;7;2;1;1;;00004660;00000002;00000023;00000501;1;0;1;;;;;;;;;0;;0;1;0;0;20000179;11000025
2019;1000000900;200000740;14;2;3;1;;00004953;00000002;00000007;;1;0;1;;;;;;;0;;0;;0;1;0;0;20000169;11000024
2019;1000000901;200000741;15;1;2;1;;00004871;00000002;00000007;00004411;1;0;0;;;1;;;;;;;;0;1;0;0;20000092;11000013
2019;1000000902;200000742;17;1;1;1;;00001130;00000002;00000018;;1;0;1;0;;;;;;;0;;;0;1;1;0;20000188;11000026
2019;1000000903;200000743;15;2;1;1;;00001829;00000002;;00002016;2;0;0;0;0;1;;;;;;;0;0;1;0;0;20000028;11000003
2019;1000000904;200000744;18;2;1;1;;00000237;00000001;00000012;00000278;1;0;0;;0;;;0;;;;;0;0;1;0;0;20000087;11000012
2019;1000000905;200000745;24;2;0;1;;00001316;00000002;00000010;;2;0;1;0;;;;;;;;;;0;1;0;0;20000093;11000013
2019;1000000906;200000746;11;1;1;1;;00001910;00000002;00000010;00000443;2;0;0;0;;;;;;;0;;;;1;0;0;20000210;11000029
2019;1000000907;200000747;12;2;0;1;;00004216;00000001;;;2;0;1;;;;;1;;;;;;;1;0;0;20000124;11000017
2019;1000000908;200000748;9;2;0;1;;00001516;00000002;00000009;;2;0;0;;0;1;;0;0;;;;;0;1;0;0;20000164;11000023
2019;1000000909;200000749;14;1;0;1;;00000780;00000002;00000004;00001607;1;0;0;;;;;;;0;0;;;0;1;;0;20000092;11000013
2019;1000000911;200000750;11;2;1;1;;00003575;00000002;00000017;00001026;1;0;0;0;;;0;;;;;0;;0;1;0;0;20000188;11000026
2019;1000000912;200000751;25;2;0;1;;00001949;00000001;;;2;0;0;0;;;;0;;;;;0;0;1;1;0;20000156;11000022
2019;1000000914;200000752;6;2;3;1;;00004320;00000002;;00003056;1;0;0;;;;;;;0;;;;0;1;0;;20000018;11000002
2019;1000000917;200000753;18;2;1;1;;00002044;00000002;00000001;;1;0;0;;;;;0;;;;0;;0;1;0;0;20000055;11000007
2019;1000000918;200000754;12;1;3;1;;00000574;00000001;;;1;0;0;;;;;;;0;;;0;0;1;0;0;20000209;11000029
2019;1000000919;200000755;16;1;1;1;;00001164;00000001;00000015;00003416;1;0;0;;;;0;;;;1;;;0;1;0;0;20000134;11000019
2019;1000000920;200000756;19;2;1;1;;00003435;00000001;;00001224;1;0;0;;;;;;0;;;;;0;1;;0;20000041;11000005
2019;1000000923;200000757;14;2;0;1;;00004896;00000001;;;1;0;1;;;;;;;;;;;0;1;;0;20000007;11000000
2019;1000000924;200000758;8;1;3;1;;00000774;00000001;00000025;00002911;1;0;0;;;;;;;;;;;0;1;0;0;20000002;11000000
2019;1000000925;200000759;20;1;3;1;;00002551;00000002;;00003340;1;0;0;0;0;;;;;;;;;0;0;0;1;20000179;11000025
2019;1000000926;200000760;16;1;3;1;;00005237;00000001;00000003;;1;0;0;;;;0;;;;;;;0;1;0;;20000079;11000011
2019;1000000927;200000761;11;1;1;1;;00004876;00000001;00000003;;1;0;0;0;;;;;0;;;;;;1;0;;20000065;11000009
2019;1000000928;200000762;16;1;3;1;;00000549;00000002;00000008;00000628;1;0;0;;;;;;;0;;0;;0;1;0;0;20000097;11000013
2019;1000000929;200000763;10;2;3;1;;00004319;00000002;;00001322;2;0;1;;;;;;0;;;;;0;1;0;0;20000128;11000018
2019;1000000930;200000764;10;2;5;1;;00002239;00000002;00000018;;2;0;1;;1;;;;;;;;;0;0;0;0;20000064;11000009
2019;1000000931;200000765;26;2;0;1;;00001955;00000002;;;1;0;0;;;;;;;0;;;;0;1;0;0;20000163;11000023
2019;1000000932;200000766;21;2;0;1;;00003295;00000002;;;1;0;1;;;;;0;;;;0;;0;1;0;0;20000065;11000009
2019;1000000933;200000767;23;1;0;1;;00001829;00000001;;00001909;2;0;0;;;;0;;;;;;;;1;0;0;20000062;11000008
2019;1000000934;200000768;6;2;1;1;;00000326;00000001;00000027;00000956;1;0;0;0;;;;;;;0;0;;0;1;;1;20000120;11000017
2019;1000000935;200000769;14;1;1;1;;00002678;00000001;00000020;;1;0;0;0;;;;0;;;;;;0;1;0;0;20000190;11000027
2019;1000000936;200000770;15;2;3;1;;00003412;00000001;;;1;0;0;;;0;;;;;;;;0;1;0;0;20000206;11000029
2019;1000000937;200000771;11;2;3;1;;00002466;00000001;00000013;00003398;1;0;0;;;;;0;;0;0;;;0;0;0;0;20000135;11000019
2019;1000000940;200000772;10;2;0;1;;00004062;00000002;00000011;00002279;1;0;0;;;;;;;;;0;;0;0;0;0;20000049;11000006
2019;1000000941;200000773;9;2;1;1;;00003813;00000001;00000014;00000361;1;0;0;;;0;;0;;0;;;0;0;1;0;0;20000048;11000006
2019;1000000942;200000774;14;2;0;1;;00002906;00000002;00000023;00003050;2;0;0;;;;0;;;;;;;0;1;1;0;20000135;11000019
2019;1000000943;200000775;11;1;0;1;;00004870;00000002;;00000122;1;0;0;;;;;;;;;;;0;1;0;0;20000053;11000007
2019;1000000944;200000776;6;2;1;1;;00004729;00000002;;;1;0;0;;;;;;;;;;;0;1;0;0;20000053;11000007
2019;1000000945;200000777;17;1;1;1;;00002939;00000001;00000026;;1;0;0;;0;;;;;;;0;0;0;1;1;0;20000097;11000013
2019;1000000947;200000778;7;1;0;1;;00003548;00000001;;00001716;1;0;0;;;1;;;;;0;;;0;1;;0;20000069;11000009
2019;1000000948;200000779;9;2;3;1;;00003989;00000002;00000006;;1;0;1;;;;0;0;;0;;;;0;0;0;0;20000182;11000025
2019;1000000949;200000780;14;2;2;1;;00004235;00000001;00000014;;1;0;0;;;0;;;;;;;;0;1;0;0;20000133;11000018
2019;1000000950;200000781;11;1;3;1;;00002103;00000001;00000016;;1;0;0;;;;;;0;;;;;0;1;0;0;20000199;11000028
2019;1000000951;200000782;17;2;3;1;;00002196;00000001;00000007;00003395;1;0;0;;;;;;;;;;;0;1;0;0;20000170;11000024
2019;1000000953;200000783;6;1;0;1;;00000114;00000001;00000013;;1;0;0;;;;0;;;;0;0;;0;1;0;0;20000046;11000006
2019;1000000954;200000784;17;2;1;1;;00003998;00000001;00000019;;1;0;0;;;;;;;;;0;;0;1;0;0;20000197;11000028
2019;1000000955;200000785;8;2;0;1;;00003904;00000001;;00003377;1;0;0;;;;;;;0;;;;0;1;0;0;20000074;11000010
2019;1000000956;200000786;8;1;3;1;;00005284;00000001;;;1;0;0;;;1;;0;;;;;;0;;0;0;20000004;11000000
2019;1000000957;200000787;19;1;3;1;;00004576;00000001;00000015;;2;1;1;;;;0;0;;;;;;0;1;0;0;20000096;11000013
2019;1000000959;200000788;7;1;0;1;;00000572;00000002;00000024;;1;0;1;;0;;;0;;;;;;0;1;0;0;20000140;11000019
2019;1000000960;200000789;17;1;3;1;;00004614;00000002;00000014;;1;0;0;;;;0;;;;0;;;0;1;0;0;20000024;11000003
2019;1000000961;200000790;8;1;3;1;;00004654;00000002;00000015;00000663;1;0;0;;;1;;;;0;0;;;0;;0;0;20000082;11000011
2019;1000000962;200000791;15;2;3;1;;00002327;00000001;;00004703;1;0;0;;0;;0;;;;;0;;0;1;0;0;20000169;11000024
2019;1000000964;200000792;14;2;0;1;;00002301;00000002;;;2;0;0;;0;;;;;0;0;;;;1;0;0;20000134;11000019
2019;1000000965;200000793;4;1;1;1;;00005111;00000001;;;1;0;0;;;;;;;0;;;;0;1;0;0;20000135;11000019
2019;1000000966;200000794;14;1;0;1;;00004975;00000001;00000026;;1;0;0;;0;;0;;;;;;;;1;0;0;20000185;11000026
2019;1000000967;200000795;16;2;3;1;;00004176;00000001;00000017;;1;1;0;;;;;;;0;0;;0;0;1;0;0;20000105;11000014
2019;1000000968;200000796;19;2;3;1;;00005146;00000001;00000005;;2;0;0;;0;;;1;;;;;;0;1;0;0;20000184;11000026
2019;1000000969;200000797;12;1;3;1;;00001792;00000001;00000017;00002998;1;1;0;;;;;;;;;;0;0;1;0;0;20000150;11000021
2019;1000000970;200000798;17;2;0;1;;00004217;00000001;00000015;00000054;1;0;0;;;;;;0;0;;0;;0;1;0;0;20000180;11000025
2019;1000000971;200000799;10;2;5;1;;00003231;00000002;00000006;00002098;1;0;0;;1;;;0;0;;;;;0;0;0;0;20000168;11000023
2019;1000000972;200000800;18;1;1;1;;00005044;00000001;;00001033;2;0;1;;;;;1;;;;1;;0;1;0;;20000036;11000005
2019;1000000973;200000801;18;2;1;1;;00000236;00000001;00000027;00003720;1;0;0;;;1;;;0;;;0;;0;1;0;1;20000174;11000024
2019;1000000974;200000802;15;1;3;1;;00004758;00000001;00000014;;1;0;0;;;;;;;;;;;0;1;0;0;20000213;11000030
2019;1000000975;200000803;16;2;3;1;;00005011;00000001;00000010;;1;0;0;;;;;;;;;;;0;1;0;;20000112;11000015
2019;1000000976;200000804;13;1;1;1;;00002050;00000002;00000005;00001151;1;0;0;0;;0;;0;;;;;;;1;0;0;20000201;11000028
2019;1000000977;200000805;11;2;2;1;;00002626;00000002;00000007;00004390;1;0;1;;;;;;;;0;;;0;0;0;0;20000135;11000019
2019;1000000978;200000806;7;2;0;1;;00000998;00000002;00000017;00005440;1;0;0;;;;;0;0;;;;;0;1;0;;20000092;11000013
2019;1000000979;200000807;14;2;0;1;;00002179;00000002;;00000501;1;0;0;;0;;;;;;;;;0;1;0;;20000052;11000007
2019;1000000980;200000808;17;1;3;1;;00001876;00000001;00000013;00001198;2;0;0;;1;;0;;;;;0;;;1;0;0;20000071;11000010
2019;1000000982;200000809;10;1;0;1;;00000654;00000002;00000021;;2;0;0;0;;;;;;;;0;;0;1;0;0;20000079;11000011
2019;1000000983;200000810;19;1;0;1;;00001371;00000002;00000021;00005002;1;0;0;;;;;;;;;;;0;1;0;0;20000107;11000015
2019;1000000984;200000811;10;2;3;1;;00002766;00000001;00000014;;1;0;;0;;1;;;;;;;;0;1;0;0;20000184;11000026
2019;1000000985;200000812;12;1;1;1;;00004309;00000002;00000024;00004259;1;0;0;;;;0;;;;0;;;0;0;;0;20000118;11000016
2019;1000000987;200000813;14;1;3;1;;00000589;00000002;;;2;0;1;;;;;;0;0;;0;;0;1;0;0;20000199;11000028
2019;1000000988;200000814;13;1;3;1;;00002589;00000002;00000009;;1;0;1;;;;;;;;;;;0;1;0;0;20000023;11000003
2019;1000000990;200000815;6;1;3;1;;00002431;00000001;;;1;0;0;;;;;;;;;;;0;1;0;0;20000215;11000030
2019;1000000991;200000816;14;2;1;1;;00002716;00000001;;;1;0;1;;;;;;0;;;;;0;1;0;0;20000027;11000003
2019;1000000993;200000817;20;1;3;1;;00004145;00000001;;;1;0;0;;;;;0;0;;;;;;1;0;0;20000050;11000007
2019;1000000994;200000818;14;1;0;1;;00003356;00000002;00000015;00002808;1;0;0;0;;;;0;;;;;;0;1;0;0;20000180;11000025
2019;1000000995;200000819;16;1;1;1;;00003336;00000002;;00000883;1;0;0;;;;;0;;;;;;0;1;0;0;20000180;11000025
2019;1000000997;200000820;15;2;5;1;;00004512;00000002;00000025;;2;0;0;;;;;;;;;;;0;1;0;0;20000113;11000016
2019;1000000998;200000821;10;2;0;1;;00001394;00000002;00000025;00001903;1;0;0;;;;;;;;;;;0;0;0;0;20000028;11000003
2019;1000000999;200000822;15;1;3;1;;00003159;00000001;00000021;;1;0;1;;;;;;0;;;;;0;1;0;0;20000041;11000005
2019;1000001000;200000823;14;1;1;1;;00004959;00000002;00000010;;1;0;0;;;;;;0;;0;;;0;1;0;0;20000135;11000019
2019;1000001001;200000824;12;1;1;1;;00001817;00000002;00000001;00002354;1;0;0;0;;;;;;;;;;0;1;0;0;20000033;11000004
2019;1000001002;200000825;23;2;3;1;;00000841;00000002;00000025;;1;0;0;;;;;0;;;;;0;0;1;0;0;20000162;11000023
2019;1000001005;200000826;15;1;1;1;;00003035;00000001;;;1;0;0;;;;;0;0;;0;;;0;;;0;20000131;11000018
2019;1000001007;200000827;8;2;3;1;;00004019;00000002;;00002788;1;0;0;0;;0;;0;;;;;;0;1;0;0;20000021;11000002
2019;1000001008;200000828;9;1;1;1;;00001874;00000002;;;1;0;0;;;;;;;;;;;0;0;0;;20000031;11000004
2019;1000001009;200000829;7;2;1;1;;00001310;00000001;;00001958;2;0;0;;;;;;0;;;;;0;1;0;0;20000182;11000025
2019;1000001010;200000830;12;1;0;1;;00000681;00000001;00000010;00001538;2;0;0;;;;;;;;;;;0;1;0;;20000156;11000022
2019;1000001012;200000831;14;1;1;1;;00004504;00000001;;00000272;1;0;0;;;1;;;;;0;;;0;1;0;1;20000053;11000007
2019;1000001013;200000832;17;2;1;1;;00003655;00000002;00000016;;1;0;0;;;;;0;;;;;;0;1;0;0;20000211;11000030
2019;1000001015;200000833;14;1;3;1;;00003166;00000002;;;1;0;0;;;;;;0;;;0;;0;1;0;0;20000187;11000026
2019;1000001016;200000834;15;1;3;1;;00001310;00000002;00000015;00000989;1;0;1;;;;;;;;;;;0;1;1;0;20000215;11000030
2019;1000001017;200000835;7;2;0;1;;00002568;00000002;00000009;;2;0;;;;;;;;;;;;;1;0;0;20000158;11000022
2019;1000001018;200000836;13;1;0;1;;00002763;00000001;;;1;0;0;0;;;;;;;;0;;0;;0;0;20000174;11000024
2019;1000001019;200000837;26;2;0;1;;00002109;00000001;00000026;00000287;1;0;0;;;;;;;;;;;0;1;0;0;20000138;11000019
2019;1000001020;200000838;7;2;0;1;;00000235;00000001;00000017;;1;0;0;;;;;;;;;;0;0;1;0;;20000026;11000003
2019;1000001021;200000839;18;1;1;1;;00001236;00000002;00000007;00002517;1;0;0;;0;1;;;;;0;;0;0;1;0;0;20000020;11000002
2019;1000001022;200000840;10;2;3;1;;00000553;00000001;00000002;;2;0;1;;;;;;;;0;;;0;1;0;0;20000142;11000020
2019;1000001023;200000841;18;1;1;1;;00002287;00000001;00000022;00000027;1;0;0;;;;;;;;;;;0;1;0;0;20000119;11000016
2019;1000001024;200000842;6;1;3;1;;00004952;00000001;00000025;00003395;1;0;0;0;;;;;;;;0;;0;0;0;0;20000181;11000025
2019;1000001025;200000843;13;1;1;1;;00004295;00000001;00000010;00004690;2;0;0;;;;;;;;;;;0;;0;0;20000016;11000002
2019;1000001026;200000844;11;2;0;1;;00002937;00000001;00000019;;1;0;0;0;1;0;;1;;;;;;0;1;0;0;20000038;11000005
2019;1000001027;200000845;17;2;0;1;;00004802;00000001;;;1;0;0;;0;1;;0;;;;;;0;0;0;0;20000141;11000020
2019;1000001028;200000846;39;2;0;1;;00004591;00000002;;00001288;1;0;0;0;;;;0;;;;0;;0;1;0;0;20000042;11000005
2019;1000001029;200000847;14;1;3;1;;00003136;00000002;00000015;00001481;1;1;0;;1;;;;;;;;0;0;1;0;0;20000140;11000019
2019;1000001031;200000848;9;2;3;1;;00003188;00000002;00000021;;1;0;0;;;;;;;;;;;0;0;0;0;20000011;11000001
2019;1000001032;200000849;21;2;1;1;;00001415;00000002;00000002;00004611;1;0;1;;;;;;;;;;;0;;0;;20000082;11000011
2019;1000001033;200000850;10;1;1;1;;00001808;00000002;00000020;00003159;1;0;0;;1;;;;;;;;0;0;1;1;0;20000067;11000009
2019;1000001034;200000851;9;1;0;1;;00000957;00000002;;;1;0;0;;;;;;;;;0;;;1;0;0;20000086;11000012
2019;1000001035;200000852;9;2;0;1;;00001178;00000001;;00004553;1;0;0;;0;;;;;;;0;;0;1;0;0;20000170;11000024
2019;1000001036;200000853;5;2;1;1;;00004839;00000002;00000019;;1;0;0;;;;;;;;;;0;0;1;0;0;20000030;11000004
2019;1000001037;200000854;12;1;3;1;;00002708;00000001;;00004342;1;0;0;;;;;;;;;;;0;1;0;0;20000113;11000016
2019;1000001038;200000855;13;2;0;1;;00000925;00000001;;00005340;1;0;0;;;;;;;;;;;0;1;0;0;20000138;11000019
2019;1000001039;200000856;13;2;1;1;;00002620;00000001;00000020;00000382;1;0;0;0;;;;;;;;;;0;1;0;0;20000204;11000029
2019;1000001040;200000857;13;2;1;1;;00001439;00000001;;00001552;1;0;0;;0;1;;;;;;;;0;1;0;0;20000212;11000030
2019;1000001041;200000858;8;1;1;1;;00002659;00000002;00000022;00002241;1;0;0;0;;;;;0;;;;;0;0;0;0;20000050;11000007
2019;1000001042;200000859;10;1;0;1;;00003794;00000001;00000013;;1;0;1;;;;;;;;0;;;;1;0;;20000190;11000027
2019;1000001043;200000860;8;1;3;1;;00001162;00000002;;;2;0;0;;;;;;;;;;;0;1;0;0;20000026;11000003
2019;1000001044;200000861;26;1;1;1;;00002653;00000001;00000020;00000690;2;0;1;;;;0;0;;0;;;;0;1;0;0;20000169;11000024
2019;1000001046;200000862;16;1;3;1;;00000583;00000002;00000021;00001717;2;0;0;;;0;0;;;;;;;0;1;0;0;20000143;11000020
2019;1000001048;200000863;4;1;0;1;;00002321;00000001;00000018;;1;0;0;0;;;;0;;;0;;;0;1;1;0;20000048;11000006
2019;1000001049;200000864;17;2;1;1;;00002521;00000001;;00002939;1;0;1;;;;;;;0;0;;;0;1;0;0;20000172;11000024
2019;1000001050;200000865;9;1;3;1;;00005328;00000002;00000026;00001838;1;0;0;;;;;;;;;;0;0;;0;0;20000187;11000026
2019;1000001051;200000866;15;1;1;1;;00001518;00000002;00000017;00005430;1;0;0;;;;;;;0;;;;0;1;0;0;20000160;11000022
2019;1000001052;200000867;10;2;1;1;;00001640;00000002;;00003492;1;0;0;;;;;;;;0;;;0;0;0;0;20000205;11000029
2019;1000001053;200000868;13;1;3;1;;00004358;00000001;00000017;;2;0;0;;;;;1;;;;0;;0;;0;0;20000140;11000019
2019;1000001054;200000869;17;1;3;1;;00002250;00000001;;;2;0;0;0;;;;;0;;;;;0;1;0;0;20000143;11000020
2019;1000001055;200000870;12;1;1;1;;00003443;00000002;00000021;00001277;1;0;0;;;;0;;;0;;;;0;1;;0;20000165;11000023
2019;1000001056;200000871;9;1;1;1;;00000754;00000001;00000027;00001404;1;0;1;;;;;0;;;;;;0;1;0;0;20000217;11000030
2019;1000001057;200000872;9;2;0;1;;00003277;00000001;;;1;0;0;;;;;;;;;;0;1;1;0;0;20000050;11000007
2019;1000001058;200000873;21;2;0;1;;00004012;00000002;00000008;00003618;1;0;0;;;1;;;;;;;0;0;1;0;;20000073;11000010
2019;1000001059;200000874;18;2;0;1;;00004714;00000001;;00003995;1;0;0;0;;;;;0;0;;;;0;1;;0;20000105;11000014
2019;1000001060;200000875;13;2;3;1;;00003637;00000001;00000022;00002775;1;0;0;;;;;;;;;0;;0;1;0;0;20000131;11000018
2019;1000001061;200000876;17;1;1;1;;00002225;00000002;00000013;00002371;1;0;0;0;;;;;;;;;;;0;0;0;20000104;11000014
2019;1000001062;200000877;8;2;5;1;;00000852;00000002;00000007;00000355;1;0;0;0;;1;0;0;;;0;;;0;1;0;0;20000176;11000025
2019;1000001063;200000878;14;1;0;1;;00003229;00000002;00000007;;1;0;0;;1;;0;;;0;;;;0;1;1;0;20000144;11000020
2019;1000001064;200000879;9;2;3;1;;00004353;00000002;;;1;0;0;;;;0;;;;;;;0;1;0;0;20000122;11000017
2019;1000001065;200000880;10;2;3;1;;00004481;00000002;00000018;00001441;1;0;1;;;;;;0;;0;;;0;1;0;0;20000017;11000002
2019;1000001066;200000881;9;2;3;1;;00004988;00000002;00000005;00005235;2;0;0;;;;;0;;;;;;0;;0;0;20000020;11000002
2019;1000001067;200000882;12;2;1;1;;00003153;00000001;00000026;00000278;1;0;0;0;;;;;;;;;0;0;0;0;0;20000013;11000001
2019;1000001068;200000883;12;2;1;1;;00004033;00000001;00000021;;1;0;0;;;;;0;;;0;;;0;1;0;0;20000138;11000019
2019;1000001069;200000884;18;2;0;1;;00000982;00000001;00000022;00000515;1;0;0;;;;0;0;;;;;;0;1;0;0;20000110;11000015
2019;1000001070;200000885;5;1;1;1;;00005469;00000001;00000023;00002906;1;0;0;0;;;;;;;;;;0;1;0;0;20000083;11000011
2019;1000001071;200000886;9;1;1;1;;00000517;00000002;;;1;1;0;;;;;;;;;;;0;1;0;0;20000101;11000014
2019;1000001072;200000887;13;1;3;1;;00004473;00000001;;00002198;1;0;1;;;;0;;;;;;0;0;1;0;0;20000051;11000007
2019;1000001073;200000888;4;1;3;1;;00005227;00000002;00000004;;1;0;0;;1;;;;;;;0;;0;1;0;0;20000034;11000004
2019;1000001074;200000889;18;1;0;1;;00002199;00000002;00000018;;2;0;1;;;;0;;;;0;;;0;1;0;0;20000091;11000012
2019;1000001075;200000890;5;1;1;1;;00000954;00000001;00000023;00003678;1;0;1;;;;;0;;;;;;0;1;0;;20000125;11000017
2019;1000001076;200000891;14;1;3;1;;00003749;00000002;;00003552;1;0;0;;;1;;;;0;;;0;0;1;0;1;20000159;11000022
2019;1000001077;200000892;13;1;3;1;;00004824;00000002;00000019;00001492;1;0;0;;;;;0;;;;;;0;1;0;0;20000060;11000008
2019;1000001078;200000893;22;1;0;1;;00001724;00000002;;00003877;1;0;1;0;;;;;;;;;0;;0;0;0;20000007;11000000
2019;1000001079;200000894;4;2;3;1;;00003635;00000001;;00001259;1;0;0;;;;0;;;;;;;0;1;0;0;20000028;11000003
2019;1000001080;200000895;5;2;1;1;;00004840;00000001;00000020;00000418;1;0;0;;;;;;;;;;;0;1;;0;20000196;11000027
2019;1000001081;200000896;10;1;3;1;;00002660;00000002;00000016;00004803;1;0;0;;;;;;;;;0;;0;1;0;0;20000027;11000003
2019;1000001082;200000897;8;1;2;1;;00004636;00000001;00000021;00004963;1;0;0;;0;;;;0;;;;0;0;1;0;0;20000046;11000006
2019;1000001083;200000898;4;1;2;1;;00004460;00000002;00000017;00000249;1;0;0;0;0;;;;;0;;;;0;1;0;0;20000028;11000003
2019;1000001084;200000899;14;1;1;1;;00002463;00000001;;00000065;1;0;0;;;;;;;;;;;;1;0;0;20000043;11000006
2019;1000001085;200000900;7;1;0;1;;00000195;00000002;00000007;00001290;1;0;0;0;;;;0;;;;0;;0;1;0;;20000014;11000001
2019;1000001086;200000901;9;2;1;1;;00002692;00000002;00000010;;1;0;0;;0;;;;;;;0;;;1;0;0;20000133;11000018
2019;1000001087;200000902;5;2;1;1;;00004631;00000001;00000008;00004205;1;0;0;;;1;;;;;;;;0;1;0;0;20000072;11000010
2019;1000001088;200000903;11;1;1;1;;00003846;00000001;00000012;;1;0;0;;;;;;0;;;;;0;1;0;0;20000109;11000015
2019;1000001089;200000904;7;1;3;1;;00000629;00000002;;;1;0;0;;;;;;;;;;0;0;0;0;0;20000153;11000021
2019;1000001091;200000905;13;1;3;1;;00002686;00000002;;00003897;1;0;0;;;1;;;;;;0;;0;;0;0;20000015;11000002
2019;1000001092;200000906;14;1;3;1;;00001645;00000001;;;1;0;0;;;;0;;0;;;;;0;0;0;0;20000079;11000011
2019;1000001094;200000907;14;2;3;1;;00005418;00000001;00000023;00004082;1;0;0;;0;1;0;;;;;;;0;1;0;0;20000203;11000028
2019;1000001095;200000908;18;1;3;1;;00005210;00000001;00000003;00003058;1;0;0;;;;0;;;;;;0;0;1;0;0;20000047;11000006
2019;1000001096;200000909;16;1;0;1;;00001890;00000001;;00000284;1;0;0;;;;;;;;;;;0;1;0;0;20000027;11000003
2019;1000001097;200000910;15;2;1;1;;00001837;00000002;00000011;;1;0;1;;;;;0;0;;0;;0;0;1;0;0;20000110;11000015
2019;1000001098;200000911;13;1;3;1;;00002954;00000002;;;1;0;0;;;;;;;;;;;0;0;0;0;20000009;11000001
2019;1000001099;200000912;13;2;3;1;;00003355;00000002;;00005048;1;0;0;;;;;;;0;;;0;0;1;0;0;20000206;11000029
2019;1000001100;200000913;4;1;2;1;;00003889;00000001;00000024;00004035;1;0;0;;;;;;;;;0;0;0;;0;0;20000171;11000024
2019;1000001101;200000914;15;1;0;1;;00004897;00000002;00000010;00003725;1;0;1;0;0;0;;;0;;0;;;0;1;0;0;20000198;11000028
2019;1000001102;200000915;4;2;3;1;;00003502;00000001;00000004;00001308;1;0;0;;;;;;;;;0;;0;1;0;0;20000173;11000024
2019;1000001103;200000916;4;2;1;1;;00005377;00000001;;;2;0;0;;;;;;;;;0;;0;1;0;0;20000047;11000006
2019;1000001104;200000917;8;2;1;1;;00001560;00000002;00000016;00001520;1;0;0;;;;;;;;;;0;0;1;0;0;20000116;11000016
2019;1000001105;200000918;17;2;3;1;;00004038;00000001;00000003;00003414;1;0;0;;;;;0;;;;;;0;1;0;;20000159;11000022
2019;1000001106;200000919;35;2;3;1;;00000407;00000001;00000002;00003510;1;0;0;;;;0;;0;;0;;0;0;1;0;0;20000020;11000002
2019;1000001107;200000920;14;2;3;1;;00001832;00000002;;00004419;1;0;0;;;;;1;;;;;;0;0;0;0;20000199;11000028
2019;1000001108;200000921;16;2;0;1;;00000688;00000002;;00004911;1;0;0;;;0;0;;;0;;;;0;1;0;0;20000051;11000007
2019;1000001109;200000922;4;2;1;1;;00005221;00000002;;00000226;2;0;0;;;;;1;;;;0;;0;1;0;0;20000023;11000003
2019;1000001110;200000923;11;1;3;1;;00004911;00000001;00000001;00003770;2;0;0;0;;;;0;;;;;0;0;1;0;0;20000197;11000028
2019;1000001111;200000924;9;1;1;1;;00002102;00000002;;00001875;1;0;0;;;;0;;0;0;;;;0;1;0;0;20000017;11000002
2019;1000001112;200000925;18;1;3;1;;00002149;00000002;;00000845;1;0;0;;;1;;;;;;;;0;1;0;0;20000212;11000030
2019;1000001113;200000926;8;2;0;1;;00000805;00000002;;;1;0;0;;;;0;;;;0;;;0;1;;0;20000109;11000015
2019;1000001114;200000927;4;2;3;1;;00000762;00000002;;00002248;1;0;0;;;0;;;;;;0;;0;0;0;0;20000070;11000009
2019;1000001115;200000928;9;1;0;1;;00001951;00000002;00000018;;1;0;0;0;;;;;;;;;;0;1;0;0;20000120;11000017
2019;1000001116;200000929;10;2;0;1;;00003744;00000002;00000008;00000553;1;0;0;;;;0;;0;;;;;0;0;0;0;20000202;11000028
2019;1000001117;200000930;6;1;1;1;;00004833;00000001;00000009;00004932;1;0;0;;;;;;;;;;;0;1;0;0;20000076;11000010
2019;1000001118;200000931;7;2;0;1;;00004656;00000001;00000007;;1;1;0;;;;;0;;;;;;0;1;0;0;20000078;11000011
2019;1000001119;200000932;13;2;3;1;;00001348;00000002;00000002;00003726;2;0;0;;;;;;;;;;;0;;0;0;20000076;11000010
2019;1000001120;200000933;17;1;1;1;;00003230;00000001;00000026;;1;0;0;;;;;;;;;;;0;1;0;0;20000141;11000020
2019;1000001121;200000934;4;2;1;3;;00002056;00000002;00000017;;1;0;0;;;;0;0;0;;;;;0;1;0;0;20000135;11000019
2019;1000001122;200000935;4;1;3;1;;00002838;00000002;00000004;00002127;1;0;0;;;1;;;0;;;;0;0;1;0;0;20000171;11000024
2019;1000001123;200000936;4;2;3;1;;00003852;00000002;;00002468;1;0;0;;;1;0;;;;;;;0;0;0;;20000184;11000026
2019;1000001124;200000937;8;2;3;1;;00000074;00000001;00000017;00003210;1;0;0;;0;;;;;0;;0;;0;1;0;0;20000215;11000030
2019;1000001125;200000938;4;1;3;1;;00004293;00000001;00000026;00000080;1;0;0;0;;;;;;;0;;;0;1;0;0;20000006;11000000
2019;1000001126;200000939;12;1;1;1;;00001237;00000001;00000001;00003822;2;0;0;;;;;;0;0;;;;0;1;1;0;20000099;11000014
2019;1000001127;200000940;13;2;3;1;;00001798;00000001;00000010;;1;1;0;;0;;;;;;;;;0;1;0;0;20000144;11000020
2019;1000001128;200000941;24;2;3;1;;00002459;00000002;00000016;00003812;1;0;1;;0;;;;;;0;;;0;1;1;0;20000210;11000029
2019;1000001129;200000942;12;2;0;1;;00003090;00000001;00000008;00004044;1;0;1;;;;;;;;;;;0;1;0;0;20000089;11000012
2019;1000001130;200000943;7;1;2;1;;00005065;00000001;00000008;;2;0;0;0;0;;;0;;;;0;;0;;0;0;20000086;11000012
2019;1000001131;200000944;9;1;3;1;;00000194;00000002;;;1;0;0;;0;;;;;;0;;;0;1;0;0;20000084;11000011
2019;1000001132;200000945;9;2;3;1;;00003757;00000001;;00003932;2;0;0;;;0;;;;0;;;;0;1;0;0;20000152;11000021
2019;1000001133;200000946;16;2;2;1;;00000146;00000002;;;1;0;0;;;;;;;;0;0;;0;1;0;0;20000012;11000001
2019;1000001134;200000947;15;1;1;1;;00002948;00000002;00000011;;1;0;0;;;1;;0;;;;;;0;1;1;1;20000142;11000020
2019;1000001135;200000948;8;1;3;1;;00005002;00000001;00000026;00000011;1;0;0;;;;0;;;;;;;0;0;1;0;20000084;11000011
2019;1000001136;200000949;9;1;3;1;;00003295;00000001;00000016;;2;0;0;;0;;;;0;;0;;0;0;1;0;;20000104;11000014
2019;1000001137;200000950;15;2;1;1;;00003621;00000001;;00001545;1;0;0;;;;;;;;;0;;0;1;0;0;20000127;11000018
2019;1000001138;200000951;13;2;1;1;;00004811;00000001;;;1;0;0;;;0;;0;;;;;;0;1;;0;20000123;11000017
2019;1000001139;200000952;10;1;0;1;;00001805;00000002;;00004848;1;0;0;;;;;;;;;;;0;1;0;0;20000187;11000026
2019;1000001140;200000953;15;1;1;1;;00004151;00000002;00000026;00002789;2;0;0;;;;;;;;;;0;0;1;0;0;20000016;11000002
2019;1000001141;200000954;21;1;0;1;;00003907;00000002;00000020;00000348;2;0;1;;;;0;;0;;;;;0;1;0;0;20000090;11000012
2019;1000001142;200000955;4;2;0;1;;00002239;00000002;;00004209;1;1;0;;;0;0;;0;;;;;0;;0;;20000095;11000013
2019;1000001143;200000956;25;1;1;1;;00000434;00000002;00000010;00003363;1;0;0;;;1;0;0;0;;0;;;0;1;0;0;20000119;11000016
2019;1000001144;200000957;45;2;3;1;;00005335;00000002;00000012;00005333;2;0;0;0;;;;;;0;;;;0;1;0;0;20000027;11000003
2019;1000001145;200000958;12;2;3;1;;00003407;00000001;;;1;0;0;;;;;;;;;;;0;1;0;0;20000133;11000018
2019;1000001146;200000959;11;2;3;1;;00004137;00000002;00000018;;1;0;0;;;;0;;;0;;;;0;1;0;0;20000165;11000023
2019;1000001147;200000960;14;2;1;1;;00000165;00000002;00000016;00001786;1;0;0;0;0;;0;;;;0;;0;0;0;0;0;20000156;11000022
2019;1000001148;200000961;15;1;0;1;;00002008;00000002;00000004;00004065;1;0;0;;0;;;;;;;;;0;1;1;0;20000037;11000005
2019;1000001149;200000962;10;2;0;1;;00002698;00000001;;;1;0;0;;;1;;0;;;;;;0;1;0;0;20000050;11000007
2019;1000001150;200000963;4;2;2;1;;00003719;00000002;00000005;;1;0;0;;;;;;;;;;;0;1;0;0;20000100;11000014
2019;1000001151;200000964;8;2;0;1;;00003199;00000001;00000009;;1;0;0;;;;;;;;;;;0;1;0;0;20000083;11000011
2019;1000001152;200000965;15;2;0;1;;00002753;00000002;;00000506;1;0;0;;;;;;;;;;;0;1;0;0;20000127;11000018
2019;1000001153;200000966;13;1;3;1;;00000245;00000001;00000024;00003136;1;0;0;;;;;0;;;;;;0;1;0;0;20000081;11000011
2019;1000001154;200000967;11;1;1;1;;00001982;00000002;00000003;;1;0;0;;0;;;;;0;;;;0;1;0;0;20000108;11000015
2019;1000001155;200000968;15;1;1;1;;00002575;00000001;00000003;00002761;1;0;0;;;;;;;;;0;;0;0;0;0;20000174;11000024
2019;1000001156;200000969;9;2;1;1;;00001607;00000001;00000020;00000148;1;0;1;0;0;;;;0;0;;0;;0;1;0;;20000068;11000009
2019;1000001157;200000970;10;2;3;1;;00005204;00000002;00000019;00003809;1;0;0;;;;;;;;;;;0;1;0;0;20000053;11000007
2019;1000001158;200000971;16;2;1;1;;00005087;00000002;;00002481;2;0;0;0;;0;;0;;;;;;0;;0;1;20000013;11000001
2019;1000001159;200000972;11;2;1;1;;00003237;00000002;00000023;00000454;2;0;0;;;;;;0;;;;;0;1;1;0;20000095;11000013
2019;1000001160;200000973;13;1;3;1;;00000475;00000002;;00005134;1;0;0;;;;;;0;;;;;0;1;0;0;20000092;11000013
2019;1000001161;200000974;7;1;3;1;;00003967;00000002;00000008;00002357;1;0;0;;;;;;;;;;;0;;0;0;20000068;11000009
2019;1000001162;200000975;11;2;0;1;;00002562;00000002;00000015;;1;0;0;;;1;;0;;;;;;0;1;0;0;20000054;11000007
2019;1000001163;200000976;13;2;3;1;;00003001;00000002;00000013;00001502;1;0;0;;;1;;;;;;;;0;1;0;0;20000095;11000013
2019;1000001164;200000977;7;1;3;1;;00002368;00000002;00000009;00004509;1;0;0;;;;;;0;;;;;0;1;0;0;20000082;11000011
2019;1000001165;200000978;15;1;0;1;;00004033;00000002;00000003;;2;0;0;;;;;;;;;;0;;1;0;0;20000161;11000022
2019;1000001166;200000979;5;1;1;1;;00003458;00000002;00000007;00004530;1;0;0;;;;;;;0;;;;0;1;0;;20000101;11000014
2019;1000001167;200000980;14;1;0;1;;00001761;00000001;00000016;00003611;2;0;0;;;;;;;;;;;0;1;0;0;20000143;11000020
2019;1000001168;200000981;14;1;0;1;;00004525;00000002;00000020;00002298;1;0;0;;;;0;;;;;0;;;1;;0;20000216;11000030
2019;1000001169;200000982;12;2;1;1;;00004624;00000001;00000015;00001646;1;0;0;0;;;;;0;;;;0;0;1;0;0;20000035;11000004
2019;1000001170;200000983;11;1;1;1;;00000048;00000001;00000020;00005363;1;0;1;;;;;;;;;;;0;1;0;0;20000136;11000019
2019;1000001171;200000984;12;2;3;1;;00001837;00000001;00000027;00000419;1;0;0;;;;;;;;;;0;0;1;0;0;20000072;11000010
2019;1000001172;200000985;13;1;0;1;;00004385;00000001;;00004435;1;0;1;;;;;;0;;0;;;0;1;0;0;20000137;11000019
2019;1000001173;200000986;13;2;1;1;;;00000001;00000026;00004486;2;0;0;;;;;0;0;;;;;0;1;1;0;20000191;11000027
2019;1000001174;200000987;5;1;3;1;;00000971;00000001;00000005;00001707;1;0;0;0;;;;;;;0;;;0;1;0;0;20000214;11000030
2019;1000001175;200000988;4;2;3;1;;00003104;00000001;00000022;00000349;1;0;1;;;;;;;;;;;0;1;0;0;20000173;11000024
2019;1000001176;200000989;4;1;0;1;;00005282;00000001;00000023;;1;0;0;0;;;;0;;;;;;0;1;0;0;20000073;11000010
2019;1000001177;200000990;16;1;0;1;;00003143;00000001;;00003253;2;0;1;;;;;;;;0;;;0;1;0;0;20000124;11000017
2019;1000001178;200000991;8;1;0;1;;00002720;00000001;;;1;0;0;;;1;0;;;;;;;0;0;0;0;20000031;11000004
2019;1000001179;200000992;16;1;1;1;;00003704;00000002;00000012;;1;0;0;;;;0;;0;;;;;0;1;0;0;20000197;11000028
2019;1000001180;200000993;7;2;0;1;;00005356;00000002;00000026;00001513;2;0;0;;;;;;0;;;0;;0;1;0;0;20000074;11000010
2019;1000001181;200000994;7;2;3;1;;00002912;00000002;00000022;;1;0;0;0;1;;;;0;;0;0;;0;1;0;0;20000215;11000030
2019;1000001182;200000995;13;1;0;1;;00002579;00000002;00000012;;1;0;0;0;;1;;;;;;;;0;1;0;0;20000071;11000010
2019;1000001183;200000996;5;1;3;1;;00002560;00000002;00000017;00003295;1;0;1;;;;;0;;;;;;0;1;0;0;20000020;11000002
2019;1000001184;200000997;4;2;1;1;;00004378;00000001;00000005;00005322;1;0;0;;1;;0;;;;;;;0;1;0;0;20000069;11000009
2019;1000001185;200000998;18;1;1;1;;00000750;00000001;00000012;00005384;1;1;0;;;;;;;0;;0;;0;1;0;0;20000125;11000017
2019;1000001186;200000999;15;2;1;1;;00000973;00000001;00000020;00005302;1;0;0;;0;;;;;;0;;;0;1;0;0;20000145;11000020
2019;1000001187;200001000;4;2;1;1;;00004048;00000002;00000008;;1;0;0;;;;;;;;;0;;0;1;0;0;20000015;11000002
