NU_ANO;CO_PESSOA_FISICA;ID_MATRICULA;NU_IDADE_REFERENCIA;TP_SEXO;TP_COR_RACA;TP_NACIONALIDADE;CO_UF_NASC;CO_MUNICIPIO_NASC;CO_PAIS_RESIDENCIA;CO_UF_END;CO_MUNICIPIO_END;TP_ZONA_RESIDENCIAL;IN_NECESSIDADE_ESPECIAL;IN_TRANSPORTE_PUBLICO;IN_TRANSP_BICICLETA;IN_TRANSP_MICRO_ONIBUS;IN_TRANSP_ONIBUS;IN_TRANSP_TR_ANIMAL;IN_TRANSP_VANS_KOMBI;IN_TRANSP_OUTRO_VEICULO;IN_TRANSP_EMBAR_ATE5;IN_TRANSP_EMBAR_5A15;IN_TRANSP_EMBAR_15A35;IN_TRANSP_EMBAR_35;IN_ESPECIAL_EXCLUSIVA;IN_REGULAR;IN_EJA;IN_PROFISSIONALIZANTE;ID_TURMA;CO_ENTIDADE
2018;1000000000;100000001;20;1;1;1;;00004083;00000001;00000010;00004637;1;0;0;0;;;;;;;;;;0;1;0;0;10000050;11000007
2018;1000000001;100000002;22;2;2;1;;00004803;00000002;00000023;;1;0;1;;;;;;;0;0;;;0;1;0;0;10000021;11000002
2018;1000000002;100000003;12;1;1;1;;00003565;00000001;00000004;;1;0;0;;;;0;;0;;;0;;0;1;1;1;10000020;11000002
2018;1000000004;100000004;7;1;3;1;;00002096;00000002;00000011;00003331;1;0;0;0;;;;;;;;;;0;1;0;0;10000117;11000016
2018;1000000005;100000005;8;2;1;1;;00002856;00000002;00000011;;2;0;0;0;0;;;;0;;;;;0;1;0;0;10000092;11000013
2018;1000000006;100000006;5;2;3;1;;00002626;00000002;00000019;;1;0;0;;;;;;;0;;;0;0;1;0;0;10000140;11000019
2018;1000000007;100000007;15;2;3;1;;00003906;00000002;00000003;00001775;1;0;0;0;;;;;;;;;0;0;1;;0;10000127;11000018
2018;1000000008;100000008;7;1;3;1;;00002785;00000001;;00000217;1;0;0;;;1;;;;;;;0;0;1;0;0;10000030;11000004
2018;1000000009;100000009;6;1;0;1;;00002980;00000001;;;1;0;0;;;;;;;0;;;;0;1;1;;10000067;11000009
2018;1000000010;100000010;9;2;1;1;;00004608;00000002;;;2;1;0;;;;;;;;0;0;;0;1;0;0;10000212;11000030
2018;1000000011;100000011;6;2;3;1;;00003552;00000001;;00001743;1;0;0;;0;0;0;;;;;;;0;1;0;0;10000085;11000012
2018;1000000012;100000012;21;2;1;1;;00001131;00000002;;00003785;2;0;1;;1;;;;;;;;;0;0;0;0;10000031;11000004
2018;1000000013;100000013;11;2;1;1;;00003821;00000001;00000016;00002981;1;0;0;0;;;;;;;;;;0;1;0;0;10000141;11000020
2018;1000000015;100000014;22;1;0;1;;00001005;00000001;;00001878;1;0;0;;;;0;;;0;;;0;0;1;;0;10000020;11000002
2018;1000000016;100000015;36;2;3;1;;00000927;00000001;00000012;00003336;1;0;0;;;0;;0;;;;;;0;1;0;0;10000131;11000018
2018;1000000017;100000016;13;1;0;1;;00000100;00000001;;;1;0;1;;;;;;;;0;;0;0;0;0;0;10000089;11000012
2018;1000000018;100000017;9;1;0;1;;00002987;00000002;;00004150;1;0;0;;;;;;;;0;;;;1;0;0;10000087;11000012
2018;1000000019;100000018;17;1;1;1;;00001549;00000001;00000008;00004170;1;0;0;;;;;0;;;;;;0;1;0;0;10000087;11000012
2018;1000000020;100000019;20;2;3;1;;00004770;00000001;00000027;00003673;1;0;0;;;0;;;0;;;;0;0;1;0;0;10000021;11000002
2018;1000000021;100000020;15;2;1;1;;00003750;00000001;00000016;;1;0;0;;;;;;0;;;;;0;1;0;0;10000010;11000001
2018;1000000022;100000021;46;2;0;1;;00002498;00000001;;00000011;1;0;0;;;;;0;;0;;0;;0;1;1;0;10000187;11000026
2018;1000000023;100000022;24;1;1;1;;00005307;00000002;;;2;0;0;0;;;;;;;;;;0;1;0;0;10000187;11000026
2018;1000000025;100000023;8;1;3;1;;00003029;00000001;;;1;0;0;0;0;;;;;;0;0;;0;1;1;0;10000215;11000030
2018;1000000026;100000024;16;2;3;1;;00005184;00000001;00000021;00001177;1;0;1;;;;;1;;;;0;;0;1;0;0;10000047;11000006
2018;1000000027;100000025;20;2;0;1;;00000202;00000002;00000022;00000537;2;0;0;;;;;;;0;;;;0;1;0;0;10000160;11000022
2018;1000000028;100000026;9;1;1;1;;00002640;00000001;;00004354;1;0;0;;0;;;;;;0;;;0;1;0;0;10000208;11000029
2018;1000000029;100000027;4;1;1;1;;00003110;00000002;00000013;00001714;1;0;0;;;;;;;0;;;0;0;0;0;0;10000114;11000016
2018;1000000030;100000028;5;2;0;1;;00005083;00000001;00000010;00003478;1;1;0;;;0;;;;;;;;0;0;0;1;10000021;11000002
2018;1000000031;100000029;18;2;0;1;;00001387;00000001;;00003602;1;0;0;0;0;;;;;;;;;0;1;0;0;10000115;11000016
2018;1000000032;100000030;16;2;0;1;;00003619;00000002;;00000915;1;0;0;;;1;;;;;;;;0;1;0;0;10000186;11000026
2018;1000000033;100000031;6;2;0;1;;00000560;00000002;00000006;;1;0;1;;;1;0;;;;;;0;0;1;0;0;10000152;11000021
2018;1000000035;100000032;4;2;1;1;;00001809;00000002;00000013;00003614;2;0;0;;;0;0;;;;;;;0;1;0;0;10000202;11000028
2018;1000000036;100000033;14;2;1;1;;00000399;00000001;00000014;00005006;1;0;0;;0;;0;;0;;;;;0;1;0;0;10000081;11000011
2018;1000000037;100000034;11;1;3;1;;00002984;00000001;00000024;00003283;1;0;0;;;;;;;0;;;;0;1;0;0;10000018;11000002
2018;1000000038;100000035;20;1;1;1;;00000643;00000002;00000010;;1;0;0;;;;;;;;;1;;0;1;0;0;10000157;11000022
2018;1000000039;100000036;17;1;1;1;;00003637;00000002;00000015;00001254;1;0;0;;;1;;0;0;;;;;0;1;0;;10000124;11000017
2018;1000000040;100000037;16;1;1;1;;00003970;00000001;;;1;0;0;0;;;;;0;;;;;0;1;0;0;10000216;11000030
2018;1000000041;100000038;16;2;3;1;;00002484;00000002;00000016;00004806;1;0;0;;;;;;;;;;0;0;1;0;0;10000019;11000002
2018;1000000042;100000039;14;2;1;1;;00003880;00000002;;;1;0;0;;;0;;;;;;0;;0;1;0;0;10000137;11000019
2018;1000000044;100000040;16;2;3;1;;00004056;00000002;00000020;00001955;1;0;0;;;;;;;;;;;0;1;0;0;10000086;11000012
2018;1000000045;100000041;4;2;1;1;;00005476;00000001;;00004589;1;0;1;;;;;;;;;0;;0;1;0;;10000094;11000013
2018;1000000046;100000042;4;1;0;1;;00001417;00000002;;00001415;1;0;0;;;1;0;;;;;;;0;1;0;0;10000168;11000023
2018;1000000047;100000043;7;2;1;1;;00003558;00000002;00000027;;1;0;0;;0;1;;;;;;;;;1;0;0;10000061;11000008
2018;1000000048;100000044;33;2;0;1;;00000097;00000001;00000021;00001095;1;0;0;;;;;;;0;;;;;1;0;0;10000079;11000011
2018;1000000049;100000045;7;1;1;1;;00004387;00000002;00000007;00001030;1;0;0;;;;;;;;;;0;0;1;0;0;10000069;11000009
2018;1000000050;100000046;10;1;0;1;;00002376;00000001;00000022;00002910;1;0;0;;;1;;;;0;;;;0;;0;0;10000202;11000028
2018;1000000051;100000047;10;2;1;1;;00005337;00000001;00000003;;2;0;0;;0;;0;;;;;;;0;1;0;0;10000179;11000025
2018;1000000052;100000048;16;2;0;1;;00002483;00000002;;;1;0;0;;;;;;0;;;;;0;1;0;;10000037;11000005
2018;1000000053;100000049;18;1;0;1;;00003409;00000001;00000014;;2;0;0;;;;;;0;;0;;;0;1;0;1;10000209;11000029
2018;1000000054;100000050;14;1;0;1;;00003878;00000001;00000017;00004939;1;0;0;;;;;;;;0;;;;1;0;0;10000132;11000018
2018;1000000055;100000051;5;1;1;1;;00004223;00000001;00000016;00002815;1;0;0;;;;0;;;;;;;;1;0;;10000188;11000026
2018;1000000056;100000052;6;1;0;1;;00001868;00000001;;;1;0;0;;;;;;;;;0;;0;1;0;1;10000149;11000021
2018;1000000057;100000053;15;2;3;1;;00002517;00000002;00000023;;1;1;0;;;;0;;;;;;;0;0;0;0;10000016;11000002
2018;1000000058;100000054;12;2;1;1;;00005478;00000002;;00002731;1;0;1;;;;;0;;;;;0;0;0;0;0;10000208;11000029
2018;1000000059;100000055;8;1;0;1;;00001397;00000002;00000017;00005180;2;0;0;0;;;;;;;;;0;0;1;0;0;10000185;11000026
2018;1000000060;100000056;6;1;1;1;;00002135;00000001;;00004564;1;0;0;;;1;;;;0;;;;0;1;0;0;10000031;11000004
2018;1000000061;100000057;41;2;0;1;;00005284;00000001;00000003;00001291;1;0;1;;;;;;;;;;;0;1;0;0;10000012;11000001
2018;1000000062;100000058;5;1;3;1;;00005233;00000001;;00004681;1;0;0;;;;;;;;;;;0;1;0;0;10000161;11000022
2018;1000000063;100000059;17;1;3;1;;00001048;00000002;;00001164;1;0;0;;;1;0;;;;;;;0;1;0;0;10000059;11000008
2018;1000000064;100000060;4;1;3;1;;00000217;00000002;00000001;00002667;2;0;0;;;;;;;;0;;;0;1;0;0;10000045;11000006
2018;1000000065;100000061;15;1;3;1;;00002416;00000002;;00002093;1;0;0;0;1;;;;;;;;;0;1;;0;10000176;11000025
2018;1000000066;100000062;12;2;3;1;;00004404;00000002;;;2;0;0;;;;;;;;;;;0;1;0;0;10000052;11000007
2018;1000000067;100000063;4;1;3;1;;00001644;00000002;;00004938;2;0;0;;;;;;;;;0;;0;1;0;0;10000039;11000005
2018;1000000068;100000064;6;2;0;1;;00000430;00000001;;00003288;1;0;0;;0;;0;;;;;;;0;1;0;1;10000205;11000029
2018;1000000069;100000065;11;1;0;1;;00000893;00000001;00000011;00004686;2;0;0;;;;;0;;;0;;;0;1;0;0;10000179;11000025
2018;1000000070;100000066;14;2;1;1;;00000936;00000001;00000025;00002961;2;0;0;;;;;;;;;;;0;1;0;0;10000001;11000000
2018;1000000071;100000067;15;2;0;1;;00001405;00000002;00000024;00002325;1;0;0;;;;;;;;;;;;0;;1;10000206;11000029
2018;1000000072;100000068;11;2;3;1;;00003801;00000001;;;1;0;0;;;;0;;;;;0;;0;;0;0;10000007;11000000
2018;1000000073;100000069;9;1;3;1;;00001195;00000001;00000009;;1;0;0;;;;;0;;;;;;0;1;0;0;10000086;11000012
2018;1000000074;100000070;11;2;0;1;;00003895;00000001;00000021;00001531;1;0;0;;1;1;;;;;;;;0;1;1;0;10000207;11000029
2018;1000000075;100000071;6;2;2;1;;00000514;00000001;;;1;0;0;;;;;;;;;;;0;1;1;0;10000124;11000017
2018;1000000076;100000072;14;2;0;1;;00005235;00000002;00000011;00004343;1;0;0;;;;;0;;;;;;0;1;0;0;10000209;11000029
2018;1000000077;100000073;10;1;0;1;;00000457;00000002;;00000258;1;0;1;;;1;;;;0;0;;;0;0;0;0;10000015;11000002
2018;1000000078;100000074;8;1;0;1;;00005317;00000001;;00005085;1;0;0;;;;;;;0;;;;0;1;0;0;10000039;11000005
2018;1000000079;100000075;14;2;0;1;;00000836;00000001;;00002522;1;0;1;;;;;;;;;;;0;1;0;0;10000099;11000014
2018;1000000080;100000076;17;1;3;1;;00004224;00000002;;;1;0;0;0;0;;0;0;;;;0;;0;1;0;0;10000140;11000019
2018;1000000081;100000077;15;2;1;1;;00001095;00000001;00000021;00001969;1;0;0;0;;;;;;;0;;;0;1;0;0;10000063;11000008
2018;1000000082;100000078;10;2;3;1;;00004935;00000002;00000013;00003562;1;0;0;;;;;;;;;;;0;1;0;1;10000039;11000005
2018;1000000083;100000079;7;2;0;1;;00003265;00000002;00000025;00000430;1;0;0;;;1;;0;;;0;;;0;1;0;0;10000124;11000017
2018;1000000084;100000080;18;1;3;1;;00001762;00000001;;00005052;1;0;0;;;;;;0;;;;;0;1;0;0;10000115;11000016
2018;1000000085;100000081;17;1;0;1;;00002739;00000001;00000022;00002616;2;1;0;;;;;;;;;;;0;1;0;;10000096;11000013
2018;1000000086;100000082;11;1;3;1;;00002963;00000002;00000010;00003578;1;0;1;;;;0;;;0;;;;0;1;0;0;10000179;11000025
2018;1000000087;100000083;13;1;3;1;;00003070;00000002;00000026;;1;0;0;;;;;1;0;;;0;;0;0;0;0;10000032;11000004
2018;1000000088;100000084;13;1;3;1;;00003521;00000001;00000024;;1;0;0;;;;0;;;;;;;0;1;0;0;10000208;11000029
2018;1000000089;100000085;12;2;3;1;;00001945;00000002;;00004763;1;0;0;;;;;;;;;0;0;0;1;;0;10000139;11000019
2018;1000000090;100000086;7;1;3;1;;00002606;00000001;00000019;00001428;1;0;0;0;0;;0;;;;0;;;0;1;0;0;10000181;11000025
2018;1000000091;100000087;14;2;3;1;;00000538;00000002;00000020;00000910;2;0;0;;;;;;;;;;;0;1;1;0;10000129;11000018
2018;1000000092;100000088;11;1;3;1;;00001589;00000001;;00003714;1;1;0;0;;;;;;;;0;;0;0;0;;10000012;11000001
2018;1000000093;100000089;21;1;3;1;;00002562;00000002;00000017;00002340;1;0;1;;;1;;;;0;;;0;0;1;0;0;10000168;11000023
2018;1000000094;100000090;4;2;3;1;;00002303;00000002;;;1;0;1;;;;;;;;;;0;0;1;1;0;10000138;11000019
2018;1000000095;100000091;5;2;1;1;;00001050;00000001;;;1;0;1;0;1;;;0;;;;;;0;1;0;0;10000090;11000012
2018;1000000096;100000092;10;1;1;1;;00005169;00000002;00000009;00002096;1;0;0;;;;0;;;;0;;;0;0;0;0;10000023;11000003
2018;1000000097;100000093;8;1;0;1;;00001460;00000001;;00002974;2;0;0;;;;;;;0;;;;0;1;0;0;10000201;11000028
2018;1000000098;100000094;5;1;1;1;;00003362;00000001;00000024;00000087;1;0;0;;;0;0;;;;;;0;0;1;0;0;10000068;11000009
2018;1000000099;100000095;7;2;1;1;;00002711;00000001;;00002747;2;0;0;;;;;;;;;0;;0;1;0;0;10000034;11000004
2018;1000000100;100000096;7;2;0;1;;00001748;00000002;;00000172;1;0;0;;;;;;;;;;;0;1;0;0;10000008;11000001
2018;1000000101;100000097;11;1;3;1;;00001436;00000002;00000009;00000418;1;0;0;;;;;;;;;;;0;1;0;0;10000151;11000021
2018;1000000102;100000098;11;2;0;1;;00005476;00000001;00000003;00003769;1;0;0;0;;;;;;;;;;0;1;0;0;10000177;11000025
2018;1000000103;100000099;16;1;1;1;;00003755;00000001;;00001489;1;0;0;;;;;;;;;;;0;1;0;0;10000006;11000000
2018;1000000104;100000100;23;1;3;1;;00000311;00000001;;00002888;1;0;0;;;;;;;;;0;;0;1;0;0;10000165;11000023
2018;1000000105;100000101;29;2;3;1;;00001603;00000002;00000013;00003637;1;1;0;;;1;;0;;0;;;;0;1;0;0;10000121;11000017
2018;1000000106;100000102;5;1;1;1;;00003664;00000002;;00003805;2;0;1;;0;;;;;;;;;0;1;0;0;10000154;11000021
2018;1000000107;100000103;5;2;0;1;;00000962;00000001;;00002798;1;0;0;;0;;;;;;;;0;0;1;0;0;10000074;11000010
2018;1000000108;100000104;8;1;5;1;;00005413;00000001;;00005362;1;0;0;;;;;;0;0;;;0;0;1;0;0;10000130;11000018
2018;1000000109;100000105;14;1;3;1;;00004893;00000001;00000024;00003435;1;0;0;0;;1;0;;;;;;;0;1;1;0;10000019;11000002
2018;1000000110;100000106;17;1;3;1;;00001604;00000002;00000023;;1;0;0;;;;;;;;;;;0;1;0;0;10000158;11000022
2018;1000000111;100000107;4;1;1;1;;00004255;00000002;00000027;;1;0;0;;;;0;;;;0;;;0;1;0;;10000111;11000015
2018;1000000112;100000108;5;2;0;1;;00002099;00000001;00000014;00001213;1;0;0;0;;;0;;;;;0;;0;1;0;0;10000214;11000030
2018;1000000113;100000109;9;2;3;1;;00002139;00000001;00000027;00002184;1;0;0;;;;0;;;0;;;;;1;0;0;10000217;11000030
2018;1000000114;100000110;8;1;3;1;;00005015;00000001;00000005;00004328;1;0;0;;;;;;0;;;;;0;1;0;0;10000092;11000013
2018;1000000115;100000111;8;2;3;1;;00001557;00000002;00000001;00001955;1;0;0;;;;;;;;0;;;0;1;0;;10000209;11000029
2018;1000000116;100000112;14;1;0;1;;00001973;00000002;;;1;0;0;;;;;;;0;;;;0;1;0;0;10000078;11000011
2018;1000000118;100000113;17;2;0;1;;00000118;00000002;00000014;;2;0;0;;;;;;0;;;0;;0;1;0;0;10000025;11000003
2018;1000000119;100000114;4;1;1;1;;00003506;00000001;00000014;00000297;1;0;0;0;;;;;;;;;;0;0;0;0;10000068;11000009
2018;1000000120;100000115;10;2;3;1;;00005327;00000002;00000002;00005312;1;0;1;;;;;;;;;0;0;0;1;0;0;10000078;11000011
2018;1000000121;100000116;16;1;3;1;;00003181;00000001;00000026;00003505;1;0;0;;;;;;;;;;;0;1;0;0;10000004;11000000
2018;1000000122;100000117;17;1;0;1;;00005451;00000001;00000014;;1;0;0;;;;;;;0;;;;0;1;;0;10000059;11000008
2018;1000000123;100000118;17;2;1;1;;00003196;00000001;;00002597;1;0;0;0;;;;;;;;;0;0;1;0;0;10000050;11000007
2018;1000000124;100000119;6;1;0;1;;00002578;00000002;00000026;;1;0;0;;;;;;;;0;;;0;1;0;0;10000132;11000018
2018;1000000125;100000120;16;1;1;1;;00004255;00000002;;00000236;1;0;0;;;;;;;;;;0;0;1;0;0;10000021;11000002
2018;1000000126;100000121;4;2;0;1;;00003285;00000002;00000003;00003154;1;0;1;;0;1;;;;0;0;;;0;1;0;0;10000059;11000008
2018;1000000127;100000122;29;1;0;1;;00005557;00000002;00000006;00004263;1;0;0;;;;;;0;;;0;;0;1;0;0;10000125;11000017
2018;1000000128;100000123;11;2;3;1;;00002273;00000001;;00000196;2;0;0;;0;;;;;;;0;;0;1;;0;10000065;11000009
2018;1000000129;100000124;5;2;1;1;;00001155;00000001;00000006;00003588;1;1;0;;;;;;;;;0;;0;1;0;0;10000213;11000030
2018;1000000130;100000125;20;2;1;1;;00000823;00000001;00000015;00003477;2;0;1;;;;;;;0;;;0;0;1;0;0;10000209;11000029
2018;1000000131;100000126;17;2;3;1;;00002459;00000001;;00004054;1;0;0;0;;;0;0;;;;0;;0;1;0;0;10000046;11000006
2018;1000000132;100000127;7;1;0;1;;00001326;00000001;00000021;00003508;2;0;0;;;;0;;0;;;;;0;1;0;0;10000062;11000008
2018;1000000133;100000128;22;1;2;1;;00003488;00000002;00000005;;1;0;0;;;;0;;;;0;;;0;0;0;0;10000144;11000020
2018;1000000134;100000129;4;2;1;1;;00002666;00000002;00000007;00000162;1;0;0;;;;;0;;;;0;;0;1;0;;10000165;11000023
2018;1000000135;100000130;17;1;0;1;;00003741;00000002;00000019;00000257;1;0;0;;;1;0;0;0;;;;;0;1;0;0;10000126;11000017
2018;1000000136;100000131;18;1;3;1;;00003142;00000001;;00003985;2;0;0;0;;;;;;0;;;;0;1;1;0;10000047;11000006
2018;1000000137;100000132;13;2;1;1;;00001970;00000001;00000008;;1;0;0;;;;0;0;;;0;;0;0;1;0;0;10000048;11000006
2018;1000000138;100000133;5;2;1;1;;00001098;00000001;00000025;00005015;1;0;0;;0;;0;;;0;;;;0;0;;0;10000195;11000027
2018;1000000139;100000134;7;2;3;1;;00001494;00000001;;00002812;1;0;0;;1;;;;;;;0;;0;1;0;0;10000115;11000016
2018;1000000140;100000135;15;1;3;1;;00003216;00000002;;00002330;1;0;0;;;;;;;;;0;;0;1;0;1;10000152;11000021
2018;1000000141;100000136;13;1;1;1;;00002294;00000001;;;1;1;0;;0;;;;;;;0;;0;1;0;;10000046;11000006
2018;1000000142;100000137;9;1;3;1;;00003681;00000002;;00000918;1;0;0;;;;;;;0;0;;;;1;0;0;10000139;11000019
2018;1000000143;100000138;18;1;2;1;;00002470;00000002;00000021;;1;0;0;;;;;0;;;;;;0;1;0;0;10000043;11000006
2018;1000000144;100000139;5;2;1;1;;00004217;00000002;00000007;00001340;1;0;0;;;;;;;;;;;0;1;0;0;10000036;11000005
2018;1000000145;100000140;18;2;3;1;;00003743;00000001;00000001;00002867;1;0;0;;0;;0;;;0;;;;0;0;0;0;10000046;11000006
2018;1000000146;100000141;15;2;0;1;;00000195;00000001;;00002253;1;0;0;;0;;;0;;;;;;0;1;0;0;10000127;11000018
2018;1000000147;100000142;23;2;1;1;;00005480;00000001;00000001;00000722;1;0;0;;0;;0;;;;;;;0;1;0;0;10000081;11000011
2018;1000000148;100000143;12;1;1;1;;00002185;00000002;00000021;;2;0;0;;;;;0;;;;;;0;1;0;0;10000106;11000015
2018;1000000149;100000144;15;2;1;1;;00000714;00000001;00000003;00004368;1;1;1;;;;;;0;;;;0;0;1;0;0;10000128;11000018
2018;1000000150;100000145;6;2;0;1;;00000839;00000002;;;1;0;0;;;;0;;0;0;;;;0;0;0;0;10000168;11000023
2018;1000000151;100000146;10;2;1;1;;00002119;00000002;00000017;00002754;1;0;0;;;;;;;;0;;;0;1;0;0;10000185;11000026
2018;1000000152;100000147;18;1;3;1;;00000519;00000001;;00001596;1;1;1;;;;0;;;;;;;0;1;0;0;10000065;11000009
2018;1000000153;100000148;16;1;1;1;;00004573;00000001;00000007;00005121;1;0;0;;;;0;;;;;0;;0;1;0;0;10000209;11000029
2018;1000000154;100000149;6;2;0;1;;00003505;00000001;00000008;00003840;1;0;0;;;;;0;;;;;;;1;0;0;10000050;11000007
2018;1000000156;100000150;15;1;0;1;;00001073;00000001;00000025;;1;0;1;;;1;;;;;;;;0;1;0;0;10000137;11000019
2018;1000000157;100000151;14;2;0;1;;00000504;00000001;00000026;00000826;2;0;0;;;1;0;;;;0;0;;0;1;0;0;10000091;11000012
2018;1000000158;100000152;15;2;0;1;;00003899;00000002;;00002204;1;1;0;;;;0;;0;;;;;0;1;0;0;10000105;11000014
2018;1000000159;100000153;6;1;3;1;;00004258;00000001;00000020;00003449;1;0;0;;;;;;;0;0;;;0;1;0;0;10000125;11000017
2018;1000000160;100000154;21;1;1;1;;00002790;00000001;;00004125;1;0;0;;;;;;0;;;;;;1;0;0;10000070;11000009
2018;1000000162;100000155;17;1;0;1;;00005549;00000002;00000015;;1;0;0;;0;;;0;;;;0;;0;1;0;0;10000093;11000013
2018;1000000163;100000156;11;1;1;1;;00001797;00000001;00000021;00003802;1;0;0;;;;;;;;;;;0;1;0;0;10000200;11000028
2018;1000000164;100000157;8;2;3;1;;00001528;00000001;;00002077;1;0;0;;;0;;;;;;;;;0;0;0;10000167;11000023
2018;1000000165;100000158;15;2;0;1;;00004399;00000001;00000011;;1;0;1;;0;;;;;;;0;0;0;1;0;0;10000131;11000018
2018;1000000167;100000159;12;1;3;1;;00004383;00000001;00000013;00000786;2;0;0;;;1;;;;;;0;;0;1;0;0;10000203;11000028
2018;1000000168;100000160;13;1;3;1;;00001161;00000001;;00004503;1;1;1;;;;;;;;;;;0;1;0;0;10000080;11000011
2018;1000000169;100000161;15;1;1;1;;00002114;00000002;00000019;00005035;1;0;0;;;1;;;;;;0;0;0;;0;0;10000212;11000030
2018;1000000170;100000162;5;1;1;1;;00004059;00000001;00000023;00001729;1;0;1;0;1;;;;;;;;;0;1;0;0;10000078;11000011
2018;1000000171;100000163;16;1;0;1;;00002454;00000001;00000018;00002122;1;0;0;;;;;;;0;0;;;0;1;0;0;10000176;11000025
2018;1000000172;100000164;16;1;3;1;;00002445;00000002;;00002462;1;0;1;;1;;;;;0;;;;0;1;0;0;10000150;11000021
2018;1000000173;100000165;9;2;0;1;;00003662;00000001;00000004;00003336;1;0;0;;;;;;;;;;;0;1;0;0;10000032;11000004
2018;1000000175;100000166;15;1;1;1;;00005506;00000001;;;1;0;0;;;1;;0;;0;0;;;0;1;0;0;10000093;11000013
2018;1000000176;100000167;4;2;1;1;;00002324;00000002;00000014;00000790;2;0;0;;;;;;;;;;;0;1;0;0;10000130;11000018
2018;1000000177;100000168;17;1;1;1;;00001439;00000001;00000004;;1;0;1;;;1;;;;0;;;;0;1;0;1;10000129;11000018
2018;1000000178;100000169;18;2;0;1;;00001353;00000001;;00005417;1;0;1;;;;;;;;0;;;0;1;0;0;10000168;11000023
2018;1000000179;100000170;5;1;0;1;;00002894;00000002;;00003924;1;0;0;;;;;;;;;;;0;1;0;0;10000022;11000003
2018;1000000180;100000171;4;2;0;1;;00003378;00000001;00000025;00004932;1;0;1;;;;0;;;;;;;0;1;;0;10000201;11000028
2018;1000000181;100000172;19;2;1;1;;00003790;00000002;00000002;00003298;1;0;0;;;;;;;;;0;;0;1;0;0;10000041;11000005
2018;1000000183;100000173;12;2;0;1;;00005313;00000001;00000005;00004614;1;0;0;;;1;;0;;0;0;;;0;1;0;0;10000213;11000030
2018;1000000184;100000174;5;1;3;1;;00004017;00000001;00000023;;1;0;1;0;;1;;;;;;;;0;1;0;1;10000002;11000000
2018;1000000185;100000175;5;2;2;1;;00000993;00000002;00000024;00005483;1;0;0;;;;;;;;;0;;0;1;0;0;10000071;11000010
2018;1000000186;100000176;4;1;0;1;;00005564;00000002;00000022;;1;0;0;0;;;;;;;0;;;0;1;0;0;10000160;11000022
2018;1000000187;100000177;18;1;1;1;;00001605;00000002;00000014;;1;0;1;;;;;;;0;;0;;0;1;0;0;10000063;11000008
2018;1000000188;100000178;15;2;1;1;;00004387;00000002;00000005;00002904;1;0;0;;0;0;;;;;0;;;0;1;0;0;10000119;11000016
2018;1000000189;100000179;12;1;0;1;;00002378;00000001;00000017;;1;0;0;;;;;;;;;0;;0;;0;0;10000037;11000005
2018;1000000190;100000180;11;1;3;1;;00000407;00000001;;00001203;1;0;0;;;;;;0;;;;0;0;1;0;0;10000141;11000020
2018;1000000191;100000181;18;1;0;1;;00003199;00000001;00000024;00001127;1;0;0;;;;;;;0;;;;0;1;0;0;10000150;11000021
2018;1000000192;100000182;15;1;1;1;;00004843;00000001;;00005427;1;0;1;;;;;;;;;;;0;1;0;1;10000175;11000024
2018;1000000194;100000183;13;1;3;1;;00002105;00000001;00000018;00001196;1;0;0;;;;;0;;;;0;;0;1;0;0;10000045;11000006
2018;1000000195;100000184;14;1;0;1;;00004692;00000002;00000026;00002496;1;0;0;0;;;0;;;;0;0;;0;1;0;0;10000168;11000023
2018;1000000196;100000185;8;2;3;1;;00001909;00000002;;00000949;1;0;0;0;0;;;;;;;;;0;1;0;0;10000120;11000017
2018;1000000197;100000186;13;1;3;1;;00004821;00000002;;00003147;1;0;0;;1;1;;;;0;;;;0;1;0;0;10000149;11000021
2018;1000000198;100000187;5;1;3;1;;00003446;00000001;00000012;00005437;1;0;0;;;;0;;;0;0;;;0;1;;0;10000213;11000030
2018;1000000199;100000188;5;2;1;1;;00002362;00000001;00000012;00000100;1;0;0;0;;1;;;;0;;;0;0;1;0;0;10000066;11000009
2018;1000000200;100000189;4;2;3;1;;00001940;00000002;;00001703;2;0;1;;;;;;;;0;;;0;1;0;0;10000097;11000013
2018;1000000201;100000190;8;1;3;1;;00003558;00000001;00000024;;2;0;0;;;1;;0;;;;;;0;1;0;0;10000081;11000011
2018;1000000203;100000191;9;1;0;1;;00005107;00000001;;00002775;1;0;1;;;;;;;;;;;0;1;0;0;10000037;11000005
2018;1000000204;100000192;15;2;1;1;;00003928;00000001;00000008;;1;0;0;;;;;;;;;;;0;1;1;0;10000001;11000000
2018;1000000205;100000193;9;1;3;1;;00004353;00000001;00000002;00000280;1;0;0;;;0;;;;;;0;;0;1;0;0;10000036;11000005
2018;1000000206;100000194;31;1;3;1;;00003452;00000002;00000003;00004567;1;0;0;;;;0;;0;;;;;0;1;1;0;10000209;11000029
2018;1000000207;100000195;9;1;0;1;;00002262;00000002;00000015;00005360;1;0;0;0;;;0;;;;0;;;0;0;1;0;10000208;11000029
2018;1000000208;100000196;11;2;3;1;;00001064;00000002;00000007;00003164;1;0;0;;0;;0;;;;;;0;0;1;0;0;10000215;11000030
2018;1000000209;100000197;12;2;0;1;;00003235;00000002;;00004136;1;0;0;;;;;;0;0;;0;;0;1;0;0;10000176;11000025
2018;1000000210;100000198;8;2;3;1;;00004260;00000002;;00004551;1;1;0;;0;;;;;0;;;;0;1;0;0;10000045;11000006
2018;1000000211;100000199;7;1;0;1;;00000929;00000002;;;2;0;0;;;;;;;;0;;;0;1;1;0;10000123;11000017
2018;1000000212;100000200;10;2;1;1;;00004081;00000001;00000017;00001698;1;0;1;;;;;;;;;;;0;1;0;0;10000048;11000006
2018;1000000213;100000201;14;1;1;1;;00003708;00000001;;00000569;1;0;0;;;1;;;;0;;;;0;1;0;0;10000158;11000022
2018;1000000214;100000202;9;1;0;1;;00002591;00000002;00000008;00003469;1;0;0;;;;0;;;;;0;;0;1;1;;10000067;11000009
2018;1000000215;100000203;4;1;3;1;;00001039;00000002;00000013;00005173;1;0;0;;;;;;;;;;;0;1;0;0;10000199;11000028
2018;1000000216;100000204;17;2;3;1;;00005261;00000002;00000008;00002417;1;0;0;0;;1;;0;;;;;;0;1;;0;10000136;11000019
2018;1000000217;100000205;10;2;3;1;;00004978;00000002;00000004;00005493;2;0;0;;0;;;0;0;;;;;0;1;0;0;10000061;11000008
2018;1000000218;100000206;8;2;1;1;;00002246;00000001;00000009;00003532;1;0;1;;;;;;;;;;;0;1;0;0;10000026;11000003
2018;1000000219;100000207;4;2;3;1;;00002799;00000001;00000024;;1;0;0;;;;0;;;;;;0;0;1;0;0;10000038;11000005
2018;1000000220;100000208;9;1;0;1;;00004367;00000001;;00000243;1;0;0;;;;;;;;;;;0;1;0;0;10000005;11000000
2018;1000000221;100000209;15;1;3;1;;00000058;00000002;;;1;0;0;;;;;;;;;0;0;0;1;0;0;10000010;11000001
2018;1000000222;100000210;8;2;3;1;;00003713;00000001;00000005;00001703;1;0;0;;;;0;;;;;;;0;1;0;0;10000127;11000018
2018;1000000224;100000211;12;2;1;1;;00003845;00000002;00000002;00004044;1;0;0;;;1;;;;;;;;0;0;0;0;10000011;11000001
2018;1000000225;100000212;18;1;0;1;;00005451;00000002;00000023;00002731;1;0;1;0;0;;;;;;;;;0;1;0;0;10000181;11000025
2018;1000000226;100000213;12;2;1;1;;00004467;00000002;00000020;00003569;1;0;0;;;;;0;0;;;0;;0;1;0;1;10000059;11000008
2018;1000000227;100000214;15;1;3;1;;00000547;00000002;00000022;00004840;1;0;0;;;;;;;;;;;0;1;0;0;10000115;11000016
2018;1000000228;100000215;14;2;3;1;;00001951;00000001;00000026;00001497;1;0;0;;;;;;;;0;0;;0;1;0;0;10000082;11000011
2018;1000000229;100000216;11;2;0;1;;00001721;00000002;00000022;;1;0;0;;;;;;;0;;;;0;1;;0;10000053;11000007
2018;1000000230;100000217;10;1;3;1;;00004279;00000002;00000018;00004167;2;0;1;;0;;;;;;0;;;0;1;0;0;10000135;11000019
2018;1000000231;100000218;15;2;3;1;;00003106;00000001;;00003570;1;0;1;;;;;0;;0;;0;;0;1;0;1;10000017;11000002
2018;1000000232;100000219;12;2;1;1;;00005288;00000001;00000011;00004086;1;0;0;;;1;;;;;0;;0;0;0;0;0;10000135;11000019
2018;1000000235;100000220;18;2;3;1;;00002702;00000001;00000020;;1;0;0;;;;;;;;;;0;0;1;0;1;10000214;11000030
2018;1000000236;100000221;13;1;1;1;;00003936;00000002;00000001;;1;0;0;;;;;;;;;;0;0;1;0;0;10000023;11000003
2018;1000000237;100000222;19;1;2;1;;00005034;00000002;00000021;00001570;1;0;0;;;;0;;;;;;0;0;1;0;0;10000044;11000006
2018;1000000238;100000223;8;2;3;1;;00001938;00000001;00000012;00000793;1;0;0;;;;;;;;;;0;0;1;0;0;10000002;11000000
2018;1000000239;100000224;16;1;3;1;;00003175;00000001;00000018;00001776;1;0;0;;;;;;;;;0;;0;1;0;0;10000198;11000028
2018;1000000240;100000225;13;2;1;1;;00004687;00000002;00000020;00003583;1;0;0;0;;;;;;;0;;;0;1;0;1;10000029;11000004
2018;1000000241;100000226;17;2;3;1;;00002821;00000002;00000006;;1;0;1;;;;;;;;0;;;0;1;0;;10000180;11000025
2018;1000000243;100000227;11;1;3;1;;00001105;00000001;00000011;;1;0;0;;;;;;;;0;0;0;0;1;0;0;10000104;11000014
2018;1000000244;100000228;8;1;0;1;;00001319;00000001;00000016;00005188;1;0;0;;0;;;;0;;;0;0;0;1;0;0;10000098;11000013
2018;1000000245;100000229;9;1;3;1;;00003514;00000001;;;1;1;0;;;;;0;;;;;;0;1;0;0;10000014;11000001
2018;1000000246;100000230;15;1;1;1;;00001131;00000001;00000012;;1;1;0;;;0;;;;;;;0;0;1;0;0;10000149;11000021
2018;1000000247;100000231;15;1;0;1;;00003861;00000001;00000013;00002899;1;0;1;;0;;;0;0;;;;;0;1;0;0;10000161;11000022
2018;1000000248;100000232;8;2;3;1;;00001790;00000001;00000009;00002773;1;0;0;;;;;;;;0;;;0;1;;0;10000116;11000016
2018;1000000249;100000233;22;2;0;1;;00001864;00000002;00000005;00000297;1;0;1;0;;1;;;;;;;;0;1;0;0;10000157;11000022
2018;1000000250;100000234;10;1;1;1;;00003053;00000001;;;1;0;1;;;;;;;;;;;0;1;0;0;10000123;11000017
2018;1000000251;100000235;15;2;1;1;;00000590;00000002;00000025;;1;0;0;;;;;;;;;;;0;1;0;0;10000106;11000015
2018;1000000252;100000236;12;2;0;1;;00000902;00000001;00000009;;2;0;0;;0;;;0;0;;0;;;0;1;0;0;10000190;11000027
2018;1000000253;100000237;8;2;3;1;;00003591;00000001;00000005;;2;0;0;;;;;;;;;0;;0;1;0;0;10000176;11000025
2018;1000000254;100000238;14;2;0;1;;00004945;00000002;00000007;00003960;1;0;0;;0;;;;0;;;;;;1;0;0;10000022;11000003
2018;1000000255;100000239;18;1;1;1;;00003508;00000002;00000025;00003301;1;0;1;;;1;;;;;;;0;;1;0;0;10000048;11000006
2018;1000000256;100000240;13;1;0;1;;00004772;00000002;;00005084;1;0;0;;;;0;;;;0;;;0;1;0;;10000079;11000011
2018;1000000257;100000241;8;1;1;1;;00005240;00000001;00000019;00000953;1;0;0;0;;;0;;;;;;;0;1;1;0;10000068;11000009
2018;1000000258;100000242;17;2;1;1;;00002608;00000001;00000017;00002226;1;0;0;;;1;;;;0;;;;0;1;0;0;10000029;11000004
2018;1000000259;100000243;7;1;1;1;;00004967;00000001;;;1;0;0;;;0;;;;;;;;0;1;0;0;10000164;11000023
2018;1000000260;100000244;6;1;3;1;;00000905;00000001;00000012;00004624;1;0;0;;;1;;0;;0;;;;0;1;0;0;10000214;11000030
2018;1000000261;100000245;13;2;0;1;;00002087;00000001;00000015;;1;0;0;;;;;;;;;0;0;0;1;0;0;10000119;11000016
2018;1000000262;100000246;12;1;1;1;;00001007;00000001;;00003903;1;0;0;;;;;;;0;;;;0;1;;0;10000173;11000024
2018;1000000264;100000247;8;1;3;1;;00005195;00000001;;00004574;1;0;0;;;;0;;;;;;;0;1;0;0;10000100;11000014
2018;1000000265;100000248;15;2;0;1;;00003203;00000002;00000016;00004450;1;0;0;;;1;;1;;;;;;0;;0;0;10000209;11000029
2018;1000000267;100000249;11;1;0;1;;00001142;00000001;00000004;00005364;2;0;0;;;;;;0;;;;;0;1;0;0;10000184;11000026
2018;1000000268;100000250;4;2;3;1;;00002047;00000001;00000025;;1;0;0;;;1;;;;;0;;;0;;1;0;10000203;11000028
2018;1000000269;100000251;4;2;0;1;;00004897;00000002;00000017;;1;0;1;;;;;;0;;;0;0;0;1;0;0;10000101;11000014
2018;1000000270;100000252;15;2;1;1;;00004561;00000001;00000002;;1;0;0;0;;;;;0;;;;;0;1;0;1;10000097;11000013
2018;1000000271;100000253;18;2;0;1;;00003136;00000002;;00003022;1;0;0;;;;;;;;;;;;1;0;0;10000092;11000013
2018;1000000272;100000254;9;1;3;1;;00002308;00000002;00000023;;1;0;0;;;;;;;;;;0;0;1;0;0;10000027;11000003
2018;1000000273;100000255;15;2;0;1;;00003042;00000002;00000023;;1;0;0;;;;;;;0;;;;0;;0;0;10000098;11000013
2018;1000000274;100000256;4;1;1;1;;00003967;00000002;;00004400;1;0;0;;;0;;;;;;;;0;1;0;1;10000172;11000024
2018;1000000275;100000257;10;1;0;1;;00005389;00000001;00000008;00004223;1;0;;;;;;;;;;;;0;1;0;0;10000214;11000030
2018;1000000276;100000258;10;2;0;1;;00003990;00000001;;;2;0;0;;;;;;0;;;;;0;1;0;0;10000185;11000026
2018;1000000277;100000259;16;1;3;1;;00001768;00000002;00000018;;1;0;1;;;;;;;;0;;;0;1;0;1;10000024;11000003
2018;1000000278;100000260;9;2;2;1;;00001982;00000001;00000020;00004779;2;1;1;;;;;;0;;;0;;0;1;0;0;10000048;11000006
2018;1000000279;100000261;10;2;1;1;;00000740;00000001;00000014;00000361;1;0;0;;;1;0;;0;0;;;0;0;1;1;0;10000054;11000007
2018;1000000280;100000262;9;2;3;1;;00004432;00000002;00000006;00000418;1;0;0;;;;;;;;;;;0;1;0;0;10000021;11000002
2018;1000000281;100000263;14;2;0;1;;00001356;00000002;00000004;;1;0;0;;;;;;;0;;0;;0;;0;0;10000173;11000024
2018;1000000282;100000264;15;1;3;1;;00003791;00000002;00000008;00000217;2;0;0;;;;0;;;;0;;;0;1;0;0;10000144;11000020
2018;1000000283;100000265;41;2;3;1;;00003324;00000001;00000022;;1;0;0;;;;0;;;;0;;;0;1;0;0;10000198;11000028
2018;1000000284;100000266;10;1;3;1;;00004196;00000002;00000018;;1;0;0;;;;;;;;;;0;0;1;0;0;10000020;11000002
2018;1000000285;100000267;15;2;2;1;;00004242;00000001;;00004755;1;0;1;;1;0;0;;;;;;;0;1;0;0;10000051;11000007
2018;1000000286;100000268;9;2;3;1;;00001400;00000002;;00004395;1;0;0;;;0;;;0;;;;0;0;1;0;0;10000154;11000021
2018;1000000287;100000269;14;1;1;1;;00004100;00000001;;00001549;1;0;0;;0;;;;;0;;;;0;0;0;0;10000053;11000007
2018;1000000288;100000270;10;2;2;1;;00000122;00000001;00000013;00001300;1;0;0;;1;;0;;;;;;;0;1;0;0;10000155;11000022
2018;1000000289;100000271;14;1;3;1;;00005188;00000002;00000016;00003543;2;0;0;;;;;;;0;;;;0;1;0;0;10000076;11000010
2018;1000000290;100000272;19;2;0;1;;00000689;00000001;00000024;00005064;1;0;0;;;;;;0;;;;;0;1;0;0;10000095;11000013
2018;1000000291;100000273;5;1;1;1;;00001757;00000002;;00001178;1;0;0;;;;;;;;;;0;0;1;0;0;10000008;11000001
2018;1000000292;100000274;12;2;1;1;;00001331;00000001;;00002147;1;0;0;;;;0;;;;;;;0;1;0;0;10000054;11000007
2018;1000000293;100000275;16;1;0;1;;00000157;00000002;00000012;00001038;1;0;1;;;;;;;;;0;;0;1;0;0;10000118;11000016
2018;1000000294;100000276;10;1;0;1;;00004909;00000001;;00001491;1;0;0;0;;;0;;0;;;;0;0;0;0;0;10000156;11000022
2018;1000000295;100000277;13;2;1;1;;00002544;00000002;;00003720;2;0;0;;;0;;;;;0;;;0;1;0;0;10000016;11000002
2018;1000000296;100000278;5;1;2;1;;00005133;00000001;;;1;0;0;;;;;;;;0;;;0;1;;0;10000096;11000013
2018;1000000297;100000279;17;1;1;1;;00005467;00000001;00000014;00005352;1;0;1;;;;;0;;;;0;;0;1;0;0;10000209;11000029
2018;1000000298;100000280;15;1;0;1;;00002457;00000002;00000017;;1;0;0;;;;0;;;;;;;0;1;0;0;10000065;11000009
2018;1000000299;100000281;14;1;0;1;;00003233;00000002;00000010;;1;0;0;;;;0;;0;0;;;;0;1;0;0;10000152;11000021
2018;1000000300;100000282;9;2;2;1;;00000932;00000002;;00000014;1;0;0;0;;;0;;0;;0;;0;0;1;;0;10000062;11000008
2018;1000000302;100000283;14;1;3;1;;00000122;00000001;00000025;00002270;1;0;0;;;0;0;;;0;;;0;0;1;0;0;10000198;11000028
2018;1000000303;100000284;10;2;3;1;;00000236;00000002;00000009;00004195;1;0;0;;;;0;;;;;0;;0;1;0;0;10000097;11000013
2018;1000000304;100000285;19;1;3;1;;00002584;00000001;00000021;00001649;2;0;0;;0;;;;;;;;;0;1;0;0;10000111;11000015
2018;1000000305;100000286;21;1;1;1;;00001724;00000002;00000011;;1;0;0;;;;;;;;;;;0;1;0;0;10000030;11000004
2018;1000000306;100000287;16;1;0;1;;00002728;00000001;00000003;00004147;1;0;0;;;;;0;0;0;;0;;0;;0;0;10000089;11000012
2018;1000000307;100000288;15;1;0;1;;00004582;00000002;;00001011;1;0;0;;;;;;0;0;;;0;0;;1;0;10000143;11000020
2018;1000000308;100000289;10;2;0;1;;00003981;00000002;00000020;;1;0;1;;;1;;0;;;;0;;0;1;0;0;10000169;11000024
2018;1000000309;100000290;12;1;1;1;;00004670;00000001;;;2;0;0;;;;;;;;0;;;0;1;0;0;10000052;11000007
2018;1000000311;100000291;36;1;0;1;;00000073;00000002;;;2;0;0;;;;;;;;;;;0;1;0;0;10000153;11000021
2018;1000000312;100000292;9;2;0;1;;00004689;00000002;00000009;;2;0;1;;0;;;;;;;;;0;1;1;0;10000112;11000015
2018;1000000313;100000293;13;1;5;1;;00004323;00000002;00000009;;1;0;0;;;;;;0;;;;;0;1;0;0;10000022;11000003
2018;1000000314;100000294;11;2;3;1;;00000172;00000001;00000006;;1;0;0;;;;;;0;0;;;;0;0;0;0;10000097;11000013
2018;1000000315;100000295;21;2;1;1;;00004584;00000002;00000024;00002513;1;0;0;;;;0;;;;0;0;;0;1;0;0;10000150;11000021
2018;1000000316;100000296;12;1;0;1;;00000629;00000001;00000011;00002256;1;1;0;0;;0;;;;0;;;;0;1;1;0;10000165;11000023
2018;1000000317;100000297;7;1;3;1;;00000474;00000002;00000015;00001538;1;0;1;;;;;;;;;;;0;1;1;0;10000186;11000026
2018;1000000318;100000298;4;1;2;1;;00004604;00000001;;00005223;1;0;1;;;;;;;;;;;0;1;0;0;10000078;11000011
2018;1000000320;100000299;16;2;0;1;;00001944;00000001;;00001644;1;0;0;;;1;0;;;;;;;0;1;0;0;10000030;11000004
2018;1000000321;100000300;16;1;3;1;;00002879;00000002;;;1;0;0;;0;;;;;;;;;0;1;0;0;10000110;11000015
2018;1000000322;100000301;15;2;3;1;;00001028;00000002;;;1;0;0;;;;;;;;;0;;0;1;0;;10000005;11000000
2018;1000000324;100000302;17;2;0;1;;00003754;00000002;00000020;00004111;1;1;1;0;;;;;;;;;;0;1;0;0;10000157;11000022
2018;1000000325;100000303;22;2;3;1;;00000803;00000001;;;1;0;1;;;;;;;;;;;0;1;0;0;10000063;11000008
2018;1000000326;100000304;10;2;1;1;;00005199;00000002;;;2;0;1;;;;;;0;;;;;0;1;0;0;10000192;11000027
2018;1000000327;100000305;4;2;1;1;;00000789;00000002;00000019;;1;0;0;0;0;0;;;;;;;;0;1;0;0;10000125;11000017
2018;1000000328;100000306;6;1;1;1;;00005385;00000001;;;1;0;0;;;;;0;;;;;;0;1;0;0;10000116;11000016
2018;1000000329;100000307;5;2;2;1;;00004017;00000001;;;1;0;0;;;1;;;0;;;;;0;1;1;0;10000043;11000006
2018;1000000330;100000308;4;2;1;1;;00002881;00000002;00000008;00001175;1;0;0;;;;;;;;;;;0;1;0;0;10000168;11000023
2018;1000000331;100000309;14;2;3;1;;00002626;00000001;;;1;0;0;0;;;;0;;;;;;0;1;0;0;10000010;11000001
2018;1000000332;100000310;15;2;3;1;;00002096;00000002;00000011;00003620;1;0;0;0;0;;;;;;;;0;0;1;0;0;10000159;11000022
2018;1000000333;100000311;16;1;1;1;;00000803;00000002;00000014;00005492;2;0;0;;;;;;0;;;;;0;1;0;0;10000148;11000021
2018;1000000334;100000312;6;2;1;1;;00004805;00000001;00000011;00004430;1;0;0;;;;;;;0;;;;0;;0;0;10000140;11000019
2018;1000000335;100000313;9;2;3;1;;00003475;00000002;;;1;0;0;;;1;;;;;;;;0;1;;0;10000147;11000020
2018;1000000336;100000314;8;1;0;1;;00002542;00000001;;;2;0;0;0;;0;;;;;;;;0;1;0;0;10000186;11000026
2018;1000000337;100000315;12;1;3;1;;00001812;00000002;00000014;00002376;1;0;0;0;;1;0;1;;;0;;;0;1;0;0;10000115;11000016
2018;1000000339;100000316;12;2;3;1;;00003660;00000001;00000023;;2;0;0;;;1;;;;;;;;0;1;1;0;10000097;11000013
2018;1000000340;100000317;16;2;0;1;;00000537;00000001;;00000424;1;0;0;;1;;;;;;;;;0;1;0;1;10000182;11000025
2018;1000000341;100000318;13;1;0;1;;00000401;00000001;00000025;00002072;1;0;0;;;;;;;;0;;;0;1;0;;10000054;11000007
2018;1000000342;100000319;18;1;3;1;;00005260;00000001;00000001;00000460;1;0;0;;;;;;;;;;;0;1;0;0;10000180;11000025
2018;1000000343;100000320;10;2;3;1;;00004726;00000002;00000009;00001290;2;0;0;;;;;;;;;0;;0;1;0;0;10000107;11000015
2018;1000000344;100000321;14;1;3;1;;00002196;00000001;00000016;00005027;1;0;0;;;;;0;;;;;;0;1;0;0;10000098;11000013
2018;1000000345;100000322;14;2;1;1;;00003895;00000001;00000019;00001747;1;0;0;0;;;;;;;;;;0;0;0;0;10000186;11000026
2018;1000000346;100000323;26;2;3;1;;00002803;00000001;;;2;0;0;;;;;;0;;;;;0;1;0;0;10000019;11000002
2018;1000000347;100000324;10;2;1;1;;00001042;00000002;00000015;;1;0;0;;;;;;;0;;;;0;1;0;0;10000089;11000012
2018;1000000349;100000325;20;2;1;1;;00003743;00000002;00000024;;2;0;0;;;;;;;;;;;0;1;0;0;10000214;11000030
2018;1000000350;100000326;9;1;1;1;;00000754;00000001;00000014;;1;0;0;0;;;0;;;;0;;;0;1;0;0;10000113;11000016
2018;1000000352;100000327;13;1;4;1;;00005395;00000002;00000027;;2;0;0;;;;;;;;;;;0;1;0;0;10000135;11000019
2018;1000000353;100000328;15;1;1;1;;00002793;00000002;;;1;0;;;0;1;0;;;;;;;0;1;0;0;10000126;11000017
2018;1000000354;100000329;5;2;1;1;;00000231;00000002;00000027;;1;0;0;;;;;;0;;;0;;;1;0;0;10000113;11000016
2018;1000000355;100000330;9;1;1;1;;00000322;00000002;00000024;;2;0;0;0;;1;;0;;;;;0;0;1;0;0;10000104;11000014
2018;1000000356;100000331;6;1;1;1;;00000758;00000001;00000017;00002105;1;0;0;;;;;;0;0;;;;0;1;0;0;10000014;11000001
2018;1000000357;100000332;25;1;1;1;;00000824;00000002;;00003607;1;0;0;;;;;;;;0;0;;0;1;0;0;10000113;11000016
2018;1000000359;100000333;9;2;3;1;;00003259;00000002;;00003980;1;0;0;;;;0;;;;;;;0;1;0;0;10000053;11000007
2018;1000000360;100000334;17;2;3;1;;00000681;00000001;;;1;0;1;;1;;;;0;;;0;;0;1;0;0;10000107;11000015
2018;1000000361;100000335;7;1;0;1;;00004783;00000001;00000019;00003340;2;0;0;;1;;;;;;;;0;0;1;0;0;10000013;11000001
2018;1000000362;100000336;12;1;0;1;;00004959;00000002;;;2;0;0;;;;;;0;;;;0;;1;0;0;10000101;11000014
2018;1000000363;100000337;39;1;1;1;;00000297;00000001;00000022;00004328;1;0;0;;0;;0;;;;0;;;0;1;0;0;10000191;11000027
2018;1000000364;100000338;7;1;3;1;;00004262;00000001;00000017;;1;0;0;;;;;;;;;;;0;1;0;0;10000092;11000013
2018;1000000365;100000339;17;2;1;1;;00003965;00000001;;00000879;1;0;0;;;;;;;;;;;0;1;0;0;10000179;11000025
2018;1000000367;100000340;4;2;1;1;;00000262;00000002;00000014;00001016;1;0;1;;;;;;;;0;;;0;1;0;0;10000183;11000026
2018;1000000368;100000341;16;2;1;1;;00002433;00000001;00000010;00004251;1;0;0;;0;;;;;;;;;0;1;0;0;10000154;11000021
2018;1000000369;100000342;12;1;3;1;;00004734;00000001;00000023;00000179;2;0;0;;;;;;;;;;;;1;0;0;10000043;11000006
2018;1000000370;100000343;13;2;3;1;;00002029;00000002;00000023;00002350;2;0;1;;0;;;;0;0;;0;;0;1;0;0;10000039;11000005
2018;1000000371;100000344;10;1;0;1;;00000363;00000001;00000023;00005459;2;0;1;;0;;;;;;0;0;0;0;1;0;0;10000196;11000027
2018;1000000372;100000345;5;1;0;1;;00002112;00000002;00000020;;1;0;0;0;;;;0;;0;;;;0;1;0;0;10000189;11000026
2018;1000000373;100000346;13;1;1;1;;00000638;00000002;00000003;;1;0;1;;;;;0;;;;;;0;1;0;0;10000188;11000026
2018;1000000374;100000347;6;2;1;1;;00001174;00000001;00000008;00002274;1;0;0;0;;;;;;;;;0;0;1;0;0;10000012;11000001
2018;1000000375;100000348;31;1;3;1;;00003490;00000002;;00003161;1;0;1;;;;;;0;;;;;0;1;0;0;10000021;11000002
2018;1000000376;100000349;11;2;3;1;;00001816;00000001;00000003;00002137;2;0;0;0;;;0;0;;;;0;;0;1;0;0;10000048;11000006
2018;1000000377;100000350;13;1;0;1;;;00000001;00000005;;1;0;0;;;;0;;;;0;;;0;1;0;;10000209;11000029
2018;1000000378;100000351;14;2;0;1;;00004858;00000001;00000014;;1;0;0;;1;;;;;;;;;;1;0;1;10000044;11000006
2018;1000000379;100000352;4;2;0;3;;00000097;00000002;00000013;;1;0;0;;0;;;;;;;0;0;0;1;1;0;10000095;11000013
2018;1000000380;100000353;17;2;3;1;;00003708;00000002;;;1;0;0;;;1;;;;0;;;;0;1;0;0;10000007;11000000
2018;1000000381;100000354;9;2;1;1;;00001226;00000002;00000015;00002380;1;0;0;;;;;0;;;;;;0;1;0;0;10000114;11000016
2018;1000000382;100000355;10;2;3;1;;00005477;00000001;;;1;0;0;;;;;0;0;;0;;;0;1;0;0;10000184;11000026
2018;1000000383;100000356;12;1;3;1;;00001732;00000001;00000019;00002413;1;0;0;0;0;;;;;;;0;;0;;0;0;10000165;11000023
2018;1000000386;100000357;13;2;3;1;;00001845;00000002;00000019;00001097;1;1;0;;;;;;0;;;0;;0;1;0;0;10000043;11000006
2018;1000000388;100000358;15;2;0;1;;00000895;00000001;00000016;00003537;1;0;0;;;;;;;;;;;0;1;;0;10000207;11000029
2018;1000000389;100000359;13;2;1;1;;00003449;00000002;;00000767;2;0;0;;;;;;;;;;;0;1;0;0;10000113;11000016
2018;1000000390;100000360;19;1;1;1;;00003497;00000001;00000017;00000004;2;0;0;;;;;0;;;;;;0;1;0;0;10000083;11000011
2018;1000000391;100000361;8;2;3;1;;00004462;00000002;00000010;00001328;1;0;0;;0;;;0;;0;;;;0;1;0;0;10000122;11000017
2018;1000000392;100000362;7;2;3;1;;00000303;00000002;;;2;0;0;;;;;;;;;;;;1;0;0;10000050;11000007
2018;1000000393;100000363;11;1;1;1;;00003091;00000001;;00005289;2;0;0;;;;;;;;;;;0;1;0;0;10000016;11000002
2018;1000000394;100000364;6;2;1;1;;00004259;00000002;00000012;00002915;1;0;1;;;0;;;;0;;;;0;1;0;0;10000158;11000022
2018;1000000397;100000365;20;2;1;1;;00004730;00000001;00000027;00002629;1;1;1;0;;;;0;0;;;;;0;1;0;0;10000204;11000029
2018;1000000398;100000366;8;1;1;1;;00005214;00000001;;;1;0;0;0;0;;;0;;;;;;0;0;0;0;10000123;11000017
2018;1000000399;100000367;13;1;0;1;;00000821;00000001;00000003;;1;0;0;;;;;;;;;;;0;0;0;0;10000101;11000014
2018;1000000401;100000368;8;2;2;1;;00001511;00000001;;;1;0;0;;;;;;1;;;;;0;1;0;0;10000201;11000028
2018;1000000402;100000369;7;1;1;1;;00004405;00000001;00000022;00003226;1;0;1;;;;;0;0;;;;;0;1;0;0;10000195;11000027
2018;1000000403;100000370;16;1;0;1;;00004583;00000002;00000021;00003357;1;0;0;0;;;;;0;0;;;0;0;1;0;0;10000047;11000006
2018;1000000404;100000371;19;1;1;1;;00002858;00000001;00000027;00004828;1;0;0;;;1;;0;;;;;;0;1;0;0;10000207;11000029
2018;1000000405;100000372;13;2;3;1;;00000547;00000001;;00001376;2;0;0;;;;;0;;;;0;;0;1;1;0;10000167;11000023
2018;1000000406;100000373;39;2;3;1;;00000714;00000001;00000006;00005331;1;0;0;;;1;;;0;;;;;0;1;0;0;10000125;11000017
2018;1000000407;100000374;12;2;0;1;;00003719;00000002;;;2;0;0;;;;;;;0;;;;0;1;0;0;10000173;11000024
2018;1000000408;100000375;13;2;0;1;;00000993;00000002;00000011;00005285;1;0;0;;;1;;;;;;;;0;1;0;;10000100;11000014
2018;1000000409;100000376;16;1;3;1;;00003395;00000002;00000001;;2;0;0;0;;;;;0;;;;;0;1;0;0;10000094;11000013
2018;1000000410;100000377;13;2;3;1;;00001985;00000002;;00002733;1;0;0;;;;;;;0;;;;0;1;0;0;10000137;11000019
2018;1000000411;100000378;17;2;3;1;;00005496;00000001;00000012;;2;0;0;;;;;;;;;;;0;;0;0;10000095;11000013
2018;1000000412;100000379;11;2;2;1;;00000717;00000002;;00004024;1;0;0;;;;;;;;;;;0;1;;0;10000124;11000017
2018;1000000413;100000380;6;1;1;1;;00003028;00000002;00000026;;1;0;0;;;;;;;;;0;;0;1;1;;10000212;11000030
2018;1000000414;100000381;15;2;0;1;;00001693;00000001;00000004;00000996;1;0;0;;;;;0;0;;;;;0;;0;0;10000018;11000002
2018;1000000415;100000382;15;1;1;1;;00003293;00000001;00000022;00003223;1;0;1;;;;;;;0;;1;;0;1;0;0;10000090;11000012
2018;1000000416;100000383;12;1;0;1;;00003050;00000002;00000011;;1;1;0;;;;;;;;;;0;0;1;0;0;10000136;11000019
2018;1000000417;100000384;18;2;1;1;;00000068;00000001;00000024;;2;0;0;0;;;;1;;;;;;;1;0;0;10000082;11000011
2018;1000000418;100000385;16;1;3;1;;00004785;00000001;;00001113;1;0;0;;;;;;;;;0;;0;1;0;0;10000134;11000019
2018;1000000419;100000386;14;2;3;1;;00000961;00000001;00000015;00002966;1;0;0;;;;;;;0;;;;0;1;0;0;10000215;11000030
2018;1000000420;100000387;13;1;1;1;;00001595;00000001;00000005;00004601;2;0;0;;1;;;;;;0;;;0;1;0;0;10000014;11000001
2018;1000000421;100000388;9;1;0;1;;00000978;00000001;;;1;0;0;;;1;;;;;;;0;0;1;0;0;10000179;11000025
2018;1000000422;100000389;36;1;3;1;;00004235;00000002;00000019;00000010;1;0;0;0;;;;;0;;;;;0;1;0;0;10000006;11000000
2018;1000000423;100000390;18;1;1;1;;00002967;00000002;00000015;00004662;2;0;0;;;;0;;;;;;;0;1;0;0;10000150;11000021
2018;1000000424;100000391;8;2;1;1;;00004588;00000001;00000020;00002966;1;0;0;;;;0;;;;;;0;0;1;0;0;10000115;11000016
2018;1000000426;100000392;9;1;0;1;;00003502;00000002;;00003076;1;0;0;;;;;;;;;0;;0;1;0;0;10000213;11000030
2018;1000000427;100000393;10;2;3;1;;00004266;00000002;;00004392;1;0;0;;;;;;;;0;0;;0;1;0;0;10000197;11000028
2018;1000000428;100000394;6;2;0;1;;00000554;00000001;00000027;00001121;1;0;0;;;0;;;;;0;;;0;1;1;0;10000170;11000024
2018;1000000429;100000395;8;2;3;1;;00005262;00000001;00000017;00004088;1;0;0;;;;;;;;0;;;0;1;0;0;10000104;11000014
2018;1000000430;100000396;8;2;1;1;;00005069;00000001;;;1;0;0;;;;;;;;;0;0;0;0;0;0;10000193;11000027
2018;1000000431;100000397;8;1;1;1;;00001114;00000002;00000017;00001335;1;0;0;;;;0;;;;;;0;0;1;1;0;10000173;11000024
2018;1000000432;100000398;9;2;1;1;;00004880;00000002;00000013;;2;0;0;;;;;;;;;;0;0;1;0;0;10000045;11000006
2018;1000000433;100000399;13;1;0;1;;00001367;00000001;00000021;00002341;1;0;0;0;;;;;;;;;;0;1;0;0;10000095;11000013
2018;1000000434;100000400;21;1;1;1;;00003638;00000001;00000023;00004603;1;0;1;;;;0;;;;;;;0;1;0;0;10000146;11000020
2018;1000000435;100000401;14;2;0;1;;00005097;00000001;;00004530;1;0;1;;;;;;;;;0;;0;1;1;;10000101;11000014
2018;1000000436;100000402;16;1;3;1;;00002275;00000002;;;1;0;1;;;;0;;;;;;;0;1;0;0;10000134;11000019
2018;1000000437;100000403;11;2;0;1;;00002534;00000002;00000011;;1;0;1;;;;;0;;;;;0;0;;0;0;10000038;11000005
2018;1000000438;100000404;13;2;3;1;;00003422;00000002;00000019;00000210;1;0;0;;;;;;;;;0;;0;1;0;0;10000107;11000015
2018;1000000439;100000405;9;1;1;1;;00000777;00000001;;00001261;1;0;0;;;1;;;;;;0;;0;1;0;0;10000058;11000008
2018;1000000440;100000406;7;1;2;1;;00005257;00000001;00000025;00005006;1;0;0;;;;0;;;0;;;;0;1;0;0;10000150;11000021
2018;1000000441;100000407;4;1;1;1;;00004918;00000002;;00002879;2;0;0;;;;;;;;;;0;0;1;0;0;10000201;11000028
2018;1000000443;100000408;4;2;0;1;;00001774;00000001;00000004;00002086;1;0;0;;;1;0;;;;;0;;0;1;;0;10000145;11000020
2018;1000000444;100000409;12;2;0;1;;00005265;00000001;00000023;00004845;1;0;0;;0;;;;;;;;;;1;0;0;10000109;11000015
2018;1000000446;100000410;15;2;0;1;;00000197;00000002;00000025;00002259;1;0;1;0;0;;;0;;;;0;0;0;1;0;0;10000141;11000020
2018;1000000447;100000411;18;1;1;1;;00005301;00000001;;00004000;2;0;1;;;0;;;;;;;;0;1;0;0;10000057;11000008
2018;1000000448;100000412;7;1;3;1;;00000351;00000002;;;2;0;0;;;0;;;;;;;0;0;1;0;0;10000055;11000007
2018;1000000449;100000413;14;2;1;1;;00004378;00000001;00000014;00000034;1;0;0;0;;;;;;;;;0;0;1;0;0;10000164;11000023
2018;1000000450;100000414;16;1;2;1;;00003547;00000002;00000027;;1;0;0;;0;;0;;;;;;;0;1;0;0;10000164;11000023
2018;1000000451;100000415;16;2;3;1;;00001456;00000002;00000006;00002563;1;0;0;;;;;;0;;;;;0;1;;0;10000084;11000011
2018;1000000452;100000416;6;1;1;1;;00003965;00000001;00000008;00000450;2;0;0;;;0;;;0;0;;;;;;0;0;10000189;11000026
2018;1000000453;100000417;7;2;4;1;;00001862;00000001;00000019;00005270;1;0;0;;;;;;0;;;;;0;1;0;0;10000163;11000023
2018;1000000454;100000418;16;2;2;1;;00003394;00000001;00000002;;1;0;0;;;;;;;;;0;;;1;0;0;10000171;11000024
2018;1000000456;100000419;11;2;1;1;;00000613;00000002;;00003169;1;0;0;;;;;;;0;0;;;0;1;0;0;10000074;11000010
2018;1000000458;100000420;4;1;0;1;;00003732;00000002;00000020;;1;0;1;;;;;;;;0;;;;1;0;0;10000173;11000024
2018;1000000459;100000421;4;2;5;1;;00000079;00000002;;00002287;1;0;0;;;;;;;;0;;0;0;1;0;0;10000084;11000011
2018;1000000460;100000422;16;1;3;1;;00003014;00000002;;00005369;1;0;0;;;;;;0;0;;;;0;1;0;0;10000087;11000012
2018;1000000461;100000423;13;2;1;1;;00001698;00000001;00000003;00005365;1;0;;;;;;1;;;;;;0;1;1;0;10000089;11000012
2018;1000000462;100000424;4;1;3;1;;00000821;00000002;00000026;;2;0;0;;;0;;;0;;;;;0;1;0;0;10000146;11000020
2018;1000000463;100000425;13;1;0;1;;00003902;00000002;;00000067;1;0;0;;1;;;;0;;;;;0;1;1;0;10000148;11000021
2018;1000000465;100000426;7;1;3;1;;00005156;00000002;00000021;00000722;1;0;0;0;0;;;;;;;0;;0;1;0;0;10000167;11000023
2018;1000000466;100000427;10;1;3;1;;00001556;00000001;;;1;0;0;;;1;;;;0;;;;0;1;0;0;10000121;11000017
2018;1000000467;100000428;15;2;0;1;;00001856;00000001;00000005;00004553;1;0;0;;0;;;;;;;0;;0;;0;0;10000182;11000025
2018;1000000468;100000429;16;1;0;1;;00003047;00000001;00000014;00001033;1;0;0;;;;0;;0;;;;;0;0;0;0;10000195;11000027
2018;1000000469;100000430;19;2;0;1;;00000876;00000001;;;1;0;1;;;;;0;;;;;;0;1;0;0;10000212;11000030
2018;1000000470;100000431;10;1;3;1;;00002344;00000002;;00004025;1;0;0;;;;;;0;;;;;0;1;0;0;10000212;11000030
2018;1000000471;100000432;14;2;3;1;;00005151;00000001;00000017;00004032;1;0;0;;;1;;0;;;0;;;0;1;0;0;10000155;11000022
2018;1000000472;100000433;20;1;3;1;;00002151;00000002;00000015;00004037;1;0;1;;;;;0;;;0;;;0;1;0;0;10000088;11000012
2018;1000000474;100000434;9;2;3;1;;00002680;00000002;00000018;00001559;1;0;0;0;;;0;;;0;;;;0;1;0;0;10000009;11000001
2018;1000000475;100000435;9;2;1;1;;00003495;00000001;00000021;;1;0;0;;;1;;;;;;;;0;1;0;0;10000066;11000009
2018;1000000476;100000436;17;2;1;1;;00004265;00000002;00000005;;1;0;0;0;;;;;;;;;;0;1;0;0;10000195;11000027
2018;1000000477;100000437;20;1;3;1;;00003416;00000002;;00003797;1;0;0;;;;;;;;0;;;0;1;0;0;10000147;11000020
2018;1000000478;100000438;15;1;3;1;;00002840;00000002;00000001;00004642;1;0;0;0;;;0;;;;;0;;0;1;0;0;10000153;11000021
2018;1000000479;100000439;18;2;0;1;;00002823;00000002;;00003302;1;0;0;;;;;;0;;0;;;0;1;0;0;10000001;11000000
2018;1000000480;100000440;11;1;0;1;;00003670;00000001;00000012;;1;0;0;;;;;;0;;;;0;0;1;1;0;10000155;11000022
2018;1000000481;100000441;17;1;0;1;;00002619;00000002;00000003;00002465;1;0;0;;;;;;0;;;;;0;1;1;0;10000051;11000007
2018;1000000482;100000442;4;2;1;1;;00004506;00000001;00000017;00005399;2;0;0;;;;;0;;;;;;0;1;0;0;10000057;11000008
2018;1000000484;100000443;4;1;1;1;;00001036;00000002;00000003;00003390;2;0;0;0;;;;0;;;;;;0;1;0;0;10000046;11000006
2018;1000000485;100000444;9;1;1;1;;00000146;00000002;00000020;00002048;1;0;0;;;;;0;;;;;;0;1;;0;10000006;11000000
2018;1000000486;100000445;4;1;3;1;;00001610;00000002;00000011;00003466;2;0;0;;;;;1;;;0;0;;0;1;1;0;10000184;11000026
2018;1000000488;100000446;13;2;3;1;;00001423;00000001;00000001;00004364;1;0;0;;;;;;0;;0;;;0;1;0;0;10000205;11000029
2018;1000000489;100000447;14;1;0;1;;00003323;00000001;00000024;00005028;1;0;0;;;;;0;0;;;;;0;1;0;0;10000175;11000024
2018;1000000491;100000448;9;2;1;1;;00004579;00000001;;00002667;1;0;1;;;;;0;;;;;;0;1;0;0;10000088;11000012
2018;1000000492;100000449;4;1;1;1;;00001673;00000001;00000021;;2;0;0;;0;1;;0;;;;;;0;;1;0;10000030;11000004
2018;1000000493;100000450;16;1;1;1;;00002116;00000001;00000025;;1;1;0;0;;;;;0;0;0;;;0;1;;0;10000070;11000009
2018;1000000494;100000451;9;1;0;1;;00002911;00000001;;00005374;1;0;0;;;;;;;0;;;0;0;1;0;0;10000027;11000003
2018;1000000495;100000452;15;1;1;1;;00002065;00000001;00000009;00001121;1;0;1;;;;;;;;0;;;0;1;0;0;10000079;11000011
2018;1000000496;100000453;5;2;3;1;;00003942;00000002;00000016;00004445;2;0;0;;;;0;;;;;;;0;1;0;0;10000060;11000008
2018;1000000497;100000454;12;2;0;1;;00001650;00000001;00000009;00001944;1;0;1;;;1;0;;;;;;0;0;1;1;0;10000190;11000027
2018;1000000498;100000455;15;1;1;1;;00003189;00000001;00000024;;1;0;0;;;;;0;;;;;;0;1;0;;10000168;11000023
2018;1000000499;100000456;14;1;3;1;;00003972;00000001;00000023;00001388;1;0;1;0;;;;;;;;0;;0;1;1;0;10000118;11000016
2018;1000000500;100000457;15;1;3;1;;00005526;00000002;00000002;;2;0;0;;0;;;;;;;;0;0;1;;0;10000208;11000029
2018;1000000501;100000458;15;2;3;1;;00004250;00000001;;00005171;1;0;0;;;;;;;0;;;;0;1;0;0;10000195;11000027
2018;1000000502;100000459;8;1;0;1;;00005322;00000002;00000025;00003119;2;0;0;;;;;;0;0;;0;;0;1;0;0;10000078;11000011
2018;1000000503;100000460;18;2;1;1;;00002104;00000002;;00004337;1;0;1;;;;;0;;0;;;;0;1;0;0;10000021;11000002
2018;1000000504;100000461;13;1;1;1;;00003222;00000002;00000023;00004688;1;0;0;;;1;;0;;0;;0;;0;1;0;0;10000046;11000006
2018;1000000505;100000462;4;1;3;1;;00000605;00000002;00000024;00005148;1;1;0;;;;;0;0;;;;;0;0;0;0;10000092;11000013
2018;1000000506;100000463;17;2;3;1;;00003339;00000001;00000009;00003673;1;0;0;;;1;;;;;;;;0;1;0;0;10000172;11000024
2018;1000000507;100000464;15;1;3;1;;00000054;00000001;;;1;0;0;;;;;0;;;;0;;0;0;0;0;10000161;11000022
2018;1000000509;100000465;11;2;1;1;;00004615;00000002;00000026;;1;0;1;;;;;0;;;;;;0;;0;0;10000139;11000019
2018;1000000510;100000466;15;2;1;1;;00001329;00000001;00000002;00005126;2;0;0;;;;;0;;;;0;;0;1;0;0;10000162;11000023
2018;1000000511;100000467;5;2;3;1;;00005200;00000002;00000015;00005380;2;0;0;;;1;;;;;;;;0;1;0;0;10000007;11000000
2018;1000000513;100000468;12;2;0;1;;00005003;00000002;00000024;00002562;2;0;0;0;;;;;;;;;;0;1;0;0;10000183;11000026
2018;1000000514;100000469;8;1;1;1;;00000091;00000001;;00000406;1;0;0;;;;0;0;;;;0;;0;1;0;0;10000157;11000022
2018;1000000515;100000470;10;1;1;1;;00002510;00000002;;00003863;1;0;0;0;;;;;;;;;;0;1;0;0;10000097;11000013
2018;1000000516;100000471;15;2;1;1;;00002179;00000002;00000005;00003363;1;0;0;;;;;;;0;;;;0;1;0;0;10000156;11000022
2018;1000000517;100000472;12;2;3;1;;00005552;00000002;00000011;;1;0;0;;0;1;;;;;;;;0;1;0;0;10000167;11000023
2018;1000000518;100000473;10;1;0;1;;00004127;00000001;00000022;;2;0;0;;;;;;;;;0;;0;1;1;0;10000032;11000004
2018;1000000519;100000474;17;2;0;1;;00002733;00000001;;;1;0;0;0;;;;;;;;;;0;1;0;0;10000107;11000015
2018;1000000520;100000475;18;2;3;1;;00003928;00000001;00000010;00001971;1;0;0;0;0;;;;;;;0;;0;;0;0;10000009;11000001
2018;1000000522;100000476;4;1;4;1;;00001351;00000002;;00001041;1;0;0;;0;1;;1;0;0;;;;0;1;;0;10000200;11000028
2018;1000000524;100000477;7;2;1;1;;00001202;00000002;00000019;00001351;1;0;0;;0;0;;0;;;0;;;0;1;0;0;10000144;11000020
2018;1000000525;100000478;6;1;1;1;;00005021;00000002;00000017;00003393;1;0;0;;;;;;;;;;;0;1;0;;10000145;11000020
2018;1000000526;100000479;14;2;3;1;;00002806;00000002;;00004233;1;0;0;;;;;;;;;;;0;1;0;0;10000068;11000009
2018;1000000527;100000480;4;2;1;1;;00005292;00000002;00000004;00003230;2;0;0;;;;;;;;;;;0;0;0;0;10000101;11000014
2018;1000000529;100000481;12;1;3;1;;00002540;00000002;;;1;0;0;;;;0;;;0;;;;0;0;0;0;10000116;11000016
2018;1000000530;100000482;4;1;0;1;;00004007;00000001;00000025;;2;0;0;;;;;;0;;;;;;1;0;0;10000160;11000022
2018;1000000531;100000483;11;2;3;1;;00005298;00000002;;00002115;1;0;0;;;;;;;;;;;0;1;0;0;10000040;11000005
2018;1000000532;100000484;18;2;0;1;;00003236;00000001;00000014;00004807;1;0;1;;;;;;;;0;;;0;1;;0;10000033;11000004
2018;1000000533;100000485;7;1;3;1;;00002519;00000001;00000011;00004888;1;0;0;0;;1;;;;;;;;0;1;0;;10000156;11000022
2018;1000000534;100000486;16;2;3;1;;00005552;00000001;;;1;0;1;0;;;0;;0;;;;;0;1;1;0;10000092;11000013
2018;1000000535;100000487;13;2;3;1;;00001187;00000002;00000017;00001313;1;0;0;;;1;;;;;;;;0;1;;0;10000064;11000009
2018;1000000536;100000488;14;1;3;1;;00003183;00000001;00000001;00005130;1;0;0;0;;;;0;;;;;0;0;1;0;;10000002;11000000
2018;1000000537;100000489;8;2;3;1;;00003750;00000002;00000014;00004678;1;0;0;;;1;;;;;;;0;0;1;0;0;10000012;11000001
2018;1000000538;100000490;8;2;1;1;;00004105;00000002;00000026;00002723;1;0;0;;;;;;;;;;;0;0;0;0;10000181;11000025
2018;1000000539;100000491;11;2;0;1;;00001228;00000001;00000011;;2;0;0;0;;;;;0;;;0;;0;1;0;1;10000059;11000008
2018;1000000540;100000492;6;1;0;1;;00002680;00000002;00000014;;1;0;0;;;;;0;;0;;0;;;1;0;0;10000105;11000014
2018;1000000541;100000493;28;2;3;1;;00005098;00000001;;00003049;1;0;0;;;;;;;;;0;0;0;1;0;0;10000065;11000009
2018;1000000542;100000494;8;1;1;1;;00005430;00000001;00000009;;1;0;1;;;0;;;0;;;0;;0;1;0;0;10000194;11000027
2018;1000000543;100000495;15;1;3;1;;00002159;00000002;00000011;;1;0;0;;0;;;;;;;;;0;1;0;0;10000050;11000007
2018;1000000544;100000496;17;1;0;1;;00001754;00000002;00000010;00005092;1;0;0;;;;;;;;;0;;0;1;;0;10000193;11000027
2018;1000000545;100000497;5;1;3;1;;00001987;00000001;00000008;00003882;2;0;0;;;;;;0;;;0;0;0;1;0;0;10000097;11000013
2018;1000000546;100000498;7;2;1;1;;00000315;00000002;;00004688;1;0;0;;;0;0;;0;;0;0;;0;;0;0;10000023;11000003
2018;1000000547;100000499;11;1;1;1;;00003654;00000002;00000020;00001715;1;0;0;0;;;;;;;;;0;0;1;0;0;10000144;11000020
2018;1000000548;100000500;10;1;1;1;;00000951;00000002;;00003022;1;0;1;;;;;;;;;;;0;1;0;0;10000172;11000024
2018;1000000551;100000501;11;1;3;1;;00002702;00000002;00000001;00000307;1;0;0;;;;;0;;;;;;;1;0;0;10000054;11000007
2018;1000000552;100000502;6;1;3;1;;00004196;00000001;;00000192;1;0;0;;;0;;;0;0;0;;;0;1;0;0;10000154;11000021
2018;1000000554;100000503;13;1;3;1;;00003503;00000001;00000020;00003969;2;0;1;;;;;;;0;;;;0;1;;0;10000184;11000026
2018;1000000555;100000504;13;1;1;1;;00001783;00000002;00000004;00001957;1;0;0;;;1;;;;;0;0;;0;1;;0;10000143;11000020
2018;1000000556;100000505;4;2;1;1;;00003131;00000001;;00002180;2;0;0;;;;;0;;;;;;0;1;0;0;10000040;11000005
2018;1000000557;100000506;12;1;3;1;;00004658;00000001;00000012;;1;0;1;;;;;;;;;;;0;1;0;0;10000125;11000017
2018;1000000558;100000507;4;1;1;1;;00004585;00000001;00000015;;1;0;0;;;1;;;;0;;;;0;1;0;0;10000133;11000018
2018;1000000559;100000508;5;2;1;1;;00004988;00000001;00000025;00000637;1;0;0;0;;;;0;;;;;;0;1;0;0;10000053;11000007
2018;1000000560;100000509;18;2;3;1;;00003902;00000001;00000019;00003589;1;0;0;;;;;0;0;;;;;0;1;1;;10000065;11000009
2018;1000000561;100000510;11;2;0;1;;00000181;00000001;00000007;00004071;2;0;0;;;;;;;;;0;0;0;1;0;0;10000098;11000013
2018;1000000562;100000511;14;2;0;1;;00003238;00000001;;;1;0;0;;;;0;;;;;;;0;1;0;0;10000174;11000024
2018;1000000563;100000512;14;1;1;1;;00001816;00000002;00000004;00000992;1;0;0;;;0;;;;;0;;0;0;1;0;0;10000147;11000020
2018;1000000564;100000513;12;2;3;1;;00003857;00000002;00000018;00000482;2;0;;;;;0;;;;;;;;1;0;0;10000034;11000004
2018;1000000565;100000514;10;1;1;1;;00003709;00000002;00000021;00002084;1;0;1;;;;0;0;0;;;;;0;0;0;0;10000019;11000002
2018;1000000566;100000515;5;2;3;1;;00004451;00000001;;00005436;1;0;0;;;;;;0;0;;0;;0;1;0;0;10000036;11000005
2018;1000000567;100000516;11;2;0;1;;00005153;00000002;00000019;00003505;1;0;0;;0;;;;0;0;;;;;1;0;0;10000097;11000013
2018;1000000568;100000517;8;1;2;1;;00002643;00000002;;;1;0;0;;0;;;;0;0;;;0;0;1;0;;10000209;11000029
2018;1000000569;100000518;5;2;3;1;;00002731;00000002;00000006;00003959;1;0;1;;;;;;;0;;;;0;1;0;0;10000078;11000011
2018;1000000570;100000519;7;1;0;1;;00005494;00000002;;00003571;1;0;0;0;;;;;;;;;;0;;0;0;10000058;11000008
2018;1000000571;100000520;11;2;3;1;;00003814;00000002;00000017;;1;0;0;;0;;;0;;;;;;0;1;1;0;10000178;11000025
2018;1000000572;100000521;52;1;3;1;;00005069;00000002;00000024;00004595;1;0;1;;;;0;0;;;0;;;0;1;0;0;10000068;11000009
2018;1000000573;100000522;14;1;1;1;;00003498;00000001;00000013;00001985;2;0;0;;;;;;;;;;;;1;0;;10000193;11000027
2018;1000000574;100000523;11;1;0;1;;00000970;00000001;00000026;00005456;1;0;1;;;;0;;0;;0;;;0;1;0;0;10000133;11000018
2018;1000000575;100000524;7;1;3;1;;00000478;00000002;00000006;00003015;1;1;0;0;;;0;;;;;;;0;1;0;;10000112;11000015
2018;1000000576;100000525;14;1;3;1;;00004681;00000002;00000005;00001075;1;0;0;;;;;;;;;;;0;1;0;0;10000064;11000009
2018;1000000578;100000526;17;2;0;1;;00003974;00000001;00000016;;2;0;0;;;;;;;;;0;0;0;1;0;0;10000122;11000017
2018;1000000580;100000527;11;2;0;1;;00004042;00000002;00000024;;1;0;1;;;;;;;0;;0;0;0;1;0;0;10000128;11000018
2018;1000000581;100000528;4;1;3;1;;00002361;00000001;00000008;;1;0;0;;;;0;0;;;;;;0;0;0;;10000018;11000002
2018;1000000582;100000529;6;1;0;1;;00003951;00000001;;00003814;2;0;1;;0;1;;;0;;;;0;0;;0;0;10000085;11000012
2018;1000000584;100000530;11;1;0;1;;00003067;00000002;;00003517;1;0;0;;;;;0;;;;0;;0;1;0;0;10000217;11000030
2018;1000000585;100000531;9;2;0;1;;00005557;00000002;00000022;;1;0;0;;;;;;;;;;0;0;1;0;0;10000076;11000010
2018;1000000587;100000532;52;2;3;1;;00004598;00000002;00000009;;1;0;0;;;1;;;;;;;;0;1;0;0;10000048;11000006
2018;1000000588;100000533;9;2;3;1;;00003766;00000002;00000020;;2;0;0;;;1;;0;;;;;0;;1;;0;10000010;11000001
2018;1000000589;100000534;6;2;1;1;;00003323;00000001;00000011;00003217;1;0;0;;;;;0;;;;;;0;1;0;0;10000094;11000013
2018;1000000590;100000535;12;2;0;1;;00001327;00000002;00000005;00003308;1;0;0;;;1;;;;;;0;;0;1;0;1;10000212;11000030
2018;1000000591;100000536;4;1;3;1;;00003079;00000002;;;1;0;1;;;;;0;0;;;;;0;1;0;0;10000186;11000026
2018;1000000592;100000537;16;1;1;1;;00001525;00000002;;;1;0;0;;;;;;;;;;0;0;1;0;0;10000153;11000021
2018;1000000593;100000538;57;1;3;1;;00001752;00000001;00000011;;1;0;1;;;;0;;;;;;;0;;0;0;10000156;11000022
2018;1000000594;100000539;18;1;3;1;;00004137;00000002;00000020;;1;1;1;;;;;;;;;;0;0;1;0;1;10000181;11000025
2018;1000000595;100000540;9;1;3;1;;00002672;00000001;;00004782;1;0;1;;;;0;;0;;;;;0;1;0;0;10000154;11000021
2018;1000000596;100000541;8;1;3;1;;00000602;00000001;00000001;00005353;1;0;0;;;;;0;;;;;;0;1;0;0;10000193;11000027
2018;1000000597;100000542;10;2;0;1;;00003186;00000001;00000011;;1;0;1;0;;;;;0;;;;;0;1;;;10000180;11000025
2018;1000000598;100000543;14;1;0;1;;00002646;00000001;00000022;00003537;1;1;0;;0;;;0;;;;;;0;0;0;0;10000006;11000000
2018;1000000599;100000544;9;2;1;1;;00001716;00000002;00000012;00002954;2;0;0;;;0;;0;;;;;;0;1;0;0;10000045;11000006
2018;1000000600;100000545;9;1;0;1;;00002026;00000001;;00000827;1;0;0;;;;;;;;;0;;0;1;0;0;10000070;11000009
2018;1000000601;100000546;12;2;1;1;;00005249;00000002;;00004114;2;0;0;;;;;;;;1;0;;;1;0;0;10000048;11000006
2018;1000000602;100000547;18;1;0;1;;00002156;00000001;00000003;00002496;1;0;0;;;;;;;;;0;;0;1;0;0;10000015;11000002
2018;1000000603;100000548;12;2;3;1;;00004787;00000001;;00001867;1;0;1;;;;;;0;;;;;0;1;;0;10000147;11000020
2018;1000000604;100000549;8;1;3;1;;00005416;00000002;00000008;00003485;1;0;1;;0;;;;;;;;;0;1;0;0;10000110;11000015
2018;1000000605;100000550;9;1;1;1;;00003872;00000001;00000001;;1;0;0;;0;;;;;;;;;0;1;0;0;10000083;11000011
2018;1000000606;100000551;5;1;1;1;;00001413;00000002;;00001162;1;0;0;;;;;0;;;;;0;0;1;0;0;10000139;11000019
2018;1000000608;100000552;9;1;3;1;;00001578;00000001;00000014;00001840;1;0;1;;;;;;;;;;;0;1;1;0;10000214;11000030
2018;1000000609;100000553;8;1;0;1;;00003777;00000001;00000005;00003024;2;0;0;0;;;;;0;;0;;;0;1;0;0;10000148;11000021
2018;1000000610;100000554;9;1;1;1;;00004333;00000001;00000017;00002301;1;0;0;;0;0;;;;0;;;0;0;1;0;0;10000056;11000007
2018;1000000612;100000555;6;2;3;1;;00003886;00000001;;00001923;1;0;1;;;1;;;;;;;;0;0;0;0;10000144;11000020
2018;1000000613;100000556;10;2;1;1;;00004108;00000002;;00003849;1;0;0;0;;;;;;;;;;0;0;0;0;10000052;11000007
2018;1000000614;100000557;4;2;1;1;;00002494;00000001;00000003;;1;0;0;;;;;;;;;;;0;1;0;0;10000161;11000022
2018;1000000615;100000558;4;1;1;1;;00005023;00000002;;00001128;1;0;0;0;0;;0;;;;;0;;0;1;0;0;10000106;11000015
2018;1000000616;100000559;13;2;1;1;;00003140;00000001;;00001360;1;0;0;;;;;;;;;;0;0;1;0;0;10000099;11000014
2018;1000000617;100000560;11;2;3;1;;00001448;00000001;00000003;00003585;1;0;0;;;;0;0;;0;;;;0;1;0;0;10000088;11000012
2018;1000000618;100000561;9;2;0;1;;00002937;00000001;;00001471;1;0;0;;1;0;;0;;;;;;0;1;0;;10000056;11000007
2018;1000000620;100000562;9;1;1;1;;00002073;00000002;00000007;;1;0;0;;0;;;0;;0;;;;0;1;0;0;10000045;11000006
2018;1000000621;100000563;17;1;0;1;;00003079;00000001;;00000949;1;1;0;;;;;;;;;;;0;;0;;10000042;11000005
2018;1000000622;100000564;11;2;3;1;;00000393;00000002;;00002199;2;0;0;0;0;1;;0;0;;;0;;0;1;0;0;10000100;11000014
2018;1000000623;100000565;5;1;0;1;;00005167;00000002;00000018;;1;0;0;;;;;;;;;;;;1;0;0;10000215;11000030
2018;1000000624;100000566;15;2;3;1;;00003616;00000002;00000004;00005136;2;0;0;;;;0;;;;;;0;0;;0;0;10000162;11000023
2018;1000000625;100000567;6;2;1;1;;00003110;00000002;00000017;00003711;1;0;0;;;;;;;0;;;;0;1;0;0;10000163;11000023
2018;1000000626;100000568;12;2;3;1;;00004494;00000002;00000021;00001723;1;0;0;0;;;;0;;;;;;0;1;1;0;10000005;11000000
2018;1000000627;100000569;16;1;0;1;;00003853;00000001;00000015;00002440;2;0;0;;;;;;;;;;;0;1;;0;10000092;11000013
2018;1000000628;100000570;6;2;3;1;;00002797;00000002;00000009;00005296;2;0;0;;;;;;;;;;;0;1;;0;10000123;11000017
2018;1000000629;100000571;9;2;0;1;;00004253;00000001;00000009;00000244;1;0;0;0;;0;;;;;;0;0;0;1;0;0;10000067;11000009
2018;1000000631;100000572;11;1;0;1;;00001367;00000002;;00002895;2;0;0;;0;;;1;1;;;;;0;1;0;0;10000137;11000019
2018;1000000632;100000573;11;2;1;1;;00002588;00000002;;00002095;1;0;0;;;;;;;;0;;;0;;0;0;10000168;11000023
2018;1000000633;100000574;11;1;1;1;;00003470;00000001;00000008;;2;0;0;;0;1;;;;;;;;0;1;0;0;10000152;11000021
2018;1000000634;100000575;17;1;3;1;;00002003;00000001;;00000316;1;0;0;;;1;;0;;;;;0;0;1;0;0;10000120;11000017
2018;1000000636;100000576;13;1;1;1;;00002233;00000001;00000027;;2;0;0;;;1;;;;;;;;0;1;0;0;10000188;11000026
2018;1000000637;100000577;8;1;3;1;;00002782;00000001;;00000525;2;0;1;0;0;;;1;;;;;;0;1;0;0;10000145;11000020
2018;1000000638;100000578;4;2;1;1;;00002434;00000001;00000017;;2;0;0;;;;;;;0;;;;0;1;0;0;10000147;11000020
2018;1000000639;100000579;6;1;3;1;;00002317;00000001;00000003;00000196;1;0;0;;0;;0;;;;;;;0;1;0;0;10000125;11000017
2018;1000000640;100000580;12;2;1;1;;00003654;00000001;00000005;00003106;1;0;0;;;;;;;;;;0;0;1;0;0;10000124;11000017
2018;1000000641;100000581;13;1;2;1;;00000576;00000002;;00002633;1;0;1;0;;;;;0;;;;0;0;1;0;0;10000047;11000006
2018;1000000642;100000582;17;1;1;1;;00002314;00000002;;00002220;1;0;0;;;;0;;0;;;;0;0;;0;0;10000161;11000022
2018;1000000643;100000583;4;2;1;1;;00000004;00000002;00000001;00002097;2;0;0;;;;;;;;;;;0;1;0;0;10000207;11000029
2018;1000000644;100000584;8;1;0;1;;00001709;00000001;00000007;;1;0;0;;;;;;;;;;;0;1;;0;10000169;11000024
2018;1000000645;100000585;6;1;3;1;;00004428;00000002;;00002714;1;0;0;;;0;;;;0;;;;0;1;0;0;10000037;11000005
2018;1000000646;100000586;8;1;0;1;;00000784;00000001;00000016;;1;0;1;;;;;;;;0;;;0;0;0;0;10000200;11000028
2018;1000000647;100000587;10;2;1;1;;00004604;00000001;00000012;00004509;1;0;;;;;0;;;;0;;;0;0;0;0;10000172;11000024
2018;1000000648;100000588;30;2;3;1;;00005042;00000002;00000009;00004262;2;0;0;;;;;;0;0;0;;;0;1;1;0;10000100;11000014
2018;1000000649;100000589;4;2;3;1;;00004543;00000001;00000022;00005311;1;0;0;;;;0;;0;;;;0;0;1;;0;10000195;11000027
2018;1000000650;100000590;11;1;0;1;;00000374;00000001;00000016;00003392;1;0;1;;;;;;;0;;0;;0;1;0;0;10000140;11000019
2018;1000000651;100000591;26;1;3;1;;00003415;00000001;00000001;00003036;1;0;0;;;;;;;;;;;0;1;0;0;10000207;11000029
2018;1000000652;100000592;19;1;3;1;;00003864;00000001;00000008;00003008;1;0;0;;;;;;;;;;;0;0;0;1;10000140;11000019
2018;1000000653;100000593;6;2;1;1;;00000586;00000001;;00004342;1;0;1;;0;;;;;;;0;;0;;0;0;10000150;11000021
2018;1000000654;100000594;8;2;1;1;;00003431;00000001;;00001153;2;0;0;;;;;1;;;;;0;0;1;1;0;10000035;11000004
2018;1000000655;100000595;9;1;0;1;;00002651;00000002;00000025;00001941;1;0;0;;0;;;;0;;;;;0;1;0;0;10000203;11000028
2018;1000000657;100000596;13;2;0;1;;00000316;00000001;;;2;0;0;;;;;;;0;;;0;0;1;0;0;10000115;11000016
2018;1000000658;100000597;9;2;0;1;;00004524;00000001;;;1;0;0;;;;0;0;;;;;;;0;0;0;10000083;11000011
2018;1000000659;100000598;12;1;1;1;;00001790;00000002;00000009;00000174;2;0;0;;;0;;;;;;0;;0;1;0;0;10000121;11000017
2018;1000000660;100000599;5;1;1;1;;00004110;00000002;00000021;00005050;2;1;0;0;;;;;0;;;;;0;;0;0;10000111;11000015
2018;1000000661;100000600;4;2;2;1;;00002277;00000001;00000015;;1;0;0;;0;;;;;;;;;0;1;0;0;10000024;11000003
2018;1000000662;100000601;10;2;1;1;;00004403;00000001;;00000348;1;0;0;;;;;;;;;;;0;1;0;0;10000096;11000013
2018;1000000663;100000602;4;2;1;1;;00001601;00000002;;00002667;1;0;0;;0;;;;;;0;0;;0;1;0;0;10000175;11000024
2018;1000000664;100000603;11;2;2;1;;00002608;00000001;00000025;00001480;1;0;1;;;;;;;;;;;0;1;0;0;10000207;11000029
2018;1000000665;100000604;5;1;3;1;;00002066;00000002;00000010;;1;0;1;0;;1;;;;;;;;0;1;1;0;10000114;11000016
2018;1000000666;100000605;17;2;0;1;;00003130;00000002;;;1;0;0;;0;;0;;0;;;0;;;1;0;0;10000023;11000003
2018;1000000667;100000606;16;1;0;1;;00000852;00000002;;00004605;1;0;0;;;;;;;0;;;0;0;0;1;0;10000193;11000027
2018;1000000668;100000607;4;2;1;1;;00004930;00000002;;;1;0;0;;;;;;;0;;;;0;1;0;0;10000158;11000022
2018;1000000669;100000608;12;2;3;1;;00005032;00000002;;00004961;1;0;0;;0;;0;;;;;;;0;;0;0;10000059;11000008
2018;1000000671;100000609;18;1;3;1;;00005083;00000001;00000012;00000203;2;0;0;;;;;0;;;;;;0;1;0;0;10000074;11000010
2018;1000000672;100000610;13;2;2;1;;00004507;00000002;00000020;;1;0;1;;;;0;;;;;;;0;1;0;0;10000032;11000004
2018;1000000673;100000611;16;2;1;1;;00000308;00000002;00000020;00004052;1;0;0;;;;0;;;;;0;;0;1;0;0;10000036;11000005
2018;1000000676;100000612;11;1;1;1;;00001427;00000002;00000012;00002041;1;0;;;;;0;;;;;;;0;1;;0;10000016;11000002
2018;1000000678;100000613;12;1;0;1;;00002027;00000001;00000013;00004653;1;0;0;;;1;;;;;0;0;;0;1;0;0;10000079;11000011
2018;1000000679;100000614;10;2;1;1;;00004984;00000002;;00003845;1;0;0;;;;;;;0;;;;0;1;;0;10000138;11000019
2018;1000000680;100000615;9;2;3;1;;00002615;00000002;00000020;00002368;2;0;0;0;0;;;;;;;;;0;1;0;0;10000011;11000001
2018;1000000681;100000616;19;1;3;1;;00001474;00000002;00000024;00004228;1;0;0;;;;0;;;;0;0;;0;0;1;0;10000091;11000012
2018;1000000682;100000617;5;2;3;1;;00001127;00000001;00000006;00002758;1;0;0;;0;;;;;;;0;;0;1;0;0;10000006;11000000
2018;1000000683;100000618;4;2;1;1;;00003819;00000002;00000011;00003593;1;0;0;;;;;;;;0;;;0;1;0;0;10000092;11000013
2018;1000000684;100000619;10;1;3;1;;00004385;00000002;00000016;00003994;1;0;0;;;;;;;;;;;0;1;1;0;10000015;11000002
2018;1000000685;100000620;4;1;0;1;;00002903;00000001;00000026;00001614;1;0;1;0;;;;;;;;0;;0;1;0;0;10000103;11000014
2018;1000000686;100000621;15;2;1;1;;00000472;00000002;00000016;00000323;2;0;0;;0;0;;;0;;;;;0;0;0;0;10000191;11000027
2018;1000000687;100000622;13;2;1;1;;00005376;00000002;;00001822;1;0;0;0;;;;;;;;;;0;;0;0;10000126;11000017
2018;1000000688;100000623;5;1;3;1;;00003475;00000002;00000022;;2;0;0;;;;;;;;;;0;0;1;0;0;10000175;11000024
2018;1000000689;100000624;8;2;0;1;;00001296;00000002;;;2;0;0;0;;0;0;;;;;;;0;1;0;0;10000053;11000007
2018;1000000690;100000625;17;2;3;1;;00004203;00000001;00000007;;2;0;0;;;1;;;1;;;;0;0;1;0;0;10000137;11000019
2018;1000000691;100000626;13;2;0;1;;00003606;00000001;;00002087;1;0;0;;;;;;;;;;0;0;1;0;0;10000061;11000008
2018;1000000692;100000627;19;2;0;1;;00005096;00000001;00000019;00003240;1;0;0;;;;0;0;;;;;;0;1;0;0;10000023;11000003
2018;1000000693;100000628;4;1;0;1;;00000328;00000002;00000005;00001332;1;0;1;;;;0;1;;;0;0;;;1;0;0;10000115;11000016
2018;1000000694;100000629;14;1;1;1;;00004718;00000001;00000020;;1;0;1;;;;;;;;0;;;0;1;;;10000183;11000026
2018;1000000695;100000630;6;1;0;1;;00001225;00000002;00000004;00003030;1;0;0;0;;;;;;;;0;;0;1;0;0;10000013;11000001
2018;1000000696;100000631;8;1;1;1;;00002207;00000001;00000021;;1;0;1;;;;;;;;;;0;0;1;0;0;10000139;11000019
2018;1000000697;100000632;24;2;3;1;;00003495;00000002;00000021;00005205;1;0;0;;;;;;0;0;;;;0;0;;0;10000017;11000002
2018;1000000699;100000633;9;2;1;1;;00000815;00000002;00000010;00002558;1;0;0;;;1;;;;;;0;0;0;0;0;0;10000062;11000008
2018;1000000700;100000634;5;1;1;1;;00001897;00000001;00000015;00003054;2;0;0;;;;;;;;;;;0;1;0;;10000214;11000030
2018;1000000701;100000635;8;2;1;1;;00000179;00000001;00000006;;1;0;1;;;;;;;;;0;0;0;1;0;0;10000180;11000025
2018;1000000702;100000636;11;2;1;1;;00005458;00000001;00000018;00003055;1;0;0;;;1;;0;;0;;;0;0;1;0;0;10000024;11000003
2018;1000000703;100000637;6;2;0;1;;00001998;00000002;00000007;00000940;1;0;1;;;;;;;;;;;0;1;0;0;10000121;11000017
2018;1000000704;100000638;5;2;1;1;;00003682;00000002;00000010;;1;0;1;;;;;0;;;;;;0;1;0;0;10000102;11000014
2018;1000000705;100000639;6;1;3;1;;00003984;00000001;00000017;00005485;2;0;0;;;1;0;;;;;;;0;1;0;0;10000192;11000027
2018;1000000706;100000640;15;2;0;1;;00001504;00000002;00000023;00001686;1;0;0;;0;;;;;;;;;0;;0;0;10000198;11000028
2018;1000000707;100000641;12;1;3;1;;00004566;00000002;00000020;;1;0;1;;0;;;;;;;;;0;1;0;;10000187;11000026
2018;1000000708;100000642;10;2;0;1;;00003526;00000002;00000019;;1;0;0;;;;;;;;0;;;0;1;0;0;10000029;11000004
2018;1000000709;100000643;17;2;1;1;;00003379;00000001;;00003191;1;0;0;;;;0;0;;0;;;0;0;1;0;0;10000172;11000024
2018;1000000710;100000644;4;2;1;1;;00003521;00000001;;00003317;1;0;0;0;0;;;;0;;;;;0;1;0;0;10000215;11000030
2018;1000000711;100000645;19;2;1;1;;00003717;00000002;00000001;00005487;1;0;0;;;;0;;;;0;;;0;1;;0;10000135;11000019
2018;1000000712;100000646;16;1;3;1;;00001996;00000002;;;1;0;1;;;;;;;;0;0;0;0;1;0;1;10000178;11000025
2018;1000000713;100000647;5;2;3;1;;00002620;00000001;00000011;;1;0;0;0;;;0;;;;;;;;;0;0;10000077;11000010
2018;1000000714;100000648;18;2;1;1;;00004083;00000001;00000021;00000015;1;0;0;;;;;;;;;;0;0;;0;0;10000132;11000018
2018;1000000715;100000649;5;1;1;1;;00005450;00000002;00000019;;1;0;0;0;;1;;;;;;;;0;1;0;0;10000002;11000000
2018;1000000716;100000650;16;2;0;1;;00001026;00000002;00000010;;1;0;0;0;;;;;;;;;;0;1;0;0;10000147;11000020
2018;1000000717;100000651;12;2;0;1;;00002571;00000002;;00005490;2;0;0;;;;;;;;;;;0;1;0;0;10000154;11000021
2018;1000000718;100000652;14;1;1;1;;00000157;00000002;00000021;00003326;1;0;0;;;;;;0;;;;;0;1;0;0;10000084;11000011
2018;1000000719;100000653;6;2;1;1;;00004164;00000002;;00000472;1;0;0;0;;;;;;;;;;0;0;0;0;10000059;11000008
2018;1000000720;100000654;11;2;3;1;;00002597;00000002;00000027;00002996;1;0;0;;;1;;0;0;;;;;0;1;0;0;10000197;11000028
2018;1000000721;100000655;7;2;3;1;;00001074;00000001;00000026;;2;0;0;;;;0;;;;;;;0;1;0;0;10000006;11000000
2018;1000000722;100000656;15;2;1;1;;00000560;00000001;;;1;0;0;;;;;;;;;;0;0;1;0;;10000086;11000012
2018;1000000723;100000657;10;1;0;3;;00002946;00000002;00000006;;1;0;0;;;;;0;;0;;;;0;1;0;0;10000184;11000026
2018;1000000724;100000658;12;2;0;1;;00004678;00000002;00000016;00002476;2;0;0;;;;;;;0;;;;0;1;0;0;10000024;11000003
2018;1000000726;100000659;10;1;3;1;;00003757;00000001;00000026;00000111;1;0;1;;;;;;0;;;;;0;1;0;0;10000106;11000015
2018;1000000727;100000660;9;2;1;1;;00001120;00000002;;00005464;1;0;0;;;;;;;;;;;0;1;0;0;10000026;11000003
2018;1000000728;100000661;16;1;1;1;;00000480;00000001;00000010;00001500;1;0;1;0;;;;0;;;0;;;0;1;0;0;10000149;11000021
2018;1000000729;100000662;17;2;1;1;;00004124;00000002;00000003;;2;0;1;0;;;;;;;;0;0;0;1;0;0;10000030;11000004
2018;1000000730;100000663;16;1;3;3;;00002266;00000002;00000001;;1;0;1;;;;;;;0;;;;0;1;0;0;10000113;11000016
2018;1000000731;100000664;27;1;2;1;;00003318;00000001;;00003809;1;0;0;;;;;0;;;;;0;0;0;0;0;10000166;11000023
2018;1000000732;100000665;33;2;2;1;;00000064;00000001;00000007;;1;0;0;;;1;;;;;;;;0;;0;0;10000091;11000012
2018;1000000734;100000666;13;1;3;1;;00001211;00000002;00000020;;1;0;0;;;1;;;0;;;;;0;1;0;0;10000166;11000023
2018;1000000735;100000667;9;1;1;1;;00004063;00000001;00000010;00003565;1;0;1;;1;;;;0;0;;;;0;1;0;0;10000192;11000027
2018;1000000736;100000668;10;2;0;1;;00003991;00000002;;00004489;1;0;0;;;;0;;;;;0;;0;1;0;0;10000005;11000000
2018;1000000737;100000669;6;2;1;1;;00000813;00000001;;;1;0;0;;0;0;;;;0;;;;0;1;0;0;10000157;11000022
2018;1000000738;100000670;7;2;1;1;;00003559;00000001;00000010;;1;0;0;;;;;;;0;;;0;0;1;0;1;10000082;11000011
2018;1000000739;100000671;19;1;1;1;;00003936;00000001;00000022;00002706;2;0;0;;;;;;;;;;;0;;0;0;10000161;11000022
2018;1000000741;100000672;17;2;0;1;;00001043;00000001;00000008;;1;0;1;;;;0;;0;;0;;;0;1;;0;10000194;11000027
2018;1000000742;100000673;8;2;3;1;;00001420;00000002;;;1;0;0;;;;;;;0;0;;0;0;;0;0;10000016;11000002
2018;1000000743;100000674;23;2;3;1;;00000434;00000002;00000021;;1;0;0;;;;0;;;;;0;;0;1;0;0;10000153;11000021
2018;1000000744;100000675;4;1;3;1;;00001289;00000002;;;2;0;0;;0;;;;;;;;;0;1;0;0;10000096;11000013
2018;1000000745;100000676;16;2;1;1;;00001779;00000001;00000027;;1;0;0;;;;;;;;;;;0;1;0;0;10000016;11000002
2018;1000000746;100000677;14;1;0;1;;00001358;00000001;00000014;;1;0;0;;;;;;;;;;;0;;0;0;10000095;11000013
2018;1000000747;100000678;18;1;0;1;;00000749;00000002;;00005267;1;0;0;;;;;;;0;0;;0;0;1;0;0;10000022;11000003
2018;1000000748;100000679;4;1;0;1;;00005366;00000001;;00001090;1;0;0;;;;;;;;;0;;0;1;0;0;10000039;11000005
2018;1000000749;100000680;10;1;1;1;;00000539;00000002;00000027;;1;0;0;;;;;;;;;;;0;0;0;0;10000131;11000018
2018;1000000750;100000681;11;2;1;1;;00000702;00000002;;;2;0;1;;;1;;0;1;;0;;;0;1;0;0;10000177;11000025
2018;1000000751;100000682;13;1;1;1;;00001695;00000002;00000016;00004747;1;0;0;;;;;;;;;;0;0;1;1;0;10000112;11000015
2018;1000000753;100000683;15;2;1;1;;00005379;00000002;;00000697;1;0;0;;;1;;;;;;;;0;1;1;0;10000027;11000003
2018;1000000754;100000684;15;1;3;1;;00005036;00000002;;;1;0;0;;;;;;;;;;;0;1;0;0;10000030;11000004
2018;1000000755;100000685;12;1;0;1;;00002165;00000001;00000003;00002424;1;0;0;;;;0;;0;;;;;;1;0;0;10000128;11000018
2018;1000000756;100000686;8;2;0;1;;00000766;00000002;;00002171;1;0;0;0;;;0;;;0;;0;;0;1;0;0;10000207;11000029
2018;1000000757;100000687;15;2;1;1;;00003581;00000001;00000025;;1;0;0;;;;;;0;;;;0;0;1;0;0;10000118;11000016
2018;1000000759;100000688;23;1;3;1;;00000480;00000001;00000014;00000364;1;0;0;0;;;;;;;;;;0;1;0;0;10000142;11000020
2018;1000000761;100000689;6;1;3;1;;00002456;00000001;;;2;0;0;;;;;;0;;;;0;0;1;0;0;10000120;11000017
2018;1000000763;100000690;14;2;1;1;;00002436;00000002;;;1;1;1;;0;;;;0;;;;;0;0;0;0;10000172;11000024
2018;1000000764;100000691;6;2;1;1;;00004611;00000001;00000011;00003391;1;0;0;;;;;;;;;;0;0;1;0;;10000126;11000017
2018;1000000765;100000692;6;2;3;1;;00003555;00000001;;;1;0;0;;;;;;;;;;;0;1;0;0;10000026;11000003
2018;1000000766;100000693;4;2;3;1;;00002973;00000001;00000025;00001927;1;0;0;;;;;;;0;;;;0;1;0;0;10000217;11000030
2018;1000000767;100000694;16;1;1;1;;00005121;00000001;00000012;;1;0;0;;;1;;;;;0;;;0;1;0;0;10000079;11000011
2018;1000000768;100000695;16;1;0;1;;00004774;00000001;;00000338;2;0;0;;;;0;;;0;0;;;0;1;0;0;10000146;11000020
2018;1000000769;100000696;8;2;3;1;;00004128;00000002;00000011;00004225;1;0;0;0;;;;;;;;;0;0;;0;0;10000065;11000009
2018;1000000771;100000697;13;1;1;1;;00002550;00000002;00000013;;1;0;1;;;;;;;;;;;0;1;0;0;10000031;11000004
2018;1000000773;100000698;11;1;2;1;;00000471;00000002;00000001;;1;0;0;0;;0;;;0;;;0;;0;1;0;0;10000060;11000008
2018;1000000774;100000699;5;2;0;1;;00004949;00000001;00000015;00000851;2;0;0;;1;;;;;0;;;;0;1;0;0;10000175;11000024
2018;1000000776;100000700;4;2;3;1;;00004941;00000002;00000007;;1;0;1;;;;0;;;;;;;1;0;0;0;10000047;11000006
2018;1000000777;100000701;4;1;1;1;;00000321;00000002;00000027;;1;0;0;;;1;;;0;0;;;0;0;1;;0;10000095;11000013
2018;1000000778;100000702;5;1;1;1;;00001817;00000002;00000024;00001853;1;0;1;;;;;;;;0;;;0;;0;0;10000113;11000016
2018;1000000779;100000703;25;1;3;1;;00004214;00000002;00000021;;1;0;0;;;;0;0;;;;;;;;0;0;10000053;11000007
2018;1000000780;100000704;7;1;0;1;;00001879;00000001;00000023;00004407;2;0;0;;;0;;;;;0;;;;1;1;0;10000192;11000027
2018;1000000781;100000705;7;2;0;1;;00000350;00000001;00000001;00002103;2;0;0;;;;;;;;0;;;0;1;0;0;10000005;11000000
2018;1000000782;100000706;16;1;3;1;;00002722;00000002;00000014;;1;0;0;;;;0;;;;0;0;;0;1;;1;10000036;11000005
2018;1000000783;100000707;13;1;5;1;;00001414;00000002;;00001883;1;0;0;;;;;0;;;;;;0;1;0;0;10000180;11000025
2018;1000000784;100000708;6;2;1;1;;00000767;00000001;;00003887;2;0;0;;;0;;;;;;;;0;1;;0;10000151;11000021
2018;1000000785;100000709;13;2;1;1;;00003983;00000002;;00000271;1;0;0;;;1;;;;;;;;0;1;0;1;10000162;11000023
2018;1000000786;100000710;12;1;3;1;;00002798;00000002;;00000035;1;0;0;;;;0;;;;;;;0;1;1;0;10000014;11000001
2018;1000000787;100000711;7;1;2;1;;00002184;00000001;00000009;00002534;1;0;0;;;;;0;;;0;;0;0;1;0;0;10000211;11000030
2018;1000000788;100000712;16;1;3;1;;00000624;00000001;00000021;;1;0;0;;;0;;;;;;;;0;1;0;0;10000119;11000016
2018;1000000789;100000713;13;1;0;1;;00002209;00000002;;00002041;1;0;1;;;;;;;0;;;;0;1;0;;10000065;11000009
2018;1000000790;100000714;19;1;1;1;;00004063;00000002;00000004;00005422;1;0;0;;;;;0;;;;;;0;1;0;0;10000048;11000006
2018;1000000791;100000715;16;2;3;1;;00004961;00000002;00000022;00003672;1;0;0;;;;;;;;;0;;0;0;;0;10000116;11000016
2018;1000000792;100000716;7;1;1;1;;00005042;00000001;00000024;;1;0;0;;;;;;0;0;;;;0;1;0;0;10000170;11000024
2018;1000000793;100000717;14;2;3;1;;00000725;00000002;;00005450;1;0;0;;;;;0;;;0;;;0;1;0;0;10000119;11000016
2018;1000000794;100000718;17;1;1;1;;00003134;00000002;00000024;00000123;1;0;1;0;;;;1;;;;;;;1;0;0;10000039;11000005
2018;1000000795;100000719;12;1;0;1;;00000384;00000002;00000017;00004689;1;0;0;0;;;0;;;;;;;0;0;0;0;10000198;11000028
2018;1000000796;100000720;16;1;3;1;;00002156;00000001;00000003;;1;0;0;;;;;;;0;;;;0;1;0;;10000215;11000030
2018;1000000797;100000721;15;1;0;1;;00003730;00000001;;00001377;2;0;1;;;;;;;;;;;0;1;0;0;10000190;11000027
2018;1000000798;100000722;4;2;0;1;;00003692;00000002;;;1;0;0;0;;;0;;;0;;;;0;1;0;0;10000032;11000004
2018;1000000799;100000723;15;1;1;1;;00001850;00000001;;00000999;1;0;1;0;;;;;;0;;;;0;1;0;0;10000061;11000008
2018;1000000800;100000724;20;2;0;1;;00000427;00000002;;00001728;1;0;1;0;;;;;;;0;;;0;;0;0;10000042;11000005
2018;1000000801;100000725;4;1;3;1;;00002767;00000002;00000015;;1;0;0;;;;;;;;;;;0;1;0;0;10000115;11000016
2018;1000000803;100000726;8;2;1;1;;00002274;00000002;00000002;00004389;1;0;0;;1;;;;;;;;;0;1;0;0;10000049;11000006
2018;1000000804;100000727;8;2;1;1;;00003426;00000001;00000011;00002837;1;0;0;;;;;;0;0;;;;0;1;0;0;10000165;11000023
2018;1000000805;100000728;15;1;1;1;;00004709;00000002;00000001;;1;0;1;;;;;1;;;;;;;1;1;0;10000002;11000000
2018;1000000806;100000729;8;2;3;1;;00005318;00000001;;00000956;1;0;0;;;;;0;;0;0;0;0;0;;0;0;10000069;11000009
2018;1000000808;100000730;12;1;1;1;;00002935;00000001;;00003548;1;0;0;;;;;;;;;;;0;1;0;0;10000107;11000015
2018;1000000809;100000731;8;1;1;1;;00003537;00000002;00000006;00003656;1;0;0;;0;;0;;;;;;;0;1;0;0;10000011;11000001
2018;1000000810;100000732;15;2;1;1;;00004349;00000001;;00002130;2;0;1;;;;;0;;;;;;0;1;0;0;10000065;11000009
2018;1000000811;100000733;4;1;0;1;;00004616;00000001;00000027;00003503;1;0;0;;0;0;;;0;0;;;0;0;1;0;0;10000013;11000001
2018;1000000812;100000734;9;1;1;1;;00001349;00000001;;00004599;2;0;1;;;;;0;;;;;;0;1;0;0;10000062;11000008
2018;1000000813;100000735;7;1;3;1;;00005000;00000002;00000004;00004662;1;0;0;;;;;;;;0;;;0;1;;;10000203;11000028
2018;1000000814;100000736;5;1;3;1;;00003197;00000002;00000010;00002480;1;0;0;;;;;;;;0;;0;0;1;0;0;10000210;11000029
2018;1000000815;100000737;7;1;1;1;;00000461;00000002;00000004;;1;0;0;;;;;;0;;;;;0;1;1;0;10000181;11000025
2018;1000000816;100000738;21;1;3;1;;00004303;00000001;;00004588;1;0;0;;;;;;;;;;0;0;1;0;0;10000130;11000018
2018;1000000817;100000739;13;2;0;1;;00001418;00000001;00000007;;1;0;0;0;0;;;0;;;0;;;0;0;0;0;10000025;11000003
2018;1000000818;100000740;14;2;1;1;;00001836;00000002;00000015;;1;0;0;;;;;1;;;;;;0;1;0;0;10000024;11000003
2018;1000000819;100000741;8;1;0;1;;00003967;00000002;;00003205;1;0;0;;;;;;;;;;0;0;1;0;0;10000062;11000008
2018;1000000820;100000742;11;2;1;1;;00001269;00000002;;00004446;1;1;0;0;;;;;;;;;0;0;1;0;0;10000025;11000003
2018;1000000821;100000743;7;2;3;1;;00002212;00000002;;00003571;2;0;0;;;;;;;;;;;0;1;0;0;10000021;11000002
2018;1000000822;100000744;10;1;3;1;;00004408;00000001;;00005281;1;0;1;0;;;;;;;;0;0;0;1;0;0;10000201;11000028
2018;1000000823;100000745;14;1;0;1;;00002624;00000001;00000026;00003530;1;0;0;;;;;0;0;;;;;;1;0;0;10000142;11000020
2018;1000000824;100000746;14;2;1;1;;00002368;00000002;00000003;00003698;1;0;0;0;;;;;;;0;;;0;0;0;0;10000013;11000001
2018;1000000825;100000747;29;2;1;1;;00000906;00000001;00000025;00002793;1;0;0;;;;0;;;;;;;0;1;0;;10000122;11000017
2018;1000000826;100000748;11;2;1;1;;00003203;00000001;;;1;0;0;;1;;;;;0;;;;0;1;0;0;10000131;11000018
2018;1000000828;100000749;11;1;1;1;;00000815;00000002;;00000682;1;0;0;;;;;;;;;0;;0;1;0;0;10000020;11000002
2018;1000000829;100000750;14;2;2;1;;00001388;00000002;;;2;0;0;;;;0;;;0;;;;0;1;;0;10000203;11000028
2018;1000000830;100000751;11;1;3;1;;00005353;00000002;00000011;00001231;1;0;0;;;;;;0;;;0;;0;0;;0;10000214;11000030
2018;1000000831;100000752;16;2;0;1;;00004910;00000002;;00004046;1;0;0;;0;;;;;;;;;0;1;0;0;10000045;11000006
2018;1000000832;100000753;14;1;1;1;;00005310;00000002;;00005258;1;0;0;0;;;;;;0;;;;0;1;0;1;10000081;11000011
2018;1000000833;100000754;10;1;0;1;;00005304;00000002;;;1;0;0;0;;1;;;;;;;;0;1;0;;10000019;11000002
2018;1000000834;100000755;17;1;1;1;;00002134;00000002;;00000054;2;1;0;;;;;;;0;;;0;0;1;0;0;10000039;11000005
2018;1000000835;100000756;17;2;3;1;;00004739;00000002;00000024;00003050;1;0;0;;;;;;;;0;;;0;1;0;0;10000094;11000013
2018;1000000836;100000757;12;2;1;1;;00004206;00000001;;00004333;1;0;0;0;;;;;;;;;;0;1;0;0;10000129;11000018
2018;1000000837;100000758;6;1;3;1;;00002314;00000002;;00001067;1;0;0;;;;0;;;;0;;;0;1;1;0;10000066;11000009
2018;1000000838;100000759;22;2;0;1;;00002835;00000002;;00002556;1;0;0;;;;;;;;;;;0;1;0;0;10000154;11000021
2018;1000000839;100000760;14;2;3;1;;00003731;00000001;00000005;00001262;1;0;0;;;1;0;;;0;;0;0;0;1;1;0;10000002;11000000
2018;1000000840;100000761;18;2;0;1;;00001288;00000001;00000025;00004692;1;0;1;;;1;;;;;;0;;0;1;0;0;10000086;11000012
2018;1000000842;100000762;13;2;1;1;;00005024;00000002;00000008;;1;0;1;;;;;;;;;;;0;1;0;0;10000003;11000000
2018;1000000843;100000763;17;2;0;1;;00005444;00000001;00000009;;2;0;0;;;;;;;;;;;0;1;0;0;10000008;11000001
2018;1000000844;100000764;8;1;0;1;;00001958;00000002;00000026;00003991;1;0;0;;;;;;;;;;;0;0;0;0;10000094;11000013
2018;1000000845;100000765;15;1;2;1;;00001282;00000002;00000006;;1;0;0;;;;;;;;;0;;;1;0;0;10000164;11000023
2018;1000000847;100000766;10;2;3;1;;00001983;00000001;00000013;00000946;2;0;0;;;;;;;;;;0;1;1;0;0;10000088;11000012
2018;1000000848;100000767;18;1;0;1;;00005212;00000001;;00003506;1;0;0;;1;;;;;;;;;0;;0;1;10000191;11000027
2018;1000000849;100000768;15;2;1;1;;00000998;00000001;00000014;;1;0;0;;0;;;0;;;;;;0;1;0;0;10000163;11000023
2018;1000000850;100000769;8;2;3;1;;00003378;00000001;;00004142;1;0;1;;;;;;;;;;;0;1;0;0;10000060;11000008
2018;1000000851;100000770;5;2;1;1;;00000280;00000001;00000026;00001256;1;0;0;;;;;;;;;0;;0;1;0;0;10000176;11000025
2018;1000000852;100000771;12;1;3;1;;00004941;00000002;00000015;00001541;2;0;1;;;0;;;0;0;0;;;0;1;1;0;10000070;11000009
2018;1000000853;100000772;16;1;1;1;;00005086;00000002;00000006;00000620;1;0;0;;;;;0;;;;;0;0;;0;0;10000209;11000029
2018;1000000854;100000773;7;2;1;1;;00000877;00000001;;;2;0;0;;;;;;;;;0;;0;1;0;0;10000176;11000025
2018;1000000855;100000774;14;2;1;1;;00004768;00000002;;;1;0;0;;;;;;0;0;;;;0;1;0;0;10000101;11000014
2018;1000000856;100000775;17;1;0;1;;00001360;00000002;00000024;00003271;1;0;0;0;;;;;;;;;0;0;1;0;0;10000180;11000025
2018;1000000857;100000776;21;1;0;1;;00001333;00000002;00000002;00005247;1;0;0;;0;;;;0;;;;0;0;1;0;0;10000066;11000009
2018;1000000859;100000777;22;2;0;1;;00005267;00000001;;;2;0;0;;;;;;0;;0;0;;0;1;0;0;10000086;11000012
2018;1000000860;100000778;36;1;0;1;;00000306;00000001;;;2;0;0;;;1;;0;;;;;;0;1;0;0;10000048;11000006
2018;1000000861;100000779;6;2;0;1;;00004780;00000002;00000018;00003303;1;0;0;;;;;;;;;;0;0;1;0;0;10000209;11000029
2018;1000000862;100000780;12;1;1;1;;00001601;00000002;00000019;00004777;1;0;0;;;;;0;;;;;;0;1;0;0;10000185;11000026
2018;1000000863;100000781;11;2;1;1;;00004155;00000001;00000016;00005409;1;0;0;;0;;;;;;0;;;0;1;0;0;10000032;11000004
2018;1000000864;100000782;10;1;1;1;;00003484;00000001;;;1;0;0;;;1;;0;;;;;0;0;1;0;0;10000035;11000004
2018;1000000865;100000783;4;1;0;1;;00002546;00000001;00000011;00004597;1;0;0;;0;;;;0;;;;;0;1;0;0;10000094;11000013
2018;1000000866;100000784;14;1;3;1;;00003353;00000001;00000023;;1;0;0;;;0;;;;;;;;0;1;0;0;10000002;11000000
2018;1000000867;100000785;15;2;1;1;;00003938;00000002;00000002;00003058;1;1;1;;0;;;;;;;;0;0;1;0;0;10000036;11000005
2018;1000000868;100000786;9;1;3;1;;00001433;00000002;00000007;;1;0;0;0;;;;;;;;;;0;1;0;;10000169;11000024
2018;1000000870;100000787;18;2;2;1;;00003032;00000002;00000011;00004303;1;0;0;;;;;0;0;;;;;0;1;0;0;10000140;11000019
2018;1000000871;100000788;19;1;1;1;;00001516;00000002;;00004195;1;0;0;;;;;;;;;;;0;1;0;0;10000212;11000030
2018;1000000872;100000789;14;1;1;1;;00001650;00000001;;00004619;1;0;1;;0;;;;;;;;;0;1;0;0;10000005;11000000
2018;1000000873;100000790;4;2;1;1;;00003925;00000001;00000024;00003079;1;0;1;;;;0;1;;;;;;0;1;0;0;10000093;11000013
2018;1000000874;100000791;16;1;0;1;;00004890;00000002;00000007;00003763;1;0;1;;;;;;;0;;;0;0;1;0;0;10000174;11000024
2018;1000000875;100000792;6;2;3;1;;00000023;00000001;;00002487;1;0;0;;;;;0;;;;;;0;1;0;0;10000065;11000009
2018;1000000876;100000793;13;2;0;1;;00002511;00000001;00000024;;1;0;0;;;;;;0;;;;0;0;;0;0;10000099;11000014
2018;1000000877;100000794;9;2;1;1;;00004530;00000002;00000023;00004681;1;0;0;;;;;;;;;0;;0;1;0;0;10000049;11000006
2018;1000000878;100000795;4;1;0;1;;00003534;00000001;00000012;;1;0;0;;;;;;1;0;;;;0;1;0;0;10000108;11000015
2018;1000000879;100000796;17;1;1;1;;00000008;00000001;00000027;;1;0;0;;;;;;;;;;;0;;0;;10000131;11000018
2018;1000000880;100000797;20;1;0;1;;00000940;00000002;;00000767;1;0;0;;0;;;;;;;;;0;1;0;0;10000173;11000024
2018;1000000881;100000798;5;2;0;1;;00001327;00000002;;00002795;1;0;0;;;;;;;;;;;0;1;0;0;10000155;11000022
2018;1000000882;100000799;7;1;1;1;;00000159;00000002;;00002340;1;0;0;;;;0;;0;;;;;0;;;0;10000012;11000001
2018;1000000883;100000800;18;2;1;1;;00004185;00000002;;00004842;2;0;0;;;;0;;0;;0;;0;0;1;0;0;10000217;11000030
2018;1000000884;100000801;4;1;0;1;;00002720;00000001;00000020;00002048;1;0;0;;;1;;;;;;;;0;1;0;0;10000166;11000023
2018;1000000885;100000802;15;1;3;1;;00005264;00000001;00000014;00004421;1;0;0;;0;1;;0;0;0;;;;0;1;;0;10000028;11000003
2018;1000000886;100000803;11;1;1;1;;00000090;00000002;;00001396;1;0;0;;;;0;1;;;0;;;0;1;0;0;10000081;11000011
2018;1000000888;100000804;4;1;3;1;;00002458;00000002;00000005;00005336;1;0;0;;;;0;;;;;;;0;1;0;0;10000093;11000013
2018;1000000889;100000805;18;2;3;1;;00003206;00000002;;00000353;1;0;0;;;;0;;0;;;;;0;1;0;0;10000118;11000016
2018;1000000890;100000806;12;1;0;1;;00000155;00000002;;;2;0;0;0;;;;;0;;;;;0;1;0;;10000148;11000021
2018;1000000891;100000807;9;2;3;1;;00000443;00000002;00000018;00001241;1;0;0;;;;;0;;0;;0;;0;1;0;0;10000216;11000030
2018;1000000892;100000808;7;1;1;1;;00000589;00000002;;00002977;1;0;0;;0;0;;;;0;;;;0;1;;0;10000132;11000018
2018;1000000893;100000809;10;2;1;1;;00002689;00000002;00000026;00004591;1;0;0;;0;;;;;;;;;0;1;0;0;10000167;11000023
2018;1000000894;100000810;16;1;1;1;;00004801;00000002;00000020;;1;0;0;;;;0;;;0;;;;0;1;0;0;10000010;11000001
2018;1000000896;100000811;16;2;3;1;;00003100;00000002;00000007;00000162;1;0;1;;;;0;;;;0;;;0;1;;1;10000210;11000029
2018;1000000897;100000812;13;2;1;1;;00004973;00000001;00000016;;1;0;0;;1;;;;;;;;;0;1;0;0;10000194;11000027
2018;1000000898;100000813;6;1;0;1;;00002743;00000002;00000019;;1;0;1;;;1;;;;;;;;0;;0;0;10000059;11000008
2018;1000000899;100000814;6;2;1;1;;00002313;00000001;;00004775;1;0;0;;;;;;;;;;;0;1;0;0;10000183;11000026
2018;1000000900;100000815;13;2;3;1;;00003664;00000001;00000003;;1;0;1;;;;0;;;;;;;0;1;0;;10000140;11000019
2018;1000000901;100000816;14;1;2;1;;00003120;00000001;00000003;;1;0;0;;;0;;;;;;;;0;;0;0;10000151;11000021
2018;1000000902;100000817;16;1;1;1;;00003722;00000002;;00004336;1;0;0;;;;0;0;;;;;;0;1;0;0;10000146;11000020
2018;1000000903;100000818;14;2;1;1;;00003210;00000002;00000025;;1;0;0;;;;0;;;;;;0;0;1;0;0;10000201;11000028
2018;1000000904;100000819;17;2;1;1;;00003722;00000002;00000022;00002891;1;0;0;;;;;;;;;;;0;1;0;0;10000113;11000016
2018;1000000905;100000820;23;2;0;1;;00001873;00000002;00000007;;1;0;0;;;;;;;;;0;0;0;;0;0;10000088;11000012
2018;1000000906;100000821;10;1;1;1;;00000012;00000002;;00000302;2;0;1;;1;1;;;;;;;;0;1;0;0;10000210;11000029
2018;1000000907;100000822;11;2;0;1;;00004995;00000002;00000022;;2;0;1;;;1;;;0;;;;;0;1;0;0;10000204;11000029
2018;1000000908;100000823;8;2;0;1;;00000367;00000001;;;1;0;0;;;;;;;;;;;0;0;;0;10000054;11000007
2018;1000000909;100000824;13;1;0;1;;00000315;00000002;;;1;0;0;;;;;;0;;;;;0;1;0;0;10000181;11000025
2018;1000000910;100000825;10;1;0;1;;00000072;00000002;00000017;00005234;1;0;0;;0;;0;;;;;;;0;1;0;;10000093;11000013
2018;1000000911;100000826;10;2;1;1;;00001505;00000002;;00000028;1;0;1;0;0;;0;;;;;;;0;1;0;0;10000178;11000025
2018;1000000912;100000827;24;2;0;1;;00004020;00000001;00000021;00002318;1;0;0;;;;;;;;0;;;0;1;0;0;10000079;11000011
2018;1000000914;100000828;5;2;3;1;;00002569;00000002;00000024;00004149;2;0;0;;0;;;0;;;;;;0;1;0;0;10000015;11000002
2018;1000000915;100000829;5;2;1;1;;00001680;00000001;;00000410;1;0;0;;;;0;;;0;;0;;0;1;0;0;10000186;11000026
2018;1000000916;100000830;66;2;3;1;;00003847;00000001;;;1;0;0;;;;;;;;;;;0;1;0;1;10000083;11000011
2018;1000000917;100000831;17;2;1;1;;00000563;00000002;00000020;00003129;1;0;0;0;;1;;;;;;0;;0;1;0;0;10000187;11000026
2018;1000000918;100000832;11;1;3;1;;00004252;00000002;;00004307;2;0;0;;;1;;;;;;;;0;0;0;0;10000129;11000018
2018;1000000919;100000833;15;1;1;1;;00000087;00000002;00000014;00003251;1;0;0;;;;;;;0;;;;0;1;0;0;10000038;11000005
2018;1000000920;100000834;18;2;1;1;;00005139;00000001;00000022;00003353;1;0;0;0;;;;0;;0;0;;;;1;0;0;10000180;11000025
2018;1000000923;100000835;13;2;0;1;;00002379;00000002;;00004016;1;0;0;;;;;0;0;;;;;0;1;0;0;10000026;11000003
2018;1000000924;100000836;7;1;3;1;;00000076;00000001;00000009;00000474;1;0;0;;1;;;;;;;;;;1;0;0;10000104;11000014
2018;1000000925;100000837;19;1;3;1;;00002198;00000002;00000002;00000813;1;0;0;;;;;;0;;0;;;0;1;0;0;10000110;11000015
2018;1000000926;100000838;15;1;3;1;;00004494;00000001;00000005;00005404;2;0;0;0;;;;;;;;;;0;1;0;;10000185;11000026
2018;1000000927;100000839;10;1;1;1;;00002021;00000001;;00002458;1;0;0;0;0;;;;0;0;;;;0;1;0;0;10000179;11000025
2018;1000000928;100000840;15;1;3;1;;00003423;00000002;00000005;00004074;2;0;0;0;;;;;;;;;;;1;;1;10000040;11000005
2018;1000000929;100000841;9;2;3;1;;00003754;00000001;00000009;;1;0;1;;0;;;;;0;;;;0;1;0;0;10000165;11000023
2018;1000000930;100000842;9;2;5;1;;00002821;00000002;00000018;;1;0;0;;;;;;;;;;;0;1;0;0;10000090;11000012
2018;1000000931;100000843;25;2;0;1;;00004461;00000001;00000019;;1;0;0;;0;;;;;;;0;;0;1;0;0;10000040;11000005
2018;1000000932;100000844;20;2;0;1;;00004237;00000001;00000013;;1;0;0;;;;;;;;0;;;0;1;0;0;10000042;11000005
2018;1000000933;100000845;22;1;0;1;;00003461;00000002;;;1;0;0;0;0;;;0;0;;;;0;0;1;0;0;10000173;11000024
2018;1000000934;100000846;5;2;1;1;;00003252;00000002;00000008;00003301;1;0;0;;;;;;;;;1;;0;1;0;0;10000199;11000028
2018;1000000935;100000847;13;1;1;1;;00003878;00000001;00000009;00001695;1;0;0;;;;0;;;;0;;;0;0;0;0;10000105;11000014
2018;1000000936;100000848;14;2;3;1;;00000433;00000002;00000009;;1;0;0;;;;0;1;;;;;0;0;1;0;0;10000041;11000005
2018;1000000937;100000849;10;2;3;1;;00003589;00000001;;00002136;2;1;0;;;1;;;;;;;0;0;1;0;0;10000016;11000002
2018;1000000940;100000850;9;2;0;1;;00001357;00000002;;00003379;1;0;0;;;;;;;;;;;0;1;0;;10000037;11000005
2018;1000000941;100000851;8;2;1;1;;00002703;00000001;;00004017;1;0;0;;;0;;;;;;;;0;1;0;0;10000038;11000005
2018;1000000942;100000852;13;2;0;1;;00000113;00000001;00000016;00004082;1;0;0;;;;;;;;;;0;0;;;0;10000176;11000025
2018;1000000943;100000853;10;1;0;1;;00000018;00000002;00000004;00002064;1;0;0;;;;;0;;;;;;0;1;0;0;10000210;11000029
2018;1000000944;100000854;5;2;1;1;;00004484;00000001;00000014;00000884;1;0;0;;;1;0;;;;;;;0;1;0;0;10000101;11000014
2018;1000000945;100000855;16;1;1;1;;00001950;00000001;;;1;0;0;;;;;;0;;;;;0;1;0;0;10000160;11000022
2018;1000000947;100000856;6;1;0;1;;00004910;00000001;;00000113;1;0;0;;;;;;;0;;;;0;0;0;0;10000187;11000026
2018;1000000948;100000857;8;2;3;1;;00002449;00000001;00000015;00003472;1;0;1;0;;;;;;;;;;0;1;0;0;10000121;11000017
2018;1000000949;100000858;13;2;2;1;;00003052;00000002;;00001129;1;0;0;;;;0;;;;;;;0;0;0;0;10000139;11000019
2018;1000000950;100000859;10;1;3;1;;00002357;00000001;00000013;;1;0;1;;;;;;;0;;;;0;;1;;10000178;11000025
2018;1000000951;100000860;16;2;3;1;;00004797;00000001;;;1;0;0;;;;;;;;;;0;0;1;0;;10000137;11000019
2018;1000000952;100000861;12;2;1;1;;00003400;00000002;00000002;00001279;1;0;0;;;1;0;;;;;;;0;;0;1;10000179;11000025
2018;1000000953;100000862;5;1;0;1;;00003576;00000001;;00001023;1;0;0;;;;;;;;;;;0;0;0;0;10000195;11000027
2018;1000000954;100000863;16;2;1;1;;;00000001;00000008;;1;0;0;;;1;0;;;;0;;;0;1;0;;10000184;11000026
2018;1000000955;100000864;7;2;0;1;;00004431;00000001;;;1;0;;;;1;;0;;;;;;0;1;0;0;10000185;11000026
2018;1000000956;100000865;7;1;3;1;;00002851;00000001;00000010;00002129;1;0;0;;0;;;;;;;;;0;;0;0;10000004;11000000
2018;1000000957;100000866;18;1;3;1;;00002942;00000002;;;1;0;0;;;;0;;;;;;0;0;1;;0;10000107;11000015
2018;1000000959;100000867;6;1;0;1;;00004227;00000002;00000025;00001039;1;0;0;;;;;;0;;;;;0;1;0;0;10000052;11000007
2018;1000000960;100000868;16;1;3;1;;00003130;00000002;00000022;00002582;1;0;0;;;;;0;;;;;;0;0;0;0;10000077;11000010
2018;1000000961;100000869;7;1;3;1;;00003222;00000002;00000016;00001816;1;0;0;0;;;0;;;;;;;0;1;0;1;10000158;11000022
2018;1000000962;100000870;14;2;3;1;;00003780;00000001;;00002436;1;0;0;;0;;;;0;;;;0;0;1;0;0;10000188;11000026
2018;1000000964;100000871;13;2;0;1;;00001595;00000001;00000007;00001566;2;0;0;;;;;;;0;;;;0;1;0;0;10000067;11000009
2018;1000000965;100000872;4;1;1;1;;00000031;00000002;00000011;;1;0;0;;0;;;;;;;;0;0;1;0;0;10000058;11000008
2018;1000000966;100000873;13;1;0;1;;00003780;00000002;;00004924;1;0;1;;;;;;;;;;;0;1;0;1;10000079;11000011
2018;1000000967;100000874;15;2;3;1;;00005334;00000002;00000013;;2;0;0;;;0;;;;;;;;0;1;0;0;10000193;11000027
2018;1000000968;100000875;18;2;3;1;;00005113;00000002;00000002;00005075;1;1;0;0;;;;;;;;;;0;1;0;0;10000102;11000014
2018;1000000969;100000876;11;1;3;1;;00004300;00000002;;00002596;2;0;0;;;;0;;;;;;;0;1;0;0;10000010;11000001
2018;1000000970;100000877;16;2;0;1;;00005221;00000001;00000008;00002719;1;1;0;;;;;0;;;0;;;0;0;;0;10000209;11000029
2018;1000000971;100000878;9;2;5;1;;00001778;00000001;00000009;;1;0;0;;1;;;;0;;;;0;;1;0;0;10000011;11000001
2018;1000000972;100000879;17;1;1;1;;00003630;00000002;00000012;00004616;2;0;1;;0;;;;;;;;;;1;0;0;10000100;11000014
2018;1000000973;100000880;17;2;1;1;;00002836;00000002;;00004612;1;0;0;;;;;;;0;;;;0;1;;0;10000171;11000024
2018;1000000974;100000881;14;1;3;1;;00004979;00000001;00000013;00003793;1;0;1;;;;;;;;0;;0;0;1;0;0;10000077;11000010
2018;1000000975;100000882;15;2;3;1;;00003879;00000001;;;1;0;0;;;;;;;;;0;;0;;;0;10000052;11000007
2018;1000000976;100000883;12;1;1;1;;00002393;00000001;00000006;00003911;1;0;0;0;;;;0;;;;;;0;;0;0;10000076;11000010
2018;1000000977;100000884;10;2;2;1;;00003143;00000002;00000014;;1;0;0;;;;;0;;0;;;;0;1;0;0;10000018;11000002
2018;1000000978;100000885;6;2;0;1;;00001433;00000002;00000027;00004931;1;0;0;;1;;;;;;0;;;0;0;0;0;10000161;11000022
2018;1000000979;100000886;13;2;0;1;;00004347;00000002;;;2;0;0;;;;;;;;0;;;0;1;0;0;10000205;11000029
2018;1000000980;100000887;16;1;3;1;;00002862;00000002;00000006;00004017;1;0;0;;;;;1;;;;;;0;1;0;0;10000104;11000014
2018;1000000982;100000888;9;1;0;1;;00001383;00000002;00000022;00003134;1;0;0;;;;;0;;;;;0;0;1;0;0;10000184;11000026
2018;1000000983;100000889;18;1;0;1;;00004137;00000002;00000020;;1;0;1;;;;;;0;0;0;;;0;1;;0;10000110;11000015
2018;1000000984;100000890;9;2;3;1;;00004648;00000002;00000002;00003997;1;0;0;;;;;;;;;0;;;1;0;0;10000029;11000004
2018;1000000985;100000891;11;1;1;1;;00005194;00000002;00000005;;1;0;0;;;;0;;0;;;;;0;1;0;0;10000031;11000004
2018;1000000986;100000892;4;2;0;1;;00000315;00000002;;;1;0;0;0;;1;;;;;;0;0;0;1;0;0;10000188;11000026
2018;1000000987;100000893;13;1;3;1;;00005242;00000002;00000016;;1;0;0;;;;;;;0;0;;;0;1;0;0;10000013;11000001
2018;1000000988;100000894;12;1;3;1;;00004020;00000001;00000016;;1;0;0;;;;;;;0;;;;0;1;1;;10000059;11000008
2018;1000000990;100000895;5;1;3;1;;00000432;00000001;00000004;;1;0;0;0;;;0;;;;;;0;0;1;0;0;10000130;11000018
2018;1000000991;100000896;13;2;1;1;;00002475;00000002;00000026;00003011;1;0;0;;;1;;;;0;;;;0;;;;10000016;11000002
2018;1000000993;100000897;19;1;3;1;;00003858;00000001;00000025;;1;0;1;;0;;;;;0;;;0;0;1;;0;10000096;11000013
2018;1000000994;100000898;13;1;0;1;;00000167;00000001;00000015;;1;1;0;;;;;;;0;0;;0;0;;0;0;10000196;11000027
2018;1000000995;100000899;15;1;1;1;;00003138;00000002;00000020;00002275;1;0;1;;0;;;;0;;;;0;0;1;0;0;10000031;11000004
2018;1000000997;100000900;14;2;5;1;;00000206;00000001;;00004380;1;0;0;;;;;;;;;;;0;1;0;0;10000069;11000009
2018;1000000998;100000901;9;2;0;1;;00002088;00000002;;;1;0;0;;;;0;;;;;;;0;1;0;0;10000147;11000020
2018;1000000999;100000902;14;1;3;1;;00002109;00000002;;00005124;1;0;1;;;;0;;0;;;;;0;1;0;0;10000204;11000029
2018;1000001000;100000903;13;1;1;1;;00002269;00000002;;;1;0;0;;;;;;;;;;;0;;1;0;10000052;11000007
2018;1000001001;100000904;11;1;1;1;;00005553;00000002;;00002682;2;0;1;;0;;;;1;0;;;;0;1;0;0;10000015;11000002
2018;1000001002;100000905;22;2;3;1;;00001341;00000002;00000007;00004649;1;0;0;;;;;;;;;;;0;0;0;;10000062;11000008
2018;1000001003;100000906;67;1;0;1;;00004595;00000001;;00000810;1;0;0;;;;;;;;;;;0;1;0;0;10000172;11000024
2018;1000001004;100000907;19;1;3;1;;00003334;00000002;00000023;00002179;1;0;1;;;;;0;0;;;;0;0;1;0;0;10000082;11000011
2018;1000001005;100000908;14;1;1;1;;00002238;00000001;00000016;00001707;1;0;0;;;1;;0;;0;0;;;0;1;0;0;10000206;11000029
2018;1000001006;100000909;4;2;3;1;;00003686;00000001;00000012;;1;0;1;;0;;0;;;;;;;0;1;0;0;10000170;11000024
2018;1000001007;100000910;7;2;3;1;;00004411;00000001;00000019;00004591;1;0;0;;;;0;;;;;;;0;1;0;;10000163;11000023
2018;1000001008;100000911;8;1;1;1;;00002257;00000002;00000009;00003716;1;0;1;;;;0;0;;;;0;;0;1;0;0;10000126;11000017
2018;1000001009;100000912;6;2;1;1;;00004986;00000002;00000018;;1;0;0;;0;;;;;;;;;0;1;0;0;10000132;11000018
2018;1000001010;100000913;11;1;0;1;;00003021;00000001;;;1;0;0;;;1;;;0;;;;;0;1;0;0;10000128;11000018
2018;1000001011;100000914;12;2;3;1;;00001331;00000002;;00001830;1;0;0;;;;0;;;;;;;0;1;0;0;10000102;11000014
2018;1000001012;100000915;13;1;1;1;;00003969;00000002;;00003589;2;0;0;;;0;0;;;;;;;0;1;0;0;10000084;11000011
2018;1000001013;100000916;16;2;1;1;;00002631;00000002;;00003525;1;0;0;;0;;;;;;;;;0;1;0;0;10000129;11000018
2018;1000001014;100000917;11;2;1;1;;00003374;00000001;;;1;0;0;;;1;0;;;0;0;0;;0;1;0;0;10000209;11000029
2018;1000001015;100000918;13;1;3;1;;00001358;00000001;00000021;00001239;1;0;0;;;;0;;;;0;;;0;1;0;;10000188;11000026
2018;1000001016;100000919;14;1;3;1;;00005539;00000002;00000003;;2;0;0;0;;0;0;0;;;;;;0;0;0;0;10000075;11000010
2018;1000001017;100000920;6;2;0;1;;00000189;00000001;00000025;;1;0;1;;;;0;;;;;;;0;;0;0;10000096;11000013
2018;1000001018;100000921;12;1;0;1;;00004781;00000002;;;1;0;0;;0;;;;;;;0;;0;1;0;0;10000144;11000020
2018;1000001019;100000922;25;2;0;1;;00001029;00000001;00000007;;1;0;0;;;;0;1;;;;;;0;0;0;0;10000063;11000008
2018;1000001020;100000923;6;2;0;1;;00001371;00000002;00000005;00000156;1;0;0;;0;;;;;;;;;0;1;0;0;10000217;11000030
2018;1000001021;100000924;17;1;1;1;;00004594;00000001;;00002573;1;0;0;;;;;;;0;;0;0;0;0;1;0;10000043;11000006
2018;1000001022;100000925;9;2;3;1;;00002561;00000001;;00003934;1;0;1;0;;;;;;;;;;0;1;0;;10000134;11000019
2018;1000001023;100000926;17;1;1;1;;00002661;00000002;00000008;00003486;1;1;0;;;;;;;;;;;0;1;0;0;10000016;11000002
2018;1000001024;100000927;5;1;3;1;;00002021;00000001;00000022;00004032;2;0;0;;;;0;;0;0;;;;0;1;0;0;10000128;11000018
2018;1000001025;100000928;12;1;1;1;;00003241;00000002;00000006;00004899;1;0;0;;;1;0;;;;;;;0;1;0;0;10000155;11000022
2018;1000001026;100000929;10;2;0;1;;00003626;00000001;;;1;0;1;;;;;0;;0;;;;0;1;0;0;10000216;11000030
2018;1000001027;100000930;16;2;0;1;;00000515;00000001;00000003;00005328;1;0;0;;;;;0;0;;;;;0;1;0;0;10000077;11000010
2018;1000001028;100000931;38;2;0;1;;00001096;00000001;;00004636;1;0;0;;;;;;;;0;;;0;1;1;0;10000149;11000021
2018;1000001029;100000932;13;1;3;1;;00003882;00000001;00000015;00004751;1;0;0;;;;;;;;;;;0;1;0;0;10000135;11000019
2018;1000001030;100000933;54;1;0;1;;00004526;00000002;00000017;00001537;1;0;0;;;;;;;;;;;0;1;0;1;10000024;11000003
2018;1000001031;100000934;8;2;3;1;;00000230;00000001;00000018;;1;0;0;;0;1;;;;;;0;;0;1;0;0;10000083;11000011
2018;1000001032;100000935;20;2;1;1;;00003170;00000001;;00000356;1;1;1;;;;;;;;;;;0;1;0;1;10000012;11000001
2018;1000001033;100000936;9;1;1;1;;00005489;00000001;00000002;00000786;1;0;1;;1;;;;;;;;;0;1;0;0;10000164;11000023
2018;1000001034;100000937;8;1;0;1;;00004391;00000001;00000003;00004662;1;0;0;0;;;;;;0;;;;0;1;0;0;10000020;11000002
2018;1000001035;100000938;8;2;0;1;;00000481;00000001;00000007;00001368;1;0;0;;;;;;;;;;;0;1;0;;10000170;11000024
2018;1000001036;100000939;4;2;1;1;;00004499;00000002;00000011;00002010;1;0;0;0;;;;;;0;;;;0;0;0;0;10000043;11000006
2018;1000001037;100000940;11;1;3;1;;00005524;00000001;;;1;0;0;;;;;;0;0;;;;0;1;0;0;10000116;11000016
2018;1000001038;100000941;12;2;0;1;;00002132;00000002;00000027;;1;0;;0;0;;;;;;;;;;1;0;0;10000208;11000029
2018;1000001039;100000942;12;2;1;1;;00005417;00000001;00000020;;1;0;1;;;;0;;;;0;;;0;1;1;0;10000142;11000020
2018;1000001040;100000943;12;2;1;1;;00001905;00000001;;;2;0;0;;;;;0;;;;;0;0;0;1;0;10000107;11000015
2018;1000001041;100000944;7;1;1;1;;00001497;00000001;00000011;;1;0;0;;;;0;;;0;;;;0;1;0;0;10000103;11000014
2018;1000001042;100000945;9;1;0;1;;00004415;00000002;00000025;00004554;1;0;0;;;;;0;;0;;0;0;0;1;0;0;10000212;11000030
2018;1000001043;100000946;7;1;3;1;;00003271;00000002;00000026;;1;0;0;;;;;;;;;;;0;0;0;0;10000183;11000026
2018;1000001044;100000947;25;1;1;1;;00003274;00000001;;;1;0;0;;0;;;0;0;;;0;;0;;0;0;10000117;11000016
2018;1000001045;100000948;8;1;1;1;;00001685;00000001;;;2;0;0;;0;;;;;;;;;0;1;;0;10000173;11000024
2018;1000001046;100000949;15;1;3;1;;00002277;00000001;00000001;;2;0;0;;;;;;;0;0;0;;0;0;0;0;10000152;11000021
2018;1000001047;100000950;8;2;3;1;;00000145;00000002;;;1;0;1;0;0;1;;;;;;;0;0;1;0;0;10000151;11000021
2018;1000001048;100000951;4;1;0;1;;00000635;00000001;;00005103;2;0;0;;;;;;;;;0;;0;1;0;0;10000216;11000030
2018;1000001049;100000952;16;2;1;1;;00005352;00000002;00000025;;1;0;0;;;;;;;0;;;;0;1;0;0;10000107;11000015
2018;1000001050;100000953;8;1;3;1;;00001770;00000001;00000006;00003875;1;0;0;;0;;;;;;;;0;0;;0;0;10000217;11000030
2018;1000001051;100000954;14;1;1;1;;00001251;00000001;00000025;;1;0;0;;;;;0;;;;0;;0;0;;0;10000056;11000007
2018;1000001052;100000955;9;2;1;1;;00005152;00000001;00000013;00003699;2;0;0;;;1;;;0;;;;;0;1;;0;10000020;11000002
2018;1000001053;100000956;12;1;3;1;;00000461;00000001;00000011;;1;0;0;;1;;;;;;;;;0;1;;;10000077;11000010
2018;1000001054;100000957;16;1;3;1;;00004281;00000001;00000027;;1;0;0;0;;;;;;0;;;;0;1;0;0;10000025;11000003
2018;1000001055;100000958;11;1;1;1;;00003668;00000002;00000019;;1;0;1;;;0;;;;;;;;0;0;0;0;10000103;11000014
2018;1000001056;100000959;8;1;1;1;;00004786;00000002;00000016;;1;0;0;;;;;;;;;;;0;1;0;0;10000154;11000021
2018;1000001057;100000960;8;2;0;1;;00004209;00000001;00000002;00001918;1;0;0;;;;;;;;;;;0;1;0;0;10000153;11000021
2018;1000001058;100000961;20;2;0;1;;00004037;00000002;;00004231;1;0;0;;0;;0;;;;;;;0;1;0;0;10000139;11000019
2018;1000001059;100000962;17;2;0;1;;00000961;00000001;;00005103;1;0;0;;;;;;;;;;;0;1;0;0;10000138;11000019
2018;1000001060;100000963;12;2;3;1;;00005334;00000002;00000007;00004789;1;0;0;;;;0;;;;;0;;0;0;0;0;10000177;11000025
2018;1000001061;100000964;16;1;1;1;;00004281;00000002;;00000240;1;0;0;;0;;0;1;;0;0;;;0;1;0;0;10000076;11000010
2018;1000001062;100000965;7;2;5;1;;00001555;00000001;00000012;00002182;1;0;0;;;;;;;;0;;;;0;0;0;10000072;11000010
2018;1000001063;100000966;13;1;0;1;;00002954;00000001;;;1;0;0;;0;;;;;;;;;0;1;0;0;10000111;11000015
2018;1000001064;100000967;8;2;3;1;;00001541;00000002;;00000703;1;0;0;0;;;;0;;;0;;;0;1;1;0;10000105;11000014
2018;1000001065;100000968;9;2;3;1;;00003667;00000001;00000017;;1;0;1;;;;;;;0;0;;0;0;1;0;;10000076;11000010
2018;1000001066;100000969;8;2;3;1;;00001329;00000002;;;1;0;0;;;;;0;;;0;;0;0;1;0;0;10000215;11000030
2018;1000001067;100000970;11;2;1;1;;00003269;00000001;00000002;00003067;1;0;0;;;;;;;;;;;0;1;0;0;10000182;11000025
2018;1000001068;100000971;11;2;1;1;;00005155;00000002;00000012;00003107;1;0;0;;;;;;;;;;;0;1;;0;10000148;11000021
2018;1000001069;100000972;17;2;0;1;;00004361;00000002;00000018;00001955;2;0;0;;0;;;;;0;;;;0;1;0;0;10000150;11000021
2018;1000001070;100000973;4;1;1;1;;00003501;00000002;00000025;;1;0;1;;;;;;;;;;;0;0;;0;10000144;11000020
2018;1000001071;100000974;8;1;1;1;;00002654;00000001;00000024;00001459;2;0;0;;;;0;;;;0;;;0;1;0;0;10000114;11000016
2018;1000001072;100000975;12;1;3;1;;00000094;00000001;;00000476;1;0;0;;;1;;;;;;;;0;1;1;;10000137;11000019
2018;1000001073;100000976;4;1;3;1;;00002676;00000002;00000013;;1;0;0;;;;;;;;;;0;0;1;0;0;10000192;11000027
2018;1000001074;100000977;17;1;0;1;;00001980;00000001;00000007;00005242;2;0;0;0;;;0;;;0;;;;0;1;0;0;10000081;11000011
2018;1000001075;100000978;4;1;1;1;;00003100;00000002;00000018;00003770;2;0;0;0;;;;0;;;;;;0;1;1;0;10000133;11000018
2018;1000001076;100000979;13;1;3;1;;00000409;00000001;00000017;;2;0;0;;;;0;;;0;;;;0;1;1;0;10000051;11000007
2018;1000001077;100000980;12;1;3;1;;00003709;00000002;;00002099;2;0;0;;0;;;;0;;;;;0;;0;0;10000086;11000012
2018;1000001078;100000981;21;1;0;1;;00000856;00000002;00000016;;1;0;0;;0;;;;;0;0;;;0;1;0;0;10000046;11000006
2018;1000001079;100000982;4;2;3;1;;00004040;00000002;00000023;;2;0;0;;;;;;;;0;;;0;1;0;0;10000085;11000012
2018;1000001080;100000983;4;2;1;1;;00005138;00000001;;00003875;1;0;0;;0;;;;;0;;;;0;;0;0;10000162;11000023
2018;1000001081;100000984;9;1;3;1;;00003955;00000001;00000022;;1;0;0;;0;;;;;0;0;;;0;1;;0;10000120;11000017
2018;1000001082;100000985;7;1;2;1;;00004706;00000001;;00003775;1;1;1;;;;;;0;;;;;0;1;0;0;10000076;11000010
2018;1000001083;100000986;4;1;2;1;;00004042;00000001;00000010;;2;0;0;;;;;;;0;;;;;1;0;0;10000088;11000012
2018;1000001084;100000987;13;1;1;1;;00003099;00000001;;00002174;1;1;;0;;;0;;1;0;;;;0;1;1;0;10000030;11000004
2018;1000001085;100000988;6;1;0;1;;00003280;00000002;00000014;00003311;1;0;0;0;;1;0;;;0;;;;0;1;0;0;10000215;11000030
2018;1000001086;100000989;8;2;1;1;;00003030;00000001;00000017;;1;0;0;;;;;;0;;;;;0;1;0;0;10000067;11000009
2018;1000001087;100000990;4;2;1;1;;00005059;00000002;00000001;00000458;2;0;0;;;;;;;0;;;;0;1;0;1;10000123;11000017
2018;1000001088;100000991;10;1;1;1;;00002315;00000002;;;1;0;0;;;;;;;0;0;0;0;0;1;0;0;10000036;11000005
2018;1000001089;100000992;6;1;3;1;;00000463;00000001;;;1;0;0;;;;;0;;;;;;0;1;0;0;10000194;11000027
2018;1000001090;100000993;18;2;0;1;;00002433;00000001;00000007;;1;0;0;;0;0;;0;;;;;;0;1;0;1;10000014;11000001
2018;1000001091;100000994;12;1;3;1;;00004788;00000001;00000011;00000443;1;0;0;0;;;;1;;0;;;;0;1;1;1;10000133;11000018
2018;1000001092;100000995;13;1;3;1;;00004782;00000001;00000020;00002347;1;0;0;;0;;;;;;;;0;0;1;0;0;10000083;11000011
2018;1000001093;100000996;4;2;3;1;;;00000002;00000019;00003182;1;0;0;;0;;;;;;;;;0;1;0;1;10000106;11000015
2018;1000001094;100000997;13;2;3;1;;00004016;00000002;00000008;;1;0;0;;;;0;;;;;;;0;0;0;0;10000169;11000024
2018;1000001095;100000998;17;1;3;1;;00003571;00000002;;00004033;1;0;0;;;0;;;;;;;;0;1;0;0;10000107;11000015
2018;1000001096;100000999;15;1;0;1;;00003403;00000001;;00004007;1;0;1;0;;;;;;;;;;0;1;;0;10000189;11000026
2018;1000001097;100001000;14;2;1;1;;00005001;00000002;;00000166;1;0;1;;;;;;;;;;;0;1;0;0;10000199;11000028
