NU_ANO;CO_PESSOA_FISICA;ID_MATRICULA;NU_IDADE_REFERENCIA;TP_SEXO;TP_COR_RACA;TP_NACIONALIDADE;CO_UF_NASC;CO_MUNICIPIO_NASC;CO_PAIS_RESIDENCIA;CO_UF_END;CO_MUNICIPIO_END;TP_ZONA_RESIDENCIAL;IN_NECESSIDADE_ESPECIAL;IN_TRANSPORTE_PUBLICO;IN_TRANSP_BICICLETA;IN_TRANSP_MICRO_ONIBUS;IN_TRANSP_ONIBUS;IN_TRANSP_TR_ANIMAL;IN_TRANSP_VANS_KOMBI;IN_TRANSP_OUTRO_VEICULO;IN_TRANSP_EMBAR_ATE5;IN_TRANSP_EMBAR_5A15;IN_TRANSP_EMBAR_15A35;IN_TRANSP_EMBAR_35;IN_ESPECIAL_EXCLUSIVA;IN_REGULAR;IN_EJA;IN_PROFISSIONALIZANTE;ID_TURMA;CO_ENTIDADE
2024;1000000001;500000001;26;2;2;1;;00000835;00000005;;00004178;1;0;0;;0;;;;;;;;;0;1;1;0;50000002;11000000
2024;1000000004;500000002;11;1;3;1;;00004692;00000008;;00004280;1;0;0;;1;;;;;;0;;;0;1;0;0;50000136;11000019
2024;1000000005;500000003;12;2;1;1;;00005305;00000009;00000018;;1;0;0;;;;;0;;;1;0;;0;1;0;0;50000153;11000021
2024;1000000006;500000004;9;2;3;1;;00002809;00000006;;;2;0;0;;0;;;;0;;;;;0;0;0;0;50000060;11000008
2024;1000000007;500000005;19;2;3;1;;00004363;00000001;00000004;;2;0;0;;;;0;;;;;;;0;;0;0;50000052;11000007
2024;1000000008;500000006;11;1;3;1;;00001479;00000004;;00005043;2;0;0;;;;;0;;;;;;0;1;0;0;50000055;11000007
2024;1000000009;500000007;10;1;0;1;;00002425;00000004;00000012;00002696;2;0;0;0;;;;;;;;;;0;1;0;0;50000128;11000018
2024;1000000010;500000008;13;2;1;1;;00000337;00000006;;00000135;1;0;0;;0;;;0;;;0;;;0;0;0;0;50000187;11000026
2024;1000000011;500000009;10;2;3;1;;00004540;00000007;00000023;;1;0;0;;;;;;;;;0;;0;1;0;0;50000153;11000021
2024;1000000017;500000010;17;1;0;1;;00002343;00000004;;;1;0;0;;0;;0;0;0;;;;0;0;1;0;0;50000128;11000018
2024;1000000019;500000011;21;1;1;1;;00000482;00000001;00000016;;1;1;0;;;;0;;;0;0;;0;0;1;;0;50000125;11000017
2024;1000000021;500000012;19;2;1;1;;00004576;00000006;00000006;00000982;1;0;0;;;;0;;;;;0;;0;0;0;0;50000133;11000018
2024;1000000023;500000013;28;1;1;1;;00003903;00000004;;00002995;1;0;0;0;;;;0;;;;;;0;1;0;0;50000183;11000026
2024;1000000025;500000014;12;1;3;1;;00000633;00000006;;00000036;2;0;1;;;;;;;0;;;;0;1;0;0;50000162;11000023
2024;1000000026;500000015;20;2;3;1;;00003671;00000005;;;1;0;;;;;;0;;;;;;;1;0;0;50000009;11000001
2024;1000000027;500000016;24;2;0;1;;00000549;00000001;00000006;;1;0;0;;;1;;;;0;;;0;0;1;0;0;50000210;11000029
2024;1000000028;500000017;13;1;1;1;;00000910;00000002;;00003540;1;0;0;;;;0;;;;;;;0;1;0;0;50000143;11000020
2024;1000000029;500000018;8;1;1;1;;00002184;00000005;00000005;00004933;1;0;0;;;;;;0;;;0;0;0;1;0;0;50000008;11000001
2024;1000000030;500000019;9;2;0;1;;00000552;00000008;00000021;00001457;1;1;0;;;;;0;0;;;;;;1;1;0;50000069;11000009
2024;1000000032;500000020;20;2;0;1;;00000522;00000004;00000003;00000881;1;0;0;;;1;;;;;0;0;;0;1;0;0;50000067;11000009
2024;1000000033;500000021;10;2;0;1;;00002865;00000009;;00001700;1;0;1;;;0;;;;;;;;0;1;0;;50000120;11000017
2024;1000000035;500000022;8;2;1;1;;00000236;00000008;00000022;;1;0;0;;0;;;0;;;;;;0;1;0;0;50000036;11000005
2024;1000000036;500000023;18;2;1;1;;00001091;00000005;;00004689;1;0;1;;;;;;;;;;;0;1;0;0;50000009;11000001
2024;1000000037;500000024;15;1;3;1;;00001791;00000004;00000009;00002196;1;0;0;;;;;;0;;0;0;;0;1;0;0;50000113;11000016
2024;1000000039;500000025;21;1;1;1;;00001314;00000006;00000004;;1;0;0;;;1;0;;0;;;;;0;1;0;0;50000189;11000026
2024;1000000040;500000026;20;1;1;1;;00003924;00000009;;00002051;1;0;0;;;;;;;;;;;0;1;0;0;50000012;11000001
2024;1000000045;500000027;5;2;1;1;;00000976;00000002;;00003332;2;0;0;;0;;;;;;;;;0;1;1;;50000026;11000003
2024;1000000046;500000028;7;1;0;1;;00000313;00000006;;00001910;2;0;0;;;1;;;;0;;;;;1;0;0;50000023;11000003
2024;1000000047;500000029;11;2;1;1;;00005308;00000009;00000007;00002643;1;0;0;;;;;;;;;;;0;1;0;0;50000096;11000013
2024;1000000048;500000030;37;2;0;1;;00003934;00000003;00000017;;1;0;0;;;1;0;0;;0;;0;0;0;1;;0;50000102;11000014
2024;1000000049;500000031;11;1;1;1;;00005334;00000003;00000002;;1;0;0;;;;;;;;;;0;0;1;0;;50000029;11000004
2024;1000000052;500000032;20;2;0;1;;00002463;00000006;;00004232;1;0;0;;;;;;;;;;;0;;0;0;50000151;11000021
2024;1000000053;500000033;22;1;0;1;;00005160;00000008;00000015;00004652;1;0;0;0;0;;;;;;;;;0;1;0;0;50000149;11000021
2024;1000000055;500000034;9;1;1;1;;00002093;00000009;;00001938;1;0;0;;;;;;;;;;;0;1;0;0;50000085;11000012
2024;1000000056;500000035;10;1;0;1;;00001440;00000008;00000003;;1;0;1;0;;;;;;;;;;0;1;0;0;50000198;11000028
2024;1000000057;500000036;19;2;3;1;;00000345;00000003;00000019;;1;1;0;;;;;;0;;0;0;0;0;1;0;1;50000006;11000000
2024;1000000058;500000037;16;2;1;1;;00000188;00000003;00000010;00001551;1;0;0;;;0;;;;;;;;0;0;0;0;50000158;11000022
2024;1000000060;500000038;10;1;1;1;;00001612;00000001;00000006;00004602;1;0;0;0;;;;;;;0;;;0;1;0;0;50000015;11000002
2024;1000000062;500000039;9;1;3;1;;00002194;00000006;00000022;;2;0;0;;;;0;;1;;0;;;;1;0;0;50000035;11000004
2024;1000000064;500000040;8;1;3;1;;00003207;00000005;00000003;;1;0;0;;;;;;;;0;;0;0;1;0;0;50000213;11000030
2024;1000000065;500000041;19;1;3;1;;00004366;00000005;00000016;;1;0;1;;;;;;;;;;;0;1;0;0;50000059;11000008
2024;1000000066;500000042;16;2;3;1;;00000752;00000008;00000008;00002906;1;0;0;;0;;;;;;;;;0;1;0;0;50000099;11000014
2024;1000000067;500000043;8;1;3;1;;00001584;00000006;00000022;;2;0;0;;;1;;;;;;;;0;1;0;0;50000215;11000030
2024;1000000068;500000044;10;2;0;1;;00001835;00000006;00000002;00003312;2;0;1;;;;;;;0;0;;;0;1;0;;50000077;11000010
2024;1000000069;500000045;15;1;0;1;;00001330;00000003;;00004014;1;0;1;0;;0;;;;0;;0;;0;1;;0;50000119;11000016
2024;1000000070;500000046;18;2;1;1;;00000893;00000003;;00000424;1;0;0;0;0;;;;;;;;;0;1;0;;50000077;11000010
2024;1000000071;500000047;19;2;0;1;;00001967;00000005;;;1;0;0;0;;;;;;;0;;;;1;0;0;50000174;11000024
2024;1000000072;500000048;15;2;3;1;;00003243;00000008;;;1;0;0;;;;;0;0;;;;;0;1;0;0;50000066;11000009
2024;1000000074;500000049;15;2;0;1;;00003899;00000006;;00005044;1;0;0;0;;1;;;;;0;;;0;1;0;0;50000023;11000003
2024;1000000075;500000050;10;2;2;1;;00002483;00000005;00000018;00003761;1;0;0;;;0;;;;;;0;;0;1;0;0;50000136;11000019
2024;1000000077;500000051;14;1;0;1;;00004374;00000006;;00000858;1;0;0;0;1;1;;;;;;0;;0;1;0;0;50000177;11000025
2024;1000000078;500000052;12;1;0;1;;00002781;00000003;00000018;00003708;1;0;0;;0;;0;;;;;;;0;1;0;0;50000037;11000005
2024;1000000079;500000053;18;2;0;1;;00001206;00000005;00000011;00004410;1;0;;;;;;;;0;;;;;1;0;0;50000039;11000005
2024;1000000080;500000054;21;1;3;1;;00003962;00000001;00000007;00000122;1;0;0;;;;0;;;0;;;;0;0;0;0;50000006;11000000
2024;1000000081;500000055;19;2;1;1;;00004904;00000008;00000021;;1;0;0;;;;0;;0;;;;0;0;1;0;0;50000157;11000022
2024;1000000082;500000056;14;2;3;1;;00001707;00000006;00000005;00005159;1;0;0;;;1;;;;;;;0;0;1;0;0;50000029;11000004
2024;1000000083;500000057;11;2;0;1;;00004212;00000001;;00004915;1;1;1;;;;;;;;0;;;0;1;0;0;50000068;11000009
2024;1000000084;500000058;22;1;3;1;;00003710;00000002;00000005;00000020;1;0;0;0;;;0;;;0;;0;;0;;0;0;50000181;11000025
2024;1000000085;500000059;21;1;0;1;;00000313;00000002;;00000885;1;0;0;;;;;;;;;;;0;1;0;0;50000105;11000014
2024;1000000086;500000060;15;1;3;1;;00005427;00000006;00000001;;1;0;0;;;;;;;;;;;0;1;0;0;50000004;11000000
2024;1000000087;500000061;17;1;3;1;;00003585;00000009;00000007;00001006;1;0;0;;;;;;;;;;0;0;1;0;0;50000145;11000020
2024;1000000088;500000062;17;1;3;1;;00001118;00000001;;;2;0;0;;1;;;;;0;;;0;0;1;0;0;50000089;11000012
2024;1000000089;500000063;16;2;3;1;;00001887;00000002;00000004;;1;0;0;;;;0;;;0;;;;0;1;0;0;50000059;11000008
2024;1000000091;500000064;18;2;3;1;;00000272;00000009;00000025;;1;0;1;;;;;;;;0;;;0;1;0;0;50000026;11000003
2024;1000000092;500000065;15;1;3;1;;00005476;00000005;00000023;00000794;1;0;0;;;;0;;;;;;0;0;1;0;0;50000192;11000027
2024;1000000093;500000066;25;1;3;1;;00000120;00000003;00000007;;1;0;0;;0;;;0;;;;0;;0;1;0;0;50000007;11000000
2024;1000000094;500000067;6;2;3;1;;00005476;00000003;00000012;00004511;1;0;1;;;;0;;;;;;;0;1;1;0;50000160;11000022
2024;1000000095;500000068;9;2;1;1;;00003044;00000003;;;1;0;1;;0;1;;;;;;;0;0;1;0;0;50000028;11000003
2024;1000000097;500000069;12;1;0;1;;00001057;00000002;00000013;;1;0;0;;;;;;;;0;;0;0;1;0;0;50000202;11000028
2024;1000000098;500000070;9;1;1;1;;00000414;00000008;00000016;00002516;2;0;0;;;;;;;0;;0;;0;1;0;0;50000169;11000024
2024;1000000100;500000071;11;2;0;1;;00000340;00000006;;00005161;2;0;0;;0;;0;0;;;0;0;0;0;1;0;;50000120;11000017
2024;1000000101;500000072;15;1;3;1;;00003537;00000007;;00000046;1;0;0;;;;;;;0;;;;0;1;0;0;50000045;11000006
2024;1000000102;500000073;15;2;0;1;;00001952;00000005;;00003280;1;0;0;;;0;;;;;0;;;0;1;0;;50000051;11000007
2024;1000000103;500000074;20;1;1;1;;00002380;00000005;00000026;00003073;2;0;1;;;;;;;;;;0;0;1;0;0;50000201;11000028
2024;1000000106;500000075;9;1;1;1;;00002112;00000009;;00004446;1;0;0;;;;;;;0;;;;;1;0;;50000026;11000003
2024;1000000107;500000076;9;2;0;1;;00002488;00000006;;00004885;1;0;0;;;;;0;;;;;;0;1;0;0;50000148;11000021
2024;1000000108;500000077;12;1;5;1;;00005198;00000009;00000027;;2;0;1;;;;0;0;0;;;;0;0;0;;0;50000067;11000009
2024;1000000109;500000078;18;1;3;1;;00004775;00000001;;00003698;1;0;0;0;;;;;;0;;0;;0;1;0;0;50000070;11000009
2024;1000000110;500000079;21;1;3;1;;00000432;00000002;00000022;;1;0;0;;;;;;;;;0;;0;1;0;0;50000072;11000010
2024;1000000111;500000080;8;1;1;1;;00000238;00000005;00000007;00000152;1;0;0;0;;;;;;;;;;;;0;0;50000038;11000005
2024;1000000112;500000081;9;2;0;1;;00000836;00000008;;00004928;1;0;0;;;;;;;;;;;0;1;0;0;50000073;11000010
2024;1000000113;500000082;13;2;3;1;;00000436;00000006;00000010;;1;0;0;0;1;;0;;0;;0;0;;0;1;0;0;50000024;11000003
2024;1000000115;500000083;12;2;3;1;;00004719;00000005;00000023;;2;0;0;;;;;;;;;0;;0;1;0;0;50000164;11000023
2024;1000000120;500000084;14;2;3;1;;00003394;00000004;;00002309;1;0;0;0;;;0;;;;;;0;0;;;0;50000043;11000006
2024;1000000122;500000085;21;1;0;1;;00001651;00000004;00000004;00000785;1;0;1;;;;;;;;;0;;0;;0;0;50000055;11000007
2024;1000000124;500000086;10;1;0;1;;00000139;00000008;00000015;00000705;1;0;1;;;;;;;0;;;0;0;1;0;0;50000078;11000011
2024;1000000125;500000087;20;1;1;1;;00005209;00000004;00000021;;1;0;0;;;;;0;0;;;0;;0;1;0;0;50000053;11000007
2024;1000000126;500000088;6;2;0;1;;00002944;00000001;;00005054;1;0;0;;;;;;;;;;;0;1;0;0;50000112;11000015
2024;1000000128;500000089;15;2;3;1;;00001058;00000001;;00005380;1;0;0;;;;0;;;0;;;0;0;1;0;0;50000147;11000020
2024;1000000131;500000090;21;2;3;1;;00002470;00000002;;;1;0;1;0;;1;;;;;;;;0;1;0;0;50000151;11000021
2024;1000000132;500000091;11;1;0;1;;00003025;00000006;;;1;0;0;0;0;;;;;;;0;;0;0;0;0;50000035;11000004
2024;1000000133;500000092;26;1;2;1;;00001868;00000001;;;1;0;0;0;;;;;0;;;0;;0;1;0;0;50000147;11000020
2024;1000000134;500000093;8;2;1;1;;00002401;00000009;00000015;00000738;1;0;;;;;;;0;;;;0;0;1;0;0;50000153;11000021
2024;1000000135;500000094;21;1;0;1;;00002190;00000008;00000015;;1;0;0;;;1;;;;;;;;0;0;;;50000095;11000013
2024;1000000137;500000095;17;2;1;1;;00004960;00000004;00000006;00002581;1;0;0;0;;1;;;;;;0;;0;1;0;0;50000024;11000003
2024;1000000138;500000096;9;2;1;1;;00002201;00000005;00000017;00005479;1;0;0;;;;;;0;;;0;0;0;0;0;;50000080;11000011
2024;1000000139;500000097;11;2;3;1;;00002101;00000001;;;1;0;0;;0;;;;;;0;;;0;1;;0;50000072;11000010
2024;1000000140;500000098;19;1;3;1;;00005489;00000005;00000015;00002985;1;0;0;;;;;0;;0;0;;;0;1;0;0;50000019;11000002
2024;1000000141;500000099;17;1;1;1;;00005029;00000004;00000013;00002335;1;0;0;;;;;0;;;;;;0;1;0;0;50000002;11000000
2024;1000000142;500000100;13;1;3;1;;00002321;00000004;00000024;;1;0;0;;;0;;0;;;0;0;0;0;1;0;0;50000071;11000010
2024;1000000144;500000101;9;2;1;1;;00002665;00000008;00000009;00003737;1;0;1;;;1;;;;;;;;0;1;0;0;50000075;11000010
2024;1000000145;500000102;22;2;3;1;;00002969;00000009;00000005;00004077;1;0;1;0;;;;;;;;0;;0;1;0;0;50000210;11000029
2024;1000000146;500000103;19;2;0;1;;00004535;00000002;;00004341;1;0;0;;1;;;;;;;;;0;1;0;0;50000102;11000014
2024;1000000148;500000104;16;1;1;1;;00005515;00000006;;00004045;1;0;0;;;;0;;;;;;;0;1;0;0;50000020;11000002
2024;1000000149;500000105;19;2;1;1;;00002495;00000009;00000014;;1;0;0;;;;;;;;;;0;0;;0;0;50000065;11000009
2024;1000000150;500000106;10;2;0;1;;00005500;00000009;00000012;00000502;2;0;0;0;;;0;;;;;;;0;1;0;0;50000010;11000001
2024;1000000151;500000107;14;2;1;1;;00000033;00000006;00000023;00001293;1;0;0;;0;;;;;;;;0;0;1;0;0;50000184;11000026
2024;1000000153;500000108;20;1;1;1;;00003123;00000003;00000013;00002097;1;0;1;;;;;0;0;;;;;0;1;0;0;50000103;11000014
2024;1000000154;500000109;10;2;0;1;;00003276;00000003;;00002538;1;0;0;;;;0;;;0;;;;;1;0;0;50000092;11000013
2024;1000000156;500000110;19;1;0;1;;00002466;00000001;00000007;00003675;1;0;0;0;;1;;0;;;0;0;0;;1;0;0;50000206;11000029
2024;1000000157;500000111;18;2;0;1;;00003449;00000009;00000020;00003406;1;0;0;;0;;0;;;;;;;0;;0;0;50000181;11000025
2024;1000000158;500000112;19;2;0;1;;00002560;00000004;00000019;;2;0;0;;;;;;0;;;0;;0;1;0;0;50000209;11000029
2024;1000000159;500000113;10;1;3;1;;00004609;00000004;;00004411;1;0;1;;;;;;;;;;;0;1;0;0;50000145;11000020
2024;1000000160;500000114;25;1;1;1;;00004748;00000005;;00003230;1;0;0;;0;;;;0;;;0;;0;1;0;0;50000136;11000019
2024;1000000162;500000115;21;1;0;1;;00003908;00000007;00000017;;1;0;0;;;;0;;;;0;;;0;0;1;0;50000047;11000006
2024;1000000163;500000116;15;1;1;1;;00003190;00000003;00000016;00002193;1;0;0;;;;;;;;;;;0;1;0;0;50000034;11000004
2024;1000000164;500000117;12;2;3;1;;00000010;00000002;;00001417;2;0;0;;;;;;0;;;;;0;1;0;;50000062;11000008
2024;1000000165;500000118;19;2;0;1;;00002803;00000007;;;1;0;1;0;;;;;;;;;;0;1;0;1;50000193;11000027
2024;1000000167;500000119;16;1;3;1;;00001944;00000005;00000012;;1;1;0;;;;0;;;;;;0;0;1;0;0;50000095;11000013
2024;1000000168;500000120;17;1;3;1;;00000386;00000001;;00003554;1;0;0;;;;;0;;0;;;;0;1;0;0;50000131;11000018
2024;1000000169;500000121;19;1;1;1;;00000673;00000005;;00001846;2;0;1;;;;0;;;;;0;;0;1;0;0;50000196;11000027
2024;1000000170;500000122;9;1;1;1;;00002130;00000004;00000005;;1;0;0;;;1;;;;;0;0;;0;1;0;0;50000199;11000028
2024;1000000171;500000123;20;1;0;1;;00001535;00000006;;00001050;1;0;0;;;;;;;;0;;;0;1;0;0;50000069;11000009
2024;1000000172;500000124;20;1;3;1;;00000868;00000001;;00001484;1;0;0;0;;;;;;;;0;;0;1;0;0;50000095;11000013
2024;1000000175;500000125;19;1;1;1;;00002595;00000005;;00002955;1;0;0;;;;;0;;0;;;;0;1;0;1;50000022;11000003
2024;1000000176;500000126;8;2;1;1;;00002603;00000002;;00000951;1;0;0;0;;;;0;;0;;;;0;1;0;1;50000217;11000030
2024;1000000177;500000127;21;1;1;1;;00001846;00000004;00000027;;1;0;0;;0;;;;;;;;;0;1;0;0;50000064;11000009
2024;1000000178;500000128;22;2;0;1;;00005183;00000009;;00004413;2;0;0;;;;;0;;;;;0;0;0;0;;50000048;11000006
2024;1000000179;500000129;9;1;0;1;;00000102;00000001;00000003;00004660;1;0;0;;;;;;0;;;;;0;1;0;1;50000140;11000019
2024;1000000180;500000130;6;2;0;1;;00005337;00000004;00000027;00004035;1;0;0;;;;;;0;0;0;;;0;1;0;0;50000020;11000002
2024;1000000181;500000131;23;2;1;1;;00005420;00000002;00000003;00003737;1;0;1;0;;;;;;0;;;;0;1;0;0;50000012;11000001
2024;1000000183;500000132;16;2;0;1;;00002009;00000005;;00001630;1;0;0;;;;;0;;0;;;;0;1;0;0;50000045;11000006
2024;1000000184;500000133;9;1;3;1;;00002440;00000009;;00002336;1;1;0;;;1;;;;;;0;;0;1;0;0;50000024;11000003
2024;1000000185;500000134;9;2;2;1;;00000383;00000006;;00003339;1;1;0;0;0;0;;;;;;0;0;;1;1;0;50000215;11000030
2024;1000000186;500000135;6;1;0;1;;00002838;00000001;00000021;;1;0;0;;;;;;;;;;;0;1;0;;50000215;11000030
2024;1000000187;500000136;22;1;1;1;;00001315;00000007;00000010;;1;0;0;;;;;0;;0;;;;0;1;0;0;50000122;11000017
2024;1000000188;500000137;19;2;1;1;;00002608;00000007;00000027;00000914;1;0;0;;;;;;;;;;;0;1;0;0;50000154;11000021
2024;1000000190;500000138;15;1;3;1;;00000730;00000006;00000006;00004317;1;0;0;;;;;;0;;;;;0;1;0;0;50000146;11000020
2024;1000000191;500000139;22;1;0;1;;00002119;00000001;00000026;00002896;1;0;0;;;;;;;0;;;;0;0;0;0;50000098;11000013
2024;1000000192;500000140;19;1;1;1;;00001594;00000002;00000025;00002310;1;0;0;;;;;;0;;;;;0;1;0;0;50000194;11000027
2024;1000000195;500000141;18;1;0;1;;00003907;00000005;00000016;;1;0;0;;;;;;;;;0;;0;0;;0;50000164;11000023
2024;1000000196;500000142;12;2;3;1;;00004522;00000004;;;1;0;0;0;;;;0;;;;;;0;1;;0;50000209;11000029
2024;1000000197;500000143;17;1;3;1;;00003530;00000003;;;1;0;0;0;0;;;;;;;;0;0;1;0;0;50000077;11000010
2024;1000000198;500000144;9;1;3;1;;00002475;00000004;;00003894;1;0;0;;;;;0;;;0;;;0;1;0;;50000096;11000013
2024;1000000199;500000145;9;2;1;1;;00003783;00000005;;00001036;1;0;0;;;0;;;0;;;1;;0;1;1;0;50000050;11000007
2024;1000000200;500000146;7;2;3;1;;00004667;00000006;00000026;;2;0;0;;;;0;;0;;;;;0;1;0;0;50000017;11000002
2024;1000000201;500000147;12;1;3;1;;00005367;00000003;00000004;00002219;2;0;0;;;;;;;;;;;0;0;0;0;50000192;11000027
2024;1000000203;500000148;13;1;0;1;;00001371;00000003;;00002065;1;0;0;;;;;;0;;0;;;0;1;0;0;50000113;11000016
2024;1000000204;500000149;19;2;1;1;;00005135;00000006;00000009;00003564;2;0;0;;;;;;0;;;;;0;0;0;0;50000181;11000025
2024;1000000205;500000150;13;1;3;1;;00001722;00000004;00000021;00002130;1;0;1;;;;0;;;;;;;0;1;0;0;50000056;11000007
2024;1000000206;500000151;35;1;3;1;;00001825;00000009;00000005;;1;0;0;;;;;;;;;0;;0;1;0;0;50000142;11000020
2024;1000000207;500000152;13;1;0;1;;00001124;00000002;;00001469;1;0;0;;;1;0;;;;;;;0;1;0;0;50000112;11000015
2024;1000000208;500000153;15;2;3;1;;00000918;00000009;;00000667;1;0;0;;;;;0;0;;;;;0;1;;0;50000042;11000005
2024;1000000209;500000154;16;2;0;1;;00002574;00000001;00000023;;1;0;1;;;;0;;;;0;;;0;1;0;0;50000184;11000026
2024;1000000210;500000155;12;2;3;1;;00003003;00000008;00000012;00000133;1;0;0;;0;;;;;0;0;;;0;1;0;0;50000209;11000029
2024;1000000212;500000156;14;2;1;1;;00002352;00000009;00000017;00004730;2;0;0;;0;;;;;;;;;0;1;;0;50000012;11000001
2024;1000000213;500000157;18;1;1;1;;00003288;00000007;00000007;00005320;1;1;0;;;;0;0;;;;0;;0;1;0;0;50000015;11000002
2024;1000000214;500000158;13;1;0;1;;00002178;00000001;00000027;00002848;1;0;1;;0;;;0;;;;;;0;1;0;0;50000157;11000022
2024;1000000215;500000159;8;1;3;1;;00003416;00000009;00000018;;1;0;1;;;;0;;;;;;;0;1;0;0;50000176;11000025
2024;1000000217;500000160;14;2;3;1;;00004350;00000001;00000026;00004604;2;0;0;;;;;;;;0;;0;0;1;0;0;50000209;11000029
2024;1000000218;500000161;12;2;1;1;;00002352;00000009;;00002088;1;0;1;;;;;;;;;;0;0;1;0;0;50000196;11000027
2024;1000000219;500000162;7;2;3;1;;00004841;00000005;00000016;;1;0;0;;;;;;;0;;;;0;1;0;0;50000132;11000018
2024;1000000222;500000163;12;2;3;1;;00004842;00000001;00000026;00005252;1;0;1;;0;;;;0;;;;;0;1;0;0;50000055;11000007
2024;1000000226;500000164;16;2;1;1;;00004333;00000002;;;1;0;1;;;1;;0;;;;;;0;1;0;0;50000198;11000028
2024;1000000227;500000165;19;1;3;1;;00002762;00000009;00000010;;1;0;0;;;;;0;;;;;0;0;1;0;0;50000027;11000003
2024;1000000228;500000166;18;2;3;1;;00002406;00000001;;;1;0;0;;;1;;0;;0;;;;0;1;0;0;50000085;11000012
2024;1000000229;500000167;15;2;0;1;;00000010;00000004;;00004630;1;0;0;;;;;;;0;;;;0;1;0;0;50000104;11000014
2024;1000000231;500000168;19;2;3;1;;00000068;00000001;;00003529;1;0;0;;;;0;;;;;;;0;1;0;0;50000215;11000030
2024;1000000232;500000169;16;2;1;1;;00005385;00000006;00000013;00004564;1;1;1;0;;1;;;0;0;;0;;0;1;0;0;50000128;11000018
2024;1000000236;500000170;17;1;1;1;;00003977;00000009;;00000703;2;0;0;;0;;;;;;;;;0;1;0;0;50000209;11000029
2024;1000000238;500000171;12;2;3;1;;00001819;00000004;;00004117;1;0;;;1;1;0;;0;;;;0;0;1;0;0;50000045;11000006
2024;1000000239;500000172;20;1;3;1;;00002665;00000003;00000001;00004088;2;0;0;0;;1;0;;;;;;;0;1;0;0;50000084;11000011
2024;1000000240;500000173;17;2;1;1;;00002341;00000006;00000022;00001617;1;0;1;0;;1;0;;;;;;;;1;0;0;50000063;11000008
2024;1000000241;500000174;21;2;3;1;;00001942;00000006;00000026;00003290;1;0;0;;;1;;;;0;;;;0;1;0;0;50000022;11000003
2024;1000000243;500000175;15;1;3;1;;00000759;00000006;00000017;00001254;2;0;1;;0;0;0;;;;0;;;0;1;0;0;50000056;11000007
2024;1000000244;500000176;12;1;0;1;;00002237;00000005;;00001748;1;0;0;;;;;;;;;0;;0;1;1;0;50000032;11000004
2024;1000000245;500000177;13;1;3;1;;00003304;00000002;00000009;;2;0;1;;;;;;;;;;;0;1;0;0;50000166;11000023
2024;1000000246;500000178;19;1;1;1;;00004238;00000008;;00004365;2;0;0;;0;;0;;;;;0;;0;1;0;0;50000024;11000003
2024;1000000247;500000179;19;1;0;1;;00002166;00000006;00000013;;1;0;0;0;;1;0;;;;;;;0;1;;0;50000003;11000000
2024;1000000248;500000180;12;2;3;1;;00004679;00000001;00000025;;1;0;1;0;;1;;;;;;0;;0;1;0;0;50000147;11000020
2024;1000000249;500000181;26;2;0;1;;00005366;00000005;;;2;0;0;;;;;0;;0;;;;0;1;0;0;50000057;11000008
2024;1000000250;500000182;14;1;1;1;;00000626;00000004;00000016;00001289;1;0;;;;;0;;;;;;;0;1;;0;50000200;11000028
2024;1000000251;500000183;19;2;1;1;;00000562;00000003;00000020;00003585;1;0;0;;;;;;;;0;;;0;1;;0;50000165;11000023
2024;1000000252;500000184;16;2;0;1;;00000654;00000004;00000024;;1;0;0;;;;;;;0;;;;0;;0;0;50000155;11000022
2024;1000000253;500000185;12;2;3;1;;00003818;00000002;;00002382;2;0;1;;;;;;;;;;0;0;0;0;0;50000058;11000008
2024;1000000254;500000186;18;2;0;1;;00001857;00000007;;00002863;1;0;0;;0;;;;;;;;0;0;0;0;0;50000191;11000027
2024;1000000255;500000187;22;1;1;1;;00001560;00000007;00000005;;1;0;0;;;;;0;;;;0;;0;1;0;0;50000140;11000019
2024;1000000256;500000188;17;1;0;1;;00005042;00000008;00000018;;1;0;0;;0;;;;;;;1;;0;0;0;0;50000024;11000003
2024;1000000259;500000189;11;1;1;1;;00002392;00000006;00000014;00004815;1;0;0;;;;;;;;;0;;0;;0;0;50000091;11000012
2024;1000000260;500000190;10;1;3;1;;00001802;00000009;;;1;0;0;0;;;;;;;0;;;0;1;0;0;50000071;11000010
2024;1000000261;500000191;17;2;0;1;;00004495;00000009;00000020;;1;0;0;;;;;;;0;0;0;;0;1;0;0;50000063;11000008
2024;1000000262;500000192;16;1;1;1;;00000964;00000008;00000025;;1;0;0;;;;;;;;;0;;;0;0;0;50000210;11000029
2024;1000000264;500000193;12;1;3;1;;00003827;00000008;00000021;00001506;2;0;0;;;;;;;;;;;0;1;0;0;50000059;11000008
2024;1000000265;500000194;19;2;0;1;;00002295;00000006;00000023;00003113;1;0;0;0;0;;;;;;0;0;0;0;0;0;0;50000211;11000030
2024;1000000268;500000195;6;2;3;1;;00002240;00000007;00000003;;1;0;0;0;;;;;0;;;;;0;1;0;0;50000214;11000030
2024;1000000271;500000196;22;2;0;1;;00000200;00000001;00000010;00005370;1;0;0;0;;;;;;;;;;0;1;;1;50000149;11000021
2024;1000000272;500000197;13;1;3;1;;00001721;00000002;;00000808;1;0;0;;;;;0;;0;;;;;1;0;0;50000090;11000012
2024;1000000273;500000198;19;2;0;1;;00002840;00000005;00000021;00001454;1;0;0;;;;;;;;;;0;0;1;0;0;50000146;11000020
2024;1000000274;500000199;7;1;1;1;;00005045;00000003;00000018;00004994;1;0;0;;;0;;;;;;;;0;1;;0;50000093;11000013
2024;1000000276;500000200;14;2;0;1;;00003384;00000007;00000026;00001757;1;0;0;;;;;;;;;0;0;0;1;0;0;50000105;11000014
2024;1000000277;500000201;20;1;3;1;;00000875;00000008;;00003884;1;0;0;;;;0;0;0;;;0;;0;1;0;0;50000110;11000015
2024;1000000278;500000202;13;2;2;1;;00004559;00000001;00000018;00003318;1;0;0;;;;;;;;;;;0;1;0;0;50000037;11000005
2024;1000000279;500000203;14;2;1;1;;00003509;00000009;;00003973;1;1;0;;;;;;0;;;;;0;1;0;0;50000164;11000023
2024;1000000280;500000204;13;2;3;1;;00003096;00000002;00000004;;1;0;0;;;;;;;;;;;0;1;;0;50000115;11000016
2024;1000000285;500000205;19;2;2;1;;00000819;00000003;00000027;00000683;1;0;0;;;;;;;;;;0;0;1;0;0;50000003;11000000
2024;1000000287;500000206;18;1;1;1;;00002589;00000003;00000024;;1;1;0;;;;;;;;;;;0;1;0;0;50000173;11000024
2024;1000000288;500000207;14;2;2;1;;00004637;00000003;00000018;00002770;1;0;0;0;0;;;0;0;;0;;;0;1;0;0;50000022;11000003
2024;1000000289;500000208;18;1;3;1;;00000581;00000006;;;1;0;0;;;;;;;;;0;;0;0;0;0;50000084;11000011
2024;1000000290;500000209;23;2;0;1;;00001808;00000003;00000011;00000755;1;0;0;;;;;;;0;;;;0;1;0;0;50000134;11000019
2024;1000000292;500000210;16;2;1;1;;00000972;00000005;00000024;;2;0;1;;0;;;;0;;;;;0;0;0;0;50000001;11000000
2024;1000000294;500000211;14;1;0;1;;00003211;00000006;;00002351;1;0;0;;;;0;;;;;;;0;1;1;0;50000104;11000014
2024;1000000295;500000212;17;2;1;1;;00004320;00000006;00000021;00001369;1;0;1;;;;;;0;;0;0;;0;1;;;50000012;11000001
2024;1000000296;500000213;9;1;2;1;;00002643;00000003;00000012;00000277;1;0;0;;;;;;;0;;;;0;1;0;0;50000209;11000029
2024;1000000298;500000214;19;1;0;1;;00004508;00000009;00000027;00005370;1;0;0;;1;;0;;;;;;;0;0;0;0;50000131;11000018
2024;1000000299;500000215;18;1;0;1;;00000386;00000004;00000002;;1;0;1;;;;0;;;;0;;0;0;1;0;0;50000135;11000019
2024;1000000300;500000216;13;2;2;1;;00001456;00000006;;00001530;1;0;0;;;;;0;;;;0;;0;1;0;0;50000003;11000000
2024;1000000303;500000217;14;2;3;1;;00000925;00000002;;00000396;1;0;0;;;;;;;;0;;;0;1;1;1;50000204;11000029
2024;1000000304;500000218;23;1;3;1;;00002159;00000007;;00004582;1;0;0;;;;0;0;;;0;;;0;;0;0;50000088;11000012
2024;1000000305;500000219;25;1;1;1;;00003074;00000005;00000019;;1;0;0;;0;1;;0;;;;;;0;;1;0;50000180;11000025
2024;1000000307;500000220;19;1;0;1;;00002037;00000008;00000022;00001680;1;0;1;;;;;0;;;0;;;0;1;0;0;50000021;11000002
2024;1000000309;500000221;16;1;1;1;;00002069;00000003;00000024;;1;1;0;;;;;;;;0;;;0;1;0;0;50000015;11000002
2024;1000000314;500000222;15;2;3;1;;00002250;00000007;;00001187;1;0;0;;0;;;;;0;;;;0;1;0;;50000116;11000016
2024;1000000316;500000223;16;1;0;1;;00002457;00000007;00000012;00002446;1;0;0;0;;;;;0;0;;;;0;1;0;0;50000083;11000011
2024;1000000318;500000224;7;1;2;1;;00000563;00000002;00000016;00002114;1;0;0;;0;;;0;;;;;;0;1;0;;50000189;11000026
2024;1000000320;500000225;20;2;0;1;;00000180;00000006;;;1;0;1;;;;;;;0;;;;0;1;;0;50000025;11000003
2024;1000000321;500000226;20;1;3;1;;00002333;00000001;00000001;00002845;1;0;0;0;;;;;;0;;;;0;1;0;;50000038;11000005
2024;1000000322;500000227;19;2;3;1;;00000864;00000009;;;1;0;1;;;0;;;;;0;;;0;1;0;0;50000147;11000020
2024;1000000324;500000228;21;2;0;1;;00002551;00000009;00000025;00004637;1;0;0;;;1;;;;;;;;0;1;0;;50000024;11000003
2024;1000000325;500000229;26;2;3;1;;00000991;00000003;00000024;;1;0;1;;;;0;0;;;0;;;0;1;;1;50000059;11000008
2024;1000000327;500000230;8;2;1;1;;00004186;00000007;00000005;00004275;1;0;0;;;;;0;0;;;;;0;1;0;0;50000186;11000026
2024;1000000328;500000231;10;1;1;1;;00002732;00000004;;00004001;1;0;0;;;;;;;;;0;;0;;0;0;50000178;11000025
2024;1000000329;500000232;9;2;2;1;;00003649;00000008;;00000662;1;0;0;;;1;0;;;;;;0;0;1;0;0;50000216;11000030
2024;1000000330;500000233;6;2;1;1;;00001859;00000005;00000013;;1;0;0;;0;;;;;;;;;0;1;0;;50000135;11000019
2024;1000000331;500000234;18;2;3;1;;00000866;00000004;00000008;;1;0;0;;;1;0;;0;;;;0;0;1;0;0;50000191;11000027
2024;1000000333;500000235;20;1;1;1;;00002934;00000006;00000019;00004520;1;0;0;;;;0;;;;;;0;0;1;0;0;50000217;11000030
2024;1000000334;500000236;10;2;1;1;;00001659;00000009;;00003234;2;0;0;;;;0;;;;;;;0;1;0;0;50000093;11000013
2024;1000000336;500000237;12;1;0;1;;00004446;00000007;00000017;;1;0;0;;0;;;;;;;0;;0;0;0;;50000203;11000028
2024;1000000339;500000238;16;2;3;1;;00002633;00000001;00000016;;1;0;0;;0;;0;;;;0;;0;0;1;;0;50000041;11000005
2024;1000000340;500000239;20;2;0;1;;00002429;00000006;00000004;;1;0;1;;;;;;;;;0;;;1;0;0;50000136;11000019
2024;1000000342;500000240;22;1;3;1;;00005305;00000003;00000010;00001983;1;0;1;;0;1;;;;;;;0;0;0;0;0;50000170;11000024
2024;1000000343;500000241;14;2;3;1;;00005076;00000008;00000022;00004257;1;0;0;;;;;;0;;;;;0;1;0;0;50000136;11000019
2024;1000000344;500000242;18;1;3;1;;00003665;00000008;00000023;00002550;1;0;0;;;;;0;;;0;;;0;0;;0;50000139;11000019
2024;1000000345;500000243;18;2;1;1;;00003693;00000007;00000006;;1;0;0;;;;;;;;;;0;0;1;0;0;50000084;11000011
2024;1000000347;500000244;14;2;1;1;;00004587;00000002;00000012;00005474;1;0;0;;;;;;;;;;;;1;0;0;50000115;11000016
2024;1000000349;500000245;24;2;1;1;;00002998;00000008;;;1;0;1;;;;;;;;;;0;0;1;0;0;50000066;11000009
2024;1000000350;500000246;13;1;1;1;;00002403;00000008;00000014;;2;0;0;;;0;;;;;;;;0;0;0;0;50000145;11000020
2024;1000000353;500000247;19;1;1;1;;00004464;00000007;;00002903;1;0;0;;0;1;;0;0;;;;;0;1;0;0;50000025;11000003
2024;1000000354;500000248;9;2;1;1;;00003560;00000008;;;1;0;0;;;;;;;;;;0;0;1;0;0;50000007;11000000
2024;1000000355;500000249;13;1;1;1;;00001437;00000004;;;1;0;0;;;;0;;;0;;;;0;1;;0;50000023;11000003
2024;1000000356;500000250;10;1;1;1;;00004840;00000001;;;1;0;0;;;;0;0;;;;;;0;1;0;0;50000186;11000026
2024;1000000360;500000251;21;2;3;1;;00000056;00000004;;00000930;1;1;0;;;;;;;;;;0;0;1;0;0;50000085;11000012
2024;1000000361;500000252;11;1;0;1;;00000319;00000004;;;2;1;0;;0;;;;0;;;;;0;1;0;0;50000173;11000024
2024;1000000362;500000253;16;1;0;1;;00004243;00000006;00000027;00004583;1;0;0;;0;;;;;;;;;0;1;0;0;50000167;11000023
2024;1000000364;500000254;11;1;3;1;;00003154;00000004;00000018;00004107;1;0;1;0;;1;;;;0;;;;0;1;;0;50000172;11000024
2024;1000000365;500000255;21;2;1;1;;00000402;00000008;;;1;0;0;;0;;0;;;;0;;0;0;1;0;0;50000043;11000006
2024;1000000367;500000256;6;2;1;1;;00001978;00000008;;00004498;2;0;0;;;;;;;;;;;0;1;0;0;50000198;11000028
2024;1000000369;500000257;16;1;3;1;;00005298;00000009;00000023;;1;0;0;;;;0;;;;0;;0;0;1;0;0;50000149;11000021
2024;1000000370;500000258;17;2;3;1;;00001992;00000001;00000019;00003282;1;0;0;;;;;;;;;;0;0;1;0;0;50000215;11000030
2024;1000000371;500000259;14;1;0;1;;00002003;00000002;;00000333;1;0;0;;;;0;0;;;0;0;0;0;1;0;0;50000178;11000025
2024;1000000372;500000260;9;1;0;1;;00004951;00000005;;00004276;1;0;0;;0;1;;;0;;;;;0;1;0;0;50000004;11000000
2024;1000000373;500000261;17;1;1;1;;00002135;00000007;;00005028;1;0;0;;;;;0;;0;;;;0;1;0;0;50000003;11000000
2024;1000000376;500000262;15;2;3;1;;00002753;00000001;00000009;00003312;1;0;0;;;1;;;;;;;0;0;0;0;0;50000191;11000027
2024;1000000379;500000263;8;2;0;3;;00002731;00000005;00000022;00005077;2;0;1;;;1;;;;;;0;;;0;0;0;50000110;11000015
2024;1000000381;500000264;13;2;1;1;;00000794;00000008;00000004;;1;0;0;;;;0;;;;;;;0;1;0;0;50000193;11000027
2024;1000000383;500000265;16;1;3;1;;00000968;00000004;;00005415;1;0;1;0;0;;;;;;;;0;;0;0;0;50000170;11000024
2024;1000000391;500000266;12;2;3;1;;00002958;00000003;00000015;00000341;1;0;0;;0;1;;0;;;;;;0;1;0;0;50000102;11000014
2024;1000000392;500000267;11;2;3;1;;00004569;00000009;;00002503;1;0;1;;;;;;;;;;0;0;;0;0;50000087;11000012
2024;1000000393;500000268;15;1;1;1;;00005427;00000009;00000005;00000659;1;0;0;;;;;;;0;0;;;0;1;0;0;50000151;11000021
2024;1000000394;500000269;10;2;1;1;;00001746;00000005;00000008;;1;0;0;;;;0;;;;;;;0;1;0;0;50000031;11000004
2024;1000000398;500000270;12;1;1;1;;00001646;00000009;00000009;00003437;2;0;0;;;1;;;;;0;;;0;0;;0;50000096;11000013
2024;1000000399;500000271;17;1;0;1;;00005127;00000008;;00003329;2;0;0;0;;;;;;;;0;;0;1;0;0;50000046;11000006
2024;1000000401;500000272;12;2;2;1;;00003937;00000003;;;2;0;0;;0;;;;;;;;;0;1;0;0;50000197;11000028
2024;1000000402;500000273;11;1;1;1;;00000172;00000009;;00003944;1;0;0;;;;;;0;;;;0;;1;0;0;50000086;11000012
2024;1000000405;500000274;17;2;3;1;;00003107;00000003;00000024;00000905;2;0;0;0;;0;0;;;;;0;0;0;1;1;0;50000152;11000021
2024;1000000407;500000275;16;2;0;1;;00004413;00000001;00000007;;1;0;0;;;;;0;;0;;;;0;1;0;0;50000152;11000021
2024;1000000408;500000276;17;2;0;1;;00003182;00000009;00000026;00003650;1;0;0;;;;0;;0;;;;0;0;1;0;0;50000188;11000026
2024;1000000409;500000277;20;1;3;1;;00004262;00000004;;00003123;1;0;0;;;;;;;;;0;;0;1;;0;50000033;11000004
2024;1000000410;500000278;17;2;3;1;;00004378;00000009;;;1;0;0;;;;;;0;;;0;;0;1;0;0;50000007;11000000
2024;1000000411;500000279;21;2;3;1;;00001806;00000008;;00001378;1;0;0;;;;0;;;;;;;;1;0;0;50000066;11000009
2024;1000000413;500000280;10;1;1;1;;00002428;00000006;00000027;00005229;2;0;1;;;;;;0;;0;0;;0;1;0;0;50000135;11000019
2024;1000000415;500000281;19;1;1;1;;00003213;00000008;;;1;0;0;;;;;;;;;;;0;1;0;0;50000205;11000029
2024;1000000418;500000282;20;1;3;1;;00005301;00000006;00000001;00002578;1;0;0;;;1;;;;;;;0;0;1;0;0;50000002;11000000
2024;1000000419;500000283;18;2;3;1;;00003485;00000006;00000005;;1;0;0;;;;0;0;;;;;;0;1;0;0;50000099;11000014
2024;1000000421;500000284;13;1;0;1;;00003839;00000004;;;1;0;1;;;;;;0;;0;0;0;0;0;0;0;50000131;11000018
2024;1000000422;500000285;40;1;3;1;;00002561;00000001;;00003591;1;0;0;;0;;;;;;;;;0;0;0;0;50000169;11000024
2024;1000000423;500000286;22;1;1;1;;00005407;00000006;;00000991;1;0;0;;;1;0;;;0;;;;0;1;0;;50000107;11000015
2024;1000000424;500000287;12;2;1;1;;00002274;00000001;00000006;00004556;1;0;0;;0;;;;;;;;;0;1;0;0;50000118;11000016
2024;1000000426;500000288;13;1;0;1;;00000611;00000009;00000022;00002352;1;0;0;0;;;0;;;;;;0;0;1;0;0;50000094;11000013
2024;1000000427;500000289;14;2;3;1;;00002584;00000006;00000022;;1;0;0;0;;;;0;;;;;;0;1;0;0;50000116;11000016
2024;1000000428;500000290;10;2;0;1;;00003142;00000007;00000024;00005046;2;0;0;;;;;;;0;;;;0;0;0;0;50000024;11000003
2024;1000000430;500000291;12;2;1;1;;00003150;00000001;;;1;0;0;0;;;;;0;;;;0;0;;0;0;50000023;11000003
2024;1000000433;500000292;17;1;0;1;;00001526;00000007;00000026;;1;0;0;;;;0;;;;;;;0;1;0;0;50000066;11000009
2024;1000000435;500000293;18;2;0;1;;00003957;00000001;;00002789;1;0;1;;;0;;;0;;;;0;0;0;0;0;50000204;11000029
2024;1000000437;500000294;15;2;0;1;;00005436;00000007;00000027;00003923;1;1;1;;;;;;0;;;;;0;1;;1;50000010;11000001
2024;1000000438;500000295;17;2;3;1;;00001890;00000001;00000011;00004471;2;0;0;;;;;;;;;;;0;0;0;0;50000074;11000010
2024;1000000439;500000296;13;1;1;1;;00000732;00000004;00000024;00003172;1;0;0;;0;;0;;;;;;;0;1;0;0;50000200;11000028
2024;1000000440;500000297;11;1;2;1;;00000856;00000002;00000018;00003200;2;0;;;;;;;0;;;;;0;1;0;;50000048;11000006
2024;1000000443;500000298;8;2;0;1;;00002867;00000009;00000026;00003711;1;0;0;;;;;;;0;0;0;;0;1;0;;50000060;11000008
2024;1000000444;500000299;16;2;0;1;;00000748;00000005;00000025;;1;0;0;;;;;;;0;;;;0;0;0;0;50000148;11000021
2024;1000000446;500000300;19;2;0;1;;00003897;00000006;00000019;00003233;1;0;0;;;;;;;;;;0;0;1;0;0;50000037;11000005
2024;1000000447;500000301;22;1;1;1;;00002132;00000006;00000013;00004744;1;1;1;;;;;;;0;;;0;0;;0;0;50000033;11000004
2024;1000000450;500000302;20;1;2;1;;00004151;00000001;;;1;0;0;0;;;;0;;;0;;;0;1;0;0;50000071;11000010
2024;1000000452;500000303;10;1;1;1;;00000268;00000006;00000001;;1;0;0;;0;;;;;;;;;;1;1;0;50000021;11000002
2024;1000000453;500000304;11;2;4;1;;00001493;00000007;;;1;0;1;;;;;;;;;;;0;1;0;0;50000144;11000020
2024;1000000454;500000305;20;2;2;1;;00000679;00000009;00000027;00004289;1;0;0;;;;;0;;;0;;;0;1;0;0;50000106;11000015
2024;1000000456;500000306;15;2;1;1;;00000194;00000006;00000012;00001523;1;0;0;;;1;;0;;;;;;0;1;0;0;50000132;11000018
2024;1000000458;500000307;7;1;0;1;;00001092;00000006;00000023;00000168;1;0;0;;;;0;;;;;;;;1;0;;50000060;11000008
2024;1000000459;500000308;8;2;5;1;;00004658;00000009;00000021;00003436;1;0;0;;;;;;;;;;;0;1;0;0;50000198;11000028
2024;1000000462;500000309;8;1;3;1;;00002511;00000006;00000017;;1;0;0;;;1;;;;0;;0;;0;1;0;0;50000005;11000000
2024;1000000463;500000310;17;1;0;1;;00000049;00000003;00000027;00002846;1;1;0;0;0;;;;;;;;;0;1;0;0;50000066;11000009
2024;1000000465;500000311;11;1;3;1;;00000548;00000002;00000027;00002381;1;0;0;;;;;;;;;;;0;1;0;0;50000038;11000005
2024;1000000467;500000312;19;2;0;1;;00002869;00000007;00000009;00001073;1;0;0;;;;0;0;0;0;;;;0;1;0;0;50000149;11000021
2024;1000000468;500000313;20;1;0;1;;00002772;00000001;00000011;;1;0;0;;;;;;;;;0;;0;;1;0;50000050;11000007
2024;1000000469;500000314;23;2;0;1;;00002505;00000007;00000003;;1;0;1;;;0;;;;;;;;0;1;0;0;50000027;11000003
2024;1000000470;500000315;14;1;3;1;;00000332;00000008;00000006;00005211;1;0;1;;0;;;;;0;;;;0;;0;0;50000035;11000004
2024;1000000471;500000316;18;2;3;1;;00003583;00000008;;;2;0;0;;;;;;;;;;;0;1;0;0;50000216;11000030
2024;1000000472;500000317;24;1;3;1;;00000038;00000002;00000024;00001669;1;0;1;;;;;;;;;;;0;1;0;0;50000216;11000030
2024;1000000480;500000318;15;1;0;1;;00005125;00000003;00000017;;2;1;0;;0;;;;;;;;;0;0;0;0;50000176;11000025
2024;1000000481;500000319;21;1;0;1;;00002327;00000009;;00001819;1;0;0;;;;;0;;;;;;0;1;0;0;50000020;11000002
2024;1000000482;500000320;8;2;1;1;;00005321;00000005;00000003;00004765;1;0;0;;;;;0;;;;;;0;1;0;0;50000172;11000024
2024;1000000484;500000321;7;1;1;1;;00001482;00000007;00000006;;1;0;1;;;1;;;0;;;;;0;;0;0;50000178;11000025
2024;1000000488;500000322;17;2;3;1;;00000811;00000004;00000011;00003353;1;0;1;0;;;;0;0;;;0;;0;0;0;0;50000165;11000023
2024;1000000489;500000323;18;1;0;1;;00004468;00000001;00000018;00001609;1;1;0;;;0;;;;;;;;0;1;0;0;50000086;11000012
2024;1000000491;500000324;13;2;1;1;;00002567;00000005;00000019;00000268;2;0;0;;;;;;;;;;;0;1;0;0;50000055;11000007
2024;1000000492;500000325;8;1;1;1;;00005296;00000006;00000026;00004511;2;0;0;;;;0;;;0;;;;;1;0;0;50000138;11000019
2024;1000000494;500000326;13;1;0;1;;00005450;00000006;;00003533;1;0;0;0;;;;;;;;;0;0;1;0;0;50000028;11000003
2024;1000000496;500000327;9;2;3;1;;00003647;00000003;;00001201;1;0;0;;;;;;0;;0;;;0;1;0;0;50000108;11000015
2024;1000000498;500000328;19;1;1;1;;00003103;00000006;00000026;00001154;1;0;0;;0;;0;;;0;;;;0;1;0;0;50000145;11000020
2024;1000000499;500000329;18;1;3;1;;00002912;00000007;;;1;0;0;;;;;;0;;;;;0;1;0;0;50000182;11000025
2024;1000000501;500000330;19;2;3;1;;00004349;00000007;00000021;;1;0;0;;;;;;0;0;;;0;0;1;0;0;50000188;11000026
2024;1000000502;500000331;12;1;0;1;;00005212;00000003;00000018;00004307;1;0;0;;;;;;;;;;;0;1;0;0;50000159;11000022
2024;1000000504;500000332;17;1;1;1;;00003310;00000006;00000012;00004013;1;0;0;;;;;;;;;;;0;1;0;0;50000178;11000025
2024;1000000505;500000333;7;1;3;1;;00003427;00000009;;;2;0;0;;;;;;;;;;;0;1;;0;50000072;11000010
2024;1000000507;500000334;19;1;3;1;;00004946;00000005;00000004;;1;0;0;;0;;;;;;;;0;0;1;0;0;50000022;11000003
2024;1000000510;500000335;19;2;1;1;;00001793;00000003;;;1;0;0;;;;;;;;;;;0;1;0;0;50000045;11000006
2024;1000000511;500000336;9;2;3;1;;00004070;00000004;;00004443;1;0;0;;0;;;;;;0;0;;0;1;0;0;50000024;11000003
2024;1000000513;500000337;16;2;0;1;;00002470;00000003;00000013;;2;0;0;0;;;;;;;;;;0;1;0;0;50000175;11000024
2024;1000000514;500000338;12;1;1;1;;00002076;00000006;00000019;00004324;1;0;0;;;;;;;;;1;0;0;1;1;0;50000011;11000001
2024;1000000515;500000339;14;1;1;1;;00004624;00000007;00000003;00000979;1;0;0;;;;;;;;;;0;0;1;0;0;50000027;11000003
2024;1000000516;500000340;19;2;1;1;;00005105;00000001;;;1;0;0;;0;;;;;;;;;0;1;0;0;50000148;11000021
2024;1000000517;500000341;16;2;3;1;;00001890;00000006;00000015;00004991;1;0;0;0;;1;;;;;;0;;0;1;0;0;50000052;11000007
2024;1000000519;500000342;21;2;0;1;;00002954;00000007;00000016;;1;0;0;;;;0;;;;0;;;;1;0;0;50000114;11000016
2024;1000000522;500000343;8;1;4;1;;00004877;00000001;00000002;;1;0;0;;;;;;;;;;;0;1;0;0;50000040;11000005
2024;1000000524;500000344;11;2;1;1;;00003123;00000002;00000017;;1;0;1;;;;;;;;;;;0;1;0;0;50000069;11000009
2024;1000000525;500000345;10;1;1;1;;00005014;00000004;;00001692;1;0;1;;0;;;;0;;;;;0;1;0;0;50000020;11000002
2024;1000000526;500000346;18;2;3;1;;00001973;00000005;;;1;0;0;;;1;;0;;0;;0;0;0;1;0;0;50000064;11000009
2024;1000000529;500000347;16;1;3;1;;00004243;00000003;00000026;00000829;1;0;0;;;;;;;;;;;0;1;;0;50000128;11000018
2024;1000000530;500000348;8;1;0;1;;00001878;00000004;00000009;00000462;1;1;0;;;;0;0;;;;;;0;0;0;0;50000195;11000027
2024;1000000531;500000349;15;2;3;1;;00001402;00000002;00000015;00000172;1;0;0;;;;;;;;;0;;0;1;0;;50000103;11000014
2024;1000000533;500000350;11;1;3;1;;00003838;00000008;;;2;0;1;;0;;0;;;;;;;0;1;0;0;50000101;11000014
2024;1000000534;500000351;20;2;3;1;;00002618;00000005;00000016;00002610;1;0;0;;;;;0;;;;;;0;1;0;0;50000013;11000001
2024;1000000535;500000352;17;2;3;1;;00002188;00000006;00000005;;1;0;0;;;;;0;;;;0;0;0;1;0;0;50000183;11000026
2024;1000000536;500000353;18;1;3;1;;00004879;00000002;00000023;00002810;1;0;0;;;;;;;0;;;;0;1;0;0;50000089;11000012
2024;1000000538;500000354;12;2;1;1;;00001800;00000005;;00003974;2;0;0;;;;;;;;;;;0;1;0;0;50000030;11000004
2024;1000000539;500000355;15;2;0;1;;00004767;00000009;;;1;0;0;;;0;;;;;;;;0;1;0;0;50000217;11000030
2024;1000000540;500000356;10;1;0;1;;;00000007;00000004;;1;0;0;0;;1;;0;;;;;;0;0;0;0;50000127;11000018
2024;1000000541;500000357;32;2;3;1;;00002493;00000002;;;2;0;0;;;;;;;;;;;0;1;0;0;50000029;11000004
2024;1000000542;500000358;12;1;1;1;;00000599;00000001;00000012;;2;0;;0;;0;0;;;0;;;;0;1;0;0;50000180;11000025
2024;1000000543;500000359;19;1;3;1;;00004498;00000004;00000003;;1;0;0;;;;;;;;;;;0;1;0;1;50000005;11000000
2024;1000000545;500000360;9;1;3;1;;00002511;00000004;;00003993;2;0;0;0;;1;;;0;0;;;;0;1;;0;50000154;11000021
2024;1000000546;500000361;11;2;1;1;;00000317;00000006;00000013;;1;0;0;;;;;;;;;;;0;1;0;;50000093;11000013
2024;1000000547;500000362;15;1;1;1;;00004525;00000008;00000014;00003909;2;0;;;1;;0;;0;;;;;0;;0;0;50000177;11000025
2024;1000000552;500000363;10;1;3;1;;00000298;00000006;00000020;00003792;1;0;0;;;;;;;;;;0;0;1;0;0;50000005;11000000
2024;1000000559;500000364;9;2;1;1;;00000382;00000003;;00003751;2;0;0;;;;0;;;;;0;;0;1;0;0;50000153;11000021
2024;1000000560;500000365;22;2;3;1;;00003506;00000004;00000003;00001871;1;0;0;;;;0;0;0;;;;;0;1;0;0;50000051;11000007
2024;1000000562;500000366;18;2;0;1;;00004734;00000009;;00001102;2;0;0;;;;;;0;;;0;0;0;1;0;0;50000070;11000009
2024;1000000563;500000367;18;1;1;1;;00001587;00000009;;;1;0;0;0;;1;;;;;;;;0;1;0;0;50000060;11000008
2024;1000000564;500000368;16;2;3;1;;00005214;00000008;;;1;1;0;;1;;;0;;;;;;0;1;0;;50000155;11000022
2024;1000000565;500000369;14;1;1;1;;00003687;00000006;00000021;;2;0;0;;;;;0;;;;;;0;0;;0;50000074;11000010
2024;1000000566;500000370;9;2;3;1;;00002062;00000001;00000010;00001723;1;0;0;;;;0;;;;0;0;0;0;0;0;;50000125;11000017
2024;1000000567;500000371;15;2;0;1;;00003192;00000003;;;1;0;0;;;;;;0;;0;;;0;1;0;0;50000185;11000026
2024;1000000568;500000372;12;1;2;1;;00000137;00000002;;00002481;1;0;1;;0;;0;;0;;;;;0;1;0;0;50000187;11000026
2024;1000000569;500000373;9;2;3;1;;00002943;00000005;00000003;00001486;1;0;0;0;;;;0;;;;0;;0;1;0;0;50000151;11000021
2024;1000000570;500000374;11;1;0;1;;00004068;00000001;;00002797;2;0;0;;;;;;;;;;;0;1;0;0;50000141;11000020
2024;1000000571;500000375;15;2;3;1;;00002624;00000007;00000022;;2;0;0;0;;;;;;0;;;;0;1;0;0;50000214;11000030
2024;1000000573;500000376;18;1;1;1;;00002284;00000009;;;1;0;0;;0;1;;;0;;0;;;0;1;0;0;50000011;11000001
2024;1000000575;500000377;11;1;3;1;;00003423;00000005;;00001432;2;0;0;;;;;;0;;;;;0;1;1;0;50000210;11000029
2024;1000000578;500000378;21;2;0;1;;00002874;00000009;00000011;00001635;2;0;0;;;;0;;;;0;;;0;1;0;0;50000071;11000010
2024;1000000580;500000379;15;2;0;1;;00000118;00000008;;00001742;1;0;0;;;;0;0;;;;;;0;1;0;0;50000082;11000011
2024;1000000581;500000380;6;1;3;1;;00003172;00000006;00000027;00004477;2;0;0;0;;;;0;;;;;;0;1;0;0;50000127;11000018
2024;1000000582;500000381;10;1;0;1;;00004052;00000007;;00000989;1;0;0;;;;;;;;;;0;0;1;0;;50000200;11000028
2024;1000000584;500000382;15;1;0;1;;00000778;00000001;00000007;00005423;1;0;0;;0;;;0;;0;;;;0;1;0;0;50000081;11000011
2024;1000000585;500000383;13;2;0;1;;00001698;00000006;00000002;;1;0;0;0;;1;;;1;0;;;;0;1;0;;50000044;11000006
2024;1000000590;500000384;16;2;0;1;;00003935;00000001;00000020;00000153;1;0;0;;;;;0;;;0;;;0;;1;0;50000057;11000008
2024;1000000591;500000385;8;1;3;1;;00001210;00000004;00000006;;1;1;1;;;;0;;;;0;;0;0;1;0;0;50000106;11000015
2024;1000000592;500000386;20;1;1;1;;00004816;00000004;00000008;;1;0;;;;;0;;;;;;;0;1;0;0;50000090;11000012
2024;1000000595;500000387;13;1;3;1;;00003466;00000003;;00002199;1;0;0;;;;;;;;;0;;0;1;0;0;50000150;11000021
2024;1000000596;500000388;12;1;3;1;;00005524;00000006;;;1;0;0;;;;;;;;;0;;0;0;0;0;50000066;11000009
2024;1000000597;500000389;14;2;0;1;;00003474;00000001;00000012;00001782;1;0;1;0;;;;;0;;0;0;;0;1;0;0;50000171;11000024
2024;1000000600;500000390;13;1;0;1;;00002121;00000007;00000006;;2;0;0;0;;;;;;;;0;;0;1;0;0;50000147;11000020
2024;1000000601;500000391;16;2;1;1;;00003787;00000005;;00002874;1;0;0;0;;1;0;0;;0;;0;;0;1;0;0;50000005;11000000
2024;1000000603;500000392;16;2;3;1;;00002427;00000008;00000019;00005111;1;0;1;;;;;;;0;;0;;0;1;0;0;50000177;11000025
2024;1000000604;500000393;12;1;3;1;;00001257;00000004;00000018;00004017;1;0;0;0;;1;0;;;;;;;0;1;0;0;50000174;11000024
2024;1000000605;500000394;13;1;1;1;;00005168;00000007;;;1;0;0;;;1;0;;;;;;;0;0;0;0;50000070;11000009
2024;1000000606;500000395;9;1;1;1;;00003758;00000006;00000019;;1;0;0;;0;1;0;;;;;0;;0;1;0;0;50000052;11000007
2024;1000000608;500000396;13;1;3;1;;00000454;00000002;00000011;;1;0;0;;0;0;0;;0;;;;;0;1;0;0;50000015;11000002
2024;1000000609;500000397;12;1;0;1;;00001389;00000002;00000023;;1;1;0;0;;0;;;;;;;;0;1;0;0;50000075;11000010
2024;1000000610;500000398;13;1;1;1;;00001813;00000005;;00004253;2;0;0;;;;;;;;;;0;0;1;0;1;50000043;11000006
2024;1000000612;500000399;10;2;3;1;;00001777;00000002;00000012;;1;0;0;;;;;;0;;;;;0;1;0;0;50000023;11000003
2024;1000000613;500000400;14;2;1;1;;00004707;00000006;00000003;;1;0;0;;;;0;;;0;;;0;0;1;0;0;50000119;11000016
2024;1000000614;500000401;8;2;1;1;;00004296;00000001;;00001950;1;0;0;;;;;;0;;;;;0;1;0;0;50000092;11000013
2024;1000000617;500000402;15;2;3;1;;00000051;00000005;00000006;;2;0;0;;;;;;1;;;;;0;1;0;0;50000138;11000019
2024;1000000618;500000403;13;2;0;1;;00005029;00000006;;;1;0;0;;;;;;;;0;;;;1;0;0;50000179;11000025
2024;1000000620;500000404;13;1;1;1;;00004550;00000003;;;1;0;0;;;;;;;;;;;0;1;0;0;50000006;11000000
2024;1000000621;500000405;21;1;0;1;;00000973;00000002;00000023;00004848;1;0;0;;;;;;;;;;0;0;1;0;0;50000203;11000028
2024;1000000623;500000406;9;1;0;1;;00002858;00000006;00000014;;1;0;0;;;;;0;;;;;;0;0;;0;50000011;11000001
2024;1000000624;500000407;19;2;3;1;;00000896;00000004;;;1;0;0;;;;;;;;0;;0;0;1;0;0;50000077;11000010
2024;1000000625;500000408;10;2;1;1;;00003980;00000008;00000006;00001143;1;0;0;;;;;;;;0;;;0;1;0;0;50000195;11000027
2024;1000000627;500000409;20;1;0;1;;00003603;00000001;;00002041;1;0;1;;;;0;;;;;;;0;1;0;0;50000006;11000000
2024;1000000628;500000410;10;2;3;1;;00004104;00000005;;;1;0;0;;;;0;0;0;;0;;0;0;1;0;0;50000025;11000003
2024;1000000629;500000411;13;2;0;1;;00000933;00000002;00000006;;2;0;0;0;;;;0;0;;;0;;0;1;0;0;50000092;11000013
2024;1000000631;500000412;15;1;0;1;;00001288;00000003;;;1;1;0;;1;0;;;0;;;0;;0;1;0;0;50000036;11000005
2024;1000000632;500000413;15;2;1;1;;00004647;00000006;00000026;;1;0;0;;;;;;;0;;;;0;1;0;0;50000024;11000003
2024;1000000633;500000414;15;1;1;1;;00002790;00000001;00000019;;1;0;0;;;;;;;;;0;;0;1;0;0;50000192;11000027
2024;1000000637;500000415;12;1;3;1;;00004120;00000007;00000001;;1;0;0;;;;;;;;0;;;0;1;0;0;50000168;11000023
2024;1000000638;500000416;8;2;1;1;;00005485;00000006;;00002287;1;0;0;;;;0;;;0;;0;;0;1;0;0;50000072;11000010
2024;1000000640;500000417;16;2;1;1;;00000162;00000006;00000025;;1;0;0;;0;;0;0;;;;;;0;1;0;0;50000157;11000022
2024;1000000642;500000418;21;1;1;1;;00002816;00000001;00000002;00004101;1;0;1;;1;;0;;;;;;0;0;1;0;0;50000169;11000024
2024;1000000643;500000419;8;2;1;1;;00000790;00000006;00000010;00004252;1;0;0;;;1;;;0;;;;;0;1;0;0;50000027;11000003
2024;1000000644;500000420;12;1;0;1;;00004399;00000008;00000020;00002851;1;0;0;0;0;1;;;;;;;;0;1;0;0;50000207;11000029
2024;1000000645;500000421;10;1;3;1;;00001595;00000007;00000014;00002326;2;0;0;;;;;;;;;;;0;1;0;;50000011;11000001
2024;1000000646;500000422;12;1;0;1;;00000449;00000001;00000009;;1;0;0;0;;;;;;;;;;0;1;0;0;50000116;11000016
2024;1000000647;500000423;14;2;1;1;;00000373;00000002;00000027;00001795;1;0;0;;0;;0;;;;;;;0;1;0;1;50000209;11000029
2024;1000000649;500000424;6;2;3;1;;00002905;00000002;;00004770;1;0;1;;;;0;;0;;0;;0;0;1;1;0;50000023;11000003
2024;1000000650;500000425;15;1;0;1;;00003295;00000003;;;2;1;0;;;1;;;;;;;;0;1;0;0;50000044;11000006
2024;1000000653;500000426;10;2;1;1;;00001887;00000003;;00002456;1;0;0;;;;;;0;;;;;0;1;0;0;50000023;11000003
2024;1000000654;500000427;12;2;1;1;;00002268;00000007;00000016;;1;0;0;;0;;;;0;0;0;0;;0;1;0;0;50000087;11000012
2024;1000000655;500000428;13;1;0;1;;00000479;00000007;00000020;00005208;1;0;0;;;;;;0;;;;;0;1;0;0;50000156;11000022
2024;1000000658;500000429;13;2;0;1;;00004043;00000002;00000002;00005134;1;0;0;;;0;;;;;;;;;0;0;0;50000202;11000028
2024;1000000659;500000430;16;1;1;1;;00003237;00000002;00000005;;1;0;0;;0;;;;;;;;0;0;1;1;0;50000074;11000010
2024;1000000660;500000431;9;1;1;1;;00000688;00000001;00000015;00004713;1;0;0;;0;;;0;;;;;;0;1;0;0;50000050;11000007
2024;1000000661;500000432;7;2;2;1;;00005432;00000007;00000002;00003960;1;0;1;;0;;;;;;;;0;0;1;0;0;50000117;11000016
2024;1000000662;500000433;14;2;1;1;;00003755;00000001;;00000124;1;0;0;0;;;;;;;;;;0;1;0;0;50000215;11000030
2024;1000000663;500000434;8;2;1;1;;00003004;00000005;;00002325;1;0;0;;;;;0;;;0;;;0;1;0;0;50000069;11000009
2024;1000000664;500000435;15;2;2;1;;00000623;00000008;00000006;;1;0;0;;;;;;;;0;;;0;1;0;0;50000174;11000024
2024;1000000665;500000436;9;1;3;1;;00002951;00000006;00000007;00005090;1;0;0;;;;;;;;0;;;0;1;0;0;50000157;11000022
2024;1000000666;500000437;21;2;0;1;;00001207;00000005;00000006;;2;0;0;;;;;0;;;;0;;0;1;0;0;50000159;11000022
2024;1000000667;500000438;20;1;0;1;;00005209;00000007;;;1;0;0;;0;;0;0;;0;;;;0;1;0;0;50000083;11000011
2024;1000000668;500000439;8;2;1;1;;00005474;00000004;00000002;00005024;1;0;0;;0;;0;;;;0;;;0;1;0;0;50000196;11000027
2024;1000000669;500000440;16;2;3;1;;00002712;00000007;;00003100;1;0;1;;;1;;;;;;;;0;1;0;0;50000087;11000012
2024;1000000671;500000441;22;1;3;1;;00004559;00000005;;00003732;1;0;0;;;;;;;0;;;0;0;1;0;0;50000049;11000006
2024;1000000673;500000442;20;2;1;1;;00004792;00000003;00000020;;1;0;0;0;;;;0;;;;;;;1;0;0;50000110;11000015
2024;1000000679;500000443;14;2;1;1;;00003970;00000006;;00000800;1;0;0;;;;;;;;;0;;0;;0;0;50000004;11000000
2024;1000000680;500000444;13;2;3;1;;00001726;00000009;00000004;00003506;1;0;0;0;;;;;;;;;;0;1;0;0;50000111;11000015
2024;1000000681;500000445;23;1;3;1;;00005122;00000009;00000016;00001798;1;0;0;;;;;;;;;;;0;1;0;0;50000074;11000010
2024;1000000682;500000446;9;2;3;1;;00001223;00000005;;;1;0;0;;;;;0;;0;;;;0;1;0;0;50000053;11000007
2024;1000000683;500000447;5;2;1;1;;00003309;00000002;;00003575;2;1;0;;;;;;0;;;;;;1;0;0;50000045;11000006
2024;1000000684;500000448;14;1;3;1;;00001049;00000008;;;2;0;1;;0;;;;;;;;;0;1;0;1;50000064;11000009
2024;1000000685;500000449;8;1;0;1;;00001728;00000002;;00005357;1;0;0;;;;;;;;;;;0;0;0;;50000144;11000020
2024;1000000686;500000450;19;2;1;1;;00000723;00000007;;00001092;1;0;0;;;;;;0;;0;0;;0;1;1;0;50000036;11000005
2024;1000000687;500000451;17;2;1;1;;00004151;00000003;00000008;00004565;1;0;0;;;;0;;;;;;;0;1;0;0;50000180;11000025
2024;1000000688;500000452;9;1;3;1;;00002435;00000006;;00002230;1;0;0;;;0;0;;;;;;;0;1;0;0;50000207;11000029
2024;1000000689;500000453;12;2;0;1;;00001727;00000004;;;1;0;1;0;;;;;;0;0;;;0;1;0;0;50000058;11000008
2024;1000000690;500000454;21;2;3;1;;00000301;00000007;;;1;0;0;;1;;;;;;;0;0;0;1;0;;50000002;11000000
2024;1000000693;500000455;8;1;0;1;;00000842;00000005;00000003;00001237;1;1;1;0;;;;;;;0;;;0;1;1;;50000162;11000023
2024;1000000695;500000456;10;1;0;1;;00004328;00000004;;;1;0;0;;0;0;;;;;;;0;0;;0;0;50000133;11000018
2024;1000000696;500000457;12;1;1;1;;00001309;00000003;00000008;;2;0;0;;;;;;;;;;0;0;1;0;0;50000153;11000021
2024;1000000697;500000458;28;2;3;1;;00002028;00000009;00000007;;1;0;0;0;;;0;;;;;;;0;1;0;0;50000101;11000014
2024;1000000700;500000459;9;1;1;1;;00000435;00000001;00000002;00003931;2;0;0;;;;;;;;;;;0;1;0;0;50000063;11000008
2024;1000000701;500000460;12;2;1;1;;00000581;00000002;00000010;00001244;1;0;0;0;;;;;;;;0;;0;1;0;0;50000036;11000005
2024;1000000702;500000461;15;2;1;1;;00001363;00000001;00000003;00004465;1;0;0;;;;;;0;;;0;0;0;1;0;0;50000143;11000020
2024;1000000703;500000462;10;2;0;1;;00000979;00000009;00000003;00002031;1;0;0;;;;;;;;;0;;;1;0;0;50000207;11000029
2024;1000000705;500000463;10;1;3;1;;00001251;00000001;00000021;00000701;1;0;0;;;;;;;;;;;0;1;0;0;50000082;11000011
2024;1000000706;500000464;19;2;0;1;;00001564;00000007;;00002273;1;0;1;;0;;;;;;;;;0;1;0;0;50000126;11000017
2024;1000000707;500000465;16;1;3;1;;00003766;00000002;00000006;00002630;1;0;0;;;;0;;;;;;;0;1;0;0;50000034;11000004
2024;1000000708;500000466;14;2;0;1;;00004873;00000009;;00003646;1;0;0;;;;0;;;;;;;0;0;0;0;50000177;11000025
2024;1000000710;500000467;7;2;1;1;;00002333;00000006;00000018;00003770;1;0;0;;;;;;0;;;;;0;1;;0;50000078;11000011
2024;1000000712;500000468;20;1;3;1;;00005436;00000005;;;1;0;0;;;0;;0;;0;;;;;1;0;0;50000201;11000028
2024;1000000713;500000469;9;2;3;1;;00003465;00000008;00000009;;1;0;0;;;;;;0;;;;0;;1;0;0;50000023;11000003
2024;1000000715;500000470;9;1;1;1;;00000075;00000001;;;1;0;0;;0;;;;;;;;;0;1;;0;50000117;11000016
2024;1000000717;500000471;16;2;0;1;;00003431;00000007;00000015;;1;0;0;;;;;;;;;;;0;;0;0;50000002;11000000
2024;1000000719;500000472;10;2;1;1;;00000054;00000002;00000004;;1;0;0;;;;;;;;0;;;0;1;;0;50000177;11000025
2024;1000000720;500000473;15;2;3;1;;00000147;00000008;;00004321;1;0;0;;0;;0;;;;;;0;0;1;0;0;50000113;11000016
2024;1000000724;500000474;16;2;0;1;;00000574;00000006;00000001;00000066;1;0;0;;;;;;;;;0;;0;1;0;0;50000035;11000004
2024;1000000726;500000475;14;1;3;1;;00001178;00000004;;00000695;1;0;0;;;;;;;;;0;;0;;0;0;50000029;11000004
2024;1000000727;500000476;13;2;1;1;;00003469;00000001;00000020;;1;0;0;;;;;;;0;;;;0;1;0;0;50000047;11000006
2024;1000000728;500000477;20;1;1;1;;00003370;00000007;00000006;00002882;2;0;1;;;;;;;;;0;;0;0;0;0;50000057;11000008
2024;1000000729;500000478;21;2;1;1;;00004809;00000004;00000004;00004297;1;0;1;;;;;;;;;0;;1;1;0;0;50000075;11000010
2024;1000000736;500000479;14;2;0;1;;00002706;00000002;00000024;;1;0;1;;;;;;;;;;;0;1;0;0;50000155;11000022
2024;1000000737;500000480;10;2;1;1;;00005175;00000005;00000009;;2;0;0;;;1;;;;;;;;0;1;0;0;50000100;11000014
2024;1000000738;500000481;11;2;1;1;;00001997;00000005;00000016;00000134;1;0;0;;;;0;;;;;;0;0;;0;0;50000051;11000007
2024;1000000741;500000482;21;2;0;1;;00001387;00000003;;00004215;1;1;0;0;;;;;;;;;;0;1;0;0;50000215;11000030
2024;1000000742;500000483;12;2;3;1;;00000659;00000003;00000026;;1;0;0;0;;;;;;;;;;0;1;0;0;50000110;11000015
2024;1000000744;500000484;7;1;3;1;;00005437;00000005;;;1;0;0;;;;0;;;;0;;0;0;1;0;0;50000027;11000003
2024;1000000747;500000485;22;1;0;1;;00004161;00000002;00000002;;1;0;1;;;;;;;0;;0;;;1;0;0;50000098;11000013
2024;1000000748;500000486;6;1;0;1;;00002557;00000001;;00005218;1;0;0;;;;;;;;;0;0;0;1;0;0;50000006;11000000
2024;1000000750;500000487;15;2;1;1;;00005144;00000003;00000004;00000785;2;0;0;;;;;;;;;;;;1;;0;50000191;11000027
2024;1000000753;500000488;19;2;1;1;;00000557;00000009;;00003974;2;0;1;;;;;;;;;;;0;1;0;0;50000211;11000030
2024;1000000754;500000489;19;1;3;1;;00004455;00000007;;;1;0;0;;;;0;;;;;;;0;1;0;0;50000028;11000003
2024;1000000756;500000490;12;2;0;1;;00005295;00000005;;;2;0;0;;0;;;;0;;;;;0;1;0;0;50000160;11000022
2024;1000000757;500000491;19;2;1;1;;00001184;00000001;00000026;;1;0;0;;;;;;;;;;;0;1;0;0;50000200;11000028
2024;1000000759;500000492;27;1;3;1;;00003937;00000002;00000018;00004827;2;0;0;0;0;;;;;;;;;0;1;0;0;50000129;11000018
2024;1000000761;500000493;10;1;3;1;;00003715;00000008;00000012;00003166;1;0;0;;;;;;;;0;;0;0;1;0;0;50000001;11000000
2024;1000000763;500000494;18;2;1;1;;00000103;00000009;00000011;00005095;1;0;0;0;;1;;;;0;;0;;0;1;0;0;50000208;11000029
2024;1000000765;500000495;10;2;3;1;;00004546;00000009;00000001;;1;0;;;;;0;0;;;;;;0;1;0;0;50000076;11000010
2024;1000000766;500000496;6;2;3;1;;00004315;00000006;;;2;0;0;;0;0;0;;;;;;;0;1;0;0;50000165;11000023
2024;1000000767;500000497;20;1;1;1;;00003200;00000007;00000021;00001886;1;0;1;;;1;;;;;;;;0;1;0;;50000107;11000015
2024;1000000768;500000498;20;1;0;1;;00000607;00000005;00000018;00001680;1;0;0;;0;;;;;;;;;0;1;0;0;50000013;11000001
2024;1000000769;500000499;12;2;3;1;;00002160;00000005;00000025;00003996;1;1;0;;;;;0;;;;;;0;1;0;0;50000038;11000005
2024;1000000771;500000500;17;1;1;1;;00002642;00000008;;00000819;2;0;0;;0;;0;;0;;;;;0;1;0;0;50000107;11000015
2024;1000000773;500000501;15;1;2;1;;00003662;00000006;00000004;00002508;1;0;0;;;;;;0;;;;;0;1;0;0;50000042;11000005
2024;1000000774;500000502;9;2;0;1;;00002502;00000008;00000025;;1;0;0;;;;;;;;;;;0;1;;0;50000021;11000002
2024;1000000776;500000503;6;2;3;1;;00003873;00000007;00000015;00002259;1;0;0;;;;;;;;;;;0;;1;0;50000029;11000004
2024;1000000777;500000504;7;1;1;1;;00002790;00000007;;00001348;1;0;0;;;;;;;;;;;0;;0;0;50000074;11000010
2024;1000000778;500000505;9;1;1;1;;00004130;00000005;;;1;0;1;;;;;;;0;;;;0;1;0;0;50000205;11000029
2024;1000000779;500000506;29;1;3;1;;00003671;00000007;00000018;00002971;1;0;1;;;;;;;;;;;0;0;0;1;50000133;11000018
2024;1000000780;500000507;11;1;0;1;;00000656;00000001;00000008;;1;0;0;;;1;0;;0;;0;0;;0;1;0;0;50000148;11000021
2024;1000000781;500000508;11;2;0;1;;00002731;00000009;00000014;;2;0;0;;;;0;;0;;0;;;0;0;0;0;50000017;11000002
2024;1000000782;500000509;20;1;3;1;;00001364;00000002;00000001;00005467;1;0;0;;;;;0;;;;;0;0;1;0;0;50000209;11000029
2024;1000000783;500000510;17;1;5;1;;;00000006;;;1;0;0;0;;1;;0;;0;;;;0;1;0;0;50000215;11000030
2024;1000000784;500000511;10;2;1;1;;00000606;00000001;00000026;00004149;1;0;1;;1;;;;;;;;;0;1;0;0;50000124;11000017
2024;1000000785;500000512;17;2;1;1;;00000898;00000006;;;1;0;0;;;;;;;;0;;0;0;1;0;0;50000133;11000018
2024;1000000787;500000513;11;1;2;1;;00001742;00000009;;00001641;1;0;0;0;;;;;;;;;0;0;1;0;0;50000109;11000015
2024;1000000788;500000514;20;1;3;1;;00005452;00000006;;;1;0;1;;;;;;;;;;0;0;1;0;0;50000160;11000022
2024;1000000790;500000515;23;1;1;1;;00000836;00000006;00000009;00001467;1;0;;;;;;;;;;;;0;1;0;0;50000191;11000027
2024;1000000791;500000516;20;2;3;1;;00005357;00000002;00000003;00002941;1;0;0;;;;;;;;;;0;0;1;0;0;50000179;11000025
2024;1000000792;500000517;11;1;1;1;;00003346;00000004;00000026;00005350;1;0;0;;;1;0;;;;;;;0;;0;;50000151;11000021
2024;1000000793;500000518;18;2;3;1;;00002132;00000006;00000023;;1;0;0;;1;;;;;0;0;;;0;1;0;0;50000056;11000007
2024;1000000794;500000519;21;1;1;1;;00004973;00000001;;00001129;1;0;0;;;;;;;;;0;;0;1;0;0;50000031;11000004
2024;1000000795;500000520;16;1;0;1;;00002818;00000001;;;1;0;0;;;;;;;;;;0;0;;0;0;50000058;11000008
2024;1000000798;500000521;8;2;0;1;;00005056;00000003;00000015;00001345;1;0;0;;;;;;0;;;0;0;0;0;0;0;50000118;11000016
2024;1000000799;500000522;19;1;1;1;;00003513;00000009;00000016;;1;0;0;;;1;;;;0;;;0;0;1;0;;50000197;11000028
2024;1000000800;500000523;24;2;0;1;;00000284;00000006;00000024;00005470;1;0;0;;;1;;;;;;;;0;1;0;0;50000019;11000002
2024;1000000801;500000524;7;1;3;1;;00000772;00000006;00000005;00000264;1;0;0;0;;;0;;;;;;;1;;0;0;50000201;11000028
2024;1000000804;500000525;12;2;1;1;;00000945;00000003;00000023;00003196;1;0;0;0;;;;;;;;;;0;0;0;0;50000045;11000006
2024;1000000808;500000526;16;1;1;1;;00004401;00000008;00000020;00001855;1;1;0;0;;;;0;;0;;;;0;0;0;0;50000018;11000002
2024;1000000809;500000527;12;1;1;1;;00004759;00000001;00000011;;1;0;0;;;1;;;;;;;;;1;0;0;50000103;11000014
2024;1000000810;500000528;19;2;1;1;;00003733;00000003;00000016;00001523;1;0;0;0;;;;0;0;;;;;;;0;0;50000140;11000019
2024;1000000811;500000529;6;1;0;1;;00004864;00000004;;;1;0;0;;;;;;;;;;;0;0;0;0;50000056;11000007
2024;1000000812;500000530;13;1;1;1;;00000278;00000009;00000027;00004597;1;0;0;;;1;;;;;;;;0;1;0;0;50000018;11000002
2024;1000000813;500000531;11;1;3;1;;00002049;00000008;;;1;0;0;;;1;;;0;;;;;0;1;0;;50000144;11000020
2024;1000000816;500000532;25;1;3;1;;00005329;00000002;00000001;00000628;1;0;0;;;;;0;;;;0;0;0;1;;1;50000133;11000018
2024;1000000817;500000533;17;2;0;1;;00001627;00000006;00000016;00001009;2;0;0;;;;;;0;;;;;0;1;0;0;50000096;11000013
2024;1000000819;500000534;12;1;0;1;;00003943;00000006;00000010;;1;0;0;;0;;;;0;;;;;0;1;0;0;50000071;11000010
2024;1000000820;500000535;15;2;1;1;;00001429;00000003;00000013;00001219;2;0;0;;;;;0;;;;;;0;1;0;0;50000083;11000011
2024;1000000822;500000536;14;1;3;1;;00001901;00000009;00000019;00000964;1;0;0;;;;;0;;;;;;0;1;0;0;50000187;11000026
2024;1000000824;500000537;18;2;1;1;;00004120;00000004;00000002;00002284;1;0;0;;;1;0;;;;0;0;0;0;1;0;0;50000029;11000004
2024;1000000826;500000538;15;2;1;1;;00003914;00000008;;;1;0;0;;;;;;;;;;;0;1;0;0;50000137;11000019
2024;1000000828;500000539;15;1;1;1;;00004839;00000004;00000025;00002493;1;0;1;;;;0;;;;;;;0;1;0;0;50000033;11000004
2024;1000000831;500000540;20;2;0;1;;00001489;00000008;00000012;;1;0;0;0;;;;;;0;;;;0;1;0;0;50000072;11000010
2024;1000000832;500000541;18;1;1;1;;00002434;00000003;;00004644;2;0;0;;;1;;;;;;0;;0;1;0;0;50000071;11000010
2024;1000000836;500000542;16;2;1;1;;00004001;00000003;00000022;00000513;1;0;0;0;;;;;0;;0;;;0;1;1;0;50000052;11000007
2024;1000000837;500000543;10;1;3;1;;00005443;00000001;;00001335;1;0;0;;;;;;;;;;;0;;0;0;50000129;11000018
2024;1000000838;500000544;26;2;0;1;;00005030;00000002;;;1;0;1;;;;;;;0;;;;0;0;0;0;50000035;11000004
2024;1000000839;500000545;18;2;3;1;;00005165;00000008;00000005;00001092;1;0;0;0;;;;;;0;;;;0;1;0;0;50000114;11000016
2024;1000000840;500000546;22;2;0;1;;00002616;00000009;00000012;00005324;1;1;0;0;;;;;;;;0;0;0;1;0;0;50000012;11000001
2024;1000000842;500000547;17;2;1;1;;00005561;00000001;00000017;00000891;1;0;1;0;;;0;;;;0;;;0;;0;0;50000108;11000015
2024;1000000849;500000548;19;2;1;1;;00004560;00000005;;00003866;1;0;0;;;1;;;;0;;0;;0;;0;0;50000080;11000011
2024;1000000850;500000549;12;2;3;1;;00001237;00000006;;00002204;1;0;0;;1;0;;;;0;;0;;0;1;0;0;50000112;11000015
2024;1000000851;500000550;9;2;1;1;;00004249;00000007;00000011;;1;0;0;0;;0;0;;;;0;;0;0;1;0;0;50000136;11000019
2024;1000000853;500000551;20;1;1;1;;00004946;00000003;00000017;00000395;1;0;0;0;;;;;0;0;;;;0;1;0;;50000135;11000019
2024;1000000854;500000552;11;2;1;1;;00001895;00000004;;;1;0;0;;;;;;;0;;0;;0;1;0;0;50000022;11000003
2024;1000000856;500000553;21;1;0;1;;00002764;00000009;00000024;;1;0;0;;1;;;0;;;;;;0;1;0;0;50000043;11000006
2024;1000000857;500000554;25;1;0;1;;00003171;00000009;00000018;00001604;1;0;0;;;;;0;;;;;;0;1;0;0;50000003;11000000
2024;1000000859;500000555;26;2;0;1;;00003058;00000007;00000019;;2;0;0;;;;;0;;;;;0;0;;0;0;50000053;11000007
2024;1000000862;500000556;16;1;1;1;;00000329;00000003;00000001;;1;0;0;;;1;0;0;;;0;;;;1;0;0;50000206;11000029
2024;1000000864;500000557;14;1;1;1;;00005122;00000008;00000004;00003586;1;0;0;;0;0;;;;;;;;0;1;0;0;50000016;11000002
2024;1000000865;500000558;8;1;0;1;;00004550;00000009;00000020;00003521;1;0;0;;0;;;;;;;;;0;1;0;0;50000053;11000007
2024;1000000866;500000559;18;1;3;1;;00002218;00000002;;00003831;1;1;0;;;;;;;;;;;0;1;0;0;50000010;11000001
2024;1000000868;500000560;13;1;3;1;;00001996;00000009;00000003;00000369;1;0;0;;;;;;;;0;0;;0;1;0;0;50000090;11000012
2024;1000000871;500000561;23;1;1;1;;00002967;00000006;;00003902;2;0;0;;;;;;;;;;;0;1;0;0;50000199;11000028
2024;1000000872;500000562;18;1;1;1;;00002214;00000005;00000002;;1;0;0;;;;;;;;;;;0;;0;0;50000097;11000013
2024;1000000873;500000563;8;2;1;1;;00000977;00000006;00000005;00005143;1;0;0;;;;;;;;;;;0;1;0;0;50000014;11000001
2024;1000000875;500000564;10;2;3;1;;00001217;00000003;00000016;00005147;1;0;0;;;;;0;;;;0;;0;1;0;;50000055;11000007
2024;1000000876;500000565;17;2;0;1;;00000203;00000003;;00004319;1;0;1;;;;;;;;0;;;0;1;0;0;50000142;11000020
2024;1000000877;500000566;13;2;1;1;;00004072;00000009;00000005;00001842;1;0;1;0;;0;;0;;;;;;0;1;0;0;50000106;11000015
2024;1000000878;500000567;6;1;0;1;;00005350;00000009;00000026;;1;0;0;;;;;;;;;0;;0;1;0;0;50000151;11000021
2024;1000000881;500000568;9;2;0;1;;00005328;00000003;00000005;00002568;1;0;0;;;;;;;;;;;0;0;1;0;50000048;11000006
2024;1000000882;500000569;11;1;1;1;;00004084;00000002;00000013;00002284;1;0;0;;;;;;;;;;;0;1;0;0;50000185;11000026
2024;1000000884;500000570;6;1;0;1;;00001013;00000001;00000013;00003664;1;0;1;;0;;;;;;;0;;0;1;;0;50000051;11000007
2024;1000000886;500000571;15;1;1;1;;00002267;00000008;00000023;;1;1;0;;;;;0;;;0;;;0;1;0;0;50000008;11000001
2024;1000000888;500000572;8;1;3;1;;00002408;00000003;;;1;0;1;;;;;;;0;;;;0;1;0;0;50000167;11000023
2024;1000000889;500000573;22;2;3;1;;00005541;00000008;00000023;00001431;1;0;0;;;;;0;;;;;0;0;1;0;0;50000068;11000009
2024;1000000890;500000574;16;1;0;1;;00001894;00000001;00000001;;1;1;1;0;0;1;;;;;;;0;0;1;0;0;50000123;11000017
2024;1000000891;500000575;13;2;3;1;;00000076;00000001;00000012;00004257;1;0;0;;;1;;;;;;;;0;1;0;0;50000170;11000024
2024;1000000892;500000576;11;1;1;1;;00000333;00000005;00000023;;1;0;0;;;;;;;;;;;0;0;0;0;50000073;11000010
2024;1000000896;500000577;20;2;3;1;;00005184;00000004;;00000873;1;0;0;;0;0;;;;;0;0;;0;1;0;0;50000085;11000012
2024;1000000898;500000578;10;1;0;1;;00001828;00000004;00000021;00001311;1;0;0;0;;1;0;0;0;;0;;;0;0;0;0;50000133;11000018
2024;1000000899;500000579;10;2;1;1;;00000210;00000001;;;1;0;0;0;;;;1;;;;;;0;1;0;0;50000050;11000007
2024;1000000900;500000580;17;2;3;1;;00003223;00000005;;00005128;1;0;1;;;;;;1;;;0;;0;1;0;0;50000101;11000014
2024;1000000901;500000581;18;1;2;1;;00002913;00000003;00000002;00000272;1;0;0;;;;0;;;0;0;;0;0;1;0;0;50000082;11000011
2024;1000000902;500000582;20;1;1;1;;00001792;00000007;00000012;00004320;1;0;1;0;;;;;;0;0;;;0;;0;0;50000161;11000022
2024;1000000903;500000583;18;2;1;1;;00003769;00000006;00000018;00002070;1;0;0;;;;;;;;;;;0;1;0;0;50000151;11000021
2024;1000000904;500000584;21;2;1;1;;00002991;00000003;00000023;00003356;1;0;0;;0;;;;;;0;;;0;1;;0;50000114;11000016
2024;1000000905;500000585;27;2;0;1;;00003362;00000005;00000010;;1;0;0;;;0;;;;;;;;0;1;0;0;50000098;11000013
2024;1000000906;500000586;14;1;1;1;;00000223;00000007;00000026;00001280;1;0;0;;0;;;;;;;;;0;1;0;0;50000118;11000016
2024;1000000907;500000587;15;2;0;1;;00004042;00000008;;;1;0;0;;;;;;;;;;;0;0;0;0;50000022;11000003
2024;1000000908;500000588;12;2;0;1;;00002426;00000005;;00003604;1;0;0;;;0;;0;;;;;;0;1;0;0;50000039;11000005
2024;1000000911;500000589;14;2;1;1;;00004269;00000005;00000019;;1;0;1;0;;;;;0;;;;0;0;1;0;0;50000169;11000024
2024;1000000914;500000590;9;2;3;1;;00004897;00000004;;00001743;1;0;0;;;;0;;;;;;;0;1;0;0;50000061;11000008
2024;1000000918;500000591;15;1;3;1;;00003702;00000005;00000027;00001071;1;0;0;;0;;;;;;;;0;0;1;0;0;50000094;11000013
2024;1000000920;500000592;22;2;1;1;;00003373;00000005;;00001376;1;0;0;0;;;;;;;0;;0;0;1;0;0;50000086;11000012
2024;1000000923;500000593;17;2;0;1;;00001238;00000007;00000010;00003961;2;0;0;;;;;0;;;;;;0;1;0;0;50000081;11000011
2024;1000000924;500000594;11;1;3;1;;00001101;00000001;;00001702;1;0;0;;0;1;;0;;;;;;0;1;0;0;50000093;11000013
2024;1000000925;500000595;23;1;3;1;;00001923;00000001;;00002370;1;0;0;;;;;;0;;;;;0;0;0;0;50000082;11000011
2024;1000000926;500000596;19;1;3;1;;00001898;00000003;;00003292;1;0;0;;;;0;;;;;;;0;;1;0;50000080;11000011
2024;1000000927;500000597;14;1;1;1;;00003493;00000001;;00002764;1;0;0;;0;;;;;;;;;0;;0;0;50000172;11000024
2024;1000000929;500000598;13;2;3;1;;00001454;00000004;00000022;00002272;1;0;0;;;1;;;;;;;;0;1;0;0;50000107;11000015
2024;1000000930;500000599;13;2;5;1;;00004218;00000004;;00004370;1;0;0;;;1;;0;;;;;;0;1;0;0;50000188;11000026
2024;1000000931;500000600;29;2;0;1;;00003439;00000005;00000011;00004772;1;0;0;;0;;;0;;;;;;0;0;0;0;50000142;11000020
2024;1000000933;500000601;26;1;0;1;;00000467;00000005;00000024;00002611;1;0;0;;;;;0;;;0;;;0;0;0;0;50000086;11000012
2024;1000000934;500000602;9;2;1;1;;00001057;00000006;;00000443;1;0;0;;0;;;;0;0;;;;0;1;0;0;50000046;11000006
2024;1000000936;500000603;18;2;3;1;;00001274;00000007;00000020;;1;0;0;;;;;;;;;;;0;1;0;0;50000121;11000017
2024;1000000937;500000604;14;2;3;1;;00003691;00000004;00000003;00002544;1;0;0;;;1;;0;;;;0;;0;1;0;0;50000168;11000023
2024;1000000940;500000605;13;2;0;1;;00004863;00000008;;00004045;1;0;0;;;;;;;;;;;0;1;0;0;50000009;11000001
2024;1000000941;500000606;12;2;1;1;;00002746;00000006;00000024;;1;0;0;;;;;;;;0;;;0;1;0;0;50000025;11000003
2024;1000000942;500000607;17;2;0;1;;00001634;00000005;00000018;00003857;1;0;0;0;;;;;;;;0;0;0;1;0;0;50000024;11000003
2024;1000000943;500000608;14;1;0;1;;00001661;00000001;00000013;00003575;1;0;0;;;1;;0;;;;;;0;1;0;0;50000008;11000001
2024;1000000944;500000609;9;2;1;1;;00005180;00000008;00000011;00000103;1;0;0;;;;;;;;0;;;0;1;0;0;50000085;11000012
2024;1000000945;500000610;20;1;1;1;;00004045;00000006;00000002;;1;0;0;;;1;;;;;;;;0;1;1;0;50000169;11000024
2024;1000000947;500000611;10;1;0;1;;00003214;00000001;00000015;00002298;1;0;1;;;;;;;;;;;0;1;1;0;50000051;11000007
2024;1000000948;500000612;12;2;3;1;;00003089;00000004;00000023;;1;0;0;;;;;;;;;;;;1;0;0;50000125;11000017
2024;1000000950;500000613;14;1;3;1;;00000902;00000006;;00000540;1;0;0;;;;;;;;;0;;0;1;0;0;50000169;11000024
2024;1000000951;500000614;20;2;3;1;;00001360;00000005;00000004;00002817;1;0;0;;;;;0;;;0;0;;0;1;0;0;50000175;11000024
2024;1000000953;500000615;9;1;0;1;;00001258;00000004;00000002;;1;0;0;0;;;;0;1;;;;;0;1;0;0;50000205;11000029
2024;1000000954;500000616;20;2;1;1;;00001928;00000001;;;1;0;0;;;1;;;;;;0;;0;;0;0;50000041;11000005
2024;1000000955;500000617;11;2;0;1;;00003769;00000009;;;1;1;1;;;;;;;;;;;0;1;0;0;50000064;11000009
2024;1000000956;500000618;11;1;3;1;;00005076;00000004;;00004966;1;0;0;0;;;;;;;;0;;0;1;;1;50000094;11000013
2024;1000000957;500000619;22;1;3;1;;00004624;00000003;00000004;00002468;1;0;0;;;;0;;0;;;;;0;;0;0;50000108;11000015
2024;1000000961;500000620;11;1;3;1;;00004090;00000006;00000019;00001085;1;0;0;;;;;;;;;;;0;1;0;0;50000209;11000029
2024;1000000962;500000621;18;2;3;1;;00001856;00000007;00000014;00005226;2;0;0;;;;;;;;;;;0;;0;0;50000186;11000026
2024;1000000965;500000622;7;1;1;1;;00000274;00000003;;00003814;1;0;0;0;;;0;0;;;;0;;0;1;;0;50000158;11000022
2024;1000000971;500000623;13;2;5;1;;00002814;00000006;00000008;;1;0;0;;;;;;;;;;;0;0;0;0;50000044;11000006
2024;1000000973;500000624;21;2;1;1;;00004200;00000004;;00003618;1;0;0;;;;;;;;;;0;0;1;0;0;50000009;11000001
2024;1000000974;500000625;18;1;3;1;;00000301;00000009;00000019;00000336;1;0;0;;;0;;0;;;;;;0;1;0;0;50000209;11000029
2024;1000000976;500000626;16;1;1;1;;00005311;00000002;00000024;00005214;1;0;0;;;;;0;;0;;;0;0;1;0;1;50000039;11000005
2024;1000000977;500000627;14;2;2;1;;00004412;00000003;;;1;0;0;;;;0;;;0;;;;0;1;0;0;50000108;11000015
2024;1000000978;500000628;10;2;0;1;;00001079;00000001;;;1;0;0;;;;;0;0;;;;0;0;1;0;0;50000212;11000030
2024;1000000979;500000629;17;2;0;1;;00000820;00000004;00000004;00001016;1;0;0;;;;0;;;;;;;0;;0;0;50000152;11000021
2024;1000000980;500000630;20;1;3;1;;00000547;00000005;00000006;00002209;1;0;1;;;;;;;;0;;0;0;1;0;0;50000118;11000016
2024;1000000982;500000631;13;1;0;1;;00000032;00000008;00000024;00005072;1;0;1;;0;1;;1;;;0;;;0;1;0;0;50000106;11000015
2024;1000000984;500000632;13;2;3;1;;00004578;00000004;;;1;0;0;;;;;;0;;0;0;;0;0;;0;50000030;11000004
2024;1000000985;500000633;15;1;1;1;;00001521;00000007;;;1;0;0;;1;1;0;0;;;;;0;0;1;0;0;50000124;11000017
2024;1000000987;500000634;17;1;3;1;;00004223;00000009;00000017;00000560;1;0;0;;;;0;;;;;;0;0;1;0;0;50000106;11000015
2024;1000000991;500000635;17;2;1;1;;00003199;00000009;00000006;;1;0;0;;0;;0;;;;;0;;0;1;0;0;50000113;11000016
2024;1000000993;500000636;23;1;3;1;;00003060;00000004;00000021;;1;0;0;0;;;;;;;0;;0;0;1;;;50000161;11000022
2024;1000000994;500000637;17;1;0;1;;00004517;00000002;00000003;00002290;1;0;0;0;;;;;;;;;;0;1;0;0;50000060;11000008
2024;1000000998;500000638;13;2;0;1;;00004047;00000004;00000027;00003606;1;0;0;;0;;;;0;;;;;0;1;0;0;50000165;11000023
2024;1000001000;500000639;18;1;1;1;;00001354;00000001;00000008;00000003;2;0;1;;;;;;0;;;;;0;1;0;0;50000038;11000005
2024;1000001001;500000640;19;1;1;1;;00002037;00000004;00000026;00004960;1;0;0;0;;;;;;;;0;;0;1;0;0;50000160;11000022
2024;1000001005;500000641;15;1;1;1;;00003382;00000001;;;1;0;0;;;;;;0;;0;;0;0;1;0;0;50000143;11000020
2024;1000001007;500000642;20;2;3;1;;00005499;00000001;00000020;00002492;1;1;0;;;;0;;;0;;;;0;;0;0;50000196;11000027
2024;1000001008;500000643;20;1;1;1;;00005552;00000008;00000011;00003624;1;0;0;;;;;;;0;0;;0;0;1;0;0;50000058;11000008
2024;1000001009;500000644;10;2;1;1;;00001660;00000005;00000004;00003606;1;0;0;;;;0;;;0;;0;;0;;0;0;50000009;11000001
2024;1000001010;500000645;19;1;0;1;;00005153;00000008;00000017;;1;0;0;;;;;;;;;;;0;;0;0;50000072;11000010
2024;1000001012;500000646;18;1;1;1;;00002179;00000009;;00000461;1;0;0;;;1;;0;;;;0;;0;1;0;0;50000026;11000003
2024;1000001013;500000647;10;2;1;1;;00001355;00000007;;00000272;1;0;0;0;0;;;0;;;;;0;0;1;0;0;50000083;11000011
2024;1000001015;500000648;18;1;3;1;;00001052;00000006;;;1;0;0;;;;0;;0;0;;0;;0;1;1;0;50000056;11000007
2024;1000001016;500000649;15;1;3;1;;00002113;00000005;00000014;00002538;1;0;0;0;;;;;;;;;;0;0;0;0;50000112;11000015
2024;1000001017;500000650;10;2;0;1;;00004370;00000009;00000005;00000669;1;0;0;;;;0;;0;0;;;;0;1;1;0;50000129;11000018
2024;1000001020;500000651;10;2;0;1;;00000184;00000001;00000025;00003038;1;0;0;;0;;;;;;;;0;0;1;0;0;50000086;11000012
2024;1000001022;500000652;14;2;3;1;;00003033;00000003;00000008;00002589;2;1;0;;;;;;;;;;0;0;1;0;0;50000143;11000020
2024;1000001024;500000653;9;1;3;1;;00001172;00000001;;;2;0;0;;;;;;;;;;;0;1;0;0;50000212;11000030
2024;1000001026;500000654;16;2;0;1;;00001590;00000005;00000021;;1;0;0;;;;0;;;0;;;0;0;1;0;0;50000146;11000020
2024;1000001027;500000655;11;2;0;1;;00003966;00000008;00000006;00001351;1;0;0;;;;;;;0;;;;0;0;0;0;50000134;11000019
2024;1000001031;500000656;20;2;3;1;;00004948;00000008;00000018;;1;0;0;;;;;;;;;;0;0;1;0;;50000129;11000018
2024;1000001032;500000657;24;2;1;1;;00000587;00000006;00000005;;1;0;0;0;;;;;;0;;;0;0;1;0;0;50000127;11000018
2024;1000001033;500000658;14;1;1;1;;00002738;00000001;00000015;00005029;1;0;0;;;1;;;;;;;;0;1;0;0;50000056;11000007
2024;1000001034;500000659;12;1;0;1;;00000016;00000009;00000015;00004456;1;1;0;0;;;;;;0;;;0;0;1;0;0;50000070;11000009
2024;1000001035;500000660;20;2;0;1;;00000248;00000006;00000026;;2;0;0;;1;;;;;;;0;;0;0;1;0;50000145;11000020
2024;1000001036;500000661;8;2;1;1;;00001613;00000002;00000002;;1;0;0;;;;;0;;0;;;;0;1;0;0;50000176;11000025
2024;1000001037;500000662;14;1;3;1;;00004759;00000004;00000018;;1;0;1;;;0;;;;;;;;0;1;0;0;50000106;11000015
2024;1000001038;500000663;17;2;0;1;;00003280;00000009;;;1;0;0;;0;1;;;;0;0;;;0;1;0;;50000027;11000003
2024;1000001039;500000664;17;2;1;1;;00001707;00000002;;00003782;1;0;0;;;;;;;;;;;0;0;0;0;50000023;11000003
2024;1000001041;500000665;20;1;1;1;;00002322;00000002;00000021;;1;0;0;0;;;;;;0;;;0;0;1;0;0;50000042;11000005
2024;1000001042;500000666;14;1;0;1;;00000590;00000006;;00000484;1;0;0;;;;;0;;;;;;0;1;0;0;50000124;11000017
2024;1000001043;500000667;20;1;3;1;;00004674;00000004;00000026;00002378;1;0;0;;0;1;;;0;;;;;;;0;;50000183;11000026
2024;1000001044;500000668;29;1;1;1;;00004144;00000002;00000018;;1;0;0;0;0;;0;;;0;0;;0;0;1;0;0;50000092;11000013
2024;1000001050;500000669;12;1;3;1;;00005322;00000005;00000026;;1;0;0;;;;;;1;;;;;0;1;0;0;50000188;11000026
2024;1000001051;500000670;15;1;1;1;;00001497;00000009;;00002278;1;0;0;0;;;;;0;0;;;;0;0;0;;50000196;11000027
2024;1000001052;500000671;14;2;1;1;;00002264;00000007;00000007;00004501;1;0;0;;;;;;;0;;;0;0;;0;0;50000009;11000001
2024;1000001053;500000672;17;1;3;1;;00004215;00000002;00000007;00002058;1;0;1;;;;;;;;;;;0;0;0;0;50000178;11000025
2024;1000001054;500000673;11;1;3;1;;00000639;00000003;00000024;;1;0;0;;;;;;;;;;;0;1;0;0;50000139;11000019
2024;1000001055;500000674;19;1;1;1;;00004328;00000004;00000021;;1;0;0;0;0;;;;;;;;;0;1;0;0;50000157;11000022
2024;1000001056;500000675;12;1;1;1;;00001919;00000004;00000012;00005246;1;0;1;;;;;;;;;;;0;1;0;0;50000114;11000016
2024;1000001058;500000676;5;2;0;1;;00003238;00000001;00000020;;1;0;1;;;;;;;;;;;0;1;0;0;50000206;11000029
2024;1000001059;500000677;21;2;0;1;;00000810;00000007;;00002504;1;0;0;0;;;;;;;;;;0;0;0;0;50000176;11000025
2024;1000001061;500000678;11;1;1;1;;00003716;00000009;00000005;00002460;1;0;0;;;1;;;0;;;;;0;1;0;0;50000136;11000019
2024;1000001062;500000679;20;2;5;1;;00005150;00000002;;;2;0;0;;;;;;;;;;;0;1;0;0;50000004;11000000
2024;1000001064;500000680;12;2;3;1;;00003899;00000009;;00002979;1;0;1;;;;;;;0;;0;;0;0;0;0;50000111;11000015
2024;1000001065;500000681;14;2;3;1;;00001153;00000001;00000019;00001914;1;0;0;0;;1;;0;;;;;;0;1;0;0;50000148;11000021
2024;1000001066;500000682;12;2;3;1;;00005280;00000007;00000016;;2;0;1;;;;;;;;;;;;1;0;0;50000011;11000001
2024;1000001067;500000683;19;2;1;1;;00001138;00000005;00000024;00005037;1;0;0;0;;;;;;0;;;;0;;1;0;50000207;11000029
2024;1000001068;500000684;19;2;1;1;;00002189;00000007;00000025;;1;0;1;;;;;0;0;;;;0;;1;0;0;50000208;11000029
2024;1000001069;500000685;21;2;0;1;;00005554;00000008;00000024;;1;0;0;;;;;0;;;;;;;;0;0;50000118;11000016
2024;1000001070;500000686;8;1;1;1;;00002682;00000003;00000001;00003642;1;0;0;;;;;;;;;;;0;1;0;0;50000180;11000025
2024;1000001071;500000687;12;1;1;1;;00004338;00000001;00000021;00001374;1;0;0;0;;;;;;0;;;;0;0;0;0;50000205;11000029
2024;1000001072;500000688;17;1;3;1;;00001228;00000002;;00003981;1;0;1;;;1;;;;0;;0;;0;0;0;0;50000157;11000022
2024;1000001073;500000689;7;1;3;1;;00000236;00000006;;;1;0;0;;;;;;;;;0;0;0;1;0;0;50000140;11000019
2024;1000001075;500000690;8;1;1;1;;00001247;00000002;;00004758;1;0;0;;;;;0;;;;;;0;0;0;0;50000033;11000004
2024;1000001076;500000691;18;1;3;1;;00002600;00000004;;;1;0;0;;;;;;;0;0;;0;0;1;;0;50000002;11000000
2024;1000001078;500000692;25;1;0;1;;00000582;00000001;00000008;00001252;1;0;0;;;1;;;1;;0;;;0;1;0;0;50000117;11000016
2024;1000001079;500000693;5;2;3;1;;00002105;00000005;00000008;00004049;1;0;0;;;;;;;;;;;0;1;0;0;50000118;11000016
2024;1000001082;500000694;20;1;2;1;;00003438;00000005;00000025;00004583;1;0;0;;;;;;;;;;;0;1;0;0;50000043;11000006
2024;1000001083;500000695;6;1;2;1;;00001819;00000005;;;1;0;0;;;;;;;;;0;;0;0;1;0;50000131;11000018
2024;1000001084;500000696;18;1;1;1;;00003418;00000005;00000025;00005353;1;0;1;;0;;0;;0;0;0;;;0;0;0;0;50000119;11000016
2024;1000001085;500000697;9;1;0;1;;00001901;00000005;00000005;00004356;2;0;0;;;;;;;;;;;;0;0;0;50000159;11000022
2024;1000001087;500000698;8;2;1;1;;00000552;00000008;;00001634;2;0;0;;1;;;;;;;0;;0;1;0;0;50000037;11000005
2024;1000001089;500000699;10;1;3;1;;00002587;00000004;00000019;00004152;1;0;;;;;;;;0;;;;0;1;0;0;50000154;11000021
2024;1000001091;500000700;17;1;3;1;;00001957;00000006;00000015;;2;0;0;0;0;;;;;;;;;0;1;0;0;50000153;11000021
2024;1000001092;500000701;18;1;3;1;;00004428;00000006;00000009;00003518;1;0;0;;;;;;;;;;;0;1;0;0;50000095;11000013
2024;1000001095;500000702;21;1;3;1;;00000189;00000003;00000002;00002518;1;0;1;;;;;;;;;;0;0;1;0;;50000071;11000010
2024;1000001097;500000703;15;2;1;1;;00001142;00000006;00000007;00005009;1;1;0;;;;;;;;;;;0;1;;0;50000122;11000017
2024;1000001099;500000704;17;2;3;1;;00001657;00000002;00000026;00002164;1;0;0;0;;1;0;;;;;;;0;1;0;0;50000086;11000012
2024;1000001102;500000705;8;2;3;1;;00004697;00000009;00000007;;1;0;1;;;;;;0;;;;0;0;1;1;1;50000157;11000022
2024;1000001103;500000706;6;2;1;1;;00005423;00000001;00000011;00001322;1;0;0;;;;;;;;;0;0;0;1;0;0;50000155;11000022
2024;1000001104;500000707;10;2;1;1;;00002772;00000006;00000011;00004876;1;0;0;;;;;;;;;;;0;1;0;0;50000120;11000017
2024;1000001105;500000708;7;2;3;1;;00005329;00000005;00000014;00001403;1;1;0;;0;;;;;;;;;0;1;;0;50000019;11000002
2024;1000001106;500000709;43;2;3;1;;00001565;00000001;00000025;00004153;1;0;1;;;1;;;;;;;;0;1;0;0;50000181;11000025
2024;1000001107;500000710;13;2;3;1;;00004976;00000003;;00001883;1;0;0;;;1;;;;;;;;0;1;;0;50000143;11000020
2024;1000001108;500000711;19;2;0;1;;00002556;00000008;00000004;00004530;2;0;1;;;1;;;;;;0;;0;1;0;0;50000204;11000029
2024;1000001109;500000712;6;2;1;1;;00000922;00000008;;00000544;1;0;0;;1;;;;;;;;;0;1;0;0;50000131;11000018
2024;1000001111;500000713;12;1;1;1;;00004760;00000006;00000023;;1;0;0;0;;0;;;;;0;0;;0;1;0;0;50000146;11000020
2024;1000001113;500000714;10;2;0;1;;00002918;00000003;;00002694;1;0;0;;0;;;0;;0;0;0;0;0;1;0;0;50000024;11000003
2024;1000001114;500000715;6;2;3;1;;00001364;00000006;00000009;00004415;1;0;0;;;;;0;;;;;;0;1;0;0;50000194;11000027
2024;1000001116;500000716;18;2;0;1;;00004547;00000001;00000006;;1;0;0;;;;;;;0;;;0;0;1;0;0;50000152;11000021
2024;1000001117;500000717;8;1;1;1;;00002721;00000009;;;1;0;0;;;;;;;;0;;;0;1;0;0;50000061;11000008
2024;1000001118;500000718;10;2;0;1;;00004516;00000001;00000001;00001327;1;0;0;0;;;;;;;;0;;0;1;0;0;50000212;11000030
2024;1000001121;500000719;6;2;1;3;;00002787;00000004;;00001265;2;0;0;;;;;;;;0;;;0;0;0;1;50000176;11000025
2024;1000001122;500000720;6;1;3;1;;00003249;00000001;00000010;00002962;1;0;1;;;;;;;;;;;0;1;0;0;50000067;11000009
2024;1000001124;500000721;11;2;3;1;;00004192;00000004;00000017;;1;0;0;;;0;;;;;0;;0;0;1;0;0;50000094;11000013
2024;1000001125;500000722;4;1;3;1;;00001950;00000009;00000026;00002065;1;0;0;;;;;;;;;0;;0;1;0;0;50000063;11000008
2024;1000001126;500000723;15;1;1;1;;00004144;00000004;00000007;;1;0;1;;0;;;;0;;;0;;0;1;0;0;50000122;11000017
2024;1000001127;500000724;17;2;3;1;;00004145;00000009;00000005;00000714;1;0;0;;0;;;;;;;0;;0;0;1;0;50000161;11000022
2024;1000001128;500000725;4;2;3;1;;00002509;00000009;;00000626;2;0;;0;;;;;;;;;;0;1;0;0;50000006;11000000
2024;1000001130;500000726;19;1;2;1;;00002508;00000002;00000018;00003915;2;0;0;;;;;;;;;0;;0;1;;0;50000151;11000021
2024;1000001134;500000727;14;1;1;1;;00004850;00000007;00000015;00002503;1;0;0;;;;;;;;;0;;0;1;1;0;50000082;11000011
2024;1000001135;500000728;11;1;3;1;;00005366;00000006;;00002119;1;0;0;;;;;;0;;;;;0;0;0;0;50000136;11000019
2024;1000001136;500000729;12;1;3;1;;00005444;00000001;00000009;00002244;1;0;0;;;1;;;;;;;;0;1;0;0;50000180;11000025
2024;1000001137;500000730;14;2;1;1;;00004588;00000005;;00004201;1;1;0;;;;;;;;;;;0;0;0;0;50000059;11000008
2024;1000001138;500000731;17;2;1;1;;00004832;00000003;00000019;;1;0;0;;;;;;;0;;;0;0;0;0;0;50000177;11000025
2024;1000001139;500000732;16;1;0;1;;00003702;00000003;00000020;;2;0;1;;;1;;;;;;;;0;1;0;0;50000132;11000018
2024;1000001140;500000733;11;1;1;1;;00004724;00000007;;00004220;1;0;0;;;;;;;;;;;0;1;0;0;50000009;11000001
2024;1000001141;500000734;25;1;0;1;;00000603;00000001;00000013;00001259;1;1;0;0;0;1;;;;;;;;0;1;;0;50000123;11000017
2024;1000001142;500000735;6;2;0;1;;00004348;00000002;00000009;;1;0;1;;;;;;;;;;;0;1;0;0;50000023;11000003
2024;1000001145;500000736;15;2;3;1;;00004363;00000001;00000008;;1;0;0;0;;;;;0;0;;;;0;1;0;0;50000185;11000026
2024;1000001147;500000737;13;2;1;1;;00005189;00000001;00000002;00000544;1;0;0;;;;;;;;;0;0;0;1;1;1;50000005;11000000
2024;1000001149;500000738;18;2;0;1;;00004474;00000003;00000019;00005064;2;0;0;;1;;;0;;;;;;0;0;0;0;50000071;11000010
2024;1000001150;500000739;20;2;2;1;;00002877;00000002;00000008;00000720;1;0;1;;;;;;;;;;;0;0;0;0;50000209;11000029
2024;1000001151;500000740;11;2;0;1;;00001103;00000007;;00000329;1;0;1;;;;;0;;;;;;0;1;0;0;50000109;11000015
2024;1000001152;500000741;11;2;0;1;;00000417;00000007;00000006;00002272;1;0;0;0;;;;;;;;;;0;1;1;0;50000098;11000013
2024;1000001153;500000742;17;1;3;1;;00005264;00000002;00000024;00002952;1;0;0;;;;0;;;;0;0;;0;1;1;0;50000096;11000013
2024;1000001154;500000743;16;1;1;1;;00000033;00000008;00000004;00004500;1;0;0;;;;;0;;0;;0;;0;0;0;;50000154;11000021
2024;1000001155;500000744;14;1;1;1;;00004920;00000003;00000009;00000309;1;0;0;;;;;0;;;;;;;1;0;0;50000198;11000028
2024;1000001156;500000745;12;2;1;1;;00000173;00000004;;00002300;1;0;0;;;;0;;0;;;0;;0;1;;0;50000137;11000019
2024;1000001157;500000746;18;2;3;1;;00003795;00000002;00000005;00003945;1;0;1;;;;0;;;;0;;;0;1;0;0;50000151;11000021
2024;1000001158;500000747;19;2;1;1;;00001284;00000006;00000003;00004275;1;0;0;;;;;0;0;;;;;0;1;0;0;50000177;11000025
2024;1000001162;500000748;16;2;0;1;;00000171;00000006;;00002498;1;0;0;;;;;;;;;1;;0;1;0;0;50000053;11000007
2024;1000001163;500000749;17;2;3;1;;00001546;00000002;00000019;00001264;1;0;0;0;;;;;;;;0;;0;1;0;0;50000166;11000023
2024;1000001164;500000750;19;1;3;1;;00004873;00000003;;;2;0;0;;;;;;;;;;0;0;1;;0;50000214;11000030
2024;1000001165;500000751;14;1;0;1;;00003083;00000005;00000021;00001573;1;0;0;;;;;;;;;;;0;1;1;1;50000159;11000022
2024;1000001166;500000752;8;1;1;1;;00003047;00000009;;00002960;1;1;0;;;;;0;;;;;;0;1;0;0;50000100;11000014
2024;1000001167;500000753;13;1;0;1;;00000350;00000004;00000002;00000798;1;0;0;;0;;;0;0;;;;;0;;0;0;50000049;11000006
2024;1000001168;500000754;13;1;0;1;;00000943;00000007;00000027;;1;0;1;;;;;0;;;0;;;0;1;0;;50000182;11000025
2024;1000001170;500000755;16;1;1;1;;00003637;00000005;;00005140;2;0;0;;;;;0;;;;;;0;1;0;0;50000151;11000021
2024;1000001171;500000756;15;2;3;1;;00004590;00000006;00000001;;1;1;0;;;;;;;0;;0;;0;1;0;0;50000197;11000028
2024;1000001172;500000757;17;1;0;1;;00004748;00000002;;00000269;1;0;0;;;;;;;;;0;0;0;1;0;0;50000075;11000010
2024;1000001173;500000758;17;2;1;1;;00004816;00000005;00000026;00002166;1;0;1;;;;0;;;0;;;;0;1;0;0;50000117;11000016
2024;1000001174;500000759;8;1;3;1;;00001772;00000009;00000018;00001203;1;0;1;;;;;;;0;0;0;;0;1;0;0;50000086;11000012
2024;1000001175;500000760;6;2;3;1;;00002764;00000001;;;1;0;0;;;;;;;;;;0;0;1;0;0;50000023;11000003
2024;1000001176;500000761;20;1;0;1;;00000143;00000003;;00004163;2;0;1;;;;;;;;;0;0;0;1;1;1;50000140;11000019
2024;1000001177;500000762;9;1;0;1;;00005481;00000008;00000015;00001721;1;0;0;0;;;0;;;;;0;;0;1;0;1;50000172;11000024
2024;1000001178;500000763;11;1;0;1;;00004588;00000009;00000020;00001815;1;0;0;0;;;;;;0;;;;0;1;0;0;50000034;11000004
2024;1000001179;500000764;19;1;1;1;;00005290;00000003;00000018;;1;0;0;;;;;;;;;;0;0;1;0;1;50000078;11000011
2024;1000001180;500000765;10;2;0;1;;00004187;00000005;00000008;00002434;1;0;0;;;;0;;;;;;;0;1;0;0;50000063;11000008
2024;1000001181;500000766;10;2;3;1;;00003755;00000001;00000022;00003325;1;0;0;;;;;;;;;;;0;1;0;0;50000129;11000018
2024;1000001183;500000767;8;1;3;1;;00003265;00000001;00000012;;1;0;0;;;;;;;;;;0;;1;;0;50000137;11000019
2024;1000001185;500000768;21;1;1;1;;00001555;00000003;00000025;00001385;1;0;0;;;;;;;;;;;0;1;1;0;50000124;11000017
2024;1000001189;500000769;13;1;1;1;;00003598;00000009;;00001810;1;0;0;;;;;0;;0;;;;0;1;0;;50000203;11000028
2024;1000001190;500000770;4;1;3;1;;00005240;00000002;00000019;;1;0;0;;;1;;;;0;0;;;0;1;0;;50000072;11000010
2024;1000001191;500000771;11;2;3;1;;00001267;00000006;00000027;;1;1;0;;1;1;;;;0;;;0;;0;0;0;50000152;11000021
2024;1000001192;500000772;10;2;3;1;;00003842;00000006;;;1;0;0;0;0;;0;;;;;;;0;1;0;;50000191;11000027
2024;1000001194;500000773;6;1;3;1;;00000732;00000009;;;2;0;0;;0;;0;;0;;;;;0;1;0;0;50000157;11000022
2024;1000001195;500000774;4;1;3;1;;00005295;00000004;00000014;00001363;1;0;1;;;;;;;;1;0;;0;1;;0;50000077;11000010
2024;1000001196;500000775;13;2;1;1;;00000646;00000009;00000027;;1;1;1;;;;;;;;;;;0;1;0;0;50000097;11000013
2024;1000001198;500000776;16;2;0;1;;00001968;00000006;00000024;00004684;2;0;1;0;;;;0;;;;;;0;0;0;0;50000090;11000012
2024;1000001200;500000777;38;1;3;1;;00000319;00000001;;00004467;1;0;1;;;;;;;;;;0;0;1;0;0;50000006;11000000
2024;1000001202;500000778;10;2;0;1;;00003717;00000008;00000006;;1;0;0;;0;;;;0;;;;0;0;1;0;0;50000067;11000009
2024;1000001203;500000779;17;1;0;1;;00001213;00000009;;00000794;2;0;1;;;;;0;;0;;;0;;1;0;0;50000072;11000010
2024;1000001204;500000780;20;1;3;1;;00003923;00000001;00000012;00002560;1;0;0;;;;;;;;;;;0;0;0;0;50000055;11000007
2024;1000001205;500000781;16;2;0;1;;00004675;00000007;00000024;00003081;2;0;1;;;;0;;;;;;;0;1;0;;50000125;11000017
2024;1000001206;500000782;12;1;3;1;;00000846;00000009;;00005104;1;0;0;;;0;;;;;;;;0;1;0;0;50000091;11000012
2024;1000001207;500000783;19;1;3;1;;00002274;00000007;00000009;00004540;1;0;;;0;1;;0;;;;;0;0;1;1;0;50000196;11000027
2024;1000001209;500000784;7;1;3;1;;00000703;00000004;;00001687;2;0;0;;;;0;0;;;0;;;0;0;0;0;50000045;11000006
2024;1000001210;500000785;15;1;1;1;;00003448;00000004;00000022;;1;0;0;;;;;;1;;0;0;;0;0;0;0;50000077;11000010
2024;1000001211;500000786;19;2;1;1;;00000346;00000004;;00000533;1;0;0;;;;0;;;;0;;;0;1;0;0;50000057;11000008
2024;1000001212;500000787;14;1;1;1;;00002958;00000006;;00001738;1;0;0;;;;;;;;0;;0;0;1;0;0;50000068;11000009
2024;1000001213;500000788;11;2;0;1;;00000417;00000008;;00004403;1;0;1;;;1;;;;;;;0;0;1;0;0;50000023;11000003
2024;1000001214;500000789;17;1;3;1;;00000719;00000002;00000007;00003521;1;0;1;;;;;;0;;;;;0;1;0;;50000181;11000025
2024;1000001215;500000790;8;2;1;1;;00004497;00000009;00000027;00005400;1;0;0;;;;0;;;;0;;0;0;1;0;0;50000197;11000028
2024;1000001216;500000791;6;2;3;1;;00004349;00000007;;;1;0;0;0;;;;;;;;0;;0;1;0;0;50000062;11000008
2024;1000001217;500000792;5;2;1;1;;00001353;00000009;00000021;00002564;1;0;0;;;0;;;;;0;;;0;1;0;0;50000110;11000015
2024;1000001218;500000793;11;1;3;1;;00001060;00000002;00000006;00004734;1;0;0;;;;;;;0;;;0;0;1;0;0;50000063;11000008
2024;1000001219;500000794;8;2;1;1;;00001964;00000002;00000024;;1;0;0;;;;;;;;;;;0;1;0;0;50000028;11000003
2024;1000001221;500000795;20;1;3;1;;00003290;00000008;00000020;;1;0;1;;;;;;;;;;;0;1;0;0;50000072;11000010
2024;1000001222;500000796;5;1;1;1;;00001875;00000008;00000025;00004789;1;0;0;0;;;;;0;;;;;0;;0;0;50000171;11000024
2024;1000001224;500000797;12;1;1;1;;00001970;00000009;;;1;0;0;0;;;;;;;;;;0;1;0;0;50000109;11000015
2024;1000001225;500000798;19;2;3;1;;00005072;00000008;00000015;00001777;2;0;0;;;;;;;;;;0;0;1;0;0;50000111;11000015
2024;1000001226;500000799;17;1;1;1;;00000542;00000009;00000009;;1;0;0;;;;;;;;;0;0;0;1;0;0;50000155;11000022
2024;1000001227;500000800;7;1;1;1;;00005111;00000006;;00003424;2;1;0;;;;;;0;;0;;0;0;1;0;0;50000004;11000000
2024;1000001228;500000801;16;1;1;1;;00000164;00000006;00000022;00000622;1;0;0;;;;;0;;;;;;0;0;0;0;50000098;11000013
2024;1000001229;500000802;21;1;0;1;;00004975;00000008;00000017;00002867;1;0;0;;;1;0;;;;;;;0;1;0;1;50000051;11000007
2024;1000001230;500000803;10;1;1;1;;00004015;00000001;00000010;00002690;1;0;1;;;;;;;0;0;;;0;1;0;0;50000159;11000022
2024;1000001231;500000804;8;1;0;1;;00001336;00000009;00000010;;1;0;0;0;0;;0;;;;;;;0;1;0;0;50000149;11000021
2024;1000001234;500000805;10;2;1;1;;00000720;00000003;00000010;00000513;1;0;1;;0;;;;;;0;0;;0;1;1;0;50000141;11000020
2024;1000001235;500000806;5;1;0;1;;00000332;00000005;00000003;00003881;1;0;0;;;;0;0;;;;;0;0;1;0;0;50000195;11000027
2024;1000001236;500000807;12;1;3;1;;00005308;00000009;;;2;0;0;;;;;;;;;;;0;1;0;0;50000043;11000006
2024;1000001237;500000808;8;2;3;1;;00003685;00000008;00000011;;1;0;0;;0;;;;;;0;;;;0;0;0;50000001;11000000
2024;1000001238;500000809;15;1;0;1;;00004000;00000007;;00002938;1;0;1;;;;;;;;;0;;0;0;0;0;50000186;11000026
2024;1000001239;500000810;14;2;1;1;;00003662;00000009;;;1;0;0;;;;;;;0;;0;;0;1;0;0;50000208;11000029
2024;1000001241;500000811;7;2;3;1;;00000773;00000002;;00001419;1;0;1;;0;;0;0;;;;;0;0;1;0;0;50000048;11000006
2024;1000001242;500000812;12;1;0;1;;00001044;00000006;00000014;00004169;1;0;0;;;;;0;;;0;;;0;;0;0;50000081;11000011
2024;1000001243;500000813;13;2;3;1;;00003983;00000008;;00003870;1;0;1;;;0;;;;;;;;0;1;0;0;50000058;11000008
2024;1000001244;500000814;6;2;1;1;;00004987;00000008;00000010;;2;0;0;;;;;;;0;;;0;0;1;0;0;50000200;11000028
2024;1000001245;500000815;16;2;0;1;;00004645;00000008;00000026;;1;0;0;0;0;;;0;;;;;;0;1;0;0;50000012;11000001
2024;1000001246;500000816;10;2;3;1;;00004323;00000005;;00005145;1;0;0;0;;;;0;;;;;;0;1;0;0;50000133;11000018
2024;1000001247;500000817;13;2;1;1;;00000024;00000007;00000012;;1;1;0;;;1;;;;0;;0;;0;1;0;0;50000093;11000013
2024;1000001249;500000818;4;2;0;1;;00001267;00000007;00000025;00002750;2;0;0;;;;;;;;;;;0;1;;0;50000136;11000019
2024;1000001250;500000819;10;2;0;1;;00004993;00000001;00000009;00002960;1;1;0;;;;;;;;;;0;0;1;0;0;50000052;11000007
2024;1000001251;500000820;14;1;0;1;;00001413;00000007;00000009;00004627;2;0;1;;;;0;;;;0;;;0;0;0;0;50000216;11000030
2024;1000001252;500000821;17;2;3;1;;00003646;00000002;00000004;;1;0;0;;;;;;;0;;0;;;;0;0;50000126;11000017
2024;1000001254;500000822;15;2;3;1;;00000520;00000004;00000023;;1;0;0;;;;;;;;;;;0;1;0;0;50000108;11000015
2024;1000001255;500000823;6;2;3;1;;00004252;00000003;;00003735;1;0;0;;;;;;0;;;;;0;1;0;0;50000081;11000011
2024;1000001256;500000824;16;1;3;1;;00001688;00000004;;00002177;1;0;0;;;;;;0;;;;;0;0;0;0;50000105;11000014
2024;1000001257;500000825;5;1;5;1;;00004730;00000009;00000001;00002571;1;0;0;;;;;;;;0;;;0;1;0;0;50000112;11000015
2024;1000001259;500000826;8;1;3;1;;00004677;00000003;;00004893;1;0;0;;;;;;;;;;;0;1;0;0;50000075;11000010
2024;1000001261;500000827;15;1;3;1;;00003941;00000002;00000022;;1;0;;0;;;0;;;;;;;0;1;0;0;50000156;11000022
2024;1000001262;500000828;7;1;3;1;;00000372;00000006;;00000906;1;0;0;;0;;;;;;;;;0;0;1;0;50000107;11000015
2024;1000001263;500000829;7;2;1;1;;00003804;00000004;;;2;0;0;;;0;;;;;;;;0;1;0;0;50000066;11000009
2024;1000001264;500000830;19;1;1;1;;00001589;00000005;00000008;;1;0;0;;;;0;;0;;;;;0;;0;0;50000122;11000017
2024;1000001265;500000831;18;2;3;1;;00005515;00000004;00000006;00003302;1;0;0;;;;;;;;;;;;1;;0;50000031;11000004
2024;1000001266;500000832;17;2;3;1;;00001601;00000008;;00002921;1;1;0;;;;;;;;0;;;0;1;0;0;50000027;11000003
2024;1000001267;500000833;10;2;1;1;;00002248;00000004;;00003438;1;0;0;;;0;0;;;;0;;;0;0;0;0;50000210;11000029
2024;1000001268;500000834;8;1;0;1;;00000626;00000006;00000017;00003237;1;0;;;;0;;;;;;;0;0;1;0;1;50000177;11000025
2024;1000001270;500000835;17;1;3;1;;00002684;00000002;00000017;;1;0;0;;;;;;;;;;;;1;0;0;50000167;11000023
2024;1000001271;500000836;16;2;1;1;;00000192;00000008;;00000040;1;0;0;;;;;;;;;;;0;1;0;0;50000040;11000005
2024;1000001272;500000837;13;2;2;1;;00003376;00000001;00000014;;1;0;0;;;;;;;;;;;0;1;1;0;50000192;11000027
2024;1000001273;500000838;7;1;0;1;;00000958;00000001;;00000334;2;0;0;;;;0;;;;;;;0;0;0;0;50000082;11000011
2024;1000001274;500000839;12;1;0;1;;00000313;00000008;00000019;00004799;1;0;0;;;;;;;;;;;0;0;0;0;50000084;11000011
2024;1000001275;500000840;13;2;0;1;;00002630;00000005;;00000815;2;0;0;;;;0;;;;;;;0;1;0;0;50000005;11000000
2024;1000001276;500000841;11;1;0;1;;00000399;00000009;00000018;00002004;1;0;0;;;1;;;;;;;;0;1;0;0;50000217;11000030
2024;1000001278;500000842;17;1;3;1;;00004295;00000003;00000020;00002025;1;1;1;0;;1;;;0;;;;0;0;1;0;0;50000057;11000008
2024;1000001279;500000843;8;2;5;1;;;00000006;00000024;00004061;1;0;1;;;1;0;0;;0;;;;0;1;0;0;50000087;11000012
2024;1000001280;500000844;14;1;0;1;;00000297;00000005;;00000443;1;0;1;;;;;;;0;;;;0;1;0;0;50000053;11000007
2024;1000001281;500000845;11;1;1;1;;00001316;00000007;00000005;;1;0;0;0;;;;;;;;;;0;1;0;0;50000052;11000007
2024;1000001282;500000846;17;2;3;1;;00001658;00000004;;00001163;2;0;1;;;;;;0;0;;;;0;1;0;0;50000192;11000027
2024;1000001283;500000847;13;1;0;1;;00004800;00000003;00000003;00002527;1;0;0;;;;;;;;0;;;0;1;;0;50000015;11000002
2024;1000001284;500000848;4;1;0;1;;00000592;00000001;00000005;;2;0;0;;0;;;;;;;;0;0;;0;0;50000102;11000014
2024;1000001285;500000849;12;2;0;1;;00000304;00000008;00000001;00002529;2;0;0;;;;;;0;;;;;0;;0;1;50000174;11000024
2024;1000001286;500000850;13;1;0;1;;00002222;00000007;00000017;;1;0;0;;;;;;;;;;;0;1;0;0;50000133;11000018
2024;1000001287;500000851;18;1;3;1;;00000970;00000003;00000011;00000405;1;0;0;;;;;;;;0;;;0;0;0;0;50000042;11000005
2024;1000001288;500000852;8;1;1;1;;00003190;00000001;00000003;00001911;1;0;0;0;;0;;;;;;;;0;;0;0;50000123;11000017
2024;1000001289;500000853;10;1;3;1;;00003045;00000009;00000020;;1;0;1;;1;;;;;;;;;0;1;0;0;50000216;11000030
2024;1000001290;500000854;15;2;0;1;;00000291;00000005;;00001037;1;0;0;;;0;0;0;0;0;;;;0;1;0;0;50000140;11000019
2024;1000001291;500000855;12;2;3;1;;00004466;00000008;00000022;00002406;1;0;0;0;;;;;;0;;;;0;1;0;0;50000212;11000030
2024;1000001292;500000856;17;1;3;1;;00000997;00000001;00000019;00004254;1;0;;0;0;;;;0;;1;;0;0;0;0;0;50000118;11000016
2024;1000001293;500000857;17;2;3;1;;00000530;00000001;00000017;00002378;1;0;0;;;;;;0;;;;;0;1;0;0;50000057;11000008
2024;1000001294;500000858;7;1;1;1;;00002516;00000004;00000015;00002446;1;0;0;;;;;;;;0;;;0;1;;;50000022;11000003
2024;1000001295;500000859;8;1;1;1;;00003684;00000009;;00004300;1;0;0;;0;;;;;0;0;;;0;1;0;0;50000095;11000013
2024;1000001297;500000860;6;2;3;1;;00003153;00000006;00000027;00001997;1;0;1;;;;;0;;;;;;;1;1;1;50000001;11000000
2024;1000001298;500000861;15;1;1;1;;00002340;00000001;;00002755;1;0;1;0;;0;;;;;;;;0;1;0;0;50000118;11000016
2024;1000001299;500000862;18;1;0;1;;00004243;00000008;00000014;;1;1;0;;;;;;0;;;;;0;1;0;0;50000155;11000022
2024;1000001301;500000863;10;1;3;1;;00001616;00000001;;00000936;1;0;;;;;;;;0;;;;0;1;0;0;50000059;11000008
2024;1000001302;500000864;5;1;3;1;;00003697;00000004;00000012;;1;0;1;;;1;0;;1;;;;;0;1;0;0;50000121;11000017
2024;1000001303;500000865;4;1;0;1;;00002499;00000003;00000020;00002549;1;0;0;;1;;;;;0;;;;0;1;0;0;50000011;11000001
2024;1000001304;500000866;7;1;3;1;;00002945;00000008;00000013;00003809;2;0;0;0;;;;0;;;;;;0;1;1;0;50000101;11000014
2024;1000001305;500000867;9;1;3;1;;00000364;00000003;00000013;;1;0;0;;;;0;;;;;;;0;1;0;0;50000095;11000013
2024;1000001306;500000868;6;2;1;1;;00001995;00000006;00000011;00001595;1;0;0;;;;0;;;;;;;0;1;0;0;50000111;11000015
2024;1000001308;500000869;7;2;3;1;;00005460;00000008;;;2;0;0;0;;;;1;;;;;0;;0;0;0;50000147;11000020
2024;1000001309;500000870;10;1;1;1;;00004399;00000004;;00000145;1;0;0;;;;;;;;0;;;0;1;0;0;50000098;11000013
2024;1000001310;500000871;16;2;3;1;;00002042;00000009;00000021;00000453;1;0;1;;;;;;;;;;;0;1;0;1;50000112;11000015
2024;1000001311;500000872;10;1;0;1;;00003582;00000006;00000007;;1;0;0;;;;;;;0;0;0;;0;1;0;0;50000069;11000009
2024;1000001313;500000873;16;1;0;1;;00000721;00000003;00000009;00001717;1;0;0;;;;;;;;0;;;0;1;0;0;50000084;11000011
2024;1000001315;500000874;6;2;3;1;;00000491;00000009;00000003;00003328;1;0;0;;;;;;;;;0;0;0;1;0;0;50000209;11000029
2024;1000001316;500000875;14;2;0;1;;00005388;00000009;00000009;00002665;1;0;0;;;;0;;;;;;;0;;1;0;50000078;11000011
2024;1000001317;500000876;14;2;0;1;;00001835;00000007;00000010;00000997;1;0;0;0;0;;;;;0;;;;0;1;0;0;50000144;11000020
2024;1000001318;500000877;15;2;1;1;;00001571;00000005;00000024;00000089;1;0;0;;;;;0;;;;;;0;1;0;;50000038;11000005
2024;1000001319;500000878;18;2;1;1;;00001493;00000007;00000004;00002854;1;0;0;0;0;;;;;;;0;;0;1;0;0;50000142;11000020
2024;1000001320;500000879;17;1;0;1;;00002366;00000002;00000018;00001277;2;0;0;;;;;;;;;;;0;1;0;0;50000141;11000020
2024;1000001321;500000880;15;2;1;1;;00004623;00000001;;;1;0;0;;0;;;0;;0;;;;0;;0;0;50000023;11000003
2024;1000001322;500000881;12;2;0;1;;00000840;00000001;;00000243;1;0;0;;;1;0;;0;;;;;;1;0;0;50000174;11000024
2024;1000001323;500000882;15;1;1;1;;00002979;00000009;00000022;00000963;1;0;0;;0;;;;;;;;;0;1;0;0;50000123;11000017
2024;1000001324;500000883;15;1;3;1;;00004519;00000004;00000015;00001357;1;0;1;;;;;;;;;;;0;1;0;0;50000142;11000020
2024;1000001325;500000884;19;1;3;1;;00005171;00000006;00000002;00003367;2;0;0;0;;;;;;;;;0;0;1;0;;50000035;11000004
2024;1000001326;500000885;17;1;1;1;;00000385;00000008;;00005023;1;0;0;;;;;;;0;;;;0;1;0;0;50000041;11000005
2024;1000001327;500000886;18;1;1;1;;00002686;00000003;;;2;0;0;;;;;;;;;0;;0;1;0;0;50000152;11000021
2024;1000001328;500000887;5;1;1;1;;00002728;00000001;00000009;00005374;1;0;0;0;0;;;;;;;;;0;1;0;0;50000076;11000010
2024;1000001329;500000888;11;2;0;1;;00002809;00000004;00000008;00000003;1;0;0;;;;;;;;;0;;0;;0;0;50000074;11000010
2024;1000001330;500000889;10;1;0;1;;00002334;00000003;;00004952;1;0;0;;;0;;;0;;;;0;0;0;0;0;50000196;11000027
2024;1000001331;500000890;9;1;0;1;;00004118;00000004;00000003;00001269;1;0;0;;0;;;0;;0;;0;;;1;0;0;50000051;11000007
2024;1000001332;500000891;4;1;1;1;;00001235;00000008;;;1;0;0;;;;0;;;;;;;0;1;0;0;50000143;11000020
2024;1000001333;500000892;4;1;0;1;;00001510;00000002;00000008;00002414;1;0;0;;0;;;;;0;;;;0;1;0;0;50000105;11000014
2024;1000001334;500000893;10;2;1;1;;00001691;00000002;00000015;00003283;1;0;0;;;0;;;;;;0;;0;1;0;0;50000072;11000010
2024;1000001335;500000894;49;1;3;1;;00000940;00000009;;00000514;1;0;1;;;;;;;;0;;0;0;1;0;0;50000211;11000030
2024;1000001336;500000895;21;2;1;1;;00001969;00000007;00000019;00001275;1;0;1;;1;;;;;;;0;;0;0;0;0;50000207;11000029
2024;1000001337;500000896;13;2;3;1;;00005210;00000009;;;2;0;0;;;;;;;0;;0;;0;1;0;0;50000004;11000000
2024;1000001338;500000897;18;1;3;1;;00004906;00000002;;00005157;1;0;0;;;;;;;;;;;0;;0;0;50000189;11000026
2024;1000001339;500000898;13;2;2;1;;00004963;00000001;;00003541;1;0;0;0;;;0;;;;;0;;0;1;0;0;50000016;11000002
2024;1000001340;500000899;9;2;3;1;;00003818;00000008;;00001017;1;0;1;;;;;;;;;;;0;1;;0;50000208;11000029
2024;1000001341;500000900;18;2;3;1;;00005026;00000001;;00003514;2;0;0;;;0;;;0;;;;;;1;0;0;50000193;11000027
2024;1000001342;500000901;15;2;0;1;;00002536;00000004;00000021;00002657;1;0;0;;;;;0;;;0;;;0;0;0;0;50000095;11000013
2024;1000001343;500000902;18;1;0;1;;00004174;00000004;00000008;;1;0;1;0;;;;;;;0;;;0;1;0;;50000135;11000019
2024;1000001344;500000903;4;1;0;1;;00004205;00000004;00000015;;1;0;0;;0;;;0;;;;;;0;0;0;0;50000006;11000000
2024;1000001345;500000904;20;2;0;1;;00000147;00000004;00000015;00001737;1;0;0;;;;0;;0;;;;;0;1;0;0;50000147;11000020
2024;1000001346;500000905;17;1;0;1;;00002628;00000005;;;1;0;1;;;;;;;0;;;;;;0;0;50000172;11000024
2024;1000001347;500000906;4;2;1;1;;00001423;00000001;;00004805;1;0;0;;;0;;;;;;;;0;1;0;0;50000109;11000015
2024;1000001348;500000907;29;2;1;1;;00002839;00000002;00000015;;1;0;1;0;;;;;;;;;;0;0;0;0;50000088;11000012
2024;1000001349;500000908;4;2;1;1;;00004114;00000007;00000022;00002831;1;0;0;;;;;;;0;;;;0;1;1;0;50000035;11000004
2024;1000001350;500000909;7;2;2;1;;00001325;00000001;00000019;;1;0;0;;;;;;;;;0;0;;1;0;0;50000170;11000024
2024;1000001351;500000910;9;1;1;1;;00000325;00000009;00000003;00001561;1;0;0;;;;;;;;0;;;0;1;;1;50000121;11000017
2024;1000001352;500000911;7;2;0;1;;00003355;00000007;00000001;00003541;1;0;0;0;;;;;;0;;;;0;1;1;;50000051;11000007
2024;1000001353;500000912;5;1;3;1;;00003072;00000006;00000007;00003010;1;0;0;;;;;;;;;0;;0;1;0;0;50000169;11000024
2024;1000001354;500000913;11;1;0;1;;00004900;00000001;00000003;;1;0;1;0;;;;0;;;;;;0;1;0;0;50000098;11000013
2024;1000001355;500000914;4;1;0;1;;00000112;00000002;00000012;00000130;1;0;1;;0;;0;;;;;0;;0;1;0;0;50000207;11000029
2024;1000001356;500000915;13;1;1;1;;00005127;00000003;00000013;00002124;1;0;0;;;;;;0;;;;;0;0;0;;50000095;11000013
2024;1000001357;500000916;6;2;3;1;;00003261;00000009;;00002345;1;0;0;;;;;;;;;;;0;1;0;0;50000165;11000023
2024;1000001358;500000917;11;1;3;1;;00001316;00000005;00000004;00005434;1;1;0;;;;;;;;;;;0;0;0;0;50000044;11000006
2024;1000001359;500000918;18;1;1;1;;00000813;00000004;;00004152;2;0;0;0;0;1;;;0;;;;0;0;1;0;0;50000181;11000025
2024;1000001360;500000919;12;2;0;1;;00003280;00000007;00000019;;1;0;0;0;;;;;;0;;0;;0;1;0;0;50000148;11000021
2024;1000001361;500000920;12;2;0;1;;00004129;00000005;00000022;;1;0;0;;;;;;;;;1;;0;1;0;;50000087;11000012
2024;1000001362;500000921;15;2;3;1;;00004571;00000005;00000012;;1;0;0;;;;;;;;;;;0;0;0;0;50000035;11000004
2024;1000001363;500000922;4;1;1;1;;00002286;00000002;;00002233;1;0;0;;;;;;;;0;;;0;1;0;0;50000206;11000029
2024;1000001364;500000923;5;2;3;1;;00000966;00000002;00000023;;1;0;0;;0;;;;0;0;;;;0;1;0;1;50000035;11000004
2024;1000001366;500000924;16;2;3;1;;;00000003;00000026;;1;0;0;;;;;;;;;;;0;1;0;0;50000060;11000008
2024;1000001367;500000925;6;2;3;1;;00003785;00000006;;00002165;1;0;1;;;;;;;;;;;;;;0;50000119;11000016
2024;1000001368;500000926;6;2;1;1;;00004961;00000006;;00000316;2;0;0;;;;;;;;;0;;0;1;0;0;50000157;11000022
2024;1000001369;500000927;15;2;1;1;;00000114;00000007;;00001192;1;0;1;0;;;;;;;0;;0;0;1;0;0;50000157;11000022
2024;1000001370;500000928;4;1;1;1;;00000033;00000005;00000020;;1;0;1;;;;;;;;0;;;0;1;0;0;50000087;11000012
2024;1000001371;500000929;20;1;1;1;;00004900;00000009;00000012;;1;0;0;;;;;;;;;;;;1;;0;50000176;11000025
2024;1000001372;500000930;4;2;3;1;;00003128;00000001;;;2;0;0;;;1;;;0;0;;0;0;0;0;0;0;50000045;11000006
2024;1000001373;500000931;15;2;3;1;;00000214;00000004;;;1;0;1;;0;1;;;;0;0;;;0;1;0;0;50000073;11000010
2024;1000001374;500000932;12;1;3;1;;00004856;00000009;00000006;;1;0;0;;;;;;;;;;;0;1;0;0;50000050;11000007
2024;1000001375;500000933;17;1;3;1;;00002908;00000008;;00004378;1;0;0;;;;;;;;;;;0;1;0;;50000155;11000022
2024;1000001376;500000934;12;2;1;1;;00003985;00000009;00000020;00002444;2;0;0;;;;0;;;;;0;;0;1;;0;50000216;11000030
2024;1000001377;500000935;8;1;1;1;;00000490;00000006;00000010;00002781;2;0;0;0;;;;1;;;;;;0;1;0;;50000023;11000003
2024;1000001378;500000936;9;1;3;1;;00000439;00000005;;00001640;1;0;0;;;;;;;0;;;;0;1;0;0;50000151;11000021
2024;1000001379;500000937;14;1;0;1;;00000410;00000003;;00005351;1;0;0;0;0;;;;0;;;;;0;1;0;0;50000182;11000025
2024;1000001380;500000938;11;1;3;1;;00001197;00000002;00000022;00001050;2;0;1;;;;;0;;;;0;;0;;0;0;50000103;11000014
2024;1000001381;500000939;9;1;1;1;;00000408;00000006;00000022;00004311;1;0;1;;0;;;;;;;;;0;1;0;0;50000198;11000028
2024;1000001382;500000940;5;1;1;1;;00003608;00000004;00000004;00004743;2;0;1;;;;;;0;;;;;;1;0;0;50000086;11000012
2024;1000001383;500000941;4;1;0;1;;00001109;00000001;00000007;00003872;1;0;0;;1;0;;;;0;;;;0;0;0;0;50000025;11000003
2024;1000001384;500000942;16;1;3;1;;00000027;00000003;;00003920;1;0;0;0;0;;;;;;;0;;0;1;0;0;50000039;11000005
2024;1000001385;500000943;14;2;3;1;;00003920;00000002;;00000688;1;0;1;0;;;;;;;;;0;;1;0;0;50000001;11000000
2024;1000001386;500000944;4;1;1;1;;00004447;00000001;00000001;00004350;1;1;0;0;;;;;;0;;;;;1;0;0;50000153;11000021
2024;1000001387;500000945;9;2;3;1;;00005463;00000001;00000021;;1;0;0;;;;;;;;0;;;0;1;0;;50000147;11000020
2024;1000001388;500000946;17;1;3;1;;00004113;00000006;;00003893;2;0;0;;;;;;;;;;;0;1;1;0;50000048;11000006
2024;1000001389;500000947;36;1;1;3;;00002852;00000004;00000002;00003113;1;0;0;;;;;0;;0;;;0;0;;0;0;50000015;11000002
2024;1000001390;500000948;45;1;0;1;;00000823;00000008;00000025;00000025;2;0;0;;;;;;;0;;;;0;1;0;0;50000123;11000017
2024;1000001391;500000949;13;1;3;1;;00004549;00000008;00000014;00001017;1;0;0;;;;;0;;;;;;0;1;0;0;50000051;11000007
2024;1000001392;500000950;9;1;3;1;;00005304;00000006;;;1;0;0;;;;;0;;;;0;;0;1;1;;50000032;11000004
2024;1000001393;500000951;17;1;1;1;;00004291;00000002;;00001659;1;0;0;;0;;0;;;0;0;0;;0;1;0;0;50000047;11000006
2024;1000001394;500000952;14;2;0;1;;00004165;00000001;00000026;00000802;1;0;0;;0;;;;;;0;0;;0;1;0;0;50000064;11000009
2024;1000001395;500000953;14;2;3;1;;00000842;00000006;00000018;;1;0;1;0;;;;;;;0;;;0;1;0;0;50000043;11000006
2024;1000001396;500000954;14;1;2;1;;00002180;00000005;00000005;00001177;1;0;0;;;1;0;;;;;;0;0;0;0;0;50000144;11000020
2024;1000001397;500000955;35;2;3;1;;00003945;00000008;;00001753;2;0;;;1;;;0;;;;;0;0;1;0;0;50000073;11000010
2024;1000001398;500000956;19;1;3;1;;00005482;00000005;;00004760;1;0;0;;0;;0;0;;0;;;;0;1;0;0;50000169;11000024
2024;1000001399;500000957;15;1;3;1;;00001932;00000008;00000012;;1;0;0;;;;;;;;;;0;0;1;0;;50000087;11000012
2024;1000001400;500000958;16;2;3;1;;00000524;00000003;00000014;00001963;1;1;0;;1;;;;;;0;;;0;0;0;0;50000133;11000018
2024;1000001401;500000959;17;2;1;1;;00003263;00000001;00000008;00000435;2;0;1;;;;;;0;;;;0;0;1;0;0;50000058;11000008
2024;1000001402;500000960;8;1;1;1;;00000513;00000004;00000023;00004310;2;0;0;;0;;0;;;0;;;;0;1;0;0;50000031;11000004
2024;1000001403;500000961;8;2;3;1;;00005349;00000009;00000004;00001447;1;0;0;;;0;;;;;;;0;0;1;0;0;50000201;11000028
2024;1000001404;500000962;16;1;3;1;;00004930;00000004;00000014;;1;0;0;;;1;;;;;;;;0;1;0;0;50000217;11000030
2024;1000001405;500000963;6;2;0;1;;00004251;00000002;00000025;;1;0;0;;;;;;0;0;0;;;0;1;0;0;50000019;11000002
2024;1000001406;500000964;4;2;3;1;;00001795;00000008;00000026;00002908;1;0;0;;;;;;;;0;;0;0;1;0;0;50000057;11000008
2024;1000001407;500000965;11;2;1;1;;00002500;00000007;00000008;;1;1;0;0;;;0;0;;;0;;0;0;1;0;;50000201;11000028
2024;1000001408;500000966;11;2;1;1;;00000304;00000001;00000016;00005464;1;0;;;;1;;;;0;;0;0;0;1;0;;50000164;11000023
2024;1000001409;500000967;6;1;1;1;;00003204;00000009;00000015;00004555;1;0;0;;;;;0;;;;;;0;1;0;0;50000117;11000016
2024;1000001410;500000968;5;1;0;1;;00004178;00000004;00000008;;1;0;0;;;;;;;;;;;0;1;0;0;50000167;11000023
2024;1000001411;500000969;15;2;3;1;;00001261;00000002;00000008;;1;0;0;;;;;;;0;;;;0;1;0;0;50000209;11000029
2024;1000001412;500000970;6;2;3;1;;00002125;00000008;00000014;;1;0;0;;0;;;;;0;0;0;;0;1;0;0;50000013;11000001
2024;1000001413;500000971;6;1;1;1;;00002543;00000005;;;1;0;0;;;;0;;;;;;;0;1;1;0;50000168;11000023
2024;1000001414;500000972;15;1;2;1;;00002775;00000009;00000008;00004057;1;0;1;;0;;;;;;;;;0;1;0;0;50000112;11000015
2024;1000001415;500000973;7;2;1;1;;00004008;00000005;00000020;00000439;1;0;;;;;;1;;;;;;0;1;0;0;50000006;11000000
2024;1000001416;500000974;18;2;3;1;;00000313;00000003;00000020;00003680;1;0;1;;;;0;;;;;;;0;1;0;0;50000120;11000017
2024;1000001417;500000975;12;2;3;1;;00001561;00000004;;;1;0;0;;;;;;;;0;;;0;1;0;0;50000138;11000019
2024;1000001418;500000976;4;1;1;1;;00003308;00000001;00000022;00000957;1;0;0;;;;;;;;;;;0;1;0;0;50000035;11000004
2024;1000001419;500000977;14;1;0;1;;00004799;00000005;00000022;00002782;1;0;0;;;;;;;;;;0;0;0;0;0;50000042;11000005
2024;1000001420;500000978;4;1;3;1;;00000101;00000002;;;1;0;0;0;;;;;;;;;0;0;1;1;0;50000037;11000005
2024;1000001421;500000979;14;2;1;1;;00001421;00000007;00000001;00002861;1;0;0;;;;0;;;;;0;0;0;1;0;0;50000059;11000008
2024;1000001422;500000980;7;2;3;1;;00003992;00000006;00000019;;1;0;0;;;;0;;;;;;;0;1;0;0;50000092;11000013
2024;1000001423;500000981;6;1;0;1;;00002129;00000003;00000011;00000843;2;0;0;;;;;;;;0;;;0;1;0;0;50000172;11000024
2024;1000001424;500000982;7;2;3;1;;00003511;00000009;00000027;00004662;1;1;0;;;;;;;0;;;0;0;1;0;0;50000107;11000015
2024;1000001425;500000983;18;2;3;1;;00001867;00000002;;00000114;1;0;0;;;;;;;;;;;0;1;0;0;50000089;11000012
2024;1000001426;500000984;10;2;3;1;;00005004;00000007;00000017;00004091;1;0;0;;0;;;;;;;;;0;1;0;0;50000122;11000017
2024;1000001427;500000985;4;2;0;1;;00000157;00000005;00000016;00001393;1;0;1;;;;;;0;;0;;;0;1;1;0;50000081;11000011
2024;1000001428;500000986;11;1;1;1;;00002382;00000008;00000021;;1;0;0;0;;;;;;;;;;0;1;0;;50000033;11000004
2024;1000001429;500000987;40;2;1;1;;00001445;00000005;;00003488;1;0;0;0;;;;;;;0;;;0;1;0;0;50000001;11000000
2024;1000001430;500000988;17;1;1;1;;00004714;00000002;00000027;00000014;1;0;0;0;;;;;0;;;;;0;1;0;0;50000156;11000022
2024;1000001431;500000989;43;1;3;1;;00003852;00000009;00000003;;1;0;0;;;;;;;;;;;0;1;0;0;50000136;11000019
2024;1000001432;500000990;12;1;0;1;;00004860;00000001;;00001718;1;0;0;;;;;;;;;;;0;1;0;0;50000073;11000010
2024;1000001433;500000991;11;2;3;1;;00001273;00000007;00000015;00004278;1;0;0;;;;;;0;0;;;;0;1;0;1;50000047;11000006
2024;1000001434;500000992;17;2;2;1;;00000651;00000007;;00004683;1;0;0;0;;;0;;;;;0;;;0;0;0;50000011;11000001
2024;1000001435;500000993;13;1;3;3;;00005003;00000004;;00004381;1;0;0;;;;;;;;0;;;;1;0;0;50000122;11000017
2024;1000001436;500000994;12;2;1;1;;00004435;00000007;00000001;00002867;1;0;;0;;1;;;;0;;;0;0;1;0;0;50000044;11000006
2024;1000001437;500000995;9;2;3;1;;00000615;00000006;00000021;00000266;1;0;0;;0;;;;;;;0;;1;1;0;0;50000113;11000016
2024;1000001438;500000996;4;1;3;1;;00002190;00000003;;00002256;1;0;0;;0;;;;;0;;;;0;1;;0;50000151;11000021
2024;1000001439;500000997;16;1;3;1;;00002674;00000001;00000012;;1;0;0;;0;;;;0;;;0;;0;1;0;0;50000010;11000001
2024;1000001440;500000998;5;2;2;1;;00002685;00000001;00000008;00001029;2;0;0;;;;;;;;;;;0;1;0;0;50000104;11000014
2024;1000001441;500000999;4;2;0;1;;00000924;00000007;;00003738;1;0;0;;;;;;;;;;;0;1;0;0;50000037;11000005
2024;1000001442;500001000;4;2;0;1;;00003596;00000006;;00003590;1;0;0;;;;;;0;;;;0;0;0;0;;50000053;11000007
