ID_TURMA;CO_ENTIDADE;CO_PESSOA_FISICA;ID_MATRICULA;NU_ANO;NU_IDADE_REFERENCIA;TP_SEXO;TP_COR_RACA;TP_NACIONALIDADE;CO_UF_NASC;CO_MUNICIPIO_NASC;CO_PAIS_RESIDENCIA;CO_UF_END;CO_MUNICIPIO_END;TP_ZONA_RESIDENCIAL;IN_NECESSIDADE_ESPECIAL;IN_TRANSPORTE_PUBLICO;IN_TRANSP_BICICLETA;IN_TRANSP_MICRO_ONIBUS;IN_TRANSP_ONIBUS;IN_TRANSP_TR_ANIMAL;IN_TRANSP_VANS_KOMBI;IN_TRANSP_OUTRO_VEICULO;IN_TRANSP_EMBAR_ATE5;IN_TRANSP_EMBAR_5A15;IN_TRANSP_EMBAR_15A35;IN_TRANSP_EMBAR_35;IN_ESPECIAL_EXCLUSIVA;IN_REGULAR;IN_EJA;IN_PROFISSIONALIZANTE;TP_ETAPA_ENSINO;NU_DIAS_ATIVIDADE;QT_ESCOLAS_ANO;IN_TRANSFERIDO;IN_CONCLUINTE_FINAL;N_MATRICULAS_REG;IN_TROCA_ESCOLA;evadiu;defasagem_idade_serie;flag_defasado;n_reprovacoes_prev;abandono_previo;anos_observados;reprovou_ano_ant;tem_historico;mudou_municipio;TP_DEPENDENCIA;TP_LOCALIZACAO;TP_CATEGORIA_ESCOLA_PRIVADA;IN_AGUA_POTAVEL;IN_AGUA_REDE_PUBLICA;IN_ENERGIA_REDE_PUBLICA;IN_ESGOTO_REDE_PUBLICA;IN_BANHEIRO;IN_BANHEIRO_PNE;IN_BIBLIOTECA_SALA_LEITURA;IN_LABORATORIO_CIENCIAS;IN_LABORATORIO_INFORMATICA;IN_QUADRA_ESPORTES;IN_COMPUTADOR;IN_EQUIP_MULTIMIDIA;IN_DESKTOP_ALUNO;IN_INTERNET;IN_BANDA_LARGA;IN_INTERNET_ALUNOS;IN_ACESSO_INTERNET_COMPUTADOR;IN_ALIMENTACAO;QT_PROF_COORDENADOR;QT_PROF_FONAUDIOLOGO;QT_PROF_NUTRICIONISTA;QT_PROF_PSICOLOGO;QT_PROF_PEDAGOGIA;indice_infra;tamanho_escola;apoio_por_aluno;TX_HR_INICIAL;tamanho_turma;turno
30000001;11000000;1000000481;300000369;2020;19;1;0;1;;00004864;00000008;;;1;0;0;;;;;;;;;0;;0;1;0;0;15;5;1;0;0;1;0;0;12;1;0;0;3;0;1;;3;1;;1;;1;0;;0;1;1;;0;;;1;1;1;;;1;;0;1;;2;0.727272727272727;32;0.09375;13;35.8338546082377;tarde
30000001;11000000;1000000798;300000604;2020;6;2;0;1;;00000855;00000002;00000007;00003687;1;0;0;;;0;;;;;;0;;0;1;0;0;15;5;1;0;0;1;0;0;-1;0;0;0;3;0;1;1;3;1;;1;;1;0;;0;1;1;;0;;;1;1;1;;;1;;0;1;;2;0.727272727272727;32;0.09375;13;35.8338546082377;tarde
30000002;11000000;1000000031;300000022;2020;20;2;0;1;;00000561;00000002;00000006;00003958;1;0;0;;;;;;;;;;;0;1;0;0;20;5;1;0;0;1;0;1;8;1;0;0;3;0;1;1;3;1;;1;;1;0;;0;1;1;;0;;;1;1;1;;;1;;0;1;;2;0.727272727272727;32;0.09375;12;14.8713794143405;tarde
30000002;11000000;1000000160;300000132;2020;23;1;1;1;;00003576;00000003;00000006;00004997;1;0;0;;0;;;;;;;;;0;1;0;0;20;5;1;0;0;1;0;0;11;1;0;0;3;0;1;;3;1;;1;;1;0;;0;1;1;;0;;;1;1;1;;;1;;0;1;;2;0.727272727272727;32;0.09375;12;14.8713794143405;tarde
30000002;11000000;1000000369;300000294;2020;14;1;3;1;;00003731;00000008;00000022;;1;0;0;;;;;0;;;;;;0;1;0;0;20;5;1;0;0;1;0;0;2;1;0;0;3;0;1;;3;1;;1;;1;0;;0;1;1;;0;;;1;1;1;;;1;;0;1;;2;0.727272727272727;32;0.09375;12;14.8713794143405;tarde
30000002;11000000;1000000438;300000341;2020;15;2;3;1;;00001720;00000006;00000025;00002538;1;0;0;;;;;;;;;;;0;1;0;0;20;5;1;0;0;1;0;0;3;1;0;0;3;0;1;1;3;1;;1;;1;0;;0;1;1;;0;;;1;1;1;;;1;;0;1;;2;0.727272727272727;32;0.09375;12;14.8713794143405;tarde
30000002;11000000;1000000524;300000397;2020;9;2;1;1;;00002314;00000005;;00001839;1;0;1;;0;;;0;;;;;;0;1;1;0;20;5;1;0;0;1;0;0;-3;0;0;0;3;0;1;1;3;1;;1;;1;0;;0;1;1;;0;;;1;1;1;;;1;;0;1;;2;0.727272727272727;32;0.09375;12;14.8713794143405;tarde
30000002;11000000;1000000561;300000422;2020;13;2;0;1;;00004518;00000007;00000001;;1;0;0;;;;;;;0;;;;0;1;0;0;20;5;1;0;0;1;0;0;1;0;0;0;3;0;1;;3;1;;1;;1;0;;0;1;1;;0;;;1;1;1;;;1;;0;1;;2;0.727272727272727;32;0.09375;12;14.8713794143405;tarde
30000002;11000000;1000000912;300000694;2020;26;2;0;1;;00004953;00000007;00000001;00001040;1;0;0;;;;;0;;;;;;0;1;0;0;20;5;1;0;0;1;0;1;14;1;0;0;3;0;1;;3;1;;1;;1;0;;0;1;1;;0;;;1;1;1;;;1;;0;1;;2;0.727272727272727;32;0.09375;12;14.8713794143405;tarde
30000002;11000000;1000001239;300000966;2020;9;2;1;1;;00005248;00000001;00000005;00005016;2;0;0;;;1;;0;;0;;;;0;1;0;0;20;5;1;0;0;1;0;0;-3;0;0;0;0;;0;;3;1;;1;;1;0;;0;1;1;;0;;;1;1;1;;;1;;0;1;;2;0.727272727272727;32;0.09375;12;14.8713794143405;tarde
30000003;11000000;1000000050;300000038;2020;12;1;0;1;;00002770;00000007;;;1;0;0;;;;;0;;;;0;;0;1;;0;2;5;1;0;0;1;0;0;;;0;0;3;0;1;;3;1;;1;;1;0;;0;1;1;;0;;;1;1;1;;;1;;0;1;;2;0.727272727272727;32;0.09375;7;7.94510907866061;manha
30000003;11000000;1000001035;300000781;2020;10;2;0;1;;00000459;00000008;;00004286;1;0;0;;0;;;;;0;;;;0;1;0;0;2;5;1;0;0;1;0;0;;;0;0;2;0;1;1;3;1;;1;;1;0;;0;1;1;;0;;;1;1;1;;;1;;0;1;;2;0.727272727272727;32;0.09375;7;7.94510907866061;manha
30000003;11000000;1000001134;300000863;2020;16;1;1;1;;00000737;00000002;;00002422;1;0;0;;;;;;;;0;;;0;1;0;0;2;5;1;0;0;1;0;0;;;0;0;1;0;1;;3;1;;1;;1;0;;0;1;1;;0;;;1;1;1;;;1;;0;1;;2;0.727272727272727;32;0.09375;7;7.94510907866061;manha
30000004;11000000;1000000054;300000042;2020;16;1;0;1;;00002907;00000004;00000020;;1;0;0;;;1;;;;;;;;0;1;0;1;;5;1;0;0;1;0;1;;;0;0;3;0;1;;3;1;;1;;1;0;;0;1;1;;0;;;1;1;1;;;1;;0;1;;2;0.727272727272727;32;0.09375;7;44.9517672397196;manha
30000004;11000000;1000000318;300000256;2020;5;1;2;1;;00004865;00000004;00000018;00000334;1;0;0;;;;;0;;;0;;0;0;1;0;0;;5;1;0;0;1;0;0;;;0;0;3;0;1;;3;1;;1;;1;0;;0;1;1;;0;;;1;1;1;;;1;;0;1;;2;0.727272727272727;32;0.09375;7;44.9517672397196;manha
30000004;11000000;1000001237;300000964;2020;6;2;3;1;;00002171;00000008;;00003806;1;0;1;;;;0;0;;;;;;0;1;0;0;;5;1;0;0;1;0;0;;;0;0;0;;0;;3;1;;1;;1;0;;0;1;1;;0;;;1;1;1;;;1;;0;1;;2;0.727272727272727;32;0.09375;7;44.9517672397196;manha
30000005;11000000;1000000971;300000735;2020;11;2;5;1;;00004293;00000003;00000022;00003699;1;0;1;;;1;;;;;;0;;0;1;0;1;20;5;1;0;0;1;0;0;-1;0;0;0;3;0;1;1;3;1;;1;;1;0;;0;1;1;;0;;;1;1;1;;;1;;0;1;;2;0.727272727272727;32;0.09375;7;2.82909323461354;manha
30000005;11000000;1000001050;300000792;2020;10;1;3;1;;00003518;00000001;00000023;00005250;1;0;0;;0;;;;;;0;0;;0;1;0;0;20;5;1;0;0;1;0;0;-2;0;0;0;2;0;1;1;3;1;;1;;1;0;;0;1;1;;0;;;1;1;1;;;1;;0;1;;2;0.727272727272727;32;0.09375;7;2.82909323461354;manha
30000005;11000000;1000001249;300000976;2020;18;2;0;1;;00004617;00000002;00000020;;1;0;0;;;;;;;;;;0;0;1;0;0;20;5;1;1;0;1;0;0;6;1;0;0;0;;0;;3;1;;1;;1;0;;0;1;1;;0;;;1;1;1;;;1;;0;1;;2;0.727272727272727;32;0.09375;7;2.82909323461354;manha
30000006;11000000;1000000098;300000082;2020;7;1;1;1;;00001544;00000002;;;1;0;0;;;;;;0;0;0;0;;0;1;0;0;2;5;1;0;0;1;0;0;;;0;0;3;0;1;;3;1;;1;;1;0;;0;1;1;;0;;;1;1;1;;;1;;0;1;;2;0.727272727272727;32;0.09375;19;8.1171597216744;noite
30000006;11000000;1000000433;300000338;2020;15;1;0;1;;00000749;00000008;00000026;00004408;1;0;0;;;;;;;;;;;0;1;0;0;2;5;1;0;0;1;0;0;;;1;0;3;0;1;1;3;1;;1;;1;0;;0;1;1;;0;;;1;1;1;;;1;;0;1;;2;0.727272727272727;32;0.09375;19;8.1171597216744;noite
30000006;11000000;1000000631;300000473;2020;13;1;0;1;;00002424;00000002;;;2;0;0;0;;;0;;;;0;0;;0;1;0;0;2;5;1;0;0;1;0;0;;;0;1;3;0;1;;3;1;;1;;1;0;;0;1;1;;0;;;1;1;1;;;1;;0;1;;2;0.727272727272727;32;0.09375;19;8.1171597216744;noite
30000006;11000000;1000000741;300000560;2020;19;2;0;1;;00004267;00000001;;00001377;2;0;0;;;;;;;;;;;0;1;0;0;2;5;1;0;0;1;0;0;;;0;1;3;0;1;1;3;1;;1;;1;0;;0;1;1;;0;;;1;1;1;;;1;;0;1;;2;0.727272727272727;32;0.09375;19;8.1171597216744;noite
30000006;11000000;1000000934;300000709;2020;7;2;1;1;;00005043;00000003;00000015;00001165;1;0;0;;;0;;;;;;;;0;1;0;0;2;5;1;0;0;1;0;0;;;1;0;3;0;1;1;3;1;;1;;1;0;;0;1;1;;0;;;1;1;1;;;1;;0;1;;2;0.727272727272727;32;0.09375;19;8.1171597216744;noite
30000006;11000000;1000000970;300000734;2020;18;2;0;1;;00001152;00000005;00000017;;1;0;0;;;;;;0;;;1;;0;1;0;;2;5;1;0;0;1;0;1;;;1;0;3;0;1;;3;1;;1;;1;0;;0;1;1;;0;;;1;1;1;;;1;;0;1;;2;0.727272727272727;32;0.09375;19;8.1171597216744;noite
30000006;11000000;1000000973;300000737;2020;19;2;1;1;;00004038;00000005;00000010;00004512;1;0;0;;0;1;0;;;;;0;;0;1;0;;2;5;1;0;0;1;0;0;;;0;0;3;0;1;1;3;1;;1;;1;0;;0;1;1;;0;;;1;1;1;;;1;;0;1;;2;0.727272727272727;32;0.09375;19;8.1171597216744;noite
30000006;11000000;1000001269;300000996;2020;13;1;1;1;;00001298;00000005;;00000224;1;0;0;0;0;;;;;;;;;0;1;0;0;2;5;1;0;0;1;0;0;;;0;0;0;;0;;3;1;;1;;1;0;;0;1;1;;0;;;1;1;1;;;1;;0;1;;2;0.727272727272727;32;0.09375;19;8.1171597216744;noite
30000007;11000000;1000000168;300000138;2020;15;1;3;1;;00004654;00000003;00000025;00003563;1;0;0;;;1;;;;;;;;0;1;0;0;22;5;1;0;0;1;0;0;;;0;0;3;0;1;;3;1;;1;;1;0;;0;1;1;;0;;;1;1;1;;;1;;0;1;;2;0.727272727272727;32;0.09375;13;17.8337324191816;tarde
30000007;11000000;1000000474;300000366;2020;11;2;3;1;;00002383;00000002;00000009;;1;0;1;0;;;;;;;;;;0;1;0;0;22;5;1;0;0;1;0;0;;;0;0;3;0;1;;3;1;;1;;1;0;;0;1;1;;0;;;1;1;1;;;1;;0;1;;2;0.727272727272727;32;0.09375;13;17.8337324191816;tarde
30000007;11000000;1000000683;300000513;2020;4;2;1;1;;00003301;00000008;00000026;00002399;1;0;0;;;;;;;0;;;0;0;1;0;0;22;5;1;0;0;1;0;0;;;1;0;3;0;1;1;3;1;;1;;1;0;;0;1;1;;0;;;1;1;1;;;1;;0;1;;2;0.727272727272727;32;0.09375;13;17.8337324191816;tarde
30000008;11000001;1000000141;300000116;2020;15;1;1;1;;00001237;00000004;00000004;;1;0;0;;;;;;;;0;;;0;1;0;0;1;5;1;0;0;1;0;0;;;2;0;3;0;1;;3;2;;;1;1;;1;0;0;;0;0;1;0;;1;;0;0;;;0;0;0;1;0.416666666666667;34;0.0294117647058824;7;12.139465898741;manha
30000008;11000001;1000000714;300000541;2020;20;2;1;1;;00004287;00000001;;00001207;1;0;0;0;;;;;;;;;0;0;1;0;0;1;5;1;0;0;1;0;1;;;0;0;3;0;1;1;3;2;;;1;1;;1;0;0;;0;0;1;0;;1;;0;0;;;0;0;0;1;0.416666666666667;34;0.0294117647058824;7;12.139465898741;manha
30000008;11000001;1000001031;300000777;2020;10;2;3;1;;00000206;00000003;00000015;;1;0;0;;1;;;0;;;;;0;0;1;0;0;1;5;1;0;0;1;0;0;;;0;0;2;0;1;;3;2;;;1;1;;1;0;0;;0;0;1;0;;1;;0;0;;;0;0;0;1;0.416666666666667;34;0.0294117647058824;7;12.139465898741;manha
30000008;11000001;1000001091;300000829;2020;14;1;3;1;;00005560;00000005;;;1;0;1;;;;0;;;;;;;0;1;;0;1;5;1;0;0;1;0;0;;;0;0;2;0;1;;3;2;;;1;1;;1;0;0;;0;0;1;0;;1;;0;0;;;0;0;0;1;0.416666666666667;34;0.0294117647058824;7;12.139465898741;manha
30000009;11000001;1000000381;300000305;2020;11;2;1;1;;00004937;00000001;;00005383;2;0;0;0;;;;;;;;;0;0;1;0;0;2;5;1;0;0;1;0;0;;;1;0;3;0;1;1;3;2;;;1;1;;1;0;0;;0;0;1;0;;1;;0;0;;;0;0;0;1;0.416666666666667;34;0.0294117647058824;7;42.5802160850726;manha
30000009;11000001;1000000620;300000464;2020;11;1;1;1;;00000923;00000003;;00005093;1;0;0;;;;;;0;;;;;0;1;0;0;2;5;1;0;0;1;0;0;;;0;0;3;0;1;1;3;2;;;1;1;;1;0;0;;0;0;1;0;;1;;0;0;;;0;0;0;1;0.416666666666667;34;0.0294117647058824;7;42.5802160850726;manha
30000009;11000001;1000001189;300000916;2020;10;1;1;1;;00004739;00000007;00000019;;1;0;0;;;;;;;0;;;;0;1;0;0;2;5;1;0;0;1;0;0;;;0;0;0;;0;;3;2;;;1;1;;1;0;0;;0;0;1;0;;1;;0;0;;;0;0;0;1;0.416666666666667;34;0.0294117647058824;7;42.5802160850726;manha
30000009;11000001;1000001253;300000980;2020;80;2;3;1;;00001126;00000007;00000008;;1;0;0;;0;;;;;;;;;0;1;0;0;2;5;1;0;0;1;0;1;;;0;0;0;;0;;3;2;;;1;1;;1;0;0;;0;0;1;0;;1;;0;0;;;0;0;0;1;0.416666666666667;34;0.0294117647058824;7;42.5802160850726;manha
30000010;11000001;1000000103;300000086;2020;18;1;1;1;;00005162;00000005;;;1;0;0;;;;;;;;;0;;0;1;1;0;19;5;1;0;0;1;0;0;7;1;0;0;3;0;1;;3;2;;;1;1;;1;0;0;;0;0;1;0;;1;;0;0;;;0;0;0;1;0.416666666666667;34;0.0294117647058824;13;46.7085127793253;tarde
30000010;11000001;1000000449;300000349;2020;16;2;1;1;;00003927;00000007;;00003002;1;0;0;0;;0;;;;;0;;;0;1;0;0;19;5;1;0;0;1;0;1;5;1;0;0;3;0;1;1;3;2;;;1;1;;1;0;0;;0;0;1;0;;1;;0;0;;;0;0;0;1;0.416666666666667;34;0.0294117647058824;13;46.7085127793253;tarde
30000010;11000001;1000000757;300000571;2020;17;2;1;1;;00005314;00000008;;;1;0;0;;;;;;;;;;;0;1;0;;19;5;1;0;0;1;0;0;6;1;0;0;3;0;1;;3;2;;;1;1;;1;0;0;;0;0;1;0;;1;;0;0;;;0;0;0;1;0.416666666666667;34;0.0294117647058824;13;46.7085127793253;tarde
30000010;11000001;1000001162;300000889;2020;12;2;0;1;;00000243;00000001;00000018;00002443;1;0;0;;;;;0;;;;;0;0;1;0;0;19;5;1;0;0;1;0;0;1;0;0;0;1;0;1;;3;2;;;1;1;;1;0;0;;0;0;1;0;;1;;0;0;;;0;0;0;1;0.416666666666667;34;0.0294117647058824;13;46.7085127793253;tarde
30000010;11000001;1000001200;300000927;2020;33;1;3;1;;00005190;00000008;;;2;0;0;;0;;;;;0;;0;;0;1;0;1;19;5;1;0;0;1;0;0;22;1;0;0;0;;0;;3;2;;;1;1;;1;0;0;;0;0;1;0;;1;;0;0;;;0;0;0;1;0.416666666666667;34;0.0294117647058824;13;46.7085127793253;tarde
30000010;11000001;1000001263;300000990;2020;4;2;1;1;;00003773;00000002;00000007;;1;0;0;;;1;;;;;;;;0;1;0;0;19;5;1;0;0;1;0;0;-7;0;0;0;0;;0;;3;2;;;1;1;;1;0;0;;0;0;1;0;;1;;0;0;;;0;0;0;1;0.416666666666667;34;0.0294117647058824;13;46.7085127793253;tarde
30000011;11000001;1000000133;300000109;2020;24;1;2;1;;00004655;00000006;00000003;00001421;1;1;0;;;;;;;0;;;;0;1;0;0;1;5;1;0;0;1;0;0;;;0;0;3;0;1;;3;2;;;1;1;;1;0;0;;0;0;1;0;;1;;0;0;;;0;0;0;1;0.416666666666667;34;0.0294117647058824;13;27.2374854355585;tarde
30000011;11000001;1000000205;300000169;2020;11;1;3;1;;00001442;00000004;00000013;00000323;1;1;1;;;1;;;;;;;;0;1;0;0;1;5;1;0;0;1;0;0;;;0;0;3;0;1;;3;2;;;1;1;;1;0;0;;0;0;1;0;;1;;0;0;;;0;0;0;1;0.416666666666667;34;0.0294117647058824;13;27.2374854355585;tarde
30000011;11000001;1000000329;300000265;2020;7;2;2;1;;00003638;00000007;00000025;;1;0;0;;0;;;;;;;;;0;1;1;0;1;5;1;0;0;1;0;0;;;1;0;3;0;1;;3;2;;;1;1;;1;0;0;;0;0;1;0;;1;;0;0;;;0;0;0;1;0.416666666666667;34;0.0294117647058824;13;27.2374854355585;tarde
30000012;11000001;1000000771;300000581;2020;15;1;1;1;;00002000;00000007;00000018;;1;0;0;;;;;;;;;;;0;1;0;0;2;5;1;0;0;1;0;0;;;0;0;3;0;1;;3;2;;;1;1;;1;0;0;;0;0;1;0;;1;;0;0;;;0;0;0;1;0.416666666666667;34;0.0294117647058824;7;15.2051795718726;manha
30000012;11000001;1000000839;300000636;2020;16;2;3;1;;00003456;00000007;00000020;00005424;1;0;0;0;;;;;;;;;;0;1;0;0;2;5;1;0;0;1;0;0;;;0;1;3;0;1;1;3;2;;;1;1;;1;0;0;;0;0;1;0;;1;;0;0;;;0;0;0;1;0.416666666666667;34;0.0294117647058824;7;15.2051795718726;manha
30000012;11000001;1000000902;300000685;2020;18;1;1;1;;00005570;00000005;00000004;00000985;1;0;0;;;0;;0;;;;;;0;1;0;0;2;5;1;0;0;1;0;0;;;0;0;3;0;1;;3;2;;;1;1;;1;0;0;;0;0;1;0;;1;;0;0;;;0;0;0;1;0.416666666666667;34;0.0294117647058824;7;15.2051795718726;manha
30000012;11000001;1000000928;300000704;2020;17;1;3;1;;00004581;00000008;00000019;00000009;2;0;0;;;;;;;;;;0;0;1;0;;2;5;1;0;0;1;0;0;;;0;0;3;0;1;1;3;2;;;1;1;;1;0;0;;0;0;1;0;;1;;0;0;;;0;0;0;1;0.416666666666667;34;0.0294117647058824;7;15.2051795718726;manha
30000012;11000001;1000001086;300000825;2020;10;2;1;1;;00001786;00000001;00000009;00002459;1;0;0;;;;;;;0;;;;0;1;0;1;2;5;1;0;0;1;0;0;;;0;0;2;0;1;;3;2;;;1;1;;1;0;0;;0;0;1;0;;1;;0;0;;;0;0;0;1;0.416666666666667;34;0.0294117647058824;7;15.2051795718726;manha
30000013;11000001;1000000139;300000114;2020;9;2;3;1;;00002534;00000008;00000012;00003324;1;0;0;;;;;;;;0;;;0;1;0;0;17;5;1;0;0;1;0;0;0;0;0;0;3;0;1;1;3;2;;;1;1;;1;0;0;;0;0;1;0;;1;;0;0;;;0;0;0;1;0.416666666666667;34;0.0294117647058824;13;22.857210372691;tarde
30000013;11000001;1000000603;300000452;2020;14;2;3;1;;00005400;00000007;00000013;00004616;1;0;0;;;;;;;0;;;;0;1;0;0;17;5;1;0;0;1;0;0;5;1;1;0;3;0;1;;3;2;;;1;1;;1;0;0;;0;0;1;0;;1;;0;0;;;0;0;0;1;0.416666666666667;34;0.0294117647058824;13;22.857210372691;tarde
30000013;11000001;1000001063;300000804;2020;15;1;0;1;;00002449;00000002;00000015;00001141;2;0;0;;;;;0;;;0;0;0;0;1;0;0;17;5;1;0;0;1;0;1;6;1;0;0;2;0;1;;3;2;;;1;1;;1;0;0;;0;0;1;0;;1;;0;0;;;0;0;0;1;0.416666666666667;34;0.0294117647058824;13;22.857210372691;tarde
30000013;11000001;1000001256;300000983;2020;8;1;3;1;;00003419;00000002;;00001661;1;0;0;;0;;0;;;;;;;;1;0;0;17;5;1;0;0;1;0;0;-1;0;0;0;0;;0;;3;2;;;1;1;;1;0;0;;0;0;1;0;;1;;0;0;;;0;0;0;1;0.416666666666667;34;0.0294117647058824;13;22.857210372691;tarde
30000014;11000001;1000000200;300000165;2020;5;2;3;1;;00001299;00000002;00000006;00005059;1;0;1;;;;;;;;;;;0;1;;0;1;5;1;1;0;1;0;0;;;0;0;3;0;1;1;3;2;;;1;1;;1;0;0;;0;0;1;0;;1;;0;0;;;0;0;0;1;0.416666666666667;34;0.0294117647058824;13;19.7936567014549;tarde
30000014;11000001;1000000684;300000514;2020;12;1;3;1;;00001440;00000006;;00001425;1;0;0;;;;;;;;;;;0;1;0;0;1;5;1;0;0;1;0;0;;;0;0;3;0;1;1;3;2;;;1;1;;1;0;0;;0;0;1;0;;1;;0;0;;;0;0;0;1;0.416666666666667;34;0.0294117647058824;13;19.7936567014549;tarde
30000014;11000001;1000001089;300000828;2020;8;1;3;1;;00002017;00000001;00000005;00004664;1;0;0;;;1;;;;;;;;0;1;0;0;1;5;1;0;0;1;0;0;;;0;0;2;0;1;;3;2;;;1;1;;1;0;0;;0;0;1;0;;1;;0;0;;;0;0;0;1;0.416666666666667;34;0.0294117647058824;13;19.7936567014549;tarde
30000014;11000001;1000001245;300000972;2020;8;2;0;1;;00001492;00000008;;00001872;2;0;0;;;;;;;;0;;;0;1;0;0;1;5;1;0;0;1;0;0;;;0;0;0;;0;;3;2;;;1;1;;1;0;0;;0;0;1;0;;1;;0;0;;;0;0;0;1;0.416666666666667;34;0.0294117647058824;13;19.7936567014549;tarde
30000015;11000002;1000000077;300000061;2020;12;1;0;1;;00000516;00000008;;;1;0;1;0;;;;0;;0;;0;0;0;1;0;1;25;5;1;0;0;1;0;0;-3;0;0;0;3;0;1;;3;1;;;;1;1;1;0;1;0;0;;0;1;0;1;1;0;0;1;0;0;;;;0.533333333333333;35;0;13;24.903124370845;tarde
30000015;11000002;1000000227;300000187;2020;17;1;3;1;;00003614;00000002;;;1;0;0;;;1;;;;;;;0;0;1;;0;25;5;1;0;0;1;0;0;2;1;0;1;3;0;1;;3;1;;;;1;1;1;0;1;0;0;;0;1;0;1;1;0;0;1;0;0;;;;0.533333333333333;35;0;13;24.903124370845;tarde
30000015;11000002;1000000413;300000324;2020;8;1;1;1;;00000232;00000006;00000018;00003973;1;0;0;0;0;0;;;;;;;;0;1;0;0;25;5;1;0;0;1;0;0;-7;0;0;0;3;0;1;1;3;1;;;;1;1;1;0;1;0;0;;0;1;0;1;1;0;0;1;0;0;;;;0.533333333333333;35;0;13;24.903124370845;tarde
30000015;11000002;1000000584;300000440;2020;13;1;0;1;;00001301;00000005;00000007;00000501;1;0;0;;;1;0;;;;;;;0;1;0;0;25;5;1;0;0;1;0;0;-2;0;0;1;3;0;1;1;3;1;;;;1;1;1;0;1;0;0;;0;1;0;1;1;0;0;1;0;0;;;;0.533333333333333;35;0;13;24.903124370845;tarde
30000015;11000002;1000000613;300000460;2020;12;2;1;1;;00004924;00000006;00000026;00004156;1;0;0;;;;;0;;0;;;;0;1;0;0;25;5;1;0;0;1;0;0;-3;0;0;0;3;0;1;1;3;1;;;;1;1;1;0;1;0;0;;0;1;0;1;1;0;0;1;0;0;;;;0.533333333333333;35;0;13;24.903124370845;tarde
30000015;11000002;1000001032;300000778;2020;22;2;1;1;;00000064;00000002;;00000799;1;0;1;;;;;;0;;;;;0;1;0;0;25;5;1;0;0;1;0;0;7;1;0;0;2;0;1;1;3;1;;;;1;1;1;0;1;0;0;;0;1;0;1;1;0;0;1;0;0;;;;0.533333333333333;35;0;13;24.903124370845;tarde
30000015;11000002;1000001241;300000968;2020;4;2;3;1;;00004060;00000007;00000013;;1;1;0;;;;;0;;;0;;;0;1;0;0;25;5;1;0;0;1;0;0;-11;0;0;0;0;;0;;3;1;;;;1;1;1;0;1;0;0;;0;1;0;1;1;0;0;1;0;0;;;;0.533333333333333;35;0;13;24.903124370845;tarde
30000016;11000002;1000000364;300000290;2020;9;1;3;1;;00003107;00000005;00000002;00001546;1;0;1;;;;;;;;;;;0;1;0;0;27;5;1;0;0;1;0;0;-8;0;0;0;3;0;1;;3;1;;;;1;1;1;0;1;0;0;;0;1;0;1;1;0;0;1;0;0;;;;0.533333333333333;35;0;7;22.0169223690173;manha
30000016;11000002;1000000748;300000564;2020;4;1;0;1;;00000411;00000003;00000015;00003255;1;0;1;0;;;;;0;;;;0;0;1;1;0;27;5;1;0;0;1;0;0;-13;0;0;0;3;0;1;1;3;1;;;;1;1;1;0;1;0;0;;0;1;0;1;1;0;0;1;0;0;;;;0.533333333333333;35;0;7;22.0169223690173;manha
30000016;11000002;1000001058;300000800;2020;22;2;0;1;;00001369;00000007;;00001289;1;0;0;;;;;;;0;;;;0;1;0;0;27;5;1;0;0;1;0;0;5;1;0;0;2;0;1;1;3;1;;;;1;1;1;0;1;0;0;;0;1;0;1;1;0;0;1;0;0;;;;0.533333333333333;35;0;7;22.0169223690173;manha
30000017;11000002;1000000051;300000039;2020;12;2;1;1;;00002648;00000007;00000016;00004899;1;0;0;;1;1;;;;;;;;0;1;0;0;17;1;1;0;0;1;0;0;3;1;1;0;3;0;1;1;3;1;;;;1;1;1;0;1;0;0;;0;1;0;1;1;0;0;1;0;0;;;;0.533333333333333;35;0;14;19.3581319649238;tarde
30000017;11000002;1000000450;300000350;2020;18;1;2;1;;00000788;00000005;00000022;00003717;1;0;0;;;;;;;;;;0;0;1;0;0;17;1;1;0;0;1;0;0;9;1;0;0;3;0;1;;3;1;;;;1;1;1;0;1;0;0;;0;1;0;1;1;0;0;1;0;0;;;;0.533333333333333;35;0;14;19.3581319649238;tarde
30000017;11000002;1000000574;300000434;2020;13;1;0;1;;00000085;00000007;00000022;00004088;1;0;1;;;;;;;;;;;0;1;0;0;17;1;1;0;0;1;0;1;4;1;0;0;3;0;1;1;3;1;;;;1;1;1;0;1;0;0;;0;1;0;1;1;0;0;1;0;0;;;;0.533333333333333;35;0;14;19.3581319649238;tarde
30000017;11000002;1000000901;300000684;2020;16;1;2;1;;00005326;00000005;00000011;00002987;1;0;0;;;1;;0;;;;;;0;1;0;0;17;1;1;0;0;1;0;0;7;1;0;0;3;0;1;1;3;1;;;;1;1;1;0;1;0;0;;0;1;0;1;1;0;0;1;0;0;;;;0.533333333333333;35;0;14;19.3581319649238;tarde
30000017;11000002;1000001069;300000810;2020;19;2;0;1;;00005078;00000004;;00001442;2;0;0;0;;;;;0;0;;;;;1;0;0;17;1;1;0;0;1;0;0;10;1;0;0;2;0;1;1;3;1;;;;1;1;1;0;1;0;0;;0;1;0;1;1;0;0;1;0;0;;;;0.533333333333333;35;0;14;19.3581319649238;tarde
30000017;11000002;1000001092;300000830;2020;15;1;3;1;;00003554;00000002;00000015;00004232;1;0;0;;;;;;;;;;0;0;1;0;1;17;1;1;0;0;1;0;0;6;1;0;0;2;0;1;;3;1;;;;1;1;1;0;1;0;0;;0;1;0;1;1;0;0;1;0;0;;;;0.533333333333333;35;0;14;19.3581319649238;tarde
30000018;11000002;1000000663;300000498;2020;6;2;1;1;;00002288;00000001;;00005180;1;0;0;;;;;;;0;0;;;0;1;0;0;56;5;1;0;0;1;0;0;;;0;0;3;0;1;;3;1;;;;1;1;1;0;1;0;0;;0;1;0;1;1;0;0;1;0;0;;;;0.533333333333333;35;0;7;26.1773222704651;manha
30000018;11000002;1000001059;300000801;2020;19;2;0;1;;00002191;00000003;00000003;00001424;2;0;1;;;;;;0;;;;;0;1;0;0;56;5;1;0;0;1;0;0;;;0;0;2;0;1;1;3;1;;;;1;1;1;0;1;0;0;;0;1;0;1;1;0;0;1;0;0;;;;0.533333333333333;35;0;7;26.1773222704651;manha
30000019;11000002;1000000080;300000064;2020;19;1;3;1;;00005304;00000005;00000025;00002527;1;0;0;;0;;;;;;;;;0;1;0;0;18;5;1;0;0;1;0;0;9;1;0;0;3;0;1;1;3;1;;;;1;1;1;0;1;0;0;;0;1;0;1;1;0;0;1;0;0;;;;0.533333333333333;35;0;13;20.25952849444;tarde
30000019;11000002;1000000304;300000246;2020;21;1;3;1;;00003677;00000001;00000002;00001500;1;0;0;;;1;;;0;;;;;0;1;0;0;18;5;1;0;0;1;0;0;11;1;0;0;3;0;1;;3;1;;;;1;1;1;0;1;0;0;;0;1;0;1;1;0;0;1;0;0;;;;0.533333333333333;35;0;13;20.25952849444;tarde
30000019;11000002;1000000826;300000626;2020;13;2;1;1;;00003016;00000008;00000003;00002605;2;0;0;;;;;0;0;;;;;;1;0;0;18;5;1;0;0;1;0;0;3;1;1;0;3;1;1;1;3;1;;;;1;1;1;0;1;0;0;;0;1;0;1;1;0;0;1;0;0;;;;0.533333333333333;35;0;13;20.25952849444;tarde
30000019;11000002;1000001066;300000807;2020;10;2;3;1;;00004999;00000005;00000025;00000139;1;0;1;;0;1;;;;0;;;;0;1;1;0;18;5;1;0;0;1;0;0;0;0;0;0;2;0;1;1;3;1;;;;1;1;1;0;1;0;0;;0;1;0;1;1;0;0;1;0;0;;;;0.533333333333333;35;0;13;20.25952849444;tarde
30000019;11000002;1000001266;300000993;2020;13;2;3;1;;00001950;00000006;00000005;00000171;1;0;0;;;;;;0;;;;0;0;1;0;0;18;5;1;0;0;1;0;0;3;1;0;0;0;;0;;3;1;;;;1;1;1;0;1;0;0;;0;1;0;1;1;0;0;1;0;0;;;;0.533333333333333;35;0;13;20.25952849444;tarde
30000020;11000002;1000000363;300000289;2020;41;1;1;1;;00004247;00000004;00000024;00005239;1;0;0;;;;;;0;;;;;0;1;;0;25;5;1;0;0;1;0;0;26;1;0;0;3;0;1;1;3;1;;;;1;1;1;0;1;0;0;;0;1;0;1;1;0;0;1;0;0;;;;0.533333333333333;35;0;19;33.5811282341601;noite
30000020;11000002;1000000398;300000312;2020;10;1;1;1;;00000879;00000006;;00002350;1;0;0;;;;;;0;;;;;0;1;0;0;25;5;1;0;0;1;0;0;-5;0;0;0;3;0;1;1;3;1;;;;1;1;1;0;1;0;0;;0;1;0;1;1;0;0;1;0;0;;;;0.533333333333333;35;0;19;33.5811282341601;noite
30000020;11000002;1000001222;300000949;2020;18;1;1;1;;00005421;00000006;;00004202;1;0;1;;;;0;0;;;;;;0;1;0;;25;5;1;0;0;1;0;0;3;1;0;0;0;;0;;3;1;;;;1;1;1;0;1;0;0;;0;1;0;1;1;0;0;1;0;0;;;;0.533333333333333;35;0;19;33.5811282341601;noite
30000021;11000002;1000000192;300000159;2020;17;1;1;1;;00001599;00000007;00000004;;1;0;0;0;;;;;0;;;;;0;1;0;0;;5;1;0;0;1;0;0;;;1;0;3;0;1;;3;1;;;;1;1;1;0;1;0;0;;0;1;0;1;1;0;0;1;0;0;;;;0.533333333333333;35;0;13;13.6114481734112;tarde
30000021;11000002;1000000216;300000179;2020;19;2;3;1;;00003464;00000007;;00001131;1;0;0;;0;1;0;;;;0;0;;0;1;0;0;;5;1;0;0;1;0;1;;;0;0;3;0;1;;3;1;;;;1;1;1;0;1;0;0;;0;1;0;1;1;0;0;1;0;0;;;;0.533333333333333;35;0;13;13.6114481734112;tarde
30000021;11000002;1000000380;300000304;2020;19;2;3;1;;00004255;00000008;;00002839;1;1;0;;;;;;;0;0;;;0;1;0;0;;5;1;0;0;1;0;1;;;0;0;3;0;1;1;3;1;;;;1;1;1;0;1;0;0;;0;1;0;1;1;0;0;1;0;0;;;;0.533333333333333;35;0;13;13.6114481734112;tarde
30000021;11000002;1000000597;300000448;2020;12;2;0;1;;00002960;00000001;00000018;00003534;1;0;0;;;;;;;;;;0;0;1;0;0;;5;1;0;0;1;0;0;;;0;0;3;0;1;1;3;1;;;;1;1;1;0;1;0;0;;0;1;0;1;1;0;0;1;0;0;;;;0.533333333333333;35;0;13;13.6114481734112;tarde
30000021;11000002;1000000654;300000490;2020;10;2;1;1;;00003062;00000007;00000005;00001563;1;0;0;;;;;0;0;;;;;0;1;0;0;;5;1;0;0;1;0;0;;;0;1;3;0;1;1;3;1;;;;1;1;1;0;1;0;0;;0;1;0;1;1;0;0;1;0;0;;;;0.533333333333333;35;0;13;13.6114481734112;tarde
30000021;11000002;1000001068;300000809;2020;13;2;1;1;;00000547;00000003;00000005;;1;0;0;0;;;0;0;;0;;;;;1;0;0;;5;1;0;0;1;0;0;;;0;0;2;0;1;;3;1;;;;1;1;1;0;1;0;0;;0;1;0;1;1;0;0;1;0;0;;;;0.533333333333333;35;0;13;13.6114481734112;tarde
30000021;11000002;1000001227;300000954;2020;4;1;1;1;;00003281;00000008;00000010;;1;0;0;;;;;;;;;;;0;1;0;0;;5;1;0;0;1;0;0;;;0;0;0;;0;;3;1;;;;1;1;1;0;1;0;0;;0;1;0;1;1;0;0;1;0;0;;;;0.533333333333333;35;0;13;13.6114481734112;tarde
30000022;11000003;1000000122;300000101;2020;19;1;0;1;;00001729;00000001;00000001;00003978;1;0;0;0;1;1;;;;;0;;;0;1;0;0;1;5;1;0;0;1;0;0;;;0;0;3;0;1;1;4;1;;1;0;1;1;;;1;0;1;;1;0;;;;;0;;0;;;;1;0.6;37;0.027027027027027;7;38.6259425296448;manha
30000022;11000003;1000000653;300000489;2020;8;2;1;1;;00002408;00000008;00000018;00004902;1;0;0;0;;;0;0;0;;0;;;0;1;0;0;1;5;1;0;0;1;0;0;;;0;0;3;0;1;;4;1;;1;0;1;1;;;1;0;1;;1;0;;;;;0;;0;;;;1;0.6;37;0.027027027027027;7;38.6259425296448;manha
30000022;11000003;1000000738;300000558;2020;9;2;1;1;;00004301;00000005;;;1;0;0;;;;;;0;;;;;0;1;0;0;1;5;1;0;0;1;0;0;;;0;0;3;0;1;;4;1;;1;0;1;1;;;1;0;1;;1;0;;;;;0;;0;;;;1;0.6;37;0.027027027027027;7;38.6259425296448;manha
30000022;11000003;1000000991;300000750;2020;15;2;1;1;;00003807;00000003;00000011;00000229;1;0;1;;;1;0;;;;;;;0;1;0;0;1;5;1;0;0;1;0;0;;;0;0;3;0;1;;4;1;;1;0;1;1;;;1;0;1;;1;0;;;;;0;;0;;;;1;0.6;37;0.027027027027027;7;38.6259425296448;manha
30000023;11000003;1000000092;300000076;2020;13;1;3;1;;00001330;00000005;00000008;;1;0;1;;;;;;;;0;;;0;1;0;0;1;5;1;0;0;1;0;0;;;0;0;3;0;1;;4;1;;1;0;1;1;;;1;0;1;;1;0;;;;;0;;0;;;;1;0.6;37;0.027027027027027;13;19.2604069751687;tarde
30000023;11000003;1000000135;300000111;2020;19;1;0;1;;00004722;00000001;00000020;00000846;1;0;0;;;;0;;;;;;;0;1;1;0;1;5;1;0;0;1;0;0;;;1;0;3;0;1;1;4;1;;1;0;1;1;;;1;0;1;;1;0;;;;;0;;0;;;;1;0.6;37;0.027027027027027;13;19.2604069751687;tarde
30000023;11000003;1000000375;300000299;2020;33;1;3;1;;00002003;00000001;00000020;00001986;2;0;1;;;;;;;;0;;;0;1;0;0;1;5;1;0;0;1;0;0;;;0;0;3;0;1;1;4;1;;1;0;1;1;;;1;0;1;;1;0;;;;;0;;0;;;;1;0.6;37;0.027027027027027;13;19.2604069751687;tarde
30000023;11000003;1000000570;300000431;2020;9;1;0;1;;00000591;00000004;;00003013;1;0;0;;;1;;;;;;;;0;1;0;0;1;5;1;0;0;1;0;0;;;0;0;3;0;1;1;4;1;;1;0;1;1;;;1;0;1;;1;0;;;;;0;;0;;;;1;0.6;37;0.027027027027027;13;19.2604069751687;tarde
30000024;11000003;1000000153;300000126;2020;18;1;1;1;;00004485;00000005;;00001089;1;0;0;;;;;;;0;;;;0;1;0;0;16;5;1;0;0;1;0;0;10;1;1;0;3;0;1;;4;1;;1;0;1;1;;;1;0;1;;1;0;;;;;0;;0;;;;1;0.6;37;0.027027027027027;13;26.0696651590988;tarde
30000024;11000003;1000000285;300000231;2020;17;2;2;1;;00001958;00000002;00000021;00001802;1;0;1;;0;;0;;;;0;;;0;1;0;0;16;5;1;0;0;1;0;0;9;1;0;0;3;0;1;1;4;1;;1;0;1;1;;;1;0;1;;1;0;;;;;0;;0;;;;1;0.6;37;0.027027027027027;13;26.0696651590988;tarde
30000024;11000003;1000000376;300000300;2020;13;2;3;1;;00004764;00000001;00000022;00004489;1;0;1;;;;;;0;;;0;0;0;1;0;0;16;5;1;0;0;1;0;0;5;1;0;0;3;0;1;1;4;1;;1;0;1;1;;;1;0;1;;1;0;;;;;0;;0;;;;1;0.6;37;0.027027027027027;13;26.0696651590988;tarde
30000024;11000003;1000000706;300000534;2020;17;2;0;1;;00001540;00000004;00000008;00003718;1;0;0;0;;;;;;0;;;0;0;1;0;0;16;5;1;0;0;1;0;0;9;1;0;0;3;0;1;1;4;1;;1;0;1;1;;;1;0;1;;1;0;;;;;0;;0;;;;1;0.6;37;0.027027027027027;13;26.0696651590988;tarde
30000024;11000003;1000000755;300000569;2020;14;1;0;1;;00005137;00000002;;00001413;1;0;0;;;1;;;0;0;;;0;0;1;0;0;16;5;1;0;0;1;0;0;6;1;0;0;3;0;1;1;4;1;;1;0;1;1;;;1;0;1;;1;0;;;;;0;;0;;;;1;0.6;37;0.027027027027027;13;26.0696651590988;tarde
30000024;11000003;1000000791;300000599;2020;18;2;3;1;;00005115;00000002;;;1;0;0;;;;;;;;;;;0;1;1;0;16;5;1;0;0;1;0;0;10;1;0;0;3;0;1;;4;1;;1;0;1;1;;;1;0;1;;1;0;;;;;0;;0;;;;1;0.6;37;0.027027027027027;13;26.0696651590988;tarde
30000024;11000003;1000001005;300000760;2020;16;1;1;1;;00004475;00000001;00000014;00002492;1;0;0;;;;;;;;;;;0;1;0;0;16;5;1;0;0;1;0;0;8;1;0;0;2;0;1;;4;1;;1;0;1;1;;;1;0;1;;1;0;;;;;0;;0;;;;1;0.6;37;0.027027027027027;13;26.0696651590988;tarde
30000025;11000003;1000000175;300000144;2020;17;1;1;1;;00000267;00000008;00000024;;1;0;0;;;1;;;;;;;;0;1;0;0;2;1;1;0;0;1;0;0;;;0;0;3;0;1;;4;1;;1;0;1;1;;;1;0;1;;1;0;;;;;0;;0;;;;1;0.6;37;0.027027027027027;7;1.15304943174124;manha
30000025;11000003;1000000255;300000210;2020;20;1;1;1;;00001169;00000007;;00003544;1;0;0;;1;1;;;;0;;;;;1;0;0;2;1;1;0;0;1;0;0;;;0;0;3;0;1;1;4;1;;1;0;1;1;;;1;0;1;;1;0;;;;;0;;0;;;;1;0.6;37;0.027027027027027;7;1.15304943174124;manha
30000025;11000003;1000000444;300000345;2020;14;2;0;1;;00005263;00000006;;00002713;1;0;0;;;;;1;;;;;0;0;1;0;0;2;1;1;0;0;1;0;0;;;0;0;3;0;1;;4;1;;1;0;1;1;;;1;0;1;;1;0;;;;;0;;0;;;;1;0.6;37;0.027027027027027;7;1.15304943174124;manha
30000025;11000003;1000000526;300000399;2020;16;2;3;1;;00004184;00000008;00000011;;2;0;0;0;1;;;;;;;0;0;0;1;0;0;2;1;1;0;0;1;0;0;;;0;0;3;0;1;;4;1;;1;0;1;1;;;1;0;1;;1;0;;;;;0;;0;;;;1;0.6;37;0.027027027027027;7;1.15304943174124;manha
30000025;11000003;1000000821;300000622;2020;9;2;3;1;;00001147;00000001;00000016;00000324;1;0;0;;;;;;;0;;;;0;1;;0;2;1;1;0;0;1;0;0;;;0;1;3;0;1;1;4;1;;1;0;1;1;;;1;0;1;;1;0;;;;;0;;0;;;;1;0.6;37;0.027027027027027;7;1.15304943174124;manha
30000025;11000003;1000000899;300000682;2020;8;2;1;1;;00001235;00000002;00000001;00003808;1;0;0;;;;;;;;0;;;0;1;0;0;2;1;1;0;0;1;0;0;;;1;0;3;1;1;1;4;1;;1;0;1;1;;;1;0;1;;1;0;;;;;0;;0;;;;1;0.6;37;0.027027027027027;7;1.15304943174124;manha
30000025;11000003;1000001147;300000876;2020;15;2;1;1;;00004404;00000004;00000004;00000707;1;0;0;;;;;;;;;;;0;1;0;0;2;1;1;0;0;1;0;0;;;0;0;1;0;1;1;4;1;;1;0;1;1;;;1;0;1;;1;0;;;;;0;;0;;;;1;0.6;37;0.027027027027027;7;1.15304943174124;manha
30000026;11000003;1000000186;300000154;2020;4;1;0;1;;00000342;00000001;00000016;;1;0;0;;;1;;0;;;;;;0;1;0;0;19;5;1;0;0;1;0;0;-7;0;0;0;3;0;1;;4;1;;1;0;1;1;;;1;0;1;;1;0;;;;;0;;0;;;;1;0.6;37;0.027027027027027;12;21.1310295338044;tarde
30000026;11000003;1000000859;300000650;2020;24;2;0;1;;00001693;00000001;;00001322;1;0;0;;;1;;;0;0;;;0;0;1;0;0;19;5;1;0;0;1;0;0;13;1;0;0;3;0;1;1;4;1;;1;0;1;1;;;1;0;1;;1;0;;;;;0;;0;;;;1;0.6;37;0.027027027027027;12;21.1310295338044;tarde
30000026;11000003;1000001064;300000805;2020;10;2;3;1;;00002145;00000003;;;1;0;0;0;;;;0;;;0;0;;0;1;0;0;19;5;1;0;0;1;0;0;-1;0;0;0;2;0;1;;4;1;;1;0;1;1;;;1;0;1;;1;0;;;;;0;;0;;;;1;0.6;37;0.027027027027027;12;21.1310295338044;tarde
30000027;11000003;1000000649;300000487;2020;4;2;3;1;;00005050;00000007;00000020;00001962;1;0;1;;;1;;;;;;;;0;1;0;0;25;5;1;0;0;1;0;0;-11;0;0;0;3;0;1;;4;1;;1;0;1;1;;;1;0;1;;1;0;;;;;0;;0;;;;1;0.6;37;0.027027027027027;7;25.8203285119962;manha
30000027;11000003;1000001254;300000981;2020;12;2;3;1;;00003694;00000005;00000018;;2;0;0;;;;;0;;;;0;;;1;0;0;25;5;1;0;0;1;0;0;-3;0;0;0;0;;0;;4;1;;1;0;1;1;;;1;0;1;;1;0;;;;;0;;0;;;;1;0.6;37;0.027027027027027;7;25.8203285119962;manha
30000027;11000003;1000001260;300000987;2020;50;2;1;1;;00003779;00000008;00000009;00003222;1;0;0;;;1;0;;;0;;;;0;1;0;0;25;5;1;0;0;1;0;0;35;1;0;0;0;;0;;4;1;;1;0;1;1;;;1;0;1;;1;0;;;;;0;;0;;;;1;0.6;37;0.027027027027027;7;25.8203285119962;manha
30000028;11000003;1000000018;300000012;2020;11;1;0;1;;00003353;00000006;;00002109;1;0;0;;;;;;;;;0;;0;1;0;0;19;5;1;0;0;1;0;1;0;0;0;0;3;0;1;;4;1;;1;0;1;1;;;1;0;1;;1;0;;;;;0;;0;;;;1;0.6;37;0.027027027027027;8;26.8053006255068;manha
30000028;11000003;1000000137;300000112;2020;15;2;1;1;;00004213;00000005;00000019;00000898;1;0;0;0;;;;;;;;;;0;1;0;0;19;5;1;0;0;1;0;0;4;1;0;0;3;0;1;1;4;1;;1;0;1;1;;;1;0;1;;1;0;;;;;0;;0;;;;1;0.6;37;0.027027027027027;8;26.8053006255068;manha
30000028;11000003;1000000421;300000329;2020;11;1;0;1;;00000268;00000006;;;1;0;0;0;;;;;;;;;;0;1;0;0;19;5;1;0;0;1;0;0;0;0;0;0;3;0;1;;4;1;;1;0;1;1;;;1;0;1;;1;0;;;;;0;;0;;;;1;0.6;37;0.027027027027027;8;26.8053006255068;manha
30000028;11000003;1000000872;300000660;2020;16;1;1;1;;00002727;00000007;00000004;00004680;1;0;0;;;0;0;;;0;;0;;0;1;0;0;19;5;1;0;0;1;0;0;5;1;0;0;3;0;1;1;4;1;;1;0;1;1;;;1;0;1;;1;0;;;;;0;;0;;;;1;0.6;37;0.027027027027027;8;26.8053006255068;manha
30000029;11000004;1000000035;300000025;2020;6;2;1;1;;00000640;00000008;00000013;;1;0;1;;;;;;;;;;;0;1;0;1;;5;1;0;0;1;0;0;;;1;0;3;0;1;;3;2;;1;;1;0;1;0;0;0;;;;1;1;1;;0;0;1;;;0;;3;0.538461538461538;36;0.0833333333333333;7;6.51379041839391;manha
30000029;11000004;1000000206;300000170;2020;33;1;3;1;;00001824;00000005;;00002532;1;0;0;;;;;;;;;;0;0;1;0;0;;5;1;0;0;1;0;0;;;1;0;3;0;1;;3;2;;1;;1;0;1;0;0;0;;;;1;1;1;;0;0;1;;;0;;3;0.538461538461538;36;0.0833333333333333;7;6.51379041839391;manha
30000029;11000004;1000000215;300000178;2020;6;1;3;1;;00002619;00000005;00000026;00003437;2;0;0;;;;;;;1;;0;0;0;1;0;0;;5;1;0;0;1;0;0;;;0;0;3;0;1;1;3;2;;1;;1;0;1;0;0;0;;;;1;1;1;;0;0;1;;;0;;3;0.538461538461538;36;0.0833333333333333;7;6.51379041839391;manha
30000029;11000004;1000000560;300000421;2020;20;2;3;1;;00003721;00000008;;00004158;2;0;1;0;;;;;;;;0;;0;1;0;0;;5;1;0;0;1;0;0;;;0;0;3;0;1;1;3;2;;1;;1;0;1;0;0;0;;;;1;1;1;;0;0;1;;;0;;3;0.538461538461538;36;0.0833333333333333;7;6.51379041839391;manha
30000029;11000004;1000000809;300000612;2020;10;1;1;1;;00001197;00000004;;00005440;1;0;0;0;;;;;;0;;;;;1;0;0;;5;1;0;0;1;0;0;;;0;0;3;0;1;;3;2;;1;;1;0;1;0;0;0;;;;1;1;1;;0;0;1;;;0;;3;0.538461538461538;36;0.0833333333333333;7;6.51379041839391;manha
30000029;11000004;1000001044;300000789;2020;27;1;1;1;;00004960;00000002;;00003441;1;0;0;;;;;;;;;;;0;1;0;;;5;1;0;0;1;0;0;;;0;0;2;0;1;1;3;2;;1;;1;0;1;0;0;0;;;;1;1;1;;0;0;1;;;0;;3;0.538461538461538;36;0.0833333333333333;7;6.51379041839391;manha
30000029;11000004;1000001255;300000982;2020;17;2;3;1;;00001417;00000008;;00003778;2;0;0;;;0;;0;;;;0;0;0;1;0;1;;5;1;0;0;1;0;0;;;0;0;0;;0;;3;2;;1;;1;0;1;0;0;0;;;;1;1;1;;0;0;1;;;0;;3;0.538461538461538;36;0.0833333333333333;7;6.51379041839391;manha
30000030;11000004;1000000737;300000557;2020;8;2;1;1;;00001563;00000001;;00002315;1;0;0;;;1;;;;;;;;0;1;0;0;19;5;1;0;0;1;0;0;-3;0;0;0;3;0;1;;3;2;;1;;1;0;1;0;0;0;;;;1;1;1;;0;0;1;;;0;;3;0.538461538461538;36;0.0833333333333333;13;31.4425060807262;tarde
30000030;11000004;1000000871;300000659;2020;21;1;1;1;;00003302;00000005;00000020;00001582;1;0;0;;;;;;;0;0;;0;0;1;0;0;19;5;1;0;0;1;0;0;10;1;0;0;3;0;1;;3;2;;1;;1;0;1;0;0;0;;;;1;1;1;;0;0;1;;;0;;3;0.538461538461538;36;0.0833333333333333;13;31.4425060807262;tarde
30000030;11000004;1000000927;300000703;2020;12;1;1;1;;00002598;00000005;00000014;00003088;1;1;0;;;1;0;;0;;0;;;0;1;1;0;19;5;1;0;0;1;0;0;1;0;0;0;3;0;1;;3;2;;1;;1;0;1;0;0;0;;;;1;1;1;;0;0;1;;;0;;3;0.538461538461538;36;0.0833333333333333;13;31.4425060807262;tarde
30000030;11000004;1000001022;300000771;2020;11;2;3;1;;00003030;00000008;00000009;;1;0;0;;;;0;;;;;;;0;1;0;0;19;5;1;0;0;1;0;0;0;0;0;0;2;0;1;;3;2;;1;;1;0;1;0;0;0;;;;1;1;1;;0;0;1;;;0;;3;0.538461538461538;36;0.0833333333333333;13;31.4425060807262;tarde
30000030;11000004;1000001053;300000795;2020;14;1;3;1;;00005117;00000001;00000011;00004407;1;0;0;;;;;;;;;;;0;1;0;0;19;5;1;0;0;1;0;0;3;1;0;1;2;0;1;;3;2;;1;;1;0;1;0;0;0;;;;1;1;1;;0;0;1;;;0;;3;0.538461538461538;36;0.0833333333333333;13;31.4425060807262;tarde
30000031;11000004;1000000790;300000598;2020;21;1;1;1;;00003698;00000005;00000027;;1;0;0;;;;;;;;;;0;0;1;0;0;2;2;1;0;0;1;0;0;;;0;0;3;0;1;;3;2;;1;;1;0;1;0;0;0;;;;1;1;1;;0;0;1;;;0;;3;0.538461538461538;36;0.0833333333333333;8;2.63041806407273;manha
30000032;11000004;1000000131;300000107;2020;19;2;3;1;;00003491;00000003;;00005195;1;0;1;;;;;1;;0;;;;0;1;0;0;;5;1;0;0;1;0;0;;;0;0;3;0;1;1;3;2;;1;;1;0;1;0;0;0;;;;1;1;1;;0;0;1;;;0;;3;0.538461538461538;36;0.0833333333333333;7;33.7035661099944;manha
30000032;11000004;1000000253;300000208;2020;10;2;3;1;;00002428;00000004;00000007;00004552;1;0;0;;;;;0;;;;;;0;1;0;0;;5;1;0;0;1;0;0;;;0;0;3;0;1;1;3;2;;1;;1;0;1;0;0;0;;;;1;1;1;;0;0;1;;;0;;3;0.538461538461538;36;0.0833333333333333;7;33.7035661099944;manha
30000032;11000004;1000000394;300000310;2020;8;2;1;1;;00002231;00000003;00000007;00001986;1;0;1;;;;0;;;;;;;0;1;0;0;;5;1;0;0;1;0;0;;;0;0;3;0;1;1;3;2;;1;;1;0;1;0;0;0;;;;1;1;1;;0;0;1;;;0;;3;0.538461538461538;36;0.0833333333333333;7;33.7035661099944;manha
30000032;11000004;1000000660;300000495;2020;7;1;1;1;;00003751;00000003;;;1;0;0;;;;;0;0;0;;;;0;1;0;0;;5;1;0;0;1;0;0;;;0;0;3;0;1;;3;2;;1;;1;0;1;0;0;0;;;;1;1;1;;0;0;1;;;0;;3;0.538461538461538;36;0.0833333333333333;7;33.7035661099944;manha
30000033;11000004;1000000102;300000085;2020;13;2;0;1;;00003730;00000006;00000017;;1;0;0;;0;;;;0;;;;;0;1;0;0;41;6;1;0;0;1;0;0;-1;0;0;0;3;0;1;;3;2;;1;;1;0;1;0;0;0;;;;1;1;1;;0;0;1;;;0;;3;0.538461538461538;36;0.0833333333333333;12;25.0813788829837;tarde
30000033;11000004;1000000969;300000733;2020;13;1;3;1;;00000849;00000008;00000016;00002557;1;0;1;;;1;;;;;0;;;0;1;0;0;41;6;1;0;0;1;0;1;-1;0;0;0;3;0;1;1;3;2;;1;;1;0;1;0;0;0;;;;1;1;1;;0;0;1;;;0;;3;0.538461538461538;36;0.0833333333333333;12;25.0813788829837;tarde
30000033;11000004;1000001075;300000815;2020;6;1;1;1;;00004887;00000007;00000021;00001347;1;0;0;;;;0;;;0;;;;0;1;0;0;41;6;1;0;0;1;0;0;-8;0;0;0;2;0;1;1;3;2;;1;;1;0;1;0;0;0;;;;1;1;1;;0;0;1;;;0;;3;0.538461538461538;36;0.0833333333333333;12;25.0813788829837;tarde
30000033;11000004;1000001131;300000862;2020;10;1;3;1;;00003817;00000002;;00000411;2;0;0;;;;;1;;;;;;0;1;0;0;41;6;1;0;0;1;0;1;-4;0;0;0;1;0;1;;3;2;;1;;1;0;1;0;0;0;;;;1;1;1;;0;0;1;;;0;;3;0.538461538461538;36;0.0833333333333333;12;25.0813788829837;tarde
30000034;11000004;1000000044;300000032;2020;18;2;3;1;;00000575;00000002;;;1;0;0;;;;;;;;;;;0;1;0;0;27;5;1;0;0;1;0;1;1;0;0;0;3;0;1;;3;2;;1;;1;0;1;0;0;0;;;;1;1;1;;0;0;1;;;0;;3;0.538461538461538;36;0.0833333333333333;7;14.856212743558;manha
30000034;11000004;1000000420;300000328;2020;15;1;1;1;;00000033;00000005;00000025;00004114;1;0;1;;;1;;;;;;;;0;1;0;0;27;5;1;0;0;1;0;1;-2;0;0;0;3;0;1;;3;2;;1;;1;0;1;0;0;0;;;;1;1;1;;0;0;1;;;0;;3;0.538461538461538;36;0.0833333333333333;7;14.856212743558;manha
30000034;11000004;1000000469;300000362;2020;21;2;0;1;;00003999;00000004;;;1;0;1;;;0;;;0;;;;;0;1;0;0;27;5;1;0;0;1;0;0;4;1;0;0;3;0;1;;3;2;;1;;1;0;1;0;0;0;;;;1;1;1;;0;0;1;;;0;;3;0.538461538461538;36;0.0833333333333333;7;14.856212743558;manha
30000034;11000004;1000000923;300000699;2020;15;2;0;1;;00005416;00000006;00000008;00003073;1;0;0;0;;;;;0;;;;;0;1;0;0;27;5;1;0;1;1;0;;-2;0;0;0;3;0;1;;3;2;;1;;1;0;1;0;0;0;;;;1;1;1;;0;0;1;;;0;;3;0.538461538461538;36;0.0833333333333333;7;14.856212743558;manha
30000034;11000004;1000001196;300000923;2020;15;2;1;1;;;00000001;00000021;00000232;1;0;1;;0;0;;;;;0;;;0;1;0;0;27;5;1;0;1;1;0;;-2;0;0;0;0;;0;;3;2;;1;;1;0;1;0;0;0;;;;1;1;1;;0;0;1;;;0;;3;0.538461538461538;36;0.0833333333333333;7;14.856212743558;manha
30000035;11000004;1000000005;300000004;2020;10;2;1;1;;00001370;00000005;;;1;0;0;;;;;0;;;;;;0;1;0;0;;5;1;0;0;1;0;0;;;0;0;3;0;1;;3;2;;1;;1;0;1;0;0;0;;;;1;1;1;;0;0;1;;;0;;3;0.538461538461538;36;0.0833333333333333;7;25.1939144517528;manha
30000035;11000004;1000000349;300000279;2020;22;2;1;1;;00004272;00000005;;00005154;1;0;1;;;;;0;;0;;;;0;1;0;0;;5;1;0;0;1;0;0;;;1;0;3;1;1;1;3;2;;1;;1;0;1;0;0;0;;;;1;1;1;;0;0;1;;;0;;3;0.538461538461538;36;0.0833333333333333;7;25.1939144517528;manha
30000035;11000004;1000000811;300000614;2020;4;1;0;1;;00004024;00000007;00000017;;2;0;0;;;;;;;;0;;;0;1;0;0;;5;1;0;0;1;0;0;;;1;0;3;0;1;;3;2;;1;;1;0;1;0;0;0;;;;1;1;1;;0;0;1;;;0;;3;0.538461538461538;36;0.0833333333333333;7;25.1939144517528;manha
30000035;11000004;1000000830;300000629;2020;13;1;3;1;;00005143;00000003;;00003483;2;0;0;;0;;0;;;;;;0;0;1;0;0;;5;1;0;0;1;0;1;;;0;0;3;0;1;1;3;2;;1;;1;0;1;0;0;0;;;;1;1;1;;0;0;1;;;0;;3;0.538461538461538;36;0.0833333333333333;7;25.1939144517528;manha
30000035;11000004;1000001229;300000956;2020;4;1;0;1;;00005220;00000003;;00005246;1;1;0;;;;0;;;;;;;0;1;;0;;5;1;0;0;1;0;0;;;0;0;0;;0;;3;2;;1;;1;0;1;0;0;0;;;;1;1;1;;0;0;1;;;0;;3;0.538461538461538;36;0.0833333333333333;7;25.1939144517528;manha
30000035;11000004;1000001234;300000961;2020;7;2;1;1;;00000368;00000004;00000017;;1;0;0;;0;;;;;0;0;0;;0;1;1;0;;5;1;0;0;1;0;0;;;0;0;0;;0;;3;2;;1;;1;0;1;0;0;0;;;;1;1;1;;0;0;1;;;0;;3;0.538461538461538;36;0.0833333333333333;7;25.1939144517528;manha
30000036;11000005;1000000261;300000214;2020;15;2;0;1;;00002830;00000008;00000007;00002166;1;0;0;;;;;;;;;;;0;1;0;0;69;5;1;0;0;1;0;0;;;0;0;3;0;1;1;4;1;;1;0;1;1;1;;1;0;;;1;0;;0;;;1;1;;;;0;1;0.666666666666667;38;0.0263157894736842;13;10.1233133256901;tarde
30000036;11000005;1000000367;300000292;2020;4;2;1;1;;00004453;00000006;;00005367;1;0;0;0;;1;;;0;;0;;0;0;1;0;0;69;5;1;0;0;1;0;0;;;0;0;3;0;1;;4;1;;1;0;1;1;1;;1;0;;;1;0;;0;;;1;1;;;;0;1;0.666666666666667;38;0.0263157894736842;13;10.1233133256901;tarde
30000036;11000005;1000000372;300000297;2020;7;1;0;1;;00004768;00000006;00000012;00000986;1;0;0;;;;;0;;0;;;0;0;1;0;0;69;5;1;0;0;1;0;0;;;0;0;3;0;1;1;4;1;;1;0;1;1;1;;1;0;;;1;0;;0;;;1;1;;;;0;1;0.666666666666667;38;0.0263157894736842;13;10.1233133256901;tarde
30000036;11000005;1000000610;300000458;2020;11;1;1;1;;00002716;00000003;00000011;00005454;1;0;0;;;;;0;;0;;;;0;1;0;0;69;5;1;0;0;1;0;0;;;1;0;3;1;1;1;4;1;;1;0;1;1;1;;1;0;;;1;0;;0;;;1;1;;;;0;1;0.666666666666667;38;0.0263157894736842;13;10.1233133256901;tarde
30000037;11000005;1000000409;300000321;2020;18;1;3;1;;00001274;00000007;00000003;00000780;1;0;1;0;;1;;;;;;;;0;1;0;0;;5;1;0;0;1;0;0;;;1;0;3;1;1;1;4;1;;1;0;1;1;1;;1;0;;;1;0;;0;;;1;1;;;;0;1;0.666666666666667;38;0.0263157894736842;7;20.6657633862924;manha
30000037;11000005;1000000458;300000355;2020;5;1;0;1;;00001267;00000005;00000026;00000530;1;0;0;0;;;0;;;;;;;0;1;0;0;;5;1;0;0;1;0;0;;;0;0;3;0;1;1;4;1;;1;0;1;1;1;;1;0;;;1;0;;0;;;1;1;;;;0;1;0.666666666666667;38;0.0263157894736842;7;20.6657633862924;manha
30000037;11000005;1000000501;300000381;2020;17;2;3;1;;00000152;00000003;;;1;0;0;;;1;;0;;;;;0;0;1;0;0;;5;1;0;0;1;0;0;;;0;0;3;0;1;;4;1;;1;0;1;1;1;;1;0;;;1;0;;0;;;1;1;;;;0;1;0.666666666666667;38;0.0263157894736842;7;20.6657633862924;manha
30000037;11000005;1000001106;300000841;2020;36;2;3;1;;00002565;00000007;00000004;00002609;1;0;0;;0;;;;;;;;0;0;1;0;0;;5;1;0;0;1;0;0;;;0;0;1;0;1;1;4;1;;1;0;1;1;1;;1;0;;;1;0;;0;;;1;1;;;;0;1;0.666666666666667;38;0.0263157894736842;7;20.6657633862924;manha
30000037;11000005;1000001213;300000940;2020;16;2;0;1;;00003031;00000003;00000014;00001289;1;0;0;;;1;;;;;;;;0;1;0;0;;5;1;0;0;1;0;0;;;0;0;0;;0;;4;1;;1;0;1;1;1;;1;0;;;1;0;;0;;;1;1;;;;0;1;0.666666666666667;38;0.0263157894736842;7;20.6657633862924;manha
30000038;11000005;1000000053;300000041;2020;20;1;0;1;;00005153;00000006;00000007;00001184;1;0;1;;;;;;;0;0;;0;0;1;0;0;1;5;1;0;0;1;0;0;;;1;0;3;0;1;1;4;1;;1;0;1;1;1;;1;0;;;1;0;;0;;;1;1;;;;0;1;0.666666666666667;38;0.0263157894736842;7;28.2054199280683;manha
30000038;11000005;1000000208;300000172;2020;13;2;3;1;;00000434;00000006;;;1;0;0;;0;;;;;;;;;0;1;0;0;1;5;1;0;0;1;0;0;;;0;0;3;0;1;;4;1;;1;0;1;1;1;;1;0;;;1;0;;0;;;1;1;;;;0;1;0.666666666666667;38;0.0263157894736842;7;28.2054199280683;manha
30000038;11000005;1000000448;300000348;2020;9;1;3;1;;00002314;00000003;;;1;0;1;;;;;;;0;;;;;1;0;0;1;5;1;0;0;1;0;1;;;0;0;3;0;1;;4;1;;1;0;1;1;1;;1;0;;;1;0;;0;;;1;1;;;;0;1;0.666666666666667;38;0.0263157894736842;7;28.2054199280683;manha
30000038;11000005;1000000875;300000662;2020;8;2;3;1;;00005251;00000003;;00001822;1;1;1;0;;;;;;0;0;0;;0;1;0;0;1;5;1;0;0;1;0;0;;;0;0;3;0;1;1;4;1;;1;0;1;1;1;;1;0;;;1;0;;0;;;1;1;;;;0;1;0.666666666666667;38;0.0263157894736842;7;28.2054199280683;manha
30000038;11000005;1000000955;300000724;2020;9;2;0;1;;00002871;00000005;00000011;;1;0;1;;0;;;;;;;;;0;1;0;0;1;5;1;0;0;1;0;0;;;0;0;3;0;1;;4;1;;1;0;1;1;1;;1;0;;;1;0;;0;;;1;1;;;;0;1;0.666666666666667;38;0.0263157894736842;7;28.2054199280683;manha
30000038;11000005;1000001171;300000898;2020;13;2;3;1;;00005473;00000008;00000005;00002215;1;0;0;;;;;1;;;;;;0;1;0;0;1;5;1;0;0;1;0;0;;;0;0;1;0;1;1;4;1;;1;0;1;1;1;;1;0;;;1;0;;0;;;1;1;;;;0;1;0.666666666666667;38;0.0263157894736842;7;28.2054199280683;manha
30000039;11000005;1000000011;300000010;2020;8;2;3;1;;00002134;00000004;;;1;0;0;;;;;;;;;;;0;1;0;0;;5;1;0;0;1;0;0;;;1;1;3;0;1;;4;1;;1;0;1;1;1;;1;0;;;1;0;;0;;;1;1;;;;0;1;0.666666666666667;38;0.0263157894736842;13;41.5388272497803;tarde
30000039;11000005;1000000920;300000698;2020;20;2;1;1;;00003840;00000005;00000015;00001726;1;0;0;;0;;;;;;;;0;0;1;1;0;;5;1;0;0;1;0;0;;;0;1;3;0;1;1;4;1;;1;0;1;1;1;;1;0;;;1;0;;0;;;1;1;;;;0;1;0.666666666666667;38;0.0263157894736842;13;41.5388272497803;tarde
30000039;11000005;1000001125;300000858;2020;4;1;3;1;;00002879;00000006;00000014;;1;0;1;;;;;;;;;;;0;1;0;0;;5;1;0;0;1;0;0;;;0;0;1;0;1;;4;1;;1;0;1;1;1;;1;0;;;1;0;;0;;;1;1;;;;0;1;0.666666666666667;38;0.0263157894736842;13;41.5388272497803;tarde
30000039;11000005;1000001174;300000901;2020;6;1;3;1;;00001878;00000006;;;1;0;0;;0;;0;;;;;;;0;1;0;0;;5;1;0;0;1;0;0;;;0;0;1;0;1;;4;1;;1;0;1;1;1;;1;0;;;1;0;;0;;;1;1;;;;0;1;0.666666666666667;38;0.0263157894736842;13;41.5388272497803;tarde
30000039;11000005;1000001233;300000960;2020;4;1;1;1;;00003463;00000001;;00001463;1;0;1;;;;;;0;0;;;;0;1;0;0;;5;1;0;0;1;0;1;;;0;0;0;;0;;4;1;;1;0;1;1;1;;1;0;;;1;0;;0;;;1;1;;;;0;1;0.666666666666667;38;0.0263157894736842;13;41.5388272497803;tarde
30000040;11000005;1000000321;300000258;2020;18;1;3;1;;00002245;00000004;;00001687;1;0;0;;;;;;;;;;;0;1;0;0;27;5;1;0;0;1;0;0;1;0;0;0;3;0;1;;4;1;;1;0;1;1;1;;1;0;;;1;0;;0;;;1;1;;;;0;1;0.666666666666667;38;0.0263157894736842;7;4.55714797135443;manha
30000040;11000005;1000000836;300000633;2020;14;2;1;1;;00003762;00000008;00000020;;1;0;0;0;;;;;;;;;;0;1;0;0;27;5;1;0;0;1;0;0;-3;0;0;0;3;0;1;;4;1;;1;0;1;1;1;;1;0;;;1;0;;0;;;1;1;;;;0;1;0.666666666666667;38;0.0263157894736842;7;4.55714797135443;manha
30000040;11000005;1000001096;300000832;2020;17;1;0;1;;00003809;00000001;00000006;;1;0;0;;0;;;;;;;;;0;1;0;0;27;5;1;0;0;1;0;1;0;0;0;0;2;0;1;;4;1;;1;0;1;1;1;;1;0;;;1;0;;0;;;1;1;;;;0;1;0.666666666666667;38;0.0263157894736842;7;4.55714797135443;manha
30000040;11000005;1000001267;300000994;2020;7;2;1;1;;00002983;00000004;00000010;00003398;1;1;1;0;0;;;;;;;;;0;1;0;0;27;5;1;0;0;1;0;0;-10;0;0;0;0;;0;;4;1;;1;0;1;1;1;;1;0;;;1;0;;0;;;1;1;;;;0;1;0.666666666666667;38;0.0263157894736842;7;4.55714797135443;manha
30000041;11000005;1000000360;300000286;2020;19;2;3;1;;00003283;00000005;00000026;00003216;1;0;0;;;;;0;0;;;;;0;1;0;0;1;5;1;0;0;1;0;0;;;0;0;3;0;1;1;4;1;;1;0;1;1;1;;1;0;;;1;0;;0;;;1;1;;;;0;1;0.666666666666667;38;0.0263157894736842;13;26.2836852817563;tarde
30000041;11000005;1000001043;300000788;2020;9;1;3;1;;00003253;00000003;00000002;00000899;1;0;0;;;;;0;;0;;0;;0;1;0;;1;5;1;0;0;1;0;0;;;0;0;2;0;1;;4;1;;1;0;1;1;1;;1;0;;;1;0;;0;;;1;1;;;;0;1;0.666666666666667;38;0.0263157894736842;13;26.2836852817563;tarde
30000041;11000005;1000001193;300000920;2020;10;2;1;1;;00001714;00000004;;00003248;1;0;1;0;0;1;;;1;;;;0;0;1;0;0;1;5;1;0;0;1;0;0;;;0;0;0;;0;;4;1;;1;0;1;1;1;;1;0;;;1;0;;0;;;1;1;;;;0;1;0.666666666666667;38;0.0263157894736842;13;26.2836852817563;tarde
30000042;11000005;1000000106;300000088;2020;7;1;1;1;;00003553;00000001;00000019;00000922;1;0;0;;;1;;;;;;;;0;1;0;0;15;5;1;0;0;1;0;0;0;0;0;0;3;0;1;;4;1;;1;0;1;1;1;;1;0;;;1;0;;0;;;1;1;;;;0;1;0.666666666666667;38;0.0263157894736842;7;9.7791557458695;manha
30000042;11000005;1000000355;300000283;2020;11;1;1;1;;00000573;00000001;00000015;;2;0;0;;;;;;;;;;;0;1;0;0;15;5;1;0;0;1;0;0;4;1;0;0;3;0;1;;4;1;;1;0;1;1;1;;1;0;;;1;0;;0;;;1;1;;;;0;1;0.666666666666667;38;0.0263157894736842;7;9.7791557458695;manha
30000042;11000005;1000000516;300000392;2020;17;2;1;1;;00003995;00000002;00000019;;1;0;0;;;;;;;;0;;;0;1;0;0;15;5;1;0;0;1;0;0;10;1;0;1;3;0;1;;4;1;;1;0;1;1;1;;1;0;;;1;0;;0;;;1;1;;;;0;1;0.666666666666667;38;0.0263157894736842;7;9.7791557458695;manha
30000042;11000005;1000000750;300000566;2020;13;2;1;1;;00004402;00000003;00000020;;1;0;0;;;0;;;;;;;;0;1;0;0;15;5;1;0;0;1;0;0;6;1;0;0;3;0;1;;4;1;;1;0;1;1;1;;1;0;;;1;0;;0;;;1;1;;;;0;1;0.666666666666667;38;0.0263157894736842;7;9.7791557458695;manha
30000042;11000005;1000000777;300000585;2020;5;1;1;1;;00001740;00000001;;00000746;1;0;0;;;;0;;0;;;0;;0;1;0;0;15;5;1;0;0;1;0;0;-2;0;0;0;3;0;1;1;4;1;;1;0;1;1;1;;1;0;;;1;0;;0;;;1;1;;;;0;1;0.666666666666667;38;0.0263157894736842;7;9.7791557458695;manha
30000042;11000005;1000000892;300000677;2020;9;1;1;1;;00001664;00000007;;;1;0;0;;1;;;;;;;0;;0;1;0;0;15;5;1;0;0;1;0;0;2;1;0;0;3;0;1;;4;1;;1;0;1;1;1;;1;0;;;1;0;;0;;;1;1;;;;0;1;0.666666666666667;38;0.0263157894736842;7;9.7791557458695;manha
30000042;11000005;1000000930;300000706;2020;11;2;5;1;;00000701;00000004;;;1;0;0;;;;;;;0;;;;0;1;0;0;15;5;1;0;0;1;0;0;4;1;0;1;3;0;1;;4;1;;1;0;1;1;1;;1;0;;;1;0;;0;;;1;1;;;;0;1;0.666666666666667;38;0.0263157894736842;7;9.7791557458695;manha
30000043;11000006;1000000140;300000115;2020;17;1;3;1;;00002168;00000001;00000009;00000834;1;0;0;;;;;;;;;;;0;1;0;0;27;6;1;0;1;1;0;;0;0;0;0;3;0;1;;3;2;1;1;0;;1;;0;0;0;1;0;1;1;1;1;;1;0;;0;0;;;2;0.571428571428571;25;0.08;13;2.09100381704047;tarde
30000043;11000006;1000000403;300000316;2020;18;1;0;1;;00003625;00000002;00000009;00001570;1;0;0;;;;;;;;;;;0;1;0;0;27;6;1;0;0;1;0;1;1;0;0;0;3;0;1;1;3;2;1;1;0;;1;;0;0;0;1;0;1;1;1;1;;1;0;;0;0;;;2;0.571428571428571;25;0.08;13;2.09100381704047;tarde
30000043;11000006;1000000788;300000596;2020;18;1;3;1;;00002216;00000004;00000014;00001517;1;0;0;;;1;;0;0;0;;;;0;1;0;0;27;6;1;0;1;1;0;;1;0;0;0;3;0;1;1;3;2;1;1;0;;1;;0;0;0;1;0;1;1;1;1;;1;0;;0;0;;;2;0.571428571428571;25;0.08;13;2.09100381704047;tarde
30000043;11000006;1000001173;300000900;2020;14;2;1;1;;00003377;00000005;00000016;00002452;1;0;0;;;;0;;;;;;;0;1;0;0;27;6;1;0;0;1;0;0;-3;0;0;0;1;0;1;1;3;2;1;1;0;;1;;0;0;0;1;0;1;1;1;1;;1;0;;0;0;;;2;0.571428571428571;25;0.08;13;2.09100381704047;tarde
30000044;11000006;1000000926;300000702;2020;17;1;3;1;;00001834;00000008;00000002;;2;0;1;0;;1;;0;;0;;;;0;1;0;0;;5;1;0;0;1;0;0;;;1;0;3;1;1;;3;2;1;1;0;;1;;0;0;0;1;0;1;1;1;1;;1;0;;0;0;;;2;0.571428571428571;25;0.08;7;17.2038399651647;manha
30000044;11000006;1000001110;300000845;2020;12;1;3;1;;00002966;00000003;;00002879;1;0;0;;;;0;;;;;;;0;1;0;0;;5;1;0;0;1;0;0;;;0;0;1;0;1;1;3;2;1;1;0;;1;;0;0;0;1;0;1;1;1;1;;1;0;;0;0;;;2;0.571428571428571;25;0.08;7;17.2038399651647;manha
30000045;11000006;1000000017;300000011;2020;15;1;0;1;;00000810;00000004;;00000110;1;0;0;;;;;0;;;0;;;0;1;0;0;1;5;1;0;0;1;0;0;;;0;0;3;0;1;1;3;2;1;1;0;;1;;0;0;0;1;0;1;1;1;1;;1;0;;0;0;;;2;0.571428571428571;25;0.08;13;15.5309698511846;tarde
30000045;11000006;1000000430;300000337;2020;10;2;1;1;;00002511;00000004;;;1;0;1;0;;;0;1;;;;;0;0;1;0;0;1;5;1;0;0;1;0;0;;;0;0;3;0;1;;3;2;1;1;0;;1;;0;0;0;1;0;1;1;1;1;;1;0;;0;0;;;2;0.571428571428571;25;0.08;13;15.5309698511846;tarde
30000045;11000006;1000000744;300000562;2020;5;1;3;1;;00002273;00000006;;00000026;1;0;0;;0;1;;;;;;;;0;1;;0;1;5;1;0;0;1;0;0;;;0;1;3;0;1;1;3;2;1;1;0;;1;;0;0;0;1;0;1;1;1;1;;1;0;;0;0;;;2;0.571428571428571;25;0.08;13;15.5309698511846;tarde
30000045;11000006;1000001105;300000840;2020;18;2;3;1;;00002210;00000005;00000014;00002231;1;0;0;;;;;;;;;;;0;1;0;0;1;5;1;0;0;1;0;0;;;0;0;1;0;1;1;3;2;1;1;0;;1;;0;0;0;1;0;1;1;1;1;;1;0;;0;0;;;2;0.571428571428571;25;0.08;13;15.5309698511846;tarde
30000046;11000006;1000000280;300000229;2020;11;2;3;1;;00001740;00000004;00000021;;2;0;0;;;;;;;;0;;0;0;1;0;0;;5;1;0;0;1;0;0;;;0;0;3;0;1;;3;2;1;1;0;;1;;0;0;0;1;0;1;1;1;1;;1;0;;0;0;;;2;0.571428571428571;25;0.08;13;29.2026802073233;tarde
30000046;11000006;1000000759;300000572;2020;25;1;3;1;;00005117;00000008;00000010;00001907;1;0;0;0;0;1;;;0;;0;;;0;1;1;0;;5;1;0;0;1;0;0;;;0;0;3;0;1;1;3;2;1;1;0;;1;;0;0;0;1;0;1;1;1;1;;1;0;;0;0;;;2;0.571428571428571;25;0.08;13;29.2026802073233;tarde
30000046;11000006;1000000851;300000644;2020;7;2;1;1;;00002009;00000006;;;1;0;0;;;;;;;;0;;0;0;1;0;0;;5;1;0;0;1;0;0;;;0;1;3;0;1;;3;2;1;1;0;;1;;0;0;0;1;0;1;1;1;1;;1;0;;0;0;;;2;0.571428571428571;25;0.08;13;29.2026802073233;tarde
30000046;11000006;1000001082;300000821;2020;9;1;2;1;;00004266;00000004;;00001298;1;0;0;;;;;;;;;;;;1;0;0;;5;1;0;0;1;0;0;;;0;0;2;0;1;1;3;2;1;1;0;;1;;0;0;0;1;0;1;1;1;1;;1;0;;0;0;;;2;0.571428571428571;25;0.08;13;29.2026802073233;tarde
30000046;11000006;1000001115;300000849;2020;10;1;0;1;;00002595;00000002;00000013;00000434;1;0;0;;;1;;0;;;;;;0;1;1;1;;5;1;0;0;1;0;0;;;0;0;1;0;1;;3;2;1;1;0;;1;;0;0;0;1;0;1;1;1;1;;1;0;;0;0;;;2;0.571428571428571;25;0.08;13;29.2026802073233;tarde
30000046;11000006;1000001210;300000937;2020;11;1;1;1;;00005418;00000002;00000027;00005307;1;0;0;;;1;0;;;0;;;;0;1;0;0;;5;1;0;0;1;0;0;;;0;0;0;;0;;3;2;1;1;0;;1;;0;0;0;1;0;1;1;1;1;;1;0;;0;0;;;2;0.571428571428571;25;0.08;13;29.2026802073233;tarde
30000047;11000006;1000000314;300000252;2020;13;2;3;1;;00003568;00000001;00000025;00000545;1;0;0;0;;;;;;;;;;0;1;0;0;21;5;1;0;0;1;0;0;0;0;0;1;3;0;1;1;3;2;1;1;0;;1;;0;0;0;1;0;1;1;1;1;;1;0;;0;0;;;2;0.571428571428571;25;0.08;7;31.4766731860582;manha
30000047;11000006;1000000642;300000481;2020;19;1;1;1;;00001881;00000005;;;1;0;0;;;1;;;;;;;;0;1;0;0;21;5;1;0;0;1;0;0;6;1;0;1;3;0;1;;3;2;1;1;0;;1;;0;0;0;1;0;1;1;1;1;;1;0;;0;0;;;2;0.571428571428571;25;0.08;7;31.4766731860582;manha
30000047;11000006;1000000669;300000504;2020;14;2;3;1;;00002272;00000008;;00001782;1;0;0;;;;0;;;;0;0;0;0;1;0;0;21;5;1;0;0;1;0;0;1;0;0;1;3;0;1;;3;2;1;1;0;;1;;0;0;0;1;0;1;1;1;1;;1;0;;0;0;;;2;0.571428571428571;25;0.08;7;31.4766731860582;manha
30000047;11000006;1000000800;300000606;2020;22;2;0;1;;00002536;00000002;00000026;00005055;1;0;0;;;;;;;;;;;0;1;0;0;21;5;1;0;0;1;0;0;9;1;0;0;3;0;1;1;3;2;1;1;0;;1;;0;0;0;1;0;1;1;1;1;;1;0;;0;0;;;2;0.571428571428571;25;0.08;7;31.4766731860582;manha
30000047;11000006;1000000879;300000666;2020;19;1;1;1;;00000240;00000004;;;2;0;0;;;;0;;;;;;0;0;1;0;0;21;5;1;0;0;1;0;1;6;1;2;0;3;1;1;;3;2;1;1;0;;1;;0;0;0;1;0;1;1;1;1;;1;0;;0;0;;;2;0.571428571428571;25;0.08;7;31.4766731860582;manha
30000048;11000006;1000000197;300000162;2020;15;1;3;1;;00004854;00000007;00000027;00000625;1;0;0;;;;;;;;;0;0;0;1;;0;15;5;1;0;0;1;0;0;8;1;0;0;3;0;1;1;3;2;1;1;0;;1;;0;0;0;1;0;1;1;1;1;;1;0;;0;0;;;2;0.571428571428571;25;0.08;19;21.5435049755033;noite
30000048;11000006;1000000383;300000306;2020;14;1;3;1;;00004833;00000004;;;1;0;0;;;0;0;;;;;;;;1;0;0;15;5;1;0;0;1;0;0;7;1;0;0;3;0;1;;3;2;1;1;0;;1;;0;0;0;1;0;1;1;1;1;;1;0;;0;0;;;2;0.571428571428571;25;0.08;19;21.5435049755033;noite
30000049;11000006;1000000339;300000272;2020;14;2;3;1;;00003051;00000001;00000005;00003500;1;0;1;;0;;;;;;;;;0;1;0;0;15;5;1;0;0;1;0;0;7;1;0;0;3;0;1;1;3;2;1;1;0;;1;;0;0;0;1;0;1;1;1;1;;1;0;;0;0;;;2;0.571428571428571;25;0.08;7;20.7018694656435;manha
30000049;11000006;1000000552;300000417;2020;8;1;3;1;;00003187;00000007;00000024;00001250;2;0;0;0;;;;;;;0;;;0;1;0;0;15;5;1;0;0;1;0;0;1;0;0;0;3;0;1;;3;2;1;1;0;;1;;0;0;0;1;0;1;1;1;1;;1;0;;0;0;;;2;0.571428571428571;25;0.08;7;20.7018694656435;manha
30000050;11000007;1000000057;300000045;2020;17;2;3;1;;00005160;00000003;00000010;00000906;1;0;0;;;;;;;;;;;0;1;0;0;25;5;1;0;0;1;0;0;2;1;0;0;3;0;1;;4;2;;1;0;;1;1;;1;;0;0;;1;;1;;0;1;1;;0;1;0;;0.666666666666667;37;0.027027027027027;13;14.5934575204738;tarde
30000050;11000007;1000000226;300000186;2020;14;2;1;1;;00004704;00000006;;00003890;1;0;1;0;;0;;;;;0;0;0;0;1;0;0;25;5;1;0;0;1;0;0;-1;0;0;1;3;0;1;1;4;2;;1;0;;1;1;;1;;0;0;;1;;1;;0;1;1;;0;1;0;;0.666666666666667;37;0.027027027027027;13;14.5934575204738;tarde
30000050;11000007;1000000272;300000221;2020;11;1;3;1;;00001016;00000001;00000027;00001063;2;0;0;;;;0;;;;;;;0;1;0;0;25;5;1;0;0;1;0;0;-4;0;0;0;3;0;1;;4;2;;1;0;;1;1;;1;;0;0;;1;;1;;0;1;1;;0;1;0;;0.666666666666667;37;0.027027027027027;13;14.5934575204738;tarde
30000050;11000007;1000000571;300000432;2020;13;2;3;1;;00004121;00000008;00000020;00001538;1;0;0;0;;;0;;;;;;0;0;1;1;0;25;5;1;0;0;1;0;0;-2;0;0;0;3;0;1;;4;2;;1;0;;1;1;;1;;0;0;;1;;1;;0;1;1;;0;1;0;;0.666666666666667;37;0.027027027027027;13;14.5934575204738;tarde
30000050;11000007;1000000816;300000618;2020;23;1;3;1;;00003222;00000003;00000020;;2;0;0;;;1;;;;;;;;0;1;0;0;25;5;1;0;0;1;0;0;8;1;0;0;3;0;1;;4;2;;1;0;;1;1;;1;;0;0;;1;;1;;0;1;1;;0;1;0;;0.666666666666667;37;0.027027027027027;13;14.5934575204738;tarde
30000050;11000007;1000000978;300000742;2020;8;2;0;1;;00003799;00000004;;00001109;1;0;0;;;1;;0;0;;;0;;0;1;0;;25;5;1;0;0;1;0;0;-7;0;0;0;3;0;1;1;4;2;;1;0;;1;1;;1;;0;0;;1;;1;;0;1;1;;0;1;0;;0.666666666666667;37;0.027027027027027;13;14.5934575204738;tarde
30000050;11000007;1000001122;300000856;2020;4;1;3;1;;00000487;00000007;00000011;00001857;1;0;1;;;;0;;;;0;;;0;1;0;0;25;5;1;0;0;1;0;0;-11;0;0;0;1;0;1;1;4;2;;1;0;;1;1;;1;;0;0;;1;;1;;0;1;1;;0;1;0;;0.666666666666667;37;0.027027027027027;13;14.5934575204738;tarde
30000050;11000007;1000001206;300000933;2020;10;1;3;1;;00003176;00000007;00000015;;2;0;0;;;;;;0;0;;;;0;1;0;0;25;5;1;0;0;1;0;0;-5;0;0;0;0;;0;;4;2;;1;0;;1;1;;1;;0;0;;1;;1;;0;1;1;;0;1;0;;0.666666666666667;37;0.027027027027027;13;14.5934575204738;tarde
30000051;11000007;1000000039;300000029;2020;19;1;1;1;;00005332;00000007;00000022;00004151;1;0;0;;;0;;;;;0;;0;0;1;;0;19;5;1;0;0;1;0;0;8;1;0;0;3;0;1;1;4;2;;1;0;;1;1;;1;;0;0;;1;;1;;0;1;1;;0;1;0;;0.666666666666667;37;0.027027027027027;7;26.3211534890579;manha
30000051;11000007;1000000093;300000077;2020;23;1;3;1;;00005541;00000005;;00000304;1;0;0;;;;;;;;;;;0;1;0;0;19;5;1;0;0;1;0;0;12;1;0;0;3;0;1;;4;2;;1;0;;1;1;;1;;0;0;;1;;1;;0;1;1;;0;1;0;;0.666666666666667;37;0.027027027027027;7;26.3211534890579;manha
30000051;11000007;1000000715;300000542;2020;7;1;1;1;;00002053;00000006;;00000958;1;0;0;0;;;;;;;;;;0;1;0;0;19;5;1;0;0;1;0;0;-4;0;0;0;3;0;1;;4;2;;1;0;;1;1;;1;;0;0;;1;;1;;0;1;1;;0;1;0;;0.666666666666667;37;0.027027027027027;7;26.3211534890579;manha
30000051;11000007;1000001057;300000799;2020;10;2;0;1;;00001372;00000008;00000020;00002357;2;0;0;;;;;;0;;;;0;0;1;0;0;19;5;1;0;0;1;0;0;-1;0;0;0;2;0;1;;4;2;;1;0;;1;1;;1;;0;0;;1;;1;;0;1;1;;0;1;0;;0.666666666666667;37;0.027027027027027;7;26.3211534890579;manha
30000051;11000007;1000001108;300000843;2020;17;2;0;1;;00003621;00000002;;;1;0;0;;;1;;;0;0;;;;0;1;0;0;19;5;1;0;0;1;0;0;6;1;0;0;1;0;1;;4;2;;1;0;;1;1;;1;;0;0;;1;;1;;0;1;1;;0;1;0;;0.666666666666667;37;0.027027027027027;7;26.3211534890579;manha
30000051;11000007;1000001175;300000902;2020;4;2;3;1;;00002065;00000001;00000006;;1;0;1;;;;;0;0;;;;;0;1;0;0;19;5;1;0;0;1;0;0;-7;0;0;0;1;0;1;;4;2;;1;0;;1;1;;1;;0;0;;1;;1;;0;1;1;;0;1;0;;0.666666666666667;37;0.027027027027027;7;26.3211534890579;manha
30000052;11000007;1000000422;300000330;2020;38;1;3;1;;00005396;00000001;00000009;;2;0;0;;;;;;;;;;0;0;1;0;0;41;5;1;0;0;1;0;0;24;1;0;0;3;0;1;;4;2;;1;0;;1;1;;1;;0;0;;1;;1;;0;1;1;;0;1;0;;0.666666666666667;37;0.027027027027027;12;14.1817484891508;tarde
30000052;11000007;1000000541;300000410;2020;30;2;3;1;;00002405;00000005;;00005209;1;0;0;0;;;;;;;;;0;0;1;;0;41;5;1;0;0;1;0;0;16;1;0;0;3;0;1;1;4;2;;1;0;;1;1;;1;;0;0;;1;;1;;0;1;1;;0;1;0;;0.666666666666667;37;0.027027027027027;12;14.1817484891508;tarde
30000052;11000007;1000000784;300000592;2020;8;2;1;1;;00005344;00000005;;00000161;1;0;0;;;;;;;;;;;0;1;1;0;41;5;1;1;0;1;0;0;-6;0;0;0;3;0;1;1;4;2;;1;0;;1;1;;1;;0;0;;1;;1;;0;1;1;;0;1;0;;0.666666666666667;37;0.027027027027027;12;14.1817484891508;tarde
30000052;11000007;1000001028;300000776;2020;40;2;0;1;;00004192;00000006;00000022;;1;0;1;;;;;0;;;;0;;0;1;0;0;41;5;1;0;0;1;0;1;26;1;0;0;2;0;1;;4;2;;1;0;;1;1;;1;;0;0;;1;;1;;0;1;1;;0;1;0;;0.666666666666667;37;0.027027027027027;12;14.1817484891508;tarde
30000052;11000007;1000001149;300000877;2020;11;2;0;1;;00000602;00000006;00000008;;1;0;0;;;;;;;;;;;0;1;0;0;41;5;1;0;0;1;0;0;-3;0;0;0;1;0;1;;4;2;;1;0;;1;1;;1;;0;0;;1;;1;;0;1;1;;0;1;0;;0.666666666666667;37;0.027027027027027;12;14.1817484891508;tarde
30000052;11000007;1000001192;300000919;2020;7;2;3;1;;00002531;00000008;;;1;0;0;;0;1;;;;;;;;0;1;0;0;41;5;1;0;0;1;0;0;-7;0;0;0;0;;0;;4;2;;1;0;;1;1;;1;;0;0;;1;;1;;0;1;1;;0;1;0;;0.666666666666667;37;0.027027027027027;12;14.1817484891508;tarde
30000053;11000007;1000000007;300000006;2020;17;2;3;1;;;00000006;00000006;00004058;2;0;0;;;;;;;;;0;;0;1;0;0;19;5;1;0;0;1;0;0;6;1;0;0;3;0;1;;4;2;;1;0;;1;1;;1;;0;0;;1;;1;;0;1;1;;0;1;0;;0.666666666666667;37;0.027027027027027;13;19.8606641779188;tarde
30000053;11000007;1000000515;300000391;2020;12;1;1;1;;00004555;00000008;00000012;00004869;1;0;0;;;;0;;;0;;;;0;1;0;0;19;5;1;0;0;1;0;0;1;0;0;0;3;0;1;;4;2;;1;0;;1;1;;1;;0;0;;1;;1;;0;1;1;;0;1;0;;0.666666666666667;37;0.027027027027027;13;19.8606641779188;tarde
30000053;11000007;1000000735;300000555;2020;11;1;1;1;;00002230;00000003;;00001033;2;0;0;;;;;0;;;;0;0;0;1;0;0;19;5;1;0;0;1;0;0;0;0;0;0;3;0;1;1;4;2;;1;0;;1;1;;1;;0;0;;1;;1;;0;1;1;;0;1;0;;0.666666666666667;37;0.027027027027027;13;19.8606641779188;tarde
30000053;11000007;1000000763;300000574;2020;16;2;1;1;;00003783;00000004;;00002769;2;0;0;;;;0;;;0;;;0;;1;0;0;19;5;1;0;0;1;0;0;5;1;0;0;3;0;1;1;4;2;;1;0;;1;1;;1;;0;0;;1;;1;;0;1;1;;0;1;0;;0.666666666666667;37;0.027027027027027;13;19.8606641779188;tarde
30000053;11000007;1000001034;300000780;2020;10;1;0;1;;00000755;00000007;;00005277;1;0;0;;;;;;0;0;0;;;0;1;0;0;19;5;1;0;0;1;0;0;-1;0;0;0;2;0;1;;4;2;;1;0;;1;1;;1;;0;0;;1;;1;;0;1;1;;0;1;0;;0.666666666666667;37;0.027027027027027;13;19.8606641779188;tarde
30000053;11000007;1000001164;300000891;2020;8;1;3;1;;00001967;00000002;00000026;00002629;1;0;0;;;;;;;;0;;;0;1;0;1;19;5;1;0;0;1;0;0;-3;0;0;0;1;0;1;1;4;2;;1;0;;1;1;;1;;0;0;;1;;1;;0;1;1;;0;1;0;;0.666666666666667;37;0.027027027027027;13;19.8606641779188;tarde
30000053;11000007;1000001228;300000955;2020;8;1;1;1;;00004545;00000003;00000012;00000072;1;0;0;0;;;;;;;;;0;0;1;0;0;19;5;1;0;0;1;0;0;-3;0;0;0;0;;0;;4;2;;1;0;;1;1;;1;;0;0;;1;;1;;0;1;1;;0;1;0;;0.666666666666667;37;0.027027027027027;13;19.8606641779188;tarde
30000054;11000007;1000001010;300000764;2020;13;1;0;1;;00004497;00000005;00000015;00004540;1;0;0;;;;;0;;;;0;;0;1;;0;26;5;1;0;0;1;0;0;-3;0;1;0;2;0;1;1;4;2;;1;0;;1;1;;1;;0;0;;1;;1;;0;1;1;;0;1;0;;0.666666666666667;37;0.027027027027027;7;26.116287638084;manha
30000055;11000007;1000000492;300000375;2020;6;1;1;1;;00000639;00000002;00000026;00002600;1;0;0;;;;;;;;0;;0;0;1;0;0;14;5;1;0;0;1;0;0;0;0;0;0;3;0;1;1;4;2;;1;0;;1;1;;1;;0;0;;1;;1;;0;1;1;;0;1;0;;0.666666666666667;37;0.027027027027027;7;39.9104518610984;manha
30000055;11000007;1000000544;300000413;2020;19;1;0;1;;00003566;00000008;;00004626;1;0;1;;;;;0;;;;;;0;1;0;0;14;5;1;0;0;1;0;1;13;1;0;0;3;0;1;1;4;2;;1;0;;1;1;;1;;0;0;;1;;1;;0;1;1;;0;1;0;;0.666666666666667;37;0.027027027027027;7;39.9104518610984;manha
30000056;11000007;1000000083;300000067;2020;9;2;0;1;;00003446;00000002;00000004;00003479;2;0;0;;;;;;;;;;;0;1;0;0;17;5;1;0;0;1;0;0;0;0;0;0;3;0;1;1;4;2;;1;0;;1;1;;1;;0;0;;1;;1;;0;1;1;;0;1;0;;0.666666666666667;37;0.027027027027027;7;26.2983471460175;manha
30000056;11000007;1000000307;300000249;2020;17;1;0;1;;00004568;00000004;00000003;00001902;2;0;0;;;;;;;0;;;;0;1;0;;17;5;1;0;0;1;0;0;8;1;0;0;3;0;1;1;4;2;;1;0;;1;1;;1;;0;0;;1;;1;;0;1;1;;0;1;0;;0.666666666666667;37;0.027027027027027;7;26.2983471460175;manha
30000056;11000007;1000000624;300000467;2020;17;2;3;1;;00000540;00000006;;;2;0;0;;;1;0;;;0;0;0;;0;1;0;0;17;5;1;0;0;1;0;0;8;1;0;1;3;0;1;;4;2;;1;0;;1;1;;1;;0;0;;1;;1;;0;1;1;;0;1;0;;0.666666666666667;37;0.027027027027027;7;26.2983471460175;manha
30000056;11000007;1000000933;300000708;2020;24;1;0;1;;00001385;00000008;;;1;0;0;;;;;;;;;;;0;1;0;0;17;5;1;0;0;1;0;0;15;1;0;0;3;0;1;;4;2;;1;0;;1;1;;1;;0;0;;1;;1;;0;1;1;;0;1;0;;0.666666666666667;37;0.027027027027027;7;26.2983471460175;manha
30000056;11000007;1000000954;300000723;2020;18;2;1;1;;00003129;00000003;00000023;00000430;2;0;0;;0;;;;;;;;;0;1;0;0;17;5;1;0;0;1;0;0;9;1;0;0;3;0;1;;4;2;;1;0;;1;1;;1;;0;0;;1;;1;;0;1;1;;0;1;0;;0.666666666666667;37;0.027027027027027;7;26.2983471460175;manha
30000056;11000007;1000001159;300000887;2020;12;2;1;1;;00000245;00000007;00000020;00000877;1;0;0;;;1;;;;;0;;;0;1;0;0;17;5;1;0;0;1;0;1;3;1;0;0;1;0;1;1;4;2;;1;0;;1;1;;1;;0;0;;1;;1;;0;1;1;;0;1;0;;0.666666666666667;37;0.027027027027027;7;26.2983471460175;manha
30000057;11000008;1000000008;300000007;2020;9;1;3;1;;00001959;00000003;00000022;00003874;1;0;0;;;;;;0;;;0;;0;1;0;0;2;5;1;0;0;1;0;0;;;0;0;3;0;1;1;2;1;;1;0;1;;1;0;;0;0;;;;0;;;0;0;;0;;0;;;0.3;31;0;7;32.6683279711288;manha
30000057;11000008;1000000940;300000712;2020;11;2;0;1;;00003642;00000004;00000010;;1;0;0;;;;0;;;;;;0;0;1;0;0;2;5;1;0;0;1;0;0;;;0;0;3;0;1;;2;1;;1;0;1;;1;0;;0;0;;;;0;;;0;0;;0;;0;;;0.3;31;0;7;32.6683279711288;manha
30000057;11000008;1000001203;300000930;2020;13;1;0;1;;00001886;00000006;00000017;00003198;1;0;0;;;;;0;;;;;0;0;1;0;0;2;5;1;0;0;1;0;0;;;0;0;0;;0;;2;1;;1;0;1;;1;0;;0;0;;;;0;;;0;0;;0;;0;;;0.3;31;0;7;32.6683279711288;manha
30000058;11000008;1000000002;300000002;2020;14;1;1;1;;00003872;00000002;;00002149;2;0;1;0;0;;;0;;0;;;;0;1;0;0;17;5;1;0;0;1;0;1;5;1;0;0;3;0;1;1;2;1;;1;0;1;;1;0;;0;0;;;;0;;;0;0;;0;;0;;;0.3;31;0;13;39.4613007111475;tarde
30000058;11000008;1000000037;300000027;2020;13;1;3;1;;00002423;00000004;00000021;00000551;1;0;0;;;;;0;0;;;;;0;1;0;0;17;5;1;0;0;1;0;0;4;1;0;0;3;0;1;;2;1;;1;0;1;;1;0;;0;0;;;;0;;;0;0;;0;;0;;;0.3;31;0;13;39.4613007111475;tarde
30000058;11000008;1000000299;300000243;2020;16;1;0;1;;00004514;00000005;;00001242;1;0;0;;;;;;;;;;;0;1;0;0;17;5;1;0;0;1;0;0;7;1;0;1;3;0;1;1;2;1;;1;0;1;;1;0;;0;0;;;;0;;;0;0;;0;;0;;;0.3;31;0;13;39.4613007111475;tarde
30000058;11000008;1000001242;300000969;2020;10;1;0;1;;00003592;00000003;;00002620;2;0;1;;;;0;0;0;;;;;;1;0;0;17;5;1;0;0;1;0;0;1;0;0;0;0;;0;;2;1;;1;0;1;;1;0;;0;0;;;;0;;;0;0;;0;;0;;;0.3;31;0;13;39.4613007111475;tarde
30000059;11000008;1000000084;300000068;2020;20;1;3;1;;00002105;00000005;00000025;00001521;1;0;0;;;;;;;;;;;0;1;0;0;15;5;1;0;0;1;0;0;13;1;1;0;3;0;1;1;2;1;;1;0;1;;1;0;;0;0;;;;0;;;0;0;;0;;0;;;0.3;31;0;7;17.8771802179981;manha
30000059;11000008;1000000132;300000108;2020;9;1;0;1;;00001476;00000008;;00001863;1;0;0;;;;;;;;0;0;0;0;1;0;0;15;5;1;0;0;1;0;0;2;1;0;0;3;0;1;1;2;1;;1;0;1;;1;0;;0;0;;;;0;;;0;0;;0;;0;;;0.3;31;0;7;17.8771802179981;manha
30000059;11000008;1000000199;300000164;2020;7;2;1;1;;00002737;00000008;00000001;00002334;1;0;0;;;;;;;;;;;0;1;0;0;15;5;1;0;0;1;0;0;0;0;0;0;3;0;1;1;2;1;;1;0;1;;1;0;;0;0;;;;0;;;0;0;;0;;0;;;0.3;31;0;7;17.8771802179981;manha
30000059;11000008;1000000682;300000512;2020;7;2;3;1;;00002171;00000004;00000006;00004232;1;0;1;;;;;;;;;;0;0;1;0;0;15;5;1;0;0;1;0;0;0;0;0;0;3;0;1;;2;1;;1;0;1;;1;0;;0;0;;;;0;;;0;0;;0;;0;;;0.3;31;0;7;17.8771802179981;manha
30000059;11000008;1000001027;300000775;2020;18;2;0;1;;00001176;00000007;;;1;0;0;;;;;;0;;;0;;0;1;1;0;15;5;1;0;0;1;0;0;11;1;0;0;2;0;1;;2;1;;1;0;1;;1;0;;0;0;;;;0;;;0;0;;0;;0;;;0.3;31;0;7;17.8771802179981;manha
30000059;11000008;1000001161;300000888;2020;8;1;3;1;;00004956;00000007;00000004;;2;0;0;;0;;0;;0;;;;0;;1;0;0;15;5;1;0;0;1;0;0;1;0;0;0;1;0;1;;2;1;;1;0;1;;1;0;;0;0;;;;0;;;0;0;;0;;0;;;0.3;31;0;7;17.8771802179981;manha
30000060;11000008;1000000169;300000139;2020;17;1;1;1;;00004396;00000003;;00001452;1;0;0;;;;;;0;;;;0;0;1;0;0;71;5;1;0;0;1;0;0;;;1;0;3;0;1;1;2;1;;1;0;1;;1;0;;0;0;;;;0;;;0;0;;0;;0;;;0.3;31;0;7;19.6628816486336;manha
30000060;11000008;1000000498;300000379;2020;17;1;1;1;;00001412;00000008;;;1;0;1;;;;;;;;;;;0;1;0;0;71;5;1;0;0;1;0;0;;;0;0;3;0;1;;2;1;;1;0;1;;1;0;;0;0;;;;0;;;0;0;;0;;0;;;0.3;31;0;7;19.6628816486336;manha
30000061;11000008;1000000177;300000146;2020;19;1;1;1;;00001635;00000004;;00004397;1;0;0;;;1;;0;;;;;;0;1;0;1;15;5;1;0;0;1;0;0;12;1;0;0;3;0;1;;2;1;;1;0;1;;1;0;;0;0;;;;0;;;0;0;;0;;0;;;0.3;31;0;12;6.5286077465862;tarde
30000061;11000008;1000000499;300000380;2020;16;1;3;1;;00004237;00000008;00000018;00001848;1;0;0;;;;0;;;;;;;0;1;1;0;15;5;1;0;0;1;0;0;9;1;0;0;3;0;1;1;2;1;;1;0;1;;1;0;;0;0;;;;0;;;0;0;;0;;0;;;0.3;31;0;12;6.5286077465862;tarde
30000061;11000008;1000000534;300000404;2020;18;2;3;1;;00002878;00000003;00000021;;1;0;1;;;;0;;;;;0;;0;1;0;0;15;5;1;0;0;1;0;0;11;1;0;0;3;0;1;;2;1;;1;0;1;;1;0;;0;0;;;;0;;;0;0;;0;;0;;;0.3;31;0;12;6.5286077465862;tarde
30000061;11000008;1000000728;300000551;2020;18;1;1;1;;00001271;00000004;00000021;;1;0;0;;;;0;;;;0;;;0;1;0;0;15;5;1;0;0;1;0;0;11;1;0;0;3;0;1;;2;1;;1;0;1;;1;0;;0;0;;;;0;;;0;0;;0;;0;;;0.3;31;0;12;6.5286077465862;tarde
30000061;11000008;1000001240;300000967;2020;7;1;0;1;;00003793;00000004;00000018;00000189;1;0;0;;0;;;;;;;;0;0;1;0;0;15;5;1;0;0;1;0;1;0;0;0;0;0;;0;;2;1;;1;0;1;;1;0;;0;0;;;;0;;;0;0;;0;;0;;;0.3;31;0;12;6.5286077465862;tarde
30000062;11000008;1000000543;300000412;2020;17;1;3;1;;00005430;00000005;00000001;00002085;1;0;0;;;;;0;;0;;0;0;0;1;0;0;20;5;1;0;0;1;0;0;5;1;0;0;3;0;1;;2;1;;1;0;1;;1;0;;0;0;;;;0;;;0;0;;0;;0;;;0.3;31;0;13;23.9371729306877;tarde
30000062;11000008;1000000623;300000466;2020;7;1;0;1;;00000893;00000008;00000015;00000148;1;0;1;;;;;;;;;;;0;1;0;0;20;5;1;0;0;1;0;0;-5;0;0;0;3;0;1;;2;1;;1;0;1;;1;0;;0;0;;;;0;;;0;0;;0;;0;;;0.3;31;0;13;23.9371729306877;tarde
30000062;11000008;1000000961;300000728;2020;9;1;3;1;;00003790;00000003;00000005;00001533;2;0;1;;;;;;;;;;;0;1;0;0;20;5;1;0;0;1;0;0;-3;0;0;1;3;0;1;1;2;1;;1;0;1;;1;0;;0;0;;;;0;;;0;0;;0;;0;;;0.3;31;0;13;23.9371729306877;tarde
30000063;11000008;1000000138;300000113;2020;7;2;1;1;;00002964;00000004;00000021;;1;0;1;;1;;;;;;;;;0;1;0;0;19;5;1;0;0;1;0;0;-4;0;0;0;3;0;1;;2;1;;1;0;1;;1;0;;0;0;;;;0;;;0;0;;0;;0;;;0.3;31;0;7;16.0834512256552;manha
30000063;11000008;1000000159;300000131;2020;8;1;3;1;;00001526;00000002;00000005;00003593;1;0;0;0;;;;;0;;;;;0;1;0;0;19;5;1;0;0;1;0;0;-3;0;0;0;3;0;1;1;2;1;;1;0;1;;1;0;;0;0;;;;0;;;0;0;;0;;0;;;0.3;31;0;7;16.0834512256552;manha
30000063;11000008;1000000691;300000521;2020;15;2;0;1;;00001609;00000001;00000010;00004888;1;0;0;;;;;;;0;;;;0;1;0;0;19;5;1;0;0;1;0;1;4;1;0;0;3;0;1;1;2;1;;1;0;1;;1;0;;0;0;;;;0;;;0;0;;0;;0;;;0.3;31;0;7;16.0834512256552;manha
30000063;11000008;1000001061;300000802;2020;18;1;1;1;;00002974;00000008;;00002556;1;0;0;;;;;;;;;0;;0;1;1;0;19;5;1;0;0;1;0;0;7;1;0;0;2;0;1;1;2;1;;1;0;1;;1;0;;0;0;;;;0;;;0;0;;0;;0;;;0.3;31;0;7;16.0834512256552;manha
30000064;11000009;1000000107;300000089;2020;7;2;0;1;;00004537;00000001;;00003057;2;0;;;;;0;;0;;;;;0;1;0;0;41;5;1;0;0;1;0;0;-7;0;0;0;3;0;1;1;4;1;;;1;1;0;1;1;0;;0;;0;1;;1;;0;0;;;0;;0;;0.5;32;0;8;10.6805765433237;manha
30000064;11000009;1000000112;300000094;2020;7;2;0;1;;00002408;00000006;00000007;00001242;1;0;0;;;;;;;;;;;0;1;0;0;41;5;1;0;0;1;0;0;-7;0;0;0;3;0;1;1;4;1;;;1;1;0;1;1;0;;0;;0;1;;1;;0;0;;;0;;0;;0.5;32;0;8;10.6805765433237;manha
30000064;11000009;1000000664;300000499;2020;13;2;2;1;;00004776;00000008;;00002801;2;0;0;;;;0;;0;0;;;;0;1;0;0;41;5;1;0;0;1;0;0;-1;0;0;0;3;0;1;1;4;1;;;1;1;0;1;1;0;;0;;0;1;;1;;0;0;;;0;;0;;0.5;32;0;8;10.6805765433237;manha
30000065;11000009;1000000645;300000484;2020;8;1;3;1;;00004197;00000002;;00005510;1;0;0;;;;;;;;;;;0;1;1;0;1;5;1;0;0;1;0;0;;;0;0;3;0;1;;4;1;;;1;1;0;1;1;0;;0;;0;1;;1;;0;0;;;0;;0;;0.5;32;0;13;17.7648313345853;tarde
30000065;11000009;1000001009;300000763;2020;8;2;1;1;;00002213;00000003;00000003;;1;0;0;0;0;;;;;;;;;0;1;0;0;1;5;1;0;0;1;0;0;;;0;0;2;0;1;;4;1;;;1;1;0;1;1;0;;0;;0;1;;1;;0;0;;;0;;0;;0.5;32;0;13;17.7648313345853;tarde
30000066;11000009;1000000187;300000155;2020;20;1;1;1;;00001682;00000001;00000017;00000967;1;0;1;0;;;;;;;;;;0;1;0;;;5;1;0;0;1;0;0;;;0;0;3;0;1;1;4;1;;;1;1;0;1;1;0;;0;;0;1;;1;;0;0;;;0;;0;;0.5;32;0;7;14.7210521532688;manha
30000066;11000009;1000000378;300000302;2020;16;2;0;1;;00004576;00000004;;;1;0;1;0;;;0;0;;;;;;0;1;0;0;;5;1;0;0;1;0;0;;;0;0;3;0;1;;4;1;;;1;1;0;1;1;0;;0;;0;1;;1;;0;0;;;0;;0;;0.5;32;0;7;14.7210521532688;manha
30000066;11000009;1000000478;300000367;2020;17;1;3;1;;00003923;00000002;00000025;00003832;1;0;0;;;;;;;;;;;0;1;0;0;;5;1;0;0;1;0;1;;;0;0;3;0;1;1;4;1;;;1;1;0;1;1;0;;0;;0;1;;1;;0;0;;;0;;0;;0.5;32;0;7;14.7210521532688;manha
30000066;11000009;1000001182;300000909;2020;14;1;0;1;;00001705;00000008;00000018;00000070;1;0;1;;;0;;;;;;0;;0;1;0;0;;5;1;0;0;1;0;0;;;0;0;1;0;1;;4;1;;;1;1;0;1;1;0;;0;;0;1;;1;;0;0;;;0;;0;;0.5;32;0;7;14.7210521532688;manha
30000066;11000009;1000001186;300000913;2020;16;2;1;1;;00000388;00000001;;00001781;1;0;0;;;;;;1;;;;;0;1;1;0;;5;1;0;0;1;0;1;;;0;0;1;0;1;1;4;1;;;1;1;0;1;1;0;;0;;0;1;;1;;0;0;;;0;;0;;0.5;32;0;7;14.7210521532688;manha
30000066;11000009;1000001252;300000979;2020;13;2;3;1;;00001172;00000004;00000016;;1;1;0;0;;;;;;;;;;0;1;0;0;;5;1;0;0;1;0;0;;;0;0;0;;0;;4;1;;;1;1;0;1;1;0;;0;;0;1;;1;;0;0;;;0;;0;;0.5;32;0;7;14.7210521532688;manha
30000067;11000009;1000000309;300000250;2020;14;1;1;1;;00004731;00000007;00000005;00003792;1;0;0;;;;;0;;;;;;0;1;0;0;1;5;1;0;0;1;0;0;;;0;1;3;0;1;1;4;1;;;1;1;0;1;1;0;;0;;0;1;;1;;0;0;;;0;;0;;0.5;32;0;13;32.3309661328094;tarde
30000067;11000009;1000000344;300000276;2020;16;1;3;1;;00001685;00000008;00000019;;2;0;1;;;;;;0;;;;;0;1;0;1;1;5;1;0;0;1;0;0;;;1;1;3;1;1;;4;1;;;1;1;0;1;1;0;;0;;0;1;;1;;0;0;;;0;;0;;0.5;32;0;13;32.3309661328094;tarde
30000067;11000009;1000000557;300000418;2020;14;1;3;1;;00003508;00000008;00000026;00004199;1;1;0;;;;0;0;0;;;;;0;1;0;0;1;5;1;0;0;1;0;0;;;0;0;3;0;1;;4;1;;;1;1;0;1;1;0;;0;;0;1;;1;;0;0;;;0;;0;;0.5;32;0;13;32.3309661328094;tarde
30000067;11000009;1000001146;300000875;2020;12;2;3;1;;00004808;00000004;00000016;;1;0;0;;;;;;;;;;0;0;1;0;0;1;5;1;0;0;1;0;0;;;0;0;1;0;1;;4;1;;;1;1;0;1;1;0;;0;;0;1;;1;;0;0;;;0;;0;;0.5;32;0;13;32.3309661328094;tarde
30000068;11000009;1000000170;300000140;2020;7;1;1;1;;00004301;00000008;00000012;00003590;1;0;0;0;;;;;0;0;;0;;0;1;0;0;;5;1;0;0;1;0;0;;;0;0;3;0;1;1;4;1;;;1;1;0;1;1;0;;0;;0;1;;1;;0;0;;;0;;0;;0.5;32;0;7;18.4438918696251;manha
30000068;11000009;1000000184;300000152;2020;7;1;3;1;;00000006;00000005;00000006;;1;0;0;0;;;;0;;0;;;;0;1;;0;;5;1;0;0;1;0;0;;;0;0;3;0;1;;4;1;;;1;1;0;1;1;0;;0;;0;1;;1;;0;0;;;0;;0;;0.5;32;0;7;18.4438918696251;manha
30000068;11000009;1000000295;300000239;2020;15;2;1;1;;00002284;00000004;;;1;1;0;0;;1;;;;;;0;;0;1;;0;;5;1;0;0;1;0;0;;;0;0;3;0;1;;4;1;;;1;1;0;1;1;0;;0;;0;1;;1;;0;0;;;0;;0;;0.5;32;0;7;18.4438918696251;manha
30000068;11000009;1000000644;300000483;2020;10;1;0;1;;00004443;00000008;00000013;00003165;1;0;1;0;;;0;;;;;;;0;1;0;1;;5;1;0;0;1;0;0;;;0;0;3;0;1;1;4;1;;;1;1;0;1;1;0;;0;;0;1;;1;;0;0;;;0;;0;;0.5;32;0;7;18.4438918696251;manha
30000069;11000009;1000000091;300000075;2020;16;2;3;1;;00005569;00000005;00000006;00002531;1;0;0;;0;;0;0;;;;;;0;1;0;1;26;5;1;0;0;1;0;0;0;0;1;0;3;1;1;1;4;1;;;1;1;0;1;1;0;;0;;0;1;;1;;0;0;;;0;;0;;0.5;32;0;7;30.9163222691277;manha
30000069;11000009;1000000120;300000100;2020;12;2;3;1;;00001919;00000004;00000014;;1;0;1;;0;;;;;;;;;0;1;0;0;26;5;1;0;0;1;0;0;-4;0;0;0;3;0;1;;4;1;;;1;1;0;1;1;0;;0;;0;1;;1;;0;0;;;0;;0;;0.5;32;0;7;30.9163222691277;manha
30000069;11000009;1000000148;300000122;2020;14;1;1;1;;00004380;00000005;00000016;00003612;2;0;0;;1;;;;;;;;;0;1;0;0;26;5;1;0;0;1;0;0;-2;0;0;0;3;0;1;1;4;1;;;1;1;0;1;1;0;;0;;0;1;;1;;0;0;;;0;;0;;0.5;32;0;7;30.9163222691277;manha
30000069;11000009;1000000256;300000211;2020;15;1;0;1;;00003446;00000006;00000020;00001933;1;0;0;;;;0;;;;;;;0;1;0;0;26;5;1;0;0;1;0;0;-1;0;0;0;3;0;1;1;4;1;;;1;1;0;1;1;0;;0;;0;1;;1;;0;0;;;0;;0;;0.5;32;0;7;30.9163222691277;manha
30000069;11000009;1000000599;300000449;2020;11;2;1;1;;00002289;00000003;00000003;;1;0;0;0;;;;;;;;;;0;1;0;0;26;5;1;0;0;1;0;1;-5;0;0;0;3;0;1;;4;1;;;1;1;0;1;1;0;;0;;0;1;;1;;0;0;;;0;;0;;0.5;32;0;7;30.9163222691277;manha
30000069;11000009;1000001067;300000808;2020;13;2;1;1;;00000371;00000008;00000018;00002091;2;0;0;;;;;;;;;0;;0;1;;0;26;5;1;0;0;1;0;0;-3;0;0;1;2;0;1;1;4;1;;;1;1;0;1;1;0;;0;;0;1;;1;;0;0;;;0;;0;;0.5;32;0;7;30.9163222691277;manha
30000069;11000009;1000001085;300000824;2020;8;1;0;1;;00001448;00000001;;00004182;1;0;0;;;0;0;0;0;;;;;;1;;0;26;5;1;0;0;1;0;1;-8;0;0;0;2;0;1;1;4;1;;;1;1;0;1;1;0;;0;;0;1;;1;;0;0;;;0;;0;;0.5;32;0;7;30.9163222691277;manha
30000070;11000009;1000000563;300000424;2020;16;1;1;1;;00002696;00000006;00000007;00002384;1;0;1;;;;0;;;;;;;0;1;0;0;16;5;1;0;0;1;0;0;8;1;1;0;3;1;1;1;4;1;;;1;1;0;1;1;0;;0;;0;1;;1;;0;0;;;0;;0;;0.5;32;0;7;25.6211083588423;manha
30000071;11000010;1000000213;300000176;2020;16;1;1;1;;00000113;00000002;00000001;;1;0;0;;;1;;;;;;;;0;1;0;0;15;1;1;0;0;1;0;0;9;1;0;0;3;0;1;;3;1;;1;1;1;1;1;;;0;1;0;;;;;;0;1;;3;;;4;;0.7;33;0.212121212121212;10;30.1936249431456;manha
30000071;11000010;1000000817;300000619;2020;15;2;0;1;;00003600;00000003;00000017;;1;0;0;0;;;;0;;;;;;0;1;;0;15;1;1;0;0;1;0;0;8;1;0;0;3;0;1;;3;1;;1;1;1;1;1;;;0;1;0;;;;;;0;1;;3;;;4;;0.7;33;0.212121212121212;10;30.1936249431456;manha
30000071;11000010;1000001170;300000897;2020;12;1;1;1;;00004731;00000001;00000011;00003123;1;0;0;;;;;0;;;0;;;0;1;0;0;15;1;1;0;0;1;0;0;5;1;0;0;1;0;1;1;3;1;;1;1;1;1;1;;;0;1;0;;;;;;0;1;;3;;;4;;0.7;33;0.212121212121212;10;30.1936249431456;manha
30000072;11000010;1000000287;300000232;2020;16;1;1;1;;00000848;00000002;;;1;1;0;;;;;;;0;1;;;0;1;0;0;20;5;1;0;0;1;0;0;4;1;0;0;3;0;1;;3;1;;1;1;1;1;1;;;0;1;0;;;;;;0;1;;3;;;4;;0.7;33;0.212121212121212;13;15.9308210774325;tarde
30000072;11000010;1000000742;300000561;2020;10;2;3;1;;00002313;00000005;;00001929;1;0;0;;;;;0;;;;;;0;1;0;;20;5;1;0;0;1;0;0;-2;0;0;0;3;0;1;1;3;1;;1;1;1;1;1;;;0;1;0;;;;;;0;1;;3;;;4;;0.7;33;0.212121212121212;13;15.9308210774325;tarde
30000072;11000010;1000000793;300000601;2020;16;2;3;1;;00000960;00000008;;00002144;1;0;1;;;;;;0;;;;;0;1;0;0;20;5;1;0;0;1;0;0;4;1;0;0;3;0;1;1;3;1;;1;1;1;1;1;;;0;1;0;;;;;;0;1;;3;;;4;;0.7;33;0.212121212121212;13;15.9308210774325;tarde
30000072;11000010;1000001026;300000774;2020;12;2;0;1;;00001546;00000007;00000006;00002884;2;0;0;;;;;0;;0;;;;0;1;0;0;20;5;1;0;0;1;0;0;0;0;0;1;2;0;1;;3;1;;1;1;1;1;1;;;0;1;0;;;;;;0;1;;3;;;4;;0.7;33;0.212121212121212;13;15.9308210774325;tarde
30000072;11000010;1000001054;300000796;2020;18;1;3;1;;00004387;00000008;;;1;0;0;0;;;;0;;;;0;0;0;1;0;0;20;5;1;0;0;1;0;0;6;1;0;0;2;0;1;;3;1;;1;1;1;1;1;;;0;1;0;;;;;;0;1;;3;;;4;;0.7;33;0.212121212121212;13;15.9308210774325;tarde
30000073;11000010;1000001019;300000769;2020;27;2;0;1;;00002718;00000001;;00003397;1;0;0;;1;;;;0;;;;;0;1;0;0;;5;1;0;0;1;0;0;;;0;0;2;0;1;1;3;1;;1;1;1;1;1;;;0;1;0;;;;;;0;1;;3;;;4;;0.7;33;0.212121212121212;7;12.0011751845013;manha
30000073;11000010;1000001098;300000834;2020;14;1;3;1;;00002410;00000005;00000015;00000719;1;0;0;0;0;;;;;;;;;0;1;0;0;;5;1;0;0;1;0;0;;;0;0;1;0;1;;3;1;;1;1;1;1;1;;;0;1;0;;;;;;0;1;;3;;;4;;0.7;33;0.212121212121212;7;12.0011751845013;manha
30000073;11000010;1000001185;300000912;2020;19;1;1;1;;00005319;00000007;00000021;00000078;1;0;0;0;0;1;;;;;;;0;0;1;0;0;;5;1;0;0;1;0;0;;;0;0;1;0;1;1;3;1;;1;1;1;1;1;;;0;1;0;;;;;;0;1;;3;;;4;;0.7;33;0.212121212121212;7;12.0011751845013;manha
30000074;11000010;1000000276;300000225;2020;12;2;0;1;;00001470;00000001;;;1;0;;;;0;;;0;;0;0;;0;1;0;0;1;5;1;0;0;1;0;0;;;1;0;3;0;1;;3;1;;1;1;1;1;1;;;0;1;0;;;;;;0;1;;3;;;4;;0.7;33;0.212121212121212;8;22.1302956496365;manha
30000074;11000010;1000000462;300000357;2020;6;1;3;1;;00000857;00000004;00000020;00005409;1;0;0;0;;1;;;0;;;;;0;1;0;0;1;5;1;0;0;1;0;0;;;0;0;3;0;1;1;3;1;;1;1;1;1;1;;;0;1;0;;;;;;0;1;;3;;;4;;0.7;33;0.212121212121212;8;22.1302956496365;manha
30000074;11000010;1000001137;300000866;2020;16;2;1;1;;00004471;00000001;00000020;;1;0;0;;;;;;;;;;;0;1;0;0;1;5;1;0;0;1;0;0;;;0;1;1;0;1;;3;1;;1;1;1;1;1;;;0;1;0;;;;;;0;1;;3;;;4;;0.7;33;0.212121212121212;8;22.1302956496365;manha
30000074;11000010;1000001231;300000958;2020;6;1;0;1;;00004811;00000008;00000016;00005490;1;0;0;0;;;;;0;;;;;0;1;0;0;1;5;1;0;0;1;0;0;;;0;0;0;;0;;3;1;;1;1;1;1;1;;;0;1;0;;;;;;0;1;;3;;;4;;0.7;33;0.212121212121212;8;22.1302956496365;manha
30000075;11000010;1000000183;300000151;2020;14;2;0;1;;00000954;00000002;00000014;;1;0;0;;0;;;0;;;;;;0;1;0;0;26;6;1;0;0;1;0;0;-2;0;0;0;3;0;1;;3;1;;1;1;1;1;1;;;0;1;0;;;;;;0;1;;3;;;4;;0.7;33;0.212121212121212;12;26.5411072715651;tarde
30000075;11000010;1000000330;300000266;2020;4;2;1;1;;00001214;00000007;00000014;00005093;2;0;0;;;;;0;0;;;0;;;1;0;0;26;6;1;0;0;1;0;0;-12;0;0;0;3;0;1;1;3;1;;1;1;1;1;1;;;0;1;0;;;;;;0;1;;3;;;4;;0.7;33;0.212121212121212;12;26.5411072715651;tarde
30000075;11000010;1000000705;300000533;2020;8;1;3;1;;00000504;00000007;;00003097;1;0;0;;;;;;;;;;;0;1;0;0;26;6;1;0;0;1;0;0;-8;0;1;0;3;0;1;1;3;1;;1;1;1;1;1;;;0;1;0;;;;;;0;1;;3;;;4;;0.7;33;0.212121212121212;12;26.5411072715651;tarde
30000075;11000010;1000001246;300000973;2020;7;2;3;1;;00001486;00000004;00000015;00003793;1;0;0;;;;;0;;0;;0;;0;1;0;0;26;6;1;0;0;1;0;0;-9;0;0;0;0;;0;;3;1;;1;1;1;1;1;;;0;1;0;;;;;;0;1;;3;;;4;;0.7;33;0.212121212121212;12;26.5411072715651;tarde
30000075;11000010;1000001265;300000992;2020;14;2;3;1;;00003441;00000006;;;1;0;0;;;;;;;;1;;;0;1;1;0;26;6;1;0;0;1;0;0;-2;0;0;0;0;;0;;3;1;;1;1;1;1;1;;;0;1;0;;;;;;0;1;;3;;;4;;0.7;33;0.212121212121212;12;26.5411072715651;tarde
30000076;11000010;1000000088;300000072;2020;15;1;3;1;;00004765;00000007;00000019;00004663;2;0;0;0;;;0;;;;;;;0;1;0;0;25;5;1;0;0;1;0;0;0;0;0;0;3;0;1;;3;1;;1;1;1;1;1;;;0;1;0;;;;;;0;1;;3;;;4;;0.7;33;0.212121212121212;19;29.3527987293201;noite
30000076;11000010;1000000545;300000414;2020;7;1;3;1;;00004959;00000004;00000005;00002366;1;0;0;;;1;;;;0;0;;;0;1;0;0;25;5;1;0;0;1;0;0;-8;0;0;0;3;0;1;;3;1;;1;1;1;1;1;;;0;1;0;;;;;;0;1;;3;;;4;;0.7;33;0.212121212121212;19;29.3527987293201;noite
30000076;11000010;1000000975;300000739;2020;17;2;3;1;;00000502;00000006;00000018;00003190;1;0;0;;;;;;;;;0;;0;1;0;0;25;5;1;0;0;1;0;1;2;1;0;0;3;0;1;;3;1;;1;1;1;1;1;;;0;1;0;;;;;;0;1;;3;;;4;;0.7;33;0.212121212121212;19;29.3527987293201;noite
30000076;11000010;1000001023;300000772;2020;19;1;1;1;;00005452;00000002;00000020;;1;0;1;;;;0;;;;;;;0;1;0;0;25;5;1;0;0;1;0;0;4;1;1;0;2;1;1;;3;1;;1;1;1;1;1;;;0;1;0;;;;;;0;1;;3;;;4;;0.7;33;0.212121212121212;19;29.3527987293201;noite
30000077;11000010;1000000217;300000180;2020;12;2;3;1;;00001915;00000001;00000015;00001699;1;0;0;;;;;;;;;;;0;1;0;0;70;5;1;0;0;1;0;0;;;1;0;3;0;1;1;3;1;;1;1;1;1;1;;;0;1;0;;;;;;0;1;;3;;;4;;0.7;33;0.212121212121212;13;39.5183859164827;tarde
30000078;11000011;1000000118;300000098;2020;19;2;0;1;;00001477;00000002;00000012;00004207;1;0;0;;;;;;0;0;1;;0;0;1;0;0;21;5;1;0;0;1;0;1;6;1;0;0;3;0;1;;4;2;;1;1;;1;1;1;0;0;0;1;1;;1;;;0;;1;0;;;;;0.692307692307692;26;0;13;19.3697319333442;tarde
30000078;11000011;1000000149;300000123;2020;17;2;1;1;;00003611;00000002;00000020;;1;0;0;;;;;;0;;;;0;0;1;0;0;21;5;1;0;0;1;0;0;4;1;0;0;3;0;1;;4;2;;1;1;;1;1;1;0;0;0;1;1;;1;;;0;;1;0;;;;;0.692307692307692;26;0;13;19.3697319333442;tarde
30000078;11000011;1000000900;300000683;2020;15;2;3;1;;00003358;00000006;;;1;0;0;;;;;;;;;;;0;1;0;0;21;5;1;0;0;1;0;0;2;1;0;0;3;0;1;;4;2;;1;1;;1;1;1;0;0;0;1;1;;1;;;0;;1;0;;;;;0.692307692307692;26;0;13;19.3697319333442;tarde
30000079;11000011;1000000604;300000453;2020;10;1;3;1;;00003180;00000001;;;1;1;0;;;;;;;;;;0;0;1;0;0;2;5;1;0;0;1;0;0;;;0;0;3;0;1;;4;2;;1;1;;1;1;1;0;0;0;1;1;;1;;;0;;1;0;;;;;0.692307692307692;26;0;7;18.2944644128438;manha
30000079;11000011;1000000701;300000529;2020;10;2;1;1;;00002186;00000007;;00002190;1;0;0;;;;;;;;;0;;0;1;0;0;2;5;1;0;0;1;0;0;;;0;0;3;0;1;1;4;2;;1;1;;1;1;1;0;0;0;1;1;;1;;;0;;1;0;;;;;0.692307692307692;26;0;7;18.2944644128438;manha
30000080;11000011;1000000689;300000519;2020;10;2;0;1;;00003021;00000006;00000002;00003531;1;0;0;;;;;;0;;;;;0;1;0;0;2;5;1;0;0;1;0;0;;;2;0;3;0;1;;4;2;;1;1;;1;1;1;0;0;0;1;1;;1;;;0;;1;0;;;;;0.692307692307692;26;0;7;21.8459835982649;manha
30000080;11000011;1000001042;300000787;2020;11;1;0;1;;00000834;00000005;;;1;0;1;;;;0;;0;;;0;;0;1;0;0;2;5;1;0;0;1;0;0;;;0;0;2;0;1;;4;2;;1;1;;1;1;1;0;0;0;1;1;;1;;;0;;1;0;;;;;0.692307692307692;26;0;7;21.8459835982649;manha
30000080;11000011;1000001113;300000847;2020;9;2;0;1;;00001472;00000007;00000006;;1;0;0;0;0;;;;;;;;;0;1;;0;2;5;1;0;0;1;0;1;;;0;0;1;0;1;;4;2;;1;1;;1;1;1;0;0;0;1;1;;1;;;0;;1;0;;;;;0.692307692307692;26;0;7;21.8459835982649;manha
30000081;11000011;1000000203;300000167;2020;11;1;0;1;;00004723;00000006;;00003266;1;0;1;;;;;;;0;;;;0;1;0;0;2;5;1;0;0;1;0;0;;;1;0;3;0;1;1;4;2;;1;1;;1;1;1;0;0;0;1;1;;1;;;0;;1;0;;;;;0.692307692307692;26;0;8;8.73713099770248;manha
30000081;11000011;1000000504;300000384;2020;15;1;1;1;;00003970;00000006;00000010;00004722;1;0;0;;;;;;0;;;;;0;1;1;0;2;5;1;0;0;1;0;0;;;0;0;3;0;1;;4;2;;1;1;;1;1;1;0;0;0;1;1;;1;;;0;;1;0;;;;;0.692307692307692;26;0;8;8.73713099770248;manha
30000081;11000011;1000000643;300000482;2020;6;2;1;1;;00004201;00000006;;;2;0;0;;0;0;0;0;;;;0;;0;1;0;0;2;5;1;0;0;1;0;0;;;0;0;3;0;1;;4;2;;1;1;;1;1;1;0;0;0;1;1;;1;;;0;;1;0;;;;;0.692307692307692;26;0;8;8.73713099770248;manha
30000081;11000011;1000000659;300000494;2020;14;1;1;1;;00001941;00000001;00000007;00001296;1;0;0;;;;;;;;;;;0;1;0;0;2;5;1;0;0;1;0;0;;;0;0;3;0;1;1;4;2;;1;1;;1;1;1;0;0;0;1;1;;1;;;0;;1;0;;;;;0.692307692307692;26;0;8;8.73713099770248;manha
30000081;11000011;1000000886;300000672;2020;13;1;1;1;;00003142;00000007;00000003;00004895;1;0;0;;;;;;0;;;0;;0;1;0;0;2;5;1;0;0;1;0;0;;;0;0;3;0;1;;4;2;;1;1;;1;1;1;0;0;0;1;1;;1;;;0;;1;0;;;;;0.692307692307692;26;0;8;8.73713099770248;manha
30000081;11000011;1000001097;300000833;2020;16;2;1;1;;00002006;00000001;00000022;00000650;1;0;0;;;;;;;;;0;;0;1;0;0;2;5;1;0;0;1;0;1;;;0;0;2;0;1;;4;2;;1;1;;1;1;1;0;0;0;1;1;;1;;;0;;1;0;;;;;0.692307692307692;26;0;8;8.73713099770248;manha
30000081;11000011;1000001176;300000903;2020;5;1;0;1;;00001161;00000004;;00005202;2;0;1;;;1;;;;0;;;;0;1;0;0;2;5;1;0;0;1;0;0;;;0;0;1;0;1;;4;2;;1;1;;1;1;1;0;0;0;1;1;;1;;;0;;1;0;;;;;0.692307692307692;26;0;8;8.73713099770248;manha
30000082;11000011;1000000009;300000008;2020;8;1;0;1;;00000334;00000008;;00002490;2;0;0;;;;;;;;;;;0;1;0;0;40;5;1;0;0;1;0;0;;;0;0;3;0;1;1;4;2;;1;1;;1;1;1;0;0;0;1;1;;1;;;0;;1;0;;;;;0.692307692307692;26;0;7;36.7401202633046;manha
30000082;11000011;1000000496;300000377;2020;7;2;3;1;;00004947;00000007;00000011;;1;0;0;;;;;;;;;;;0;1;0;0;40;5;1;0;0;1;0;0;;;0;0;3;0;1;;4;2;;1;1;;1;1;1;0;0;0;1;1;;1;;;0;;1;0;;;;;0.692307692307692;26;0;7;36.7401202633046;manha
30000083;11000011;1000000437;300000340;2020;13;2;0;1;;00003644;00000008;00000006;00003154;1;0;0;0;;;;;;;;;;0;1;0;0;2;5;1;0;0;1;0;0;;;0;0;3;0;1;1;4;2;;1;1;;1;1;1;0;0;0;1;1;;1;;;0;;1;0;;;;;0.692307692307692;26;0;7;10.2246641719248;manha
30000083;11000011;1000000497;300000378;2020;14;2;0;1;;00004042;00000002;;;1;0;0;;;;0;;0;;;;0;0;1;0;0;2;5;1;0;0;1;0;0;;;0;0;3;0;1;;4;2;;1;1;;1;1;1;0;0;0;1;1;;1;;;0;;1;0;;;;;0.692307692307692;26;0;7;10.2246641719248;manha
30000083;11000011;1000000984;300000746;2020;11;2;3;1;;00004707;00000002;;;1;0;1;;0;;;;;0;;;;0;1;0;0;2;5;1;0;0;1;0;0;;;0;0;3;0;1;;4;2;;1;1;;1;1;1;0;0;0;1;1;;1;;;0;;1;0;;;;;0.692307692307692;26;0;7;10.2246641719248;manha
30000084;11000011;1000000259;300000212;2020;9;1;1;1;;00005002;00000007;00000024;00004289;1;0;0;0;;;;;;;;;;0;1;0;0;17;5;1;0;0;1;0;0;0;0;0;0;3;0;1;;4;2;;1;1;;1;1;1;0;0;0;1;1;;1;;;0;;1;0;;;;;0.692307692307692;26;0;8;2.2561593586579;manha
30000084;11000011;1000000333;300000268;2020;18;1;1;1;;00002206;00000006;00000024;00005317;1;0;1;;;;;;;;;;;0;1;0;0;17;5;1;0;0;1;0;0;9;1;0;0;3;0;1;;4;2;;1;1;;1;1;1;0;0;0;1;1;;1;;;0;;1;0;;;;;0.692307692307692;26;0;8;2.2561593586579;manha
30000084;11000011;1000001264;300000991;2020;5;1;1;1;;00001630;00000004;;00003784;1;0;0;0;;;;;;0;;;;0;1;0;0;17;5;1;0;0;1;0;0;-4;0;0;0;0;;0;;4;2;;1;1;;1;1;1;0;0;0;1;1;;1;;;0;;1;0;;;;;0.692307692307692;26;0;8;2.2561593586579;manha
30000085;11000012;1000000055;300000043;2020;7;1;1;1;;00003008;00000007;00000022;00005071;1;0;0;;;;;;;;;0;;0;1;0;0;14;5;1;0;0;1;0;0;1;0;0;1;3;0;1;1;3;1;;1;1;1;;1;1;;0;0;;;;0;1;;0;0;0;;0;;;;0.5;35;0;7;24.903141071205;manha
30000085;11000012;1000000282;300000230;2020;17;1;3;1;;00004258;00000006;00000017;00004012;1;0;1;0;;;;0;;;;;;0;1;0;0;14;5;1;0;0;1;0;1;11;1;1;0;3;0;1;1;3;1;;1;1;1;;1;1;;0;0;;;;0;1;;0;0;0;;0;;;;0.5;35;0;7;24.903141071205;manha
30000085;11000012;1000000423;300000331;2020;20;1;1;1;;00001418;00000005;;00003868;1;0;0;;;;;;;;;;0;0;1;0;0;14;5;1;0;0;1;0;0;14;1;0;0;3;0;1;1;3;1;;1;1;1;;1;1;;0;0;;;;0;1;;0;0;0;;0;;;;0.5;35;0;7;24.903141071205;manha
30000085;11000012;1000001141;300000870;2020;22;1;0;1;;00004343;00000008;;00001502;1;0;0;;;;;;;;;;;0;1;0;0;14;5;1;0;0;1;0;0;16;1;0;0;1;0;1;1;3;1;;1;1;1;;1;1;;0;0;;;;0;1;;0;0;0;;0;;;;0.5;35;0;7;24.903141071205;manha
30000086;11000012;1000000073;300000058;2020;11;1;3;1;;00000839;00000001;00000008;;1;0;1;0;;;0;;;;;;;0;1;0;0;14;5;1;0;0;1;0;0;5;1;0;0;3;0;1;;3;1;;1;1;1;;1;1;;0;0;;;;0;1;;0;0;0;;0;;;;0.5;35;0;7;11.3491589683108;manha
30000086;11000012;1000000096;300000080;2020;12;1;1;1;;00004518;00000006;;00005197;1;0;0;;;;;;;;;;;0;1;0;0;14;5;1;0;0;1;0;0;6;1;0;0;3;0;1;;3;1;;1;1;1;;1;1;;0;0;;;;0;1;;0;0;0;;0;;;;0.5;35;0;7;11.3491589683108;manha
30000086;11000012;1000000128;300000105;2020;13;2;3;1;;00001758;00000008;;00003160;1;0;0;;;;;;;;;;;0;1;0;0;14;5;1;0;0;1;0;0;7;1;0;0;3;0;1;1;3;1;;1;1;1;;1;1;;0;0;;;;0;1;;0;0;0;;0;;;;0.5;35;0;7;11.3491589683108;manha
30000086;11000012;1000000695;300000524;2020;8;1;0;1;;00004875;00000004;00000023;00001677;1;0;1;;;;0;;;0;0;;;0;1;0;0;14;5;1;0;0;1;0;0;2;1;0;0;3;0;1;1;3;1;;1;1;1;;1;1;;0;0;;;;0;1;;0;0;0;;0;;;;0.5;35;0;7;11.3491589683108;manha
30000086;11000012;1000000937;300000711;2020;12;2;3;1;;00001286;00000003;00000001;00001094;1;0;0;;;;;;;;;0;0;0;1;0;0;14;5;1;0;0;1;0;0;6;1;0;0;3;0;1;1;3;1;;1;1;1;;1;1;;0;0;;;;0;1;;0;0;0;;0;;;;0.5;35;0;7;11.3491589683108;manha
30000087;11000012;1000001083;300000822;2020;4;1;2;1;;00001661;00000006;00000002;00002419;1;0;0;;;;;;;;;;;0;1;;0;21;5;1;0;0;1;0;0;-9;0;0;0;2;0;1;1;3;1;;1;1;1;;1;1;;0;0;;;;0;1;;0;0;0;;0;;;;0.5;35;0;7;10.2882304417435;manha
30000087;11000012;1000001116;300000850;2020;11;2;0;1;;00004841;00000002;00000021;;1;0;0;;0;;;0;;;0;;;0;1;0;0;21;5;1;0;0;1;0;0;-2;0;0;0;1;0;1;;3;1;;1;1;1;;1;1;;0;0;;;;0;1;;0;0;0;;0;;;;0.5;35;0;7;10.2882304417435;manha
30000087;11000012;1000001225;300000952;2020;5;2;3;1;;00005233;00000003;00000018;00001727;1;0;1;;;;;;0;;;;;0;1;0;0;21;5;1;0;0;1;0;0;-8;0;0;0;0;;0;;3;1;;1;1;1;;1;1;;0;0;;;;0;1;;0;0;0;;0;;;;0.5;35;0;7;10.2882304417435;manha
30000088;11000012;1000000180;300000149;2020;4;2;0;1;;00001670;00000005;00000027;00000355;1;0;0;0;;;;0;;;0;;;0;1;0;0;21;6;1;0;0;1;0;0;-9;0;0;0;3;0;1;1;3;1;;1;1;1;;1;1;;0;0;;;;0;1;;0;0;0;;0;;;;0.5;35;0;12;18.5526854430791;tarde
30000088;11000012;1000000359;300000285;2020;11;2;3;1;;00004242;00000007;00000013;;1;0;0;;;;;;;0;;;0;0;1;;0;21;6;1;0;0;1;0;0;-2;0;0;0;3;0;1;;3;1;;1;1;1;;1;1;;0;0;;;;0;1;;0;0;0;;0;;;;0.5;35;0;12;18.5526854430791;tarde
30000088;11000012;1000000370;300000295;2020;15;2;3;1;;00004788;00000008;00000024;00001373;1;0;0;;;;;0;;;;;0;0;1;0;0;21;6;1;0;0;1;0;0;2;1;0;0;3;0;1;;3;1;;1;1;1;;1;1;;0;0;;;;0;1;;0;0;0;;0;;;;0.5;35;0;12;18.5526854430791;tarde
30000088;11000012;1000000531;300000402;2020;13;2;3;1;;00004111;00000002;00000013;;2;0;1;;;;;;0;;;;;0;1;0;0;21;6;1;0;0;1;0;0;0;0;0;0;3;0;1;;3;1;;1;1;1;;1;1;;0;0;;;;0;1;;0;0;0;;0;;;;0.5;35;0;12;18.5526854430791;tarde
30000088;11000012;1000000768;300000579;2020;18;1;0;1;;00004535;00000001;00000007;00003654;1;0;0;;;1;;;;;;;0;0;1;0;1;21;6;1;1;0;1;0;0;5;1;1;0;3;0;1;;3;1;;1;1;1;;1;1;;0;0;;;;0;1;;0;0;0;;0;;;;0.5;35;0;12;18.5526854430791;tarde
30000088;11000012;1000001052;300000794;2020;11;2;1;1;;00005429;00000008;00000016;00002361;1;0;0;0;;;;;;;;;;0;1;0;0;21;6;1;0;0;1;0;0;-2;0;0;0;2;0;1;1;3;1;;1;1;1;;1;1;;0;0;;;;0;1;;0;0;0;;0;;;;0.5;35;0;12;18.5526854430791;tarde
30000089;11000012;1000000239;300000195;2020;18;1;3;1;;00000921;00000007;00000016;00002379;1;0;1;;;;;;;0;;0;;0;1;1;0;15;5;1;0;0;1;0;0;11;1;0;0;3;0;1;1;3;1;;1;1;1;;1;1;;0;0;;;;0;1;;0;0;0;;0;;;;0.5;35;0;7;18.7290894347243;manha
30000089;11000012;1000000275;300000224;2020;12;1;0;1;;00003922;00000001;00000007;00003443;1;0;0;;;;;;;;0;;;0;1;0;0;15;5;1;0;0;1;0;1;5;1;0;0;3;0;1;;3;1;;1;1;1;;1;1;;0;0;;;;0;1;;0;0;0;;0;;;;0.5;35;0;7;18.7290894347243;manha
30000089;11000012;1000001012;300000765;2020;15;1;1;1;;00000552;00000003;;00000024;1;0;0;;;;;;;;;;;0;1;0;0;15;5;1;0;0;1;0;0;8;1;0;0;2;0;1;1;3;1;;1;1;1;;1;1;;0;0;;;;0;1;;0;0;0;;0;;;;0.5;35;0;7;18.7290894347243;manha
30000089;11000012;1000001117;300000851;2020;7;1;1;1;;00002615;00000008;;00003569;2;0;1;;;;0;0;;;;;;0;1;0;0;15;5;1;0;0;1;0;0;0;0;0;0;1;0;1;1;3;1;;1;1;1;;1;1;;0;0;;;;0;1;;0;0;0;;0;;;;0.5;35;0;7;18.7290894347243;manha
30000090;11000012;1000000067;300000052;2020;6;1;3;1;;00000450;00000001;00000010;00002391;1;0;1;;;;;;;;;;;0;1;0;0;41;5;1;0;0;1;0;0;-8;0;0;0;3;0;1;;3;1;;1;1;1;;1;1;;0;0;;;;0;1;;0;0;0;;0;;;;0.5;35;0;13;17.0682688979432;tarde
30000090;11000012;1000000373;300000298;2020;15;1;1;1;;00001463;00000006;;;2;0;0;;;;;0;;;;;;0;1;0;0;41;5;1;0;0;1;0;0;1;0;0;0;3;0;1;;3;1;;1;1;1;;1;1;;0;0;;;;0;1;;0;0;0;;0;;;;0.5;35;0;13;17.0682688979432;tarde
30000090;11000012;1000000657;300000492;2020;15;2;0;1;;00002031;00000006;00000026;;1;0;0;0;0;;;;;;;0;;0;1;0;0;41;5;1;0;0;1;0;0;1;0;1;1;3;1;1;;3;1;;1;1;1;;1;1;;0;0;;;;0;1;;0;0;0;;0;;;;0.5;35;0;13;17.0682688979432;tarde
30000090;11000012;1000000749;300000565;2020;12;1;1;1;;00002178;00000007;00000027;00003483;1;0;0;;;;;0;0;;;;;0;1;0;0;41;5;1;0;0;1;0;1;-2;0;0;0;3;0;1;1;3;1;;1;1;1;;1;1;;0;0;;;;0;1;;0;0;0;;0;;;;0.5;35;0;13;17.0682688979432;tarde
30000090;11000012;1000000754;300000568;2020;17;1;3;1;;00000139;00000001;00000011;;1;0;1;;;;;;0;;0;;;0;1;0;0;41;5;1;0;0;1;0;0;3;1;0;0;3;0;1;;3;1;;1;1;1;;1;1;;0;0;;;;0;1;;0;0;0;;0;;;;0.5;35;0;13;17.0682688979432;tarde
30000090;11000012;1000000959;300000727;2020;8;1;0;1;;00004902;00000007;;;1;0;0;;;;;;;;;;;0;1;0;0;41;5;1;0;0;1;0;1;-6;0;0;0;3;0;1;;3;1;;1;1;1;;1;1;;0;0;;;;0;1;;0;0;0;;0;;;;0.5;35;0;13;17.0682688979432;tarde
30000090;11000012;1000001152;300000880;2020;16;2;0;1;;00004610;00000002;;00004667;1;0;1;0;;;;;;;;;0;0;1;0;0;41;5;1;0;0;1;0;0;2;1;0;0;1;0;1;1;3;1;;1;1;1;;1;1;;0;0;;;;0;1;;0;0;0;;0;;;;0.5;35;0;13;17.0682688979432;tarde
30000091;11000012;1000000484;300000371;2020;5;1;1;1;;00003508;00000008;00000010;00005256;1;1;1;;;;;;;;;;;0;1;0;0;16;6;1;0;0;1;0;0;-3;0;1;0;3;0;1;1;3;1;;1;1;1;;1;1;;0;0;;;;0;1;;0;0;0;;0;;;;0.5;35;0;13;17.3508033624385;tarde
30000091;11000012;1000000903;300000686;2020;16;2;1;1;;00000560;00000008;00000016;00001213;1;0;0;0;;;;;;;;;;0;1;0;0;16;6;1;0;0;1;0;0;8;1;1;0;3;0;1;1;3;1;;1;1;1;;1;1;;0;0;;;;0;1;;0;0;0;;0;;;;0.5;35;0;13;17.3508033624385;tarde
30000091;11000012;1000001154;300000882;2020;12;1;1;1;;00001446;00000002;00000018;00003569;1;0;0;0;;;0;;;;;0;;0;1;0;0;16;6;1;0;0;1;0;0;4;1;0;0;1;0;1;;3;1;;1;1;1;;1;1;;0;0;;;;0;1;;0;0;0;;0;;;;0.5;35;0;13;17.3508033624385;tarde
30000092;11000013;1000000074;300000059;2020;13;2;0;1;;00001843;00000004;00000012;;1;0;0;0;;;;;;0;;;;;1;0;0;2;5;1;0;0;1;0;0;;;0;0;3;0;1;;3;1;;1;0;;0;;0;0;0;;1;;;0;;;;;1;;0;0;0;2;0.333333333333333;32;0.0625;7;4.30260611698031;manha
30000092;11000013;1000000402;300000315;2020;9;1;1;1;;00000483;00000007;00000001;00004386;1;0;0;;;;0;;;;0;0;;0;1;0;0;2;5;1;0;0;1;0;0;;;0;0;3;0;1;1;3;1;;1;0;;0;;0;0;0;;1;;;0;;;;;1;;0;0;0;2;0.333333333333333;32;0.0625;7;4.30260611698031;manha
30000092;11000013;1000000575;300000435;2020;9;1;3;1;;00004496;00000001;;00003605;1;0;0;;;;;;;0;;;;0;1;0;0;2;5;1;0;0;1;0;0;;;1;0;3;0;1;1;3;1;;1;0;;0;;0;0;0;;1;;;0;;;;;1;;0;0;0;2;0.333333333333333;32;0.0625;7;4.30260611698031;manha
30000092;11000013;1000001150;300000878;2020;5;2;2;1;;00004155;00000002;;;1;0;1;;;1;;;;;0;;;0;1;0;0;2;5;1;0;0;1;0;0;;;0;0;1;0;1;;3;1;;1;0;;0;;0;0;0;;1;;;0;;;;;1;;0;0;0;2;0.333333333333333;32;0.0625;7;4.30260611698031;manha
30000093;11000013;1000000066;300000051;2020;14;2;3;1;;00003904;00000008;00000016;;1;1;0;;;1;;;;;;;0;0;1;0;0;1;5;1;0;0;1;0;0;;;0;0;3;0;1;;3;1;;1;0;;0;;0;0;0;;1;;;0;;;;;1;;0;0;0;2;0.333333333333333;32;0.0625;9;31.9872701513814;manha
30000093;11000013;1000000207;300000171;2020;11;1;0;1;;00002413;00000001;00000024;;1;0;1;;;;;;;;;;;0;1;0;0;1;5;1;0;0;1;0;0;;;1;0;3;0;1;;3;1;;1;0;;0;;0;0;0;;1;;;0;;;;;1;;0;0;0;2;0.333333333333333;32;0.0625;9;31.9872701513814;manha
30000094;11000013;1000000062;300000048;2020;7;1;3;1;;00002852;00000001;00000014;00002027;1;0;0;0;;;;0;0;0;;;;0;1;0;0;15;5;1;0;0;1;0;0;0;0;0;0;3;0;1;1;3;1;;1;0;;0;;0;0;0;;1;;;0;;;;;1;;0;0;0;2;0.333333333333333;32;0.0625;13;36.5606105984189;tarde
30000094;11000013;1000000220;300000183;2020;11;1;0;1;;00005527;00000008;00000022;;2;0;0;;0;0;;0;0;0;;;;0;1;0;0;15;5;1;0;0;1;0;1;4;1;0;0;3;0;1;;3;1;;1;0;;0;;0;0;0;;1;;;0;;;;;1;;0;0;0;2;0.333333333333333;32;0.0625;13;36.5606105984189;tarde
30000094;11000013;1000000405;300000318;2020;15;2;3;1;;00002141;00000005;;00004750;1;0;0;;;;;;0;;;;;0;1;1;0;15;5;1;0;0;1;0;0;8;1;0;0;3;0;1;;3;1;;1;0;;0;;0;0;0;;1;;;0;;;;;1;;0;0;0;2;0.333333333333333;32;0.0625;13;36.5606105984189;tarde
30000094;11000013;1000000925;300000701;2020;21;1;3;1;;00003246;00000002;;;1;0;0;;;;;;;0;0;;0;0;1;0;0;15;5;1;0;0;1;0;0;14;1;0;0;3;0;1;;3;1;;1;0;;0;;0;0;0;;1;;;0;;;;;1;;0;0;0;2;0.333333333333333;32;0.0625;13;36.5606105984189;tarde
30000095;11000013;1000000163;300000134;2020;13;1;1;1;;00005032;00000001;00000020;00004508;2;0;0;;;;;;;0;;;;0;1;0;0;;5;1;0;0;1;0;0;;;1;0;3;1;1;1;3;1;;1;0;;0;;0;0;0;;1;;;0;;;;;1;;0;0;0;2;0.333333333333333;32;0.0625;13;21.9909000829794;tarde
30000095;11000013;1000000164;300000135;2020;10;2;3;1;;00001378;00000001;00000022;;1;0;0;;;1;;0;;;0;;;0;1;0;0;;5;1;0;0;1;0;0;;;0;0;3;0;1;;3;1;;1;0;;0;;0;0;0;;1;;;0;;;;;1;;0;0;0;2;0.333333333333333;32;0.0625;13;21.9909000829794;tarde
30000095;11000013;1000000188;300000156;2020;17;2;1;1;;00000366;00000001;00000019;00004759;2;0;1;;;;;;0;;;;;0;1;0;0;;5;1;0;0;1;0;0;;;0;0;3;0;1;1;3;1;;1;0;;0;;0;0;0;;1;;;0;;;;;1;;0;0;0;2;0.333333333333333;32;0.0625;13;21.9909000829794;tarde
30000095;11000013;1000000482;300000370;2020;6;2;1;1;;00000944;00000007;;00002014;1;0;0;;1;0;;;;;0;;;0;1;0;0;;5;1;0;0;1;0;0;;;0;0;3;0;1;;3;1;;1;0;;0;;0;0;0;;1;;;0;;;;;1;;0;0;0;2;0.333333333333333;32;0.0625;13;21.9909000829794;tarde
30000095;11000013;1000001070;300000811;2020;6;1;1;1;;00001813;00000007;;00005476;1;0;0;;;;0;;;;0;;;0;1;0;0;;5;1;0;0;1;0;0;;;0;0;2;0;1;1;3;1;;1;0;;0;;0;0;0;;1;;;0;;;;;1;;0;0;0;2;0.333333333333333;32;0.0625;13;21.9909000829794;tarde
30000095;11000013;1000001194;300000921;2020;17;1;3;1;;00004067;00000007;00000027;;2;0;0;0;;;;;;;;;;0;1;0;0;;5;1;0;0;1;0;0;;;0;0;0;;0;;3;1;;1;0;;0;;0;0;0;;1;;;0;;;;;1;;0;0;0;2;0.333333333333333;32;0.0625;13;21.9909000829794;tarde
30000096;11000013;1000000251;300000206;2020;17;2;1;1;;00002665;00000005;00000013;;1;0;0;;;;;0;0;;0;;;0;1;0;0;25;2;1;0;0;1;0;0;2;1;0;0;3;0;1;;3;1;;1;0;;0;;0;0;0;;1;;;0;;;;;1;;0;0;0;2;0.333333333333333;32;0.0625;13;17.7668272787705;tarde
30000096;11000013;1000000427;300000334;2020;12;2;3;1;;00000263;00000004;00000024;00001197;2;0;0;;;;;;;;;0;0;0;1;0;0;25;2;1;0;0;1;0;0;-3;0;0;0;3;0;1;1;3;1;;1;0;;0;;0;0;0;;1;;;0;;;;;1;;0;0;0;2;0.333333333333333;32;0.0625;13;17.7668272787705;tarde
30000096;11000013;1000000507;300000386;2020;17;1;3;1;;00004857;00000007;00000025;00001098;1;0;0;0;0;;;;0;;;0;;0;1;0;0;25;2;1;0;0;1;0;0;2;1;0;0;3;0;1;1;3;1;;1;0;;0;;0;0;0;;1;;;0;;;;;1;;0;0;0;2;0.333333333333333;32;0.0625;13;17.7668272787705;tarde
30000096;11000013;1000000525;300000398;2020;8;1;1;1;;00004094;00000004;00000025;00003276;1;0;0;;;1;;;0;;;;;0;1;0;0;25;2;1;0;0;1;0;0;-7;0;0;0;3;0;1;1;3;1;;1;0;;0;;0;0;0;;1;;;0;;;;;1;;0;0;0;2;0.333333333333333;32;0.0625;13;17.7668272787705;tarde
30000096;11000013;1000000666;300000501;2020;19;2;0;1;;00003306;00000007;00000006;00004969;1;0;0;;;;;0;0;;;;;0;1;0;0;25;2;1;0;0;1;0;0;4;1;0;0;3;0;1;1;3;1;;1;0;;0;;0;0;0;;1;;;0;;;;;1;;0;0;0;2;0.333333333333333;32;0.0625;13;17.7668272787705;tarde
30000097;11000013;1000000019;300000013;2020;19;1;1;1;;00000513;00000005;00000017;00005202;1;0;0;;;1;;;;0;;;;;1;0;0;14;5;1;0;0;1;0;0;13;1;0;0;3;0;1;1;3;1;;1;0;;0;;0;0;0;;1;;;0;;;;;1;;0;0;0;2;0.333333333333333;32;0.0625;13;21.5502240970964;tarde
30000097;11000013;1000000075;300000060;2020;8;2;2;1;;00002405;00000004;;;1;0;0;0;;;0;;;;;;0;0;1;0;0;14;5;1;0;0;1;0;0;2;1;1;0;3;0;1;;3;1;;1;0;;0;;0;0;0;;1;;;0;;;;;1;;0;0;0;2;0.333333333333333;32;0.0625;13;21.5502240970964;tarde
30000097;11000013;1000000334;300000269;2020;8;2;1;1;;00004328;00000002;;00002522;1;0;0;;;1;;;;;;;;0;1;0;0;14;5;1;0;0;1;0;0;2;1;0;1;3;0;1;1;3;1;;1;0;;0;;0;0;0;;1;;;0;;;;;1;;0;0;0;2;0.333333333333333;32;0.0625;13;21.5502240970964;tarde
30000097;11000013;1000000812;300000615;2020;11;1;1;1;;00002242;00000003;;00002015;1;0;0;;;1;;;;0;;;;0;1;0;0;14;5;1;0;0;1;0;0;5;1;0;0;3;0;1;;3;1;;1;0;;0;;0;0;0;;1;;;0;;;;;1;;0;0;0;2;0.333333333333333;32;0.0625;13;21.5502240970964;tarde
30000097;11000013;1000000870;300000658;2020;20;2;2;1;;00004725;00000003;00000004;00001274;2;0;0;;;;;;;;0;0;;0;1;0;0;14;5;1;0;0;1;0;0;14;1;0;0;3;0;1;1;3;1;;1;0;;0;;0;0;0;;1;;;0;;;;;1;;0;0;0;2;0.333333333333333;32;0.0625;13;21.5502240970964;tarde
30000097;11000013;1000000957;300000726;2020;20;1;3;1;;00001747;00000001;00000015;00001903;1;0;0;;;;;;;0;;;0;0;1;0;0;14;5;1;0;0;1;0;0;14;1;0;0;3;0;1;;3;1;;1;0;;0;;0;0;0;;1;;;0;;;;;1;;0;0;0;2;0.333333333333333;32;0.0625;13;21.5502240970964;tarde
30000098;11000013;1000000056;300000044;2020;8;1;0;1;;00003487;00000004;;00005182;1;0;0;;;1;0;;;;;0;;0;1;0;0;18;5;1;0;0;1;0;0;-2;0;0;0;3;0;1;;3;1;;1;0;;0;;0;0;0;;1;;;0;;;;;1;;0;0;0;2;0.333333333333333;32;0.0625;13;22.3615326024592;tarde
30000098;11000013;1000000522;300000396;2020;6;1;4;1;;00004938;00000007;00000023;00001579;1;0;0;;;;;;;;0;;;0;1;0;0;18;5;1;0;0;1;0;0;-4;0;0;0;3;0;1;1;3;1;;1;0;;0;;0;0;0;;1;;;0;;;;;1;;0;0;0;2;0.333333333333333;32;0.0625;13;22.3615326024592;tarde
30000099;11000014;1000000212;300000175;2020;12;2;1;1;;00001146;00000007;;00003752;1;0;1;;0;;;;;;;;0;0;1;0;0;41;5;1;0;0;1;0;0;-2;0;1;0;3;1;1;;1;1;;1;1;1;1;;0;;;;1;;1;;1;;;;;0;0;0;0;0;0.875;25;0;13;41.387625111267;tarde
30000099;11000014;1000000291;300000236;2020;7;1;1;1;;00000578;00000006;00000008;;1;0;1;;0;;;0;;;0;0;;0;1;0;0;41;5;1;0;0;1;0;0;-7;0;0;0;3;0;1;;1;1;;1;1;1;1;;0;;;;1;;1;;1;;;;;0;0;0;0;0;0.875;25;0;13;41.387625111267;tarde
30000099;11000014;1000000953;300000722;2020;7;1;0;1;;00000819;00000007;00000019;;1;0;0;;;;0;;;;;0;0;0;1;0;0;41;5;1;0;0;1;0;0;-7;0;0;0;3;0;1;;1;1;;1;1;1;1;;0;;;;1;;1;;1;;;;;0;0;0;0;0;0.875;25;0;13;41.387625111267;tarde
30000100;11000014;1000000158;300000130;2020;17;2;0;1;;00005175;00000003;;00002282;1;1;0;;;;;;;;;0;0;0;1;0;0;1;2;1;0;0;1;0;0;;;0;0;3;0;1;;1;1;;1;1;1;1;;0;;;;1;;1;;1;;;;;0;0;0;0;0;0.875;25;0;7;33.4457516352413;manha
30000100;11000014;1000001124;300000857;2020;9;2;3;1;;00003649;00000006;;00002585;1;0;0;;;1;;;;;;;;;1;0;0;1;2;1;0;0;1;0;0;;;0;0;1;0;1;1;1;1;;1;1;1;1;;0;;;;1;;1;;1;;;;;0;0;0;0;0;0.875;25;0;7;33.4457516352413;manha
30000101;11000014;1000000328;300000264;2020;8;1;1;1;;00000529;00000005;;00003685;1;0;0;;;;0;;;0;;;0;0;1;0;0;17;5;1;0;0;1;0;0;-1;0;0;0;3;0;1;1;1;1;;1;1;1;1;;0;;;;1;;1;;1;;;;;0;0;0;0;0;0.875;25;0;8;23.721795864054;manha
30000101;11000014;1000000828;300000627;2020;13;1;1;1;;00002317;00000002;00000023;00000594;1;0;1;;;;;;;;;;;0;1;0;0;17;5;1;0;0;1;0;0;4;1;0;1;3;0;1;1;1;1;;1;1;1;1;;0;;;;1;;1;;1;;;;;0;0;0;0;0;0.875;25;0;8;23.721795864054;manha
30000101;11000014;1000000977;300000741;2020;12;2;2;1;;00004758;00000005;00000014;00002957;2;0;0;0;;1;;;0;0;;;;0;1;0;0;17;5;1;0;0;1;0;0;3;1;0;0;3;0;1;1;1;1;;1;1;1;1;;0;;;;1;;1;;1;;;;;0;0;0;0;0;0.875;25;0;8;23.721795864054;manha
30000101;11000014;1000001071;300000812;2020;10;1;1;1;;00000633;00000004;00000015;;1;0;0;;0;;;0;;;0;;0;0;1;0;0;17;5;1;0;0;1;0;0;1;0;0;0;2;0;1;;1;1;;1;1;1;1;;0;;;;1;;1;;1;;;;;0;0;0;0;0;0.875;25;0;8;23.721795864054;manha
30000101;11000014;1000001099;300000835;2020;14;2;3;1;;00002648;00000005;00000012;00001102;1;0;0;;0;;;0;;;;;;0;1;0;0;17;5;1;0;0;1;0;1;5;1;0;0;1;0;1;1;1;1;;1;1;1;1;;0;;;;1;;1;;1;;;;;0;0;0;0;0;0.875;25;0;8;23.721795864054;manha
30000102;11000014;1000000085;300000069;2020;19;1;0;1;;00001737;00000004;;;1;0;0;;;1;;;0;;0;;;0;1;0;1;17;5;1;0;0;1;0;0;10;1;0;0;3;0;1;;1;1;;1;1;1;1;;0;;;;1;;1;;1;;;;;0;0;0;0;0;0.875;25;0;13;5.79157736618072;tarde
30000102;11000014;1000000596;300000447;2020;10;1;3;1;;00002642;00000005;00000025;00000595;1;0;0;;;;0;;;;;;;0;1;0;0;17;5;1;0;0;1;0;0;1;0;0;0;3;0;1;1;1;1;;1;1;1;1;;0;;;;1;;1;;1;;;;;0;0;0;0;0;0.875;25;0;13;5.79157736618072;tarde
30000102;11000014;1000000829;300000628;2020;16;2;2;1;;00001848;00000004;00000014;;1;0;1;;;1;;;;;;;;0;1;0;0;17;5;1;0;0;1;0;1;7;1;0;0;3;0;1;;1;1;;1;1;1;1;;0;;;;1;;1;;1;;;;;0;0;0;0;0;0.875;25;0;13;5.79157736618072;tarde
30000103;11000014;1000000505;300000385;2020;5;1;3;1;;00002512;00000004;;00004506;1;0;0;;0;;;;;;;;;0;1;0;0;21;5;1;0;0;1;0;0;-8;0;0;0;3;0;1;;1;1;;1;1;1;1;;0;;;;1;;1;;1;;;;;0;0;0;0;0;0.875;25;0;7;12.2681704026181;manha
30000103;11000014;1000000722;300000546;2020;17;2;1;1;;00001628;00000005;;;1;1;0;;;;0;;;0;;;;0;1;0;0;21;5;1;0;0;1;0;1;4;1;0;0;3;0;1;;1;1;;1;1;1;1;;0;;;;1;;1;;1;;;;;0;0;0;0;0;0.875;25;0;7;12.2681704026181;manha
30000104;11000014;1000000794;300000602;2020;19;1;1;1;;00002822;00000001;;00005401;1;0;0;;;;0;;;0;;;;0;1;;0;22;5;1;0;0;1;0;0;;;0;0;3;0;1;;1;1;;1;1;1;1;;0;;;;1;;1;;1;;;;;0;0;0;0;0;0.875;25;0;7;25.8281028284691;manha
30000105;11000014;1000000150;300000124;2020;8;2;0;1;;00001607;00000008;;00000500;1;0;1;;;;;;;;0;;;0;1;0;0;27;5;1;0;0;1;0;0;-9;0;1;0;3;1;1;1;1;1;;1;1;1;1;;0;;;;1;;1;;1;;;;;0;0;0;0;0;0.875;25;0;7;33.4246189073892;manha
30000105;11000014;1000000289;300000234;2020;16;1;3;1;;00001759;00000002;00000027;00001150;1;0;0;;;;;;;;;0;;0;1;0;0;27;5;1;0;0;1;0;0;-1;0;1;0;3;0;1;;1;1;;1;1;1;1;;0;;;;1;;1;;1;;;;;0;0;0;0;0;0.875;25;0;7;33.4246189073892;manha
30000105;11000014;1000000297;300000241;2020;19;1;1;1;;00000663;00000002;00000013;;1;0;1;0;;;;;;;;;;0;1;0;0;27;5;1;0;0;1;0;0;2;1;0;0;3;0;1;;1;1;;1;1;1;1;;0;;;;1;;1;;1;;;;;0;0;0;0;0;0.875;25;0;7;33.4246189073892;manha
30000106;11000015;1000000229;300000189;2020;13;2;0;1;;00001608;00000004;00000020;00003786;1;0;1;;;;;;;;0;;0;;1;0;0;27;5;1;0;0;1;0;0;-4;0;0;0;3;0;1;1;3;2;;1;1;1;;1;0;1;;0;0;;;;0;1;0;1;1;0;0;0;0;1;0.615384615384615;21;0.0476190476190476;6;22.7936631344492;manha
30000106;11000015;1000000539;300000408;2020;13;2;0;1;;00004083;00000007;;00001248;1;0;0;;0;0;;;;;0;;;0;1;1;1;27;5;1;0;0;1;0;0;-4;0;1;0;3;1;1;1;3;2;;1;1;1;;1;0;1;;0;0;;;;0;1;0;1;1;0;0;0;0;1;0.615384615384615;21;0.0476190476190476;6;22.7936631344492;manha
30000106;11000015;1000000690;300000520;2020;19;2;3;1;;00000226;00000006;00000014;00004129;1;0;0;;;;;0;0;;;;;0;1;0;1;27;5;1;0;1;1;0;;2;1;0;0;3;0;1;1;3;2;;1;1;1;;1;0;1;;0;0;;;;0;1;0;1;1;0;0;0;0;1;0.615384615384615;21;0.0476190476190476;6;22.7936631344492;manha
30000106;11000015;1000000976;300000740;2020;14;1;1;1;;00003533;00000001;00000014;00000150;1;0;1;;;;0;;0;;;0;;0;1;0;0;27;5;1;0;0;1;0;0;-3;0;0;0;3;0;1;1;3;2;;1;1;1;;1;0;1;;0;0;;;;0;1;0;1;1;0;0;0;0;1;0.615384615384615;21;0.0476190476190476;6;22.7936631344492;manha
30000107;11000015;1000000023;300000015;2020;26;1;1;1;;00000343;00000006;00000003;00003579;1;0;1;;;;;;;;;;0;0;1;0;0;26;5;1;0;0;1;0;0;10;1;0;0;3;0;1;;3;2;;1;1;1;;1;0;1;;0;0;;;;0;1;0;1;1;0;0;0;0;1;0.615384615384615;21;0.0476190476190476;7;11.4602742858697;manha
30000107;11000015;1000000144;300000119;2020;7;2;1;1;;00001964;00000004;;00003083;1;0;0;;;;;;;;;;0;0;1;1;0;26;5;1;0;0;1;0;0;-9;0;0;0;3;0;1;1;3;2;;1;1;1;;1;0;1;;0;0;;;;0;1;0;1;1;0;0;0;0;1;0.615384615384615;21;0.0476190476190476;7;11.4602742858697;manha
30000107;11000015;1000000345;300000277;2020;16;2;1;1;;00003865;00000001;00000021;00001460;2;0;0;;;;;;;0;;;;0;1;0;0;26;5;1;0;0;1;0;0;0;0;0;0;3;0;1;1;3;2;;1;1;1;;1;0;1;;0;0;;;;0;1;0;1;1;0;0;0;0;1;0.615384615384615;21;0.0476190476190476;7;11.4602742858697;manha
30000109;11000015;1000000753;300000567;2020;17;2;1;1;;00003688;00000008;00000002;00001208;1;0;0;;;;;;;;;0;;0;1;0;0;19;5;1;0;0;1;0;0;6;1;0;0;3;0;1;1;3;2;;1;1;1;;1;0;1;;0;0;;;;0;1;0;1;1;0;0;0;0;1;0.615384615384615;21;0.0476190476190476;13;42.1735583087429;tarde
30000109;11000015;1000000980;300000744;2020;18;1;3;1;;00002049;00000005;00000013;00003834;2;0;0;;;;;0;0;;;;;0;1;0;0;19;5;1;0;0;1;0;0;7;1;0;0;3;0;1;1;3;2;;1;1;1;;1;0;1;;0;0;;;;0;1;0;1;1;0;0;0;0;1;0.615384615384615;21;0.0476190476190476;13;42.1735583087429;tarde
30000109;11000015;1000001153;300000881;2020;14;1;3;1;;00000027;00000006;00000022;00001769;1;0;0;;;;;;0;;;;0;0;1;0;0;19;5;1;0;0;1;0;0;3;1;0;0;1;0;1;1;3;2;;1;1;1;;1;0;1;;0;0;;;;0;1;0;1;1;0;0;0;0;1;0.615384615384615;21;0.0476190476190476;13;42.1735583087429;tarde
30000110;11000015;1000000104;300000087;2020;25;1;3;1;;00002303;00000001;00000004;00003120;1;1;0;;;;;;;0;;;0;0;1;0;0;1;5;1;0;0;1;0;0;;;0;0;3;0;1;;3;2;;1;1;1;;1;0;1;;0;0;;;;0;1;0;1;1;0;0;0;0;1;0.615384615384615;21;0.0476190476190476;7;24.9594526874134;manha
30000110;11000015;1000000907;300000690;2020;13;2;0;1;;00001248;00000002;00000024;;2;0;0;;1;1;;0;;;;0;;0;1;0;0;1;5;1;0;0;1;0;0;;;0;0;3;0;1;;3;2;;1;1;1;;1;0;1;;0;0;;;;0;1;0;1;1;0;0;0;0;1;0.615384615384615;21;0.0476190476190476;7;24.9594526874134;manha
30000110;11000015;1000000943;300000715;2020;12;1;0;1;;00005134;00000002;00000015;00001792;2;0;0;0;;;;;;;;;;0;1;0;0;1;5;1;0;0;1;0;0;;;0;0;3;0;1;1;3;2;;1;1;1;;1;0;1;;0;0;;;;0;1;0;1;1;0;0;0;0;1;0.615384615384615;21;0.0476190476190476;7;24.9594526874134;manha
30000111;11000015;1000000125;300000103;2020;18;1;1;1;;00004940;00000002;00000014;00002938;1;0;0;;;0;;;;;;;0;0;1;0;0;23;5;1;0;0;1;0;0;;;0;0;3;0;1;1;3;2;;1;1;1;;1;0;1;;0;0;;;;0;1;0;1;1;0;0;0;0;1;0.615384615384615;21;0.0476190476190476;13;18.1689993445762;tarde
30000111;11000015;1000000533;300000403;2020;9;1;3;1;;00000512;00000008;00000017;;1;0;0;;;;;;;;;;;0;1;0;0;23;5;1;0;0;1;0;0;;;0;0;3;0;1;;3;2;;1;1;1;;1;0;1;;0;0;;;;0;1;0;1;1;0;0;0;0;1;0.615384615384615;21;0.0476190476190476;13;18.1689993445762;tarde
30000111;11000015;1000000974;300000738;2020;16;1;3;1;;00000196;00000006;00000024;;1;0;1;;;;;;0;0;;;;0;1;1;0;23;5;1;0;0;1;0;0;;;0;0;3;0;1;;3;2;;1;1;1;;1;0;1;;0;0;;;;0;1;0;1;1;0;0;0;0;1;0.615384615384615;21;0.0476190476190476;13;18.1689993445762;tarde
30000112;11000015;1000000393;300000309;2020;13;1;1;1;;00003448;00000006;;00003283;1;0;0;;;;;0;;;;;;0;1;0;0;1;5;1;0;0;1;0;0;;;0;0;3;0;1;1;3;2;;1;1;1;;1;0;1;;0;0;;;;0;1;0;1;1;0;0;0;0;1;0.615384615384615;21;0.0476190476190476;7;0.386855346150696;manha
30000112;11000015;1000000569;300000430;2020;7;2;3;1;;00000741;00000007;00000002;;1;0;0;;;;;;;;;;;0;1;0;0;1;5;1;0;0;1;0;0;;;0;0;3;0;1;;3;2;;1;1;1;;1;0;1;;0;0;;;;0;1;0;1;1;0;0;0;0;1;0.615384615384615;21;0.0476190476190476;7;0.386855346150696;manha
30000113;11000016;1000000195;300000160;2020;16;1;0;1;;00002602;00000001;00000007;00004899;1;0;0;;;;;;;;;;0;0;1;0;0;16;2;1;0;0;1;0;0;8;1;0;0;3;0;1;;3;1;;1;1;;;;;1;;;1;1;1;1;1;;1;;1;;;0;;;1;30;0;13;19.0776454275474;tarde
30000113;11000016;1000000452;300000351;2020;8;1;1;1;;00002857;00000008;00000005;00000976;1;0;0;;0;;;0;;;;;;0;1;0;0;16;2;1;0;0;1;0;0;0;0;1;0;3;0;1;1;3;1;;1;1;;;;;1;;;1;1;1;1;1;;1;;1;;;0;;;1;30;0;13;19.0776454275474;tarde
30000113;11000016;1000000470;300000363;2020;12;1;3;1;;00003449;00000002;00000009;00000452;1;0;0;;;0;;;;;;;;0;1;0;0;16;2;1;0;0;1;0;0;4;1;0;0;3;0;1;1;3;1;;1;1;;;;;1;;;1;1;1;1;1;;1;;1;;;0;;;1;30;0;13;19.0776454275474;tarde
30000113;11000016;1000000918;300000697;2020;13;1;3;1;;00002608;00000004;00000023;;1;0;0;;;0;;0;;;;;;0;1;1;0;16;2;1;0;0;1;0;0;5;1;0;0;3;0;1;;3;1;;1;1;;;;;1;;;1;1;1;1;1;;1;;1;;;0;;;1;30;0;13;19.0776454275474;tarde
30000114;11000016;1000000040;300000030;2020;18;1;1;1;;00003501;00000007;;00000284;1;0;1;;;;;;;;;;;0;1;0;0;19;5;1;0;0;1;0;0;7;1;0;0;3;0;1;1;3;1;;1;1;;;;;1;;;1;1;1;1;1;;1;;1;;;0;;;1;30;0;13;30.114589887904;tarde
30000114;11000016;1000000805;300000610;2020;17;1;1;1;;00000959;00000001;;00003340;1;0;0;;0;;;;0;;;;;0;1;0;0;19;5;1;0;0;1;0;0;6;1;0;0;3;0;1;1;3;1;;1;1;;;;;1;;;1;1;1;1;1;;1;;1;;;0;;;1;30;0;13;30.114589887904;tarde
30000115;11000016;1000000071;300000056;2020;17;2;0;1;;00005480;00000005;00000010;00001931;1;0;0;;;;0;;;0;0;;;0;1;0;0;1;2;1;0;0;1;0;0;;;0;0;3;0;1;;3;1;;1;1;;;;;1;;;1;1;1;1;1;;1;;1;;;0;;;1;30;0;13;7.9171298656147;tarde
30000115;11000016;1000001024;300000773;2020;7;1;3;1;;00001814;00000007;00000010;00003702;1;0;0;0;;;;;;0;;;;0;1;0;0;1;2;1;0;0;1;0;0;;;0;0;2;0;1;1;3;1;;1;1;;;;;1;;;1;1;1;1;1;;1;;1;;;0;;;1;30;0;13;7.9171298656147;tarde
30000115;11000016;1000001270;300000997;2020;13;1;3;1;;;00000004;;;1;0;0;;;;;;;;;;;0;1;0;0;1;2;1;0;0;1;0;0;;;0;0;0;;0;;3;1;;1;1;;;;;1;;;1;1;1;1;1;;1;;1;;;0;;;1;30;0;13;7.9171298656147;tarde
30000116;11000016;1000000278;300000227;2020;11;2;2;1;;00003170;00000006;00000007;00005260;1;0;0;;0;1;0;0;;0;;0;;0;1;0;0;16;5;1;0;0;1;0;0;3;1;0;0;3;0;1;1;3;1;;1;1;;;;;1;;;1;1;1;1;1;;1;;1;;;0;;;1;30;0;13;33.7734118280932;tarde
30000116;11000016;1000000709;300000537;2020;19;2;1;1;;00001852;00000001;00000027;;1;0;0;;;1;;;;0;;;;0;1;0;0;16;5;1;0;0;1;0;0;11;1;0;0;3;0;1;;3;1;;1;1;;;;;1;;;1;1;1;1;1;;1;;1;;;0;;;1;30;0;13;33.7734118280932;tarde
30000116;11000016;1000000911;300000693;2020;12;2;1;1;;00004342;00000005;;;1;0;0;;;;;;;;;;0;0;1;0;0;16;5;1;0;0;1;0;0;4;1;0;0;3;0;1;;3;1;;1;1;;;;;1;;;1;1;1;1;1;;1;;1;;;0;;;1;30;0;13;33.7734118280932;tarde
30000116;11000016;1000001038;300000784;2020;14;2;0;1;;00002654;00000008;00000010;00003914;1;0;0;;;;;;;;;0;;0;1;0;1;16;5;1;0;0;1;0;0;6;1;1;0;2;0;1;1;3;1;;1;1;;;;;1;;;1;1;1;1;1;;1;;1;;;0;;;1;30;0;13;33.7734118280932;tarde
30000116;11000016;1000001201;300000928;2020;11;1;1;1;;00004191;00000005;00000025;;1;0;0;0;;1;;;;;;;;0;1;0;0;16;5;1;0;0;1;0;1;3;1;0;0;0;;0;;3;1;;1;1;;;;;1;;;1;1;1;1;1;;1;;1;;;0;;;1;30;0;13;33.7734118280932;tarde
30000116;11000016;1000001257;300000984;2020;4;1;5;1;;00001815;00000003;;00004804;2;0;0;;;1;;0;;;;;;0;1;0;0;16;5;1;0;0;1;0;0;-4;0;0;0;0;;0;;3;1;;1;1;;;;;1;;;1;1;1;1;1;;1;;1;;;0;;;1;30;0;13;33.7734118280932;tarde
30000117;11000016;1000001272;300000999;2020;15;2;2;1;;00005100;00000004;;00002074;1;0;0;;;;;0;;;0;;;;1;;0;18;5;1;0;0;1;0;0;5;1;0;0;0;;0;;3;1;;1;1;;;;;1;;;1;1;1;1;1;;1;;1;;;0;;;1;30;0;7;15.9629088491201;manha
30000118;11000016;1000000468;300000361;2020;18;1;0;1;;00004876;00000006;;00000135;1;0;0;;;1;;;;;0;;0;0;1;0;0;1;6;1;0;0;1;0;0;;;1;0;3;1;1;1;3;1;;1;1;;;;;1;;;1;1;1;1;1;;1;;1;;;0;;;1;30;0;13;22.8695766525343;tarde
30000118;11000016;1000000703;300000531;2020;8;2;0;1;;00002344;00000004;00000026;;2;0;0;;;;;;;;;;;0;1;0;0;1;6;1;0;0;1;0;0;;;0;0;3;0;1;;3;1;;1;1;;;;;1;;;1;1;1;1;1;;1;;1;;;0;;;1;30;0;13;22.8695766525343;tarde
30000118;11000016;1000000832;300000631;2020;16;1;1;1;;00004947;00000008;;00000228;2;0;1;0;;;;0;;;;;;0;1;0;0;1;6;1;0;0;1;0;0;;;0;0;3;0;1;1;3;1;;1;1;;;;;1;;;1;1;1;1;1;;1;;1;;;0;;;1;30;0;13;22.8695766525343;tarde
30000118;11000016;1000001151;300000879;2020;9;2;0;1;;00001412;00000004;;;2;1;1;;;;;;;0;;;;0;1;0;;1;6;1;0;0;1;0;0;;;0;0;1;0;1;;3;1;;1;1;;;;;1;;;1;1;1;1;1;;1;;1;;;0;;;1;30;0;13;22.8695766525343;tarde
30000118;11000016;1000001211;300000938;2020;5;2;1;1;;00004336;00000004;;00004006;1;0;0;;;;;;;;;;;0;1;0;0;1;6;1;0;0;1;0;0;;;0;0;0;;0;;3;1;;1;1;;;;;1;;;1;1;1;1;1;;1;;1;;;0;;;1;30;0;13;22.8695766525343;tarde
30000119;11000016;1000000231;300000190;2020;17;2;3;1;;00002957;00000004;00000007;;1;0;0;;1;;;;;;;;;0;1;0;0;41;5;1;0;0;1;0;0;3;1;0;0;3;0;1;;3;1;;1;1;;;;;1;;;1;1;1;1;1;;1;;1;;;0;;;1;30;0;7;36.6766027482227;manha
30000119;11000016;1000000502;300000382;2020;10;1;0;1;;00003766;00000003;00000013;00003569;1;0;0;;;;;;;;;;;0;1;0;0;41;5;1;0;0;1;0;0;-4;0;0;1;3;0;1;1;3;1;;1;1;;;;;1;;;1;1;1;1;1;;1;;1;;;0;;;1;30;0;7;36.6766027482227;manha
30000119;11000016;1000000792;300000600;2020;9;1;1;1;;00003416;00000005;;;1;0;1;;;;;;0;;;0;;0;1;0;0;41;5;1;0;0;1;0;0;-5;0;0;0;3;0;1;;3;1;;1;1;;;;;1;;;1;1;1;1;1;;1;;1;;;0;;;1;30;0;7;36.6766027482227;manha
30000120;11000017;1000000538;300000407;2020;10;2;1;1;;00004510;00000002;;00004421;1;1;0;;0;;0;0;;;;0;;0;1;0;0;15;5;1;0;0;1;0;0;3;1;0;0;3;0;1;1;3;1;;1;0;1;1;1;1;;;0;;1;1;;;;0;0;;0;0;0;;;0.636363636363636;39;0;13;12.8116134533193;tarde
30000120;11000017;1000000618;300000463;2020;11;2;0;1;;00002491;00000003;;00001339;1;0;0;0;;;;;;;0;0;;0;1;0;0;15;5;1;0;0;1;0;0;4;1;0;0;3;0;1;1;3;1;;1;0;1;1;1;1;;;0;;1;1;;;;0;0;;0;0;0;;;0.636363636363636;39;0;13;12.8116134533193;tarde
30000120;11000017;1000000629;300000472;2020;11;2;0;1;;00003675;00000005;;;2;0;1;;;;;;;;;;0;0;1;0;0;15;5;1;0;0;1;0;0;4;1;0;0;3;0;1;;3;1;;1;0;1;1;1;1;;;0;;1;1;;;;0;0;;0;0;0;;;0.636363636363636;39;0;13;12.8116134533193;tarde
30000120;11000017;1000000865;300000654;2020;6;1;0;1;;00003405;00000001;00000007;00004455;1;0;1;;;1;;0;;;;;;0;1;0;0;15;5;1;0;0;1;0;0;-1;0;0;0;3;0;1;1;3;1;;1;0;1;1;1;1;;;0;;1;1;;;;0;0;;0;0;0;;;0.636363636363636;39;0;13;12.8116134533193;tarde
30000120;11000017;1000000947;300000718;2020;8;1;0;1;;00004840;00000007;;00001050;2;0;1;;;;;;;;;;;;1;0;0;15;5;1;0;0;1;0;0;1;0;0;0;3;0;1;1;3;1;;1;0;1;1;1;1;;;0;;1;1;;;;0;0;;0;0;0;;;0.636363636363636;39;0;13;12.8116134533193;tarde
30000120;11000017;1000001101;300000836;2020;16;1;0;1;;00002449;00000002;00000013;;1;0;0;;;;;;;;;;;0;1;0;0;15;5;1;0;0;1;0;0;9;1;0;0;1;0;1;;3;1;;1;0;1;1;1;1;;;0;;1;1;;;;0;0;;0;0;0;;;0.636363636363636;39;0;13;12.8116134533193;tarde
30000120;11000017;1000001178;300000905;2020;9;1;0;1;;00003305;00000001;00000011;;2;1;1;;;1;;;;;;;;0;1;0;0;15;5;1;0;0;1;0;0;2;1;0;0;1;0;1;;3;1;;1;0;1;1;1;1;;;0;;1;1;;;;0;0;;0;0;0;;;0.636363636363636;39;0;13;12.8116134533193;tarde
30000121;11000017;1000000371;300000296;2020;12;1;0;1;;00001133;00000006;00000005;00003165;1;0;1;;;;;;;0;;0;;0;1;0;1;21;5;1;0;0;1;0;0;-1;0;0;0;3;0;1;1;3;1;;1;0;1;1;1;1;;;0;;1;1;;;;0;0;;0;0;0;;;0.636363636363636;39;0;13;29.7530736916233;tarde
30000121;11000017;1000001142;300000871;2020;4;2;0;1;;00002096;00000005;00000004;;2;0;1;;;;;;;;;;;0;1;0;0;21;5;1;0;0;1;0;0;-9;0;0;0;1;0;1;;3;1;;1;0;1;1;1;1;;;0;;1;1;;;;0;0;;0;0;0;;;0.636363636363636;39;0;13;29.7530736916233;tarde
30000122;11000017;1000000001;300000001;2020;24;2;2;1;;00005373;00000008;;00004038;2;0;0;;;;;;;;;0;0;0;1;0;;1;5;1;0;0;1;0;0;;;1;0;3;0;1;1;3;1;;1;0;1;1;1;1;;;0;;1;1;;;;0;0;;0;0;0;;;0.636363636363636;39;0;13;25.3012797343545;tarde
30000122;11000017;1000000116;300000097;2020;16;1;0;1;;00000774;00000005;00000007;00003634;1;0;0;;;;;;;;;;;0;1;0;0;1;5;1;0;0;1;0;1;;;0;1;3;0;1;1;3;1;;1;0;1;1;1;1;;;0;;1;1;;;;0;0;;0;0;0;;;0.636363636363636;39;0;13;25.3012797343545;tarde
30000122;11000017;1000000156;300000128;2020;17;1;0;1;;00003168;00000003;00000002;00001726;1;0;0;;;;;;;;;;;0;1;0;0;1;5;1;0;0;1;0;0;;;0;0;3;0;1;1;3;1;;1;0;1;1;1;1;;;0;;1;1;;;;0;0;;0;0;0;;;0.636363636363636;39;0;13;25.3012797343545;tarde
30000122;11000017;1000000480;300000368;2020;13;1;0;1;;00004159;00000004;;;1;0;0;;0;;;0;;;;;0;0;1;0;0;1;5;1;0;0;1;0;0;;;1;0;3;1;1;;3;1;;1;0;1;1;1;1;;;0;;1;1;;;;0;0;;0;0;0;;;0.636363636363636;39;0;13;25.3012797343545;tarde
30000122;11000017;1000000612;300000459;2020;8;2;3;1;;00000209;00000005;00000024;;1;0;0;;;;;0;;;0;;;0;1;0;0;1;5;1;0;0;1;0;0;;;0;0;3;0;1;;3;1;;1;0;1;1;1;1;;;0;;1;1;;;;0;0;;0;0;0;;;0.636363636363636;39;0;13;25.3012797343545;tarde
30000122;11000017;1000000842;300000638;2020;15;2;1;1;;00003451;00000002;00000025;00001835;1;0;0;;;;;;;;;;;0;1;0;0;1;5;1;0;0;1;0;0;;;0;0;3;0;1;1;3;1;;1;0;1;1;1;1;;;0;;1;1;;;;0;0;;0;0;0;;;0.636363636363636;39;0;13;25.3012797343545;tarde
30000123;11000017;1000000254;300000209;2020;16;2;0;1;;00002449;00000007;00000007;00001923;1;0;1;0;;;;;;;;;;0;1;0;0;20;5;1;0;0;1;0;0;4;1;0;0;3;0;1;;3;1;;1;0;1;1;1;1;;;0;;1;1;;;;0;0;;0;0;0;;;0.636363636363636;39;0;13;6.33625860325992;tarde
30000123;11000017;1000000271;300000220;2020;20;2;0;1;;00002394;00000007;;;1;0;0;0;;;;;;;;;0;0;1;0;0;20;5;1;0;0;1;0;0;8;1;0;0;3;0;1;;3;1;;1;0;1;1;1;1;;;0;;1;1;;;;0;0;;0;0;0;;;0.636363636363636;39;0;13;6.33625860325992;tarde
30000123;11000017;1000000467;300000360;2020;17;2;0;1;;00005448;00000008;00000022;00002325;2;0;0;;;;;;0;;;;;0;1;0;0;20;5;1;0;0;1;0;0;5;1;0;0;3;0;1;;3;1;;1;0;1;1;1;1;;;0;;1;1;;;;0;0;;0;0;0;;;0.636363636363636;39;0;13;6.33625860325992;tarde
30000123;11000017;1000000514;300000390;2020;10;1;1;1;;00000360;00000007;00000006;;1;0;0;;0;;;;;;;;;0;1;0;0;20;5;1;0;0;1;0;0;-2;0;0;0;3;0;1;;3;1;;1;0;1;1;1;1;;;0;;1;1;;;;0;0;;0;0;0;;;0.636363636363636;39;0;13;6.33625860325992;tarde
30000123;11000017;1000000580;300000437;2020;13;2;0;1;;00000320;00000007;;00005361;1;0;0;;;1;0;;0;;;;;0;1;;1;20;5;1;0;0;1;0;0;1;0;0;0;3;0;1;1;3;1;;1;0;1;1;1;1;;;0;;1;1;;;;0;0;;0;0;0;;;0.636363636363636;39;0;13;6.33625860325992;tarde
30000123;11000017;1000000658;300000493;2020;11;2;0;1;;00002192;00000008;00000021;00003309;1;0;0;;;;;;;;;;;0;1;0;0;20;5;1;0;0;1;0;0;-1;0;0;0;3;0;1;1;3;1;;1;0;1;1;1;1;;;0;;1;1;;;;0;0;;0;0;0;;;0.636363636363636;39;0;13;6.33625860325992;tarde
30000123;11000017;1000000853;300000646;2020;18;1;1;1;;00004434;00000003;00000018;00001732;1;0;0;0;;;;;;;;;;0;1;0;0;20;5;1;0;0;1;0;0;6;1;0;0;3;0;1;1;3;1;;1;0;1;1;1;1;;;0;;1;1;;;;0;0;;0;0;0;;;0.636363636363636;39;0;13;6.33625860325992;tarde
30000123;11000017;1000000972;300000736;2020;19;1;1;1;;00004164;00000008;;00002994;1;0;0;;;;;;;0;;;;0;1;0;0;20;5;1;0;0;1;0;0;7;1;0;0;3;0;1;1;3;1;;1;0;1;1;1;1;;;0;;1;1;;;;0;0;;0;0;0;;;0.636363636363636;39;0;13;6.33625860325992;tarde
30000124;11000017;1000000047;300000035;2020;9;2;1;1;;00003688;00000006;00000010;;2;0;0;;;;;;;;;0;;0;1;0;0;2;5;1;0;0;1;0;0;;;0;0;3;0;1;;3;1;;1;0;1;1;1;1;;;0;;1;1;;;;0;0;;0;0;0;;;0.636363636363636;39;0;11;17.1692709638737;manha
30000124;11000017;1000000519;300000395;2020;19;2;0;1;;00000541;00000001;00000002;00005139;1;0;0;0;;;;0;;;0;;;0;1;1;0;2;5;1;0;0;1;0;0;;;0;0;3;0;1;;3;1;;1;0;1;1;1;1;;;0;;1;1;;;;0;0;;0;0;0;;;0.636363636363636;39;0;11;17.1692709638737;manha
30000124;11000017;1000000779;300000587;2020;27;1;3;1;;00005503;00000008;;;1;0;0;;1;;;;;;;;;0;1;0;0;2;5;1;0;0;1;0;0;;;0;0;3;0;1;;3;1;;1;0;1;1;1;1;;;0;;1;1;;;;0;0;;0;0;0;;;0.636363636363636;39;0;11;17.1692709638737;manha
30000124;11000017;1000000785;300000593;2020;15;2;1;1;;00000163;00000002;00000007;00001481;1;0;0;;;;;;;;;0;;0;1;0;1;2;5;1;0;0;1;0;0;;;0;0;3;0;1;1;3;1;;1;0;1;1;1;1;;;0;;1;1;;;;0;0;;0;0;0;;;0.636363636363636;39;0;11;17.1692709638737;manha
30000124;11000017;1000001076;300000816;2020;15;1;3;1;;00000391;00000008;00000026;00003397;1;0;1;;;1;;;0;0;0;;;0;1;0;0;2;5;1;0;0;1;0;0;;;0;0;2;0;1;1;3;1;;1;0;1;1;1;1;;;0;;1;1;;;;0;0;;0;0;0;;;0.636363636363636;39;0;11;17.1692709638737;manha
30000125;11000017;1000000327;300000263;2020;6;2;1;1;;00004050;00000001;00000025;00004873;1;0;1;;;;;;;;;;;0;1;0;0;14;5;1;0;0;1;0;0;0;0;0;1;3;0;1;1;3;1;;1;0;1;1;1;1;;;0;;1;1;;;;0;0;;0;0;0;;;0.636363636363636;39;0;17;22.9853665592382;tarde
30000125;11000017;1000000391;300000307;2020;10;2;3;1;;00002781;00000005;;00003514;1;0;0;;;;;;;;;;;0;1;0;0;14;5;1;0;0;1;0;0;4;1;0;0;3;0;1;1;3;1;;1;0;1;1;1;1;;;0;;1;1;;;;0;0;;0;0;0;;;0.636363636363636;39;0;17;22.9853665592382;tarde
30000125;11000017;1000000767;300000578;2020;18;1;1;1;;00005115;00000003;00000015;00000129;1;0;0;0;0;;;1;;;0;0;;0;1;1;0;14;5;1;0;0;1;0;0;12;1;0;0;3;0;1;;3;1;;1;0;1;1;1;1;;;0;;1;1;;;;0;0;;0;0;0;;;0.636363636363636;39;0;17;22.9853665592382;tarde
30000125;11000017;1000001244;300000971;2020;17;2;1;1;;00004463;00000006;00000001;;1;0;1;;;0;0;;0;;;;0;0;1;0;0;14;5;1;0;0;1;0;0;11;1;0;0;0;;0;;3;1;;1;0;1;1;1;1;;;0;;1;1;;;;0;0;;0;0;0;;;0.636363636363636;39;0;17;22.9853665592382;tarde
30000126;11000017;1000000517;300000393;2020;14;2;3;1;;00003877;00000001;;00004075;1;0;0;;0;1;0;0;;0;;0;;0;1;1;0;20;1;1;0;0;1;0;0;2;1;0;0;3;0;1;1;3;1;;1;0;1;1;1;1;;;0;;1;1;;;;0;0;;0;0;0;;;0.636363636363636;39;0;13;9.09583344962448;tarde
30000126;11000017;1000000710;300000538;2020;5;2;1;1;;00003925;00000008;;;1;0;0;;;;0;;0;;;;;0;1;0;0;20;1;1;0;0;1;0;0;-7;0;1;0;3;1;1;;3;1;;1;0;1;1;1;1;;;0;;1;1;;;;0;0;;0;0;0;;;0.636363636363636;39;0;13;9.09583344962448;tarde
30000126;11000017;1000001207;300000934;2020;5;1;3;1;;00004063;00000007;;;2;0;0;;;;;0;;;;;;0;1;0;0;20;1;1;0;0;1;0;0;-7;0;0;0;0;;0;;3;1;;1;0;1;1;1;1;;;0;;1;1;;;;0;0;;0;0;0;;;0.636363636363636;39;0;13;9.09583344962448;tarde
30000127;11000018;1000000471;300000364;2020;16;2;3;1;;00004130;00000003;00000007;00003116;1;0;1;;;0;;0;;;;;;0;1;0;0;18;5;1;0;0;1;0;0;6;1;0;0;3;0;1;1;3;1;;;;;0;1;;0;0;;;0;0;1;1;;0;0;1;0;0;0;;;0.363636363636364;32;0;13;18.7476717566606;tarde
30000127;11000018;1000000567;300000428;2020;13;2;0;1;;00004650;00000001;;00000444;1;0;0;;;1;;;;;0;;;0;1;0;0;18;5;1;0;0;1;0;0;3;1;1;0;3;0;1;;3;1;;;;;0;1;;0;0;;;0;0;1;1;;0;0;1;0;0;0;;;0.363636363636364;32;0;13;18.7476717566606;tarde
30000127;11000018;1000000982;300000745;2020;11;1;0;1;;00004833;00000006;;00001290;1;0;0;0;;;;;0;;0;;0;0;1;0;0;18;5;1;0;0;1;0;0;1;0;0;0;3;0;1;;3;1;;;;;0;1;;0;0;;;0;0;1;1;;0;0;1;0;0;0;;;0.363636363636364;32;0;13;18.7476717566606;tarde
30000127;11000018;1000001259;300000986;2020;6;1;3;1;;00003955;00000006;00000020;00003347;1;0;1;;;;0;;;;0;;;0;1;0;0;18;5;1;0;0;1;0;0;-4;0;0;0;0;;0;;3;1;;;;;0;1;;0;0;;;0;0;1;1;;0;0;1;0;0;0;;;0.363636363636364;32;0;13;18.7476717566606;tarde
30000128;11000018;1000000399;300000313;2020;15;1;0;1;;00001725;00000002;00000017;;1;0;1;0;;;;;;;;;0;0;1;0;0;2;5;1;0;0;1;0;0;;;0;0;3;0;1;;3;1;;;;;0;1;;0;0;;;0;0;1;1;;0;0;1;0;0;0;;;0.363636363636364;32;0;13;27.5282158128684;tarde
30000128;11000018;1000000443;300000344;2020;6;2;0;1;;00002600;00000007;00000017;00001939;1;1;0;;;;;;;;;0;;0;1;0;0;2;5;1;0;0;1;0;0;;;0;0;3;0;1;1;3;1;;;;;0;1;;0;0;;;0;0;1;1;;0;0;1;0;0;0;;;0.363636363636364;32;0;13;27.5282158128684;tarde
30000129;11000018;1000000625;300000468;2020;8;2;1;1;;00000089;00000002;00000013;00002565;1;0;0;;;;;;;0;;;0;0;1;0;;;5;1;0;0;1;0;0;;;0;0;3;0;1;1;3;1;;;;;0;1;;0;0;;;0;0;1;1;;0;0;1;0;0;0;;;0.363636363636364;32;0;13;17.9500101497397;tarde
30000129;11000018;1000000747;300000563;2020;20;1;0;1;;00003609;00000001;00000017;00000309;1;0;1;;;;;;0;;0;;;0;1;1;0;;5;1;0;0;1;0;0;;;0;0;3;0;1;1;3;1;;;;;0;1;;0;0;;;0;0;1;1;;0;0;1;0;0;0;;;0.363636363636364;32;0;13;17.9500101497397;tarde
30000129;11000018;1000000789;300000597;2020;15;1;0;1;;00000419;00000003;00000006;;1;0;1;;;;;;;;;;;0;1;0;0;;5;1;0;0;1;0;1;;;0;0;3;0;1;;3;1;;;;;0;1;;0;0;;;0;0;1;1;;0;0;1;0;0;0;;;0.363636363636364;32;0;13;17.9500101497397;tarde
30000129;11000018;1000000840;300000637;2020;20;2;0;1;;00004625;00000001;00000016;00001411;1;0;0;;1;;;;0;;;;;;1;0;0;;5;1;0;0;1;0;0;;;0;1;3;0;1;1;3;1;;;;;0;1;;0;0;;;0;0;1;1;;0;0;1;0;0;0;;;0.363636363636364;32;0;13;17.9500101497397;tarde
30000129;11000018;1000000993;300000751;2020;21;1;3;1;;00004364;00000004;00000006;;1;0;0;;;;0;0;;;;;;0;1;0;0;;5;1;0;0;1;0;0;;;0;0;3;0;1;;3;1;;;;;0;1;;0;0;;;0;0;1;1;;0;0;1;0;0;0;;;0.363636363636364;32;0;13;17.9500101497397;tarde
30000129;11000018;1000001215;300000942;2020;6;2;1;1;;00000662;00000001;00000019;00002937;2;0;0;;0;;;;0;;;;;0;1;0;0;;5;1;0;0;1;0;0;;;0;0;0;;0;;3;1;;;;;0;1;;0;0;;;0;0;1;1;;0;0;1;0;0;0;;;0.363636363636364;32;0;13;17.9500101497397;tarde
30000130;11000018;1000000052;300000040;2020;18;2;0;1;;00002905;00000003;00000009;;1;0;0;;0;;0;;;;;;0;0;1;0;0;16;5;1;0;0;1;0;0;10;1;0;0;3;0;1;;3;1;;;;;0;1;;0;0;;;0;0;1;1;;0;0;1;0;0;0;;;0.363636363636364;32;0;8;8.95932350330986;manha
30000130;11000018;1000000110;300000092;2020;19;1;3;1;;00002870;00000005;00000015;00002979;1;1;0;;;;;0;;;;;;0;1;0;0;16;5;1;0;0;1;0;0;11;1;0;0;3;0;1;;3;1;;;;;0;1;;0;0;;;0;0;1;1;;0;0;1;0;0;0;;;0.363636363636364;32;0;8;8.95932350330986;manha
30000130;11000018;1000000300;300000244;2020;11;2;2;1;;00000211;00000008;;00001539;1;0;0;;1;;;;0;;;;;0;1;0;0;16;5;1;0;0;1;0;0;3;1;0;0;3;0;1;1;3;1;;;;;0;1;;0;0;;;0;0;1;1;;0;0;1;0;0;0;;;0.363636363636364;32;0;8;8.95932350330986;manha
30000130;11000018;1000000558;300000419;2020;5;1;1;1;;00004595;00000004;;00001693;1;0;1;;;0;;;;0;;0;;0;1;1;0;16;5;1;0;0;1;0;1;-3;0;0;0;3;0;1;1;3;1;;;;;0;1;;0;0;;;0;0;1;1;;0;0;1;0;0;0;;;0.363636363636364;32;0;8;8.95932350330986;manha
30000130;11000018;1000000713;300000540;2020;7;2;3;1;;00004464;00000003;00000009;00002087;1;0;0;;;;0;;;;;;;0;1;0;;16;5;1;0;0;1;0;0;-1;0;0;0;3;0;1;1;3;1;;;;;0;1;;0;0;;;0;0;1;1;;0;0;1;0;0;0;;;0.363636363636364;32;0;8;8.95932350330986;manha
30000131;11000018;1000000010;300000009;2020;11;2;1;1;;00001534;00000006;;00004155;1;0;0;;;;;;;;;;0;0;1;0;0;71;5;1;0;0;1;0;0;;;1;0;3;1;1;;3;1;;;;;0;1;;0;0;;;0;0;1;1;;0;0;1;0;0;0;;;0.363636363636364;32;0;7;34.2123855561949;manha
30000131;11000018;1000000814;300000617;2020;7;1;3;1;;00002363;00000007;00000007;;1;0;0;;;;;;;;;0;0;0;1;0;0;71;5;1;0;0;1;0;1;;;0;0;3;0;1;;3;1;;;;;0;1;;0;0;;;0;0;1;1;;0;0;1;0;0;0;;;0.363636363636364;32;0;7;34.2123855561949;manha
30000131;11000018;1000000904;300000687;2020;19;2;1;1;;00003953;00000006;;00001032;1;0;0;0;;;;;;0;;;;0;1;1;0;71;5;1;0;0;1;0;0;;;1;0;3;1;1;1;3;1;;;;;0;1;;0;0;;;0;0;1;1;;0;0;1;0;0;0;;;0.363636363636364;32;0;7;34.2123855561949;manha
30000131;11000018;1000001039;300000785;2020;14;2;1;1;;00003062;00000006;00000015;;1;0;0;;;;0;0;;;0;;;0;1;0;0;71;5;1;0;0;1;0;0;;;0;0;2;0;1;;3;1;;;;;0;1;;0;0;;;0;0;1;1;;0;0;1;0;0;0;;;0.363636363636364;32;0;7;34.2123855561949;manha
30000132;11000018;1000000165;300000136;2020;17;2;0;1;;00005173;00000004;00000026;00002480;2;0;0;;;;0;;;;;;;0;1;0;0;16;5;1;0;0;1;0;0;9;1;0;0;3;0;1;1;3;1;;;;;0;1;;0;0;;;0;0;1;1;;0;0;1;0;0;0;;;0.363636363636364;32;0;7;15.8366875224747;manha
30000132;11000018;1000000662;300000497;2020;12;2;1;1;;00001977;00000001;;00002536;1;0;1;0;;1;;0;;0;;0;;0;1;0;0;16;5;1;0;0;1;0;0;4;1;0;0;3;0;1;1;3;1;;;;;0;1;;0;0;;;0;0;1;1;;0;0;1;0;0;0;;;0.363636363636364;32;0;7;15.8366875224747;manha
30000132;11000018;1000000801;300000607;2020;5;1;3;1;;00002045;00000005;00000004;00004807;1;0;0;;;;;;0;;;;;0;1;0;0;16;5;1;0;0;1;0;0;-3;0;0;0;3;0;1;1;3;1;;;;;0;1;;0;0;;;0;0;1;1;;0;0;1;0;0;0;;;0.363636363636364;32;0;7;15.8366875224747;manha
30000133;11000018;1000000032;300000023;2020;18;2;0;1;;00002794;00000008;;00001273;1;0;1;;0;1;;;;;0;;;0;1;;0;18;5;1;0;0;1;0;0;8;1;0;1;3;0;1;;3;1;;;;;0;1;;0;0;;;0;0;1;1;;0;0;1;0;0;0;;;0.363636363636364;32;0;7;13.1177481452469;manha
30000133;11000018;1000000181;300000150;2020;21;2;1;1;;00002764;00000002;;00001762;2;0;0;;;;;;;;0;;0;0;1;0;0;18;5;1;0;0;1;0;0;11;1;0;0;3;0;1;1;3;1;;;;;0;1;;0;0;;;0;0;1;1;;0;0;1;0;0;0;;;0.363636363636364;32;0;7;13.1177481452469;manha
30000133;11000018;1000000240;300000196;2020;15;2;1;1;;00002622;00000001;;00003758;1;0;0;0;;;0;;;;;0;;0;1;0;0;18;5;1;0;0;1;0;0;5;1;0;0;3;0;1;;3;1;;;;;0;1;;0;0;;;0;0;1;1;;0;0;1;0;0;0;;;0.363636363636364;32;0;7;13.1177481452469;manha
30000134;11000019;1000000209;300000173;2020;14;2;0;1;;00003971;00000007;;00004839;2;0;0;;0;;;;;;;;;0;1;0;1;20;5;1;0;0;1;0;0;2;1;0;0;3;0;1;1;3;2;1;;0;;0;;0;0;;1;;1;1;0;1;1;1;0;1;0;;0;0;;0.538461538461538;31;0;19;24.5292860632762;noite
30000134;11000019;1000000262;300000215;2020;14;1;1;1;;00001871;00000008;00000016;00004722;1;0;0;;;;;;;;;;;0;1;1;0;20;5;1;0;0;1;0;0;2;1;0;0;3;0;1;;3;2;1;;0;;0;;0;0;;1;;1;1;0;1;1;1;0;1;0;;0;0;;0.538461538461538;31;0;19;24.5292860632762;noite
30000134;11000019;1000000822;300000623;2020;12;1;3;1;;00000746;00000002;00000001;;1;0;0;;;;;;;;;;;0;1;0;0;20;5;1;0;0;1;0;0;0;0;0;0;3;0;1;;3;2;1;;0;;0;;0;0;;1;;1;1;0;1;1;1;0;1;0;;0;0;;0.538461538461538;31;0;19;24.5292860632762;noite
30000134;11000019;1000000898;300000681;2020;8;1;0;1;;00005081;00000006;00000006;00004242;2;0;0;;;;;;;0;;0;0;0;1;0;0;20;5;1;0;0;1;0;0;-4;0;0;1;3;0;1;1;3;2;1;;0;;0;;0;0;;1;;1;1;0;1;1;1;0;1;0;;0;0;;0.538461538461538;31;0;19;24.5292860632762;noite
30000134;11000019;1000000944;300000716;2020;7;2;1;1;;00002855;00000008;;00000670;1;0;0;;;;;0;0;0;0;0;;0;1;0;0;20;5;1;0;0;1;0;0;-5;0;0;1;3;0;1;;3;2;1;;0;;0;;0;0;;1;;1;1;0;1;1;1;0;1;0;;0;0;;0.538461538461538;31;0;19;24.5292860632762;noite
30000134;11000019;1000001258;300000985;2020;4;2;3;1;;00001315;00000004;00000003;00001942;2;0;0;;;;;;;;;;;0;1;0;0;20;5;1;0;0;1;0;0;-8;0;0;0;0;;0;;3;2;1;;0;;0;;0;0;;1;;1;1;0;1;1;1;0;1;0;;0;0;;0.538461538461538;31;0;19;24.5292860632762;noite
30000135;11000019;1000000027;300000018;2020;22;2;0;1;;00004497;00000008;;00001281;1;0;0;;;;;0;;0;;;;0;1;0;0;17;5;1;0;0;1;0;0;13;1;0;0;3;0;1;;3;2;1;;0;;0;;0;0;;1;;1;1;0;1;1;1;0;1;0;;0;0;;0.538461538461538;31;0;19;9.88766433810815;noite
30000135;11000019;1000000876;300000663;2020;15;2;0;1;;00004367;00000006;00000001;;1;0;1;;;;;;;;;;0;0;1;0;0;17;5;1;0;0;1;0;0;6;1;0;0;3;0;1;;3;2;1;;0;;0;;0;0;;1;;1;1;0;1;1;1;0;1;0;;0;0;;0.538461538461538;31;0;19;9.88766433810815;noite
30000136;11000019;1000000350;300000280;2020;11;1;1;1;;00004066;00000005;00000020;00001925;1;0;0;;;;;;;;;;;0;1;0;0;1;5;1;0;0;1;0;0;;;0;0;3;0;1;;3;2;1;;0;;0;;0;0;;1;;1;1;0;1;1;1;0;1;0;;0;0;;0.538461538461538;31;0;13;9.72413472388871;tarde
30000136;11000019;1000000592;300000444;2020;18;1;1;1;;00000506;00000001;00000021;00000412;1;1;1;0;;;;;;;;;;0;1;0;0;1;5;1;0;0;1;0;0;;;0;0;3;0;1;1;3;2;1;;0;;0;;0;0;;1;;1;1;0;1;1;1;0;1;0;;0;0;;0.538461538461538;31;0;13;9.72413472388871;tarde
30000136;11000019;1000000761;300000573;2020;8;1;3;1;;00005255;00000005;00000027;;1;0;0;;;;;;;;;;0;0;1;1;0;1;5;1;0;0;1;0;0;;;0;0;3;0;1;;3;2;1;;0;;0;;0;0;;1;;1;1;0;1;1;1;0;1;0;;0;0;;0.538461538461538;31;0;13;9.72413472388871;tarde
30000136;11000019;1000000799;300000605;2020;17;1;1;1;;00000270;00000006;00000024;;1;0;0;0;0;;;;;;;;;0;1;0;0;1;5;1;0;0;1;0;0;;;0;0;3;0;1;;3;2;1;;0;;0;;0;0;;1;;1;1;0;1;1;1;0;1;0;;0;0;;0.538461538461538;31;0;13;9.72413472388871;tarde
30000136;11000019;1000000896;300000679;2020;18;2;3;1;;00004248;00000004;00000023;;2;0;0;;;;;;;;;;;0;1;0;0;1;5;1;0;0;1;0;0;;;1;0;3;0;1;;3;2;1;;0;;0;;0;0;;1;;1;1;0;1;1;1;0;1;0;;0;0;;0.538461538461538;31;0;13;9.72413472388871;tarde
30000136;11000019;1000001198;300000925;2020;8;2;0;1;;00001610;00000008;00000014;;2;0;0;;0;1;0;0;;;;;;0;1;0;0;1;5;1;0;0;1;0;0;;;0;0;0;;0;;3;2;1;;0;;0;;0;0;;1;;1;1;0;1;1;1;0;1;0;;0;0;;0.538461538461538;31;0;13;9.72413472388871;tarde
30000137;11000019;1000000145;300000120;2020;20;2;3;1;;00005406;00000005;;00002279;1;0;1;0;;;;;;;;;;0;1;0;0;21;5;1;0;0;1;0;0;7;1;0;0;3;0;1;1;3;2;1;;0;;0;;0;0;;1;;1;1;0;1;1;1;0;1;0;;0;0;;0.538461538461538;31;0;7;23.5934490573127;manha
30000137;11000019;1000000185;300000153;2020;7;2;2;1;;00003562;00000005;00000010;;1;0;0;;;;0;;;;;0;;0;1;0;0;21;5;1;0;0;1;0;0;-6;0;0;0;3;0;1;;3;2;1;;0;;0;;0;0;;1;;1;1;0;1;1;1;0;1;0;;0;0;;0.538461538461538;31;0;7;23.5934490573127;manha
30000137;11000019;1000000419;300000327;2020;16;2;3;1;;00003879;00000005;;00004824;1;0;0;;;;;0;;;0;;;0;1;0;0;21;5;1;0;0;1;0;0;3;1;1;0;3;1;1;1;3;2;1;;0;;0;;0;0;;1;;1;1;0;1;1;1;0;1;0;;0;0;;0.538461538461538;31;0;7;23.5934490573127;manha
30000137;11000019;1000001048;300000790;2020;5;1;0;1;;00001872;00000001;00000014;;1;0;0;;;;;;;0;;;;0;1;;0;21;5;1;0;0;1;0;0;-8;0;0;0;2;0;1;;3;2;1;;0;;0;;0;0;;1;;1;1;0;1;1;1;0;1;0;;0;0;;0.538461538461538;31;0;7;23.5934490573127;manha
30000138;11000019;1000000204;300000168;2020;17;2;1;1;;00004367;00000003;;;2;0;0;;0;;;;;;;;;0;1;0;0;2;5;1;0;0;1;0;0;;;0;0;3;0;1;;3;2;1;;0;;0;;0;0;;1;;1;1;0;1;1;1;0;1;0;;0;0;;0.538461538461538;31;0;13;24.5910550650442;tarde
30000138;11000019;1000000250;300000205;2020;12;1;1;1;;00002137;00000001;;00003403;1;0;0;;;;;;0;;0;;;0;1;0;0;2;5;1;0;0;1;0;0;;;0;0;3;0;1;;3;2;1;;0;;0;;0;0;;1;;1;1;0;1;1;1;0;1;0;;0;0;;0.538461538461538;31;0;13;24.5910550650442;tarde
30000138;11000019;1000000418;300000326;2020;18;1;3;1;;00002993;00000008;00000015;00004725;1;0;0;;;;;;;0;;;;0;1;0;0;2;5;1;0;0;1;0;0;;;0;0;3;0;1;1;3;2;1;;0;;0;;0;0;;1;;1;1;0;1;1;1;0;1;0;;0;0;;0.538461538461538;31;0;13;24.5910550650442;tarde
30000139;11000019;1000000305;300000247;2020;23;1;1;1;;00005448;00000008;;;1;0;0;;;;0;;;0;;;0;0;1;0;0;15;5;1;0;0;1;0;0;16;1;0;0;3;0;1;;3;2;1;;0;;0;;0;0;;1;;1;1;0;1;1;1;0;1;0;;0;0;;0.538461538461538;31;0;7;29.0413883726578;manha
30000139;11000019;1000000546;300000415;2020;9;2;1;1;;00000679;00000002;00000003;;1;0;0;;;;;;;;;0;;;1;0;0;15;5;1;0;0;1;0;0;2;1;0;0;3;0;1;;3;2;1;;0;;0;;0;0;;1;;1;1;0;1;1;1;0;1;0;;0;0;;0.538461538461538;31;0;7;29.0413883726578;manha
30000139;11000019;1000000945;300000717;2020;18;1;1;1;;00001730;00000002;00000007;00005463;2;0;0;;;;;;;;;;;0;1;0;0;15;5;1;0;0;1;0;0;11;1;0;0;3;0;1;;3;2;1;;0;;0;;0;0;;1;;1;1;0;1;1;1;0;1;0;;0;0;;0.538461538461538;31;0;7;29.0413883726578;manha
30000139;11000019;1000001077;300000817;2020;14;1;3;1;;00002473;00000004;00000004;00002369;1;0;0;;;1;;;;;0;0;;0;1;0;0;15;5;1;0;0;1;0;0;7;1;1;0;2;1;1;1;3;2;1;;0;;0;;0;0;;1;;1;1;0;1;1;1;0;1;0;;0;0;;0.538461538461538;31;0;7;29.0413883726578;manha
30000139;11000019;1000001221;300000948;2020;4;1;3;1;;00000557;00000008;00000004;00001353;1;0;0;;;;;;;;;;0;0;1;0;0;15;5;1;0;0;1;0;0;-3;0;0;0;0;;0;;3;2;1;;0;;0;;0;0;;1;;1;1;0;1;1;1;0;1;0;;0;0;;0.538461538461538;31;0;7;29.0413883726578;manha
30000140;11000019;1000000064;300000049;2020;6;1;3;1;;00002706;00000004;00000019;00003172;1;0;0;;;;;;;;;;;0;1;0;0;;5;1;0;0;1;0;0;;;0;0;3;0;1;1;3;2;1;;0;;0;;0;0;;1;;1;1;0;1;1;1;0;1;0;;0;0;;0.538461538461538;31;0;13;39.0166418445297;tarde
30000141;11000020;1000000435;300000339;2020;16;2;0;1;;00002544;00000007;;;1;0;0;;;1;;;0;;;;;0;1;0;0;14;5;1;0;0;1;0;0;10;1;0;0;3;0;1;;4;1;1;;;;;;1;;;1;0;;;1;1;;0;0;;3;0;;0;2;0.571428571428571;24;0.208333333333333;12;7.60363652044907;tarde
30000141;11000020;1000000447;300000347;2020;20;1;1;1;;00003612;00000008;;00003370;2;0;0;;;;;;;;;0;;0;1;0;0;14;5;1;0;0;1;0;0;14;1;1;0;3;1;1;1;4;1;1;;;;;;1;;;1;0;;;1;1;;0;0;;3;0;;0;2;0.571428571428571;24;0.208333333333333;12;7.60363652044907;tarde
30000141;11000020;1000000453;300000352;2020;9;2;4;1;;00000449;00000004;00000014;;1;0;0;;;1;;;;;0;;;0;1;0;0;14;5;1;0;0;1;0;0;3;1;0;0;3;0;1;;4;1;1;;;;;;1;;;1;0;;;1;1;;0;0;;3;0;;0;2;0.571428571428571;24;0.208333333333333;12;7.60363652044907;tarde
30000141;11000020;1000000909;300000692;2020;15;1;0;1;;00005198;00000002;;00002407;1;0;0;;1;;;;0;;0;0;;0;1;0;0;14;5;1;0;0;1;0;0;9;1;0;1;3;0;1;1;4;1;1;;;;;;1;;;1;0;;;1;1;;0;0;;3;0;;0;2;0.571428571428571;24;0.208333333333333;12;7.60363652044907;tarde
30000141;11000020;1000001224;300000951;2020;9;1;1;1;;00004026;00000002;00000021;00001974;2;0;0;;0;;;;;;0;;0;0;1;0;0;14;5;1;0;0;1;0;0;3;1;0;0;0;;0;;4;1;1;;;;;;1;;;1;0;;;1;1;;0;0;;3;0;;0;2;0.571428571428571;24;0.208333333333333;12;7.60363652044907;tarde
30000142;11000020;1000000089;300000073;2020;14;2;3;1;;00000620;00000001;;00000107;1;0;0;;;;;;;;;;0;0;1;0;0;2;5;1;0;0;1;0;0;;;0;1;3;0;1;1;4;1;1;;;;;;1;;;1;0;;;1;1;;0;0;;3;0;;0;2;0.571428571428571;24;0.208333333333333;12;0.592016542796046;tarde
30000142;11000020;1000000540;300000409;2020;8;1;0;1;;00002090;00000003;;;1;0;0;;;;0;;;;;;0;0;1;0;0;2;5;1;0;0;1;0;0;;;1;0;3;1;1;;4;1;1;;;;;;1;;;1;0;;;1;1;;0;0;;3;0;;0;2;0.571428571428571;24;0.208333333333333;12;0.592016542796046;tarde
30000142;11000020;1000000628;300000471;2020;8;2;3;1;;00002923;00000002;;00001061;2;0;1;0;;;;;;;;;;0;1;0;0;2;5;1;0;0;1;0;0;;;0;1;3;0;1;1;4;1;1;;;;;;1;;;1;0;;;1;1;;0;0;;3;0;;0;2;0.571428571428571;24;0.208333333333333;12;0.592016542796046;tarde
30000143;11000020;1000000361;300000287;2020;9;1;0;1;;00000414;00000003;00000027;00005416;2;0;0;0;;;;;;0;0;;;;1;0;0;26;5;1;0;0;1;0;0;-7;0;0;0;3;0;1;;4;1;1;;;;;;1;;;1;0;;;1;1;;0;0;;3;0;;0;2;0.571428571428571;24;0.208333333333333;19;8.63452135608532;noite
30000143;11000020;1000001015;300000767;2020;15;1;3;1;;00001286;00000001;00000020;;2;0;1;;;;;;;;;;;0;1;0;0;26;5;1;0;0;1;0;0;-1;0;0;0;2;0;1;;4;1;1;;;;;;1;;;1;0;;;1;1;;0;0;;3;0;;0;2;0.571428571428571;24;0.208333333333333;19;8.63452135608532;noite
30000143;11000020;1000001103;300000838;2020;4;2;1;1;;00004995;00000008;00000011;00001153;1;0;0;;;0;;;;;;;;0;1;0;0;26;5;1;0;0;1;0;0;-12;0;0;0;1;0;1;;4;1;1;;;;;;1;;;1;0;;;1;1;;0;0;;3;0;;0;2;0.571428571428571;24;0.208333333333333;19;8.63452135608532;noite
30000144;11000020;1000000162;300000133;2020;19;1;0;1;;00002937;00000005;;00002746;2;0;0;;;;0;;;;;;;0;1;0;;25;5;1;0;0;1;0;0;4;1;0;0;3;0;1;1;4;1;1;;;;;;1;;;1;0;;;1;1;;0;0;;3;0;;0;2;0.571428571428571;24;0.208333333333333;7;15.9136264936533;manha
30000144;11000020;1000000232;300000191;2020;14;2;1;1;;00000394;00000008;00000012;;1;0;0;;;;;;;;;;;0;1;0;0;25;5;1;0;0;1;0;0;-1;0;0;0;3;0;1;;4;1;1;;;;;;1;;;1;0;;;1;1;;0;0;;3;0;;0;2;0.571428571428571;24;0.208333333333333;7;15.9136264936533;manha
30000144;11000020;1000000252;300000207;2020;14;2;0;1;;00000484;00000002;;00005102;1;0;1;;;;;;;0;;0;;0;1;0;0;25;5;1;0;0;1;0;0;-1;0;0;0;3;0;1;1;4;1;1;;;;;;1;;;1;0;;;1;1;;0;0;;3;0;;0;2;0.571428571428571;24;0.208333333333333;7;15.9136264936533;manha
30000144;11000020;1000000780;300000588;2020;9;1;0;1;;00001007;00000001;;00004233;1;0;0;0;;0;;;;;;;;0;1;1;0;25;5;1;0;0;1;0;0;-6;0;0;0;3;0;1;;4;1;1;;;;;;1;;;1;0;;;1;1;;0;0;;3;0;;0;2;0.571428571428571;24;0.208333333333333;7;15.9136264936533;manha
30000144;11000020;1000000962;300000729;2020;16;2;3;1;;00004523;00000002;;00005367;1;0;0;;;;;;;;;;;0;1;0;1;25;5;1;0;0;1;0;0;1;0;0;0;3;0;1;1;4;1;1;;;;;;1;;;1;0;;;1;1;;0;0;;3;0;;0;2;0.571428571428571;24;0.208333333333333;7;15.9136264936533;manha
30000144;11000020;1000001166;300000893;2020;6;1;1;1;;00004734;00000008;00000024;00003257;2;0;0;;;;0;;;;;0;;0;1;0;0;25;5;1;0;0;1;0;0;-9;0;0;0;1;0;1;1;4;1;1;;;;;;1;;;1;0;;;1;1;;0;0;;3;0;;0;2;0.571428571428571;24;0.208333333333333;7;15.9136264936533;manha
30000146;11000020;1000000491;300000374;2020;11;2;1;1;;00004138;00000008;00000011;00005325;1;0;0;;;1;;;;0;;;;0;1;0;0;21;5;1;0;0;1;0;0;-2;0;0;0;3;0;1;1;4;1;1;;;;;;1;;;1;0;;;1;1;;0;0;;3;0;;0;2;0.571428571428571;24;0.208333333333333;7;14.2205191685352;manha
30000146;11000020;1000000699;300000527;2020;11;2;1;1;;00002535;00000004;00000010;;1;0;0;;;;;;;0;;;;0;1;0;1;21;5;1;0;0;1;0;0;-2;0;0;0;3;0;1;;4;1;1;;;;;;1;;;1;0;;;1;1;;0;0;;3;0;;0;2;0.571428571428571;24;0.208333333333333;7;14.2205191685352;manha
30000146;11000020;1000000774;300000583;2020;7;2;0;1;;00004827;00000005;;00005470;1;0;0;0;;;;;;0;;;;0;1;0;0;21;5;1;0;0;1;0;0;-6;0;0;0;3;0;1;1;4;1;1;;;;;;1;;;1;0;;;1;1;;0;0;;3;0;;0;2;0.571428571428571;24;0.208333333333333;7;14.2205191685352;manha
30000148;11000021;1000000292;300000237;2020;14;2;1;1;;00004821;00000001;;00002253;1;0;0;;;;;;;;0;;0;0;1;0;0;2;5;1;0;0;1;0;0;;;0;0;3;0;1;1;3;2;;1;;1;0;;;1;0;;;;0;;;1;;1;;;;0;;1;0.625;28;0.0357142857142857;13;42.9619545633905;tarde
30000149;11000021;1000001020;300000770;2020;8;2;0;1;;00001268;00000008;;00002034;1;0;0;0;;;0;;0;;;;;0;1;0;;2;5;1;0;0;1;0;0;;;0;0;2;0;1;;3;2;;1;;1;0;;;1;0;;;;0;;;1;;1;;;;0;;1;0.625;28;0.0357142857142857;13;29.9583539188607;tarde
30000149;11000021;1000001062;300000803;2020;9;2;5;1;;00000960;00000007;00000006;00003312;1;0;0;;0;1;;;;0;;;;0;1;0;0;2;5;1;0;0;1;0;0;;;0;0;2;0;1;1;3;2;;1;;1;0;;;1;0;;;;0;;;1;;1;;;;0;;1;0.625;28;0.0357142857142857;13;29.9583539188607;tarde
30000149;11000021;1000001073;300000814;2020;5;1;3;1;;00001951;00000008;00000002;00004762;1;0;1;;0;;;;0;0;0;;;0;1;0;0;2;5;1;0;0;1;0;0;;;1;0;2;1;1;;3;2;;1;;1;0;;;1;0;;;;0;;;1;;1;;;;0;;1;0.625;28;0.0357142857142857;13;29.9583539188607;tarde
30000149;11000021;1000001127;300000860;2020;14;2;3;1;;00000477;00000002;00000006;00003613;1;0;0;;;;;;;;0;;;0;1;0;0;2;5;1;0;0;1;0;0;;;0;0;1;0;1;;3;2;;1;;1;0;;;1;0;;;;0;;;1;;1;;;;0;;1;0.625;28;0.0357142857142857;13;29.9583539188607;tarde
30000150;11000021;1000001033;300000779;2020;11;1;1;1;;00004493;00000001;00000024;00003389;2;0;0;;0;;;;;;;0;;;1;1;0;69;5;1;0;0;1;0;0;;;0;0;2;0;1;1;3;2;;1;;1;0;;;1;0;;;;0;;;1;;1;;;;0;;1;0.625;28;0.0357142857142857;11;0.603367923758924;manha
30000150;11000021;1000001109;300000844;2020;4;2;1;1;;00001103;00000002;00000013;00001998;1;0;0;;;1;;;;;;;;0;1;0;;69;5;1;0;0;1;0;1;;;1;0;1;1;1;1;3;2;;1;;1;0;;;1;0;;;;0;;;1;;1;;;;0;;1;0.625;28;0.0357142857142857;11;0.603367923758924;manha
30000150;11000021;1000001262;300000989;2020;4;1;3;1;;00001486;00000002;00000016;00003360;1;0;0;0;;;0;;;0;0;;;0;1;0;0;69;5;1;0;0;1;0;0;;;0;0;0;;0;;3;2;;1;;1;0;;;1;0;;;;0;;;1;;1;;;;0;;1;0.625;28;0.0357142857142857;11;0.603367923758924;manha
30000151;11000021;1000000424;300000332;2020;10;2;1;1;;00002798;00000005;00000019;;1;0;1;0;;;;;;0;;;;0;1;0;1;2;5;1;0;0;1;0;0;;;0;0;3;0;1;;3;2;;1;;1;0;;;1;0;;;;0;;;1;;1;;;;0;;1;0.625;28;0.0357142857142857;13;18.1906603942625;tarde
30000151;11000021;1000000708;300000536;2020;12;2;0;1;;00001689;00000008;00000006;;1;0;0;;;0;0;;;;;;0;0;1;0;0;2;5;1;0;0;1;0;0;;;0;0;3;0;1;;3;2;;1;;1;0;;;1;0;;;;0;;;1;;1;;;;0;;1;0.625;28;0.0357142857142857;13;18.1906603942625;tarde
30000151;11000021;1000000998;300000755;2020;11;2;0;1;;00001584;00000004;;00003406;1;0;0;;;;0;;;;;;0;0;1;0;0;2;5;1;0;0;1;0;0;;;1;0;3;0;1;1;3;2;;1;;1;0;;;1;0;;;;0;;;1;;1;;;;0;;1;0.625;28;0.0357142857142857;13;18.1906603942625;tarde
30000151;11000021;1000001167;300000894;2020;15;1;0;1;;00001423;00000002;00000004;00000539;1;0;0;;0;;;0;1;0;1;;;0;1;0;0;2;5;1;0;0;1;0;0;;;0;0;1;0;1;1;3;2;;1;;1;0;;;1;0;;;;0;;;1;;1;;;;0;;1;0.625;28;0.0357142857142857;13;18.1906603942625;tarde
30000152;11000021;1000000247;300000202;2020;17;1;0;1;;00000372;00000001;00000027;;1;0;0;;;;;;;;;0;;0;1;0;0;64;5;1;0;0;1;0;0;;;0;0;3;0;1;;3;2;;1;;1;0;;;1;0;;;;0;;;1;;1;;;;0;;1;0.625;28;0.0357142857142857;13;28.2928242094349;tarde
30000152;11000021;1000000535;300000405;2020;15;2;3;1;;00002982;00000006;;00005074;1;0;0;;0;;;;;;0;;;0;1;;0;64;5;1;0;0;1;0;0;;;0;0;3;0;1;;3;2;;1;;1;0;;;1;0;;;;0;;;1;;1;;;;0;;1;0.625;28;0.0357142857142857;13;28.2928242094349;tarde
30000152;11000021;1000000626;300000469;2020;14;2;3;1;;00000865;00000007;;;1;0;0;;;;;;;;;;0;0;1;0;0;64;5;1;0;0;1;0;1;;;0;0;3;0;1;;3;2;;1;;1;0;;;1;0;;;;0;;;1;;1;;;;0;;1;0.625;28;0.0357142857142857;13;28.2928242094349;tarde
30000152;11000021;1000000668;300000503;2020;6;2;1;1;;00000929;00000008;00000005;;1;0;1;;;;;;;;0;0;;0;1;0;0;64;5;1;1;0;1;0;0;;;0;0;3;0;1;;3;2;;1;;1;0;;;1;0;;;;0;;;1;;1;;;;0;;1;0.625;28;0.0357142857142857;13;28.2928242094349;tarde
30000153;11000021;1000000565;300000426;2020;12;1;1;1;;00005443;00000001;;00002185;1;0;0;;;;0;1;;;;;0;0;1;0;0;;5;1;0;0;1;0;0;;;0;0;3;0;1;;3;2;;1;;1;0;;;1;0;;;;0;;;1;;1;;;;0;;1;0.625;28;0.0357142857142857;13;23.5953268224839;tarde
30000153;11000021;1000000687;300000517;2020;15;2;1;1;;00001157;00000006;00000009;00004382;1;0;0;;;;;;;;;;;0;1;0;0;;5;1;0;0;1;0;0;;;0;0;3;0;1;1;3;2;;1;;1;0;;;1;0;;;;0;;;1;;1;;;;0;;1;0.625;28;0.0357142857142857;13;23.5953268224839;tarde
30000153;11000021;1000001212;300000939;2020;9;1;1;1;;00004868;00000001;00000007;00003679;2;0;0;;;;0;;;;;;0;0;1;0;0;;5;1;0;0;1;0;0;;;0;0;0;;0;;3;2;;1;;1;0;;;1;0;;;;0;;;1;;1;;;;0;;1;0.625;28;0.0357142857142857;13;23.5953268224839;tarde
30000153;11000021;1000001217;300000944;2020;4;2;1;1;;00003686;00000005;00000007;00004501;1;0;0;;;;;;;;;;;0;1;0;0;;5;1;0;0;1;0;0;;;0;0;0;;0;;3;2;;1;;1;0;;;1;0;;;;0;;;1;;1;;;;0;;1;0.625;28;0.0357142857142857;13;23.5953268224839;tarde
30000154;11000021;1000000094;300000078;2020;4;2;3;1;;00004350;00000002;00000025;00001087;1;0;0;0;;;;;;;0;;;0;1;0;0;1;5;1;0;0;1;0;0;;;0;0;3;0;1;1;3;2;;1;;1;0;;;1;0;;;;0;;;1;;1;;;;0;;1;0.625;28;0.0357142857142857;12;30.6822660882026;tarde
30000154;11000021;1000000298;300000242;2020;17;1;0;1;;00002401;00000001;;;1;0;0;;1;;;;;;;;;0;1;0;0;1;5;1;0;0;1;0;0;;;0;0;3;0;1;;3;2;;1;;1;0;;;1;0;;;;0;;;1;;1;;;;0;;1;0.625;28;0.0357142857142857;12;30.6822660882026;tarde
30000155;11000022;1000000245;300000200;2020;11;1;3;1;;00000670;00000002;00000024;;1;0;0;;;;;;0;;;;;0;1;0;0;15;5;1;0;0;1;0;0;4;1;0;0;3;0;1;;3;2;1;1;;1;;1;1;;;0;0;1;1;;1;;;0;1;0;;0;;13;0.727272727272727;43;0.302325581395349;7;21.9287158801453;manha
30000155;11000022;1000000581;300000438;2020;4;1;3;1;;00001015;00000007;00000012;;2;0;0;;;;0;;;;;;;0;1;0;0;15;5;1;0;0;1;0;0;-3;0;0;0;3;0;1;;3;2;1;1;;1;;1;1;;;0;0;1;1;;1;;;0;1;0;;0;;13;0.727272727272727;43;0.302325581395349;7;21.9287158801453;manha
30000155;11000022;1000000736;300000556;2020;12;2;0;1;;00005084;00000002;00000016;00005409;1;0;1;;0;;;;;;;;0;0;1;0;0;15;5;1;0;0;1;0;0;5;1;0;1;3;0;1;;3;2;1;1;;1;;1;1;;;0;0;1;1;;1;;;0;1;0;;0;;13;0.727272727272727;43;0.302325581395349;7;21.9287158801453;manha
30000155;11000022;1000000888;300000673;2020;6;1;3;1;;00003543;00000001;;00002797;1;0;0;0;1;;;;;;;;;0;1;0;0;15;5;1;0;0;1;0;0;-1;0;0;0;3;0;1;1;3;2;1;1;;1;;1;1;;;0;0;1;1;;1;;;0;1;0;;0;;13;0.727272727272727;43;0.302325581395349;7;21.9287158801453;manha
30000155;11000022;1000001236;300000963;2020;10;1;3;1;;00002481;00000004;00000017;00000790;1;0;0;;;;;;;;;;;0;1;0;0;15;5;1;0;0;1;0;0;3;1;0;0;0;;0;;3;2;1;1;;1;;1;1;;;0;0;1;1;;1;;;0;1;0;;0;;13;0.727272727272727;43;0.302325581395349;7;21.9287158801453;manha
30000155;11000022;1000001261;300000988;2020;11;1;3;1;;00002598;00000006;00000003;00004288;1;0;0;;;;0;0;;0;;;;0;1;0;0;15;5;1;0;0;1;0;0;4;1;0;0;0;;0;;3;2;1;1;;1;;1;1;;;0;0;1;1;;1;;;0;1;0;;0;;13;0.727272727272727;43;0.302325581395349;7;21.9287158801453;manha
30000156;11000022;1000000236;300000193;2020;15;1;1;1;;00001129;00000007;;00002216;1;0;0;;0;;0;;;;;;;0;1;0;0;14;5;1;0;0;1;0;0;9;1;0;0;3;0;1;1;3;2;1;1;;1;;1;1;;;0;0;1;1;;1;;;0;1;0;;0;;13;0.727272727272727;43;0.302325581395349;7;13.9708380403463;manha
30000156;11000022;1000000573;300000433;2020;16;1;1;1;;00003613;00000004;00000013;;2;0;1;;;;;;;;;;;0;1;0;0;14;5;1;0;0;1;0;0;10;1;0;0;3;0;1;;3;2;1;1;;1;;1;1;;;0;0;1;1;;1;;;0;1;0;;0;;13;0.727272727272727;43;0.302325581395349;7;13.9708380403463;manha
30000156;11000022;1000000863;300000652;2020;13;2;1;1;;00005342;00000007;00000019;;1;0;1;;;;;;0;;;;;0;1;1;0;14;5;1;1;0;1;0;1;7;1;0;0;3;0;1;;3;2;1;1;;1;;1;1;;;0;0;1;1;;1;;;0;1;0;;0;;13;0.727272727272727;43;0.302325581395349;7;13.9708380403463;manha
30000156;11000022;1000000948;300000719;2020;10;2;3;1;;00004106;00000004;00000024;00001002;1;0;0;;;;;1;;;;;;0;1;1;0;14;5;1;0;0;1;0;0;4;1;0;0;3;0;1;;3;2;1;1;;1;;1;1;;;0;0;1;1;;1;;;0;1;0;;0;;13;0.727272727272727;43;0.302325581395349;7;13.9708380403463;manha
30000156;11000022;1000001056;300000798;2020;10;1;1;1;;00005076;00000007;00000015;;1;0;0;;;;;;;;;0;;0;1;0;0;14;5;1;0;0;1;0;0;4;1;0;0;2;0;1;;3;2;1;1;;1;;1;1;;;0;0;1;1;;1;;;0;1;0;;0;;13;0.727272727272727;43;0.302325581395349;7;13.9708380403463;manha
30000156;11000022;1000001208;300000935;2020;14;1;1;1;;00000501;00000001;;;2;0;0;;;1;0;;;;;;0;0;1;1;0;14;5;1;0;0;1;0;0;8;1;0;0;0;;0;;3;2;1;1;;1;;1;1;;;0;0;1;1;;1;;;0;1;0;;0;;13;0.727272727272727;43;0.302325581395349;7;13.9708380403463;manha
30000156;11000022;1000001247;300000974;2020;15;2;1;1;;00005449;00000002;;00001440;1;0;1;0;;;;;;;;;;;1;0;0;14;5;1;0;0;1;0;0;9;1;0;0;0;;0;;3;2;1;1;;1;;1;1;;;0;0;1;1;;1;;;0;1;0;;0;;13;0.727272727272727;43;0.302325581395349;7;13.9708380403463;manha
30000157;11000022;1000000026;300000017;2020;18;2;3;1;;00002647;00000007;00000020;00000648;1;0;1;;;;;0;;;;;0;0;1;0;0;1;5;1;0;0;1;0;0;;;0;0;3;0;1;1;3;2;1;1;;1;;1;1;;;0;0;1;1;;1;;;0;1;0;;0;;13;0.727272727272727;43;0.302325581395349;7;24.3348677895265;manha
30000157;11000022;1000000786;300000594;2020;14;1;3;1;;00001451;00000001;00000009;00002623;1;0;0;;;0;0;;0;;;;;0;1;0;0;1;5;1;0;0;1;0;1;;;0;0;3;0;1;;3;2;1;1;;1;;1;1;;;0;0;1;1;;1;;;0;1;0;;0;;13;0.727272727272727;43;0.302325581395349;7;24.3348677895265;manha
30000157;11000022;1000000820;300000621;2020;13;2;1;1;;00004861;00000004;;00004752;1;0;0;;;;;;0;;;;;0;1;0;0;1;5;1;0;0;1;0;0;;;0;0;3;0;1;;3;2;1;1;;1;;1;1;;;0;0;1;1;;1;;;0;1;0;;0;;13;0.727272727272727;43;0.302325581395349;7;24.3348677895265;manha
30000157;11000022;1000000862;300000651;2020;14;1;1;1;;00000885;00000004;00000006;00000621;2;0;0;;;;0;;;;;;0;0;1;0;0;1;5;1;0;0;1;0;0;;;0;0;3;0;1;;3;2;1;1;;1;;1;1;;;0;0;1;1;;1;;;0;1;0;;0;;13;0.727272727272727;43;0.302325581395349;7;24.3348677895265;manha
30000157;11000022;1000000987;300000748;2020;15;1;3;1;;00000165;00000005;00000003;00003969;1;0;0;;;;0;;;;;;;0;1;0;0;1;5;1;0;0;1;0;0;;;0;1;3;0;1;;3;2;1;1;;1;;1;1;;;0;0;1;1;;1;;;0;1;0;;0;;13;0.727272727272727;43;0.302325581395349;7;24.3348677895265;manha
30000158;11000022;1000000429;300000336;2020;10;2;3;1;;00003236;00000003;00000010;;1;0;0;0;;;;;;0;;;;0;1;0;;2;5;1;0;0;1;0;0;;;0;0;3;0;1;;3;2;1;1;;1;;1;1;;;0;0;1;1;;1;;;0;1;0;;0;;13;0.727272727272727;43;0.302325581395349;7;24.192800937104;manha
30000158;11000022;1000000847;300000641;2020;12;2;3;1;;00005105;00000006;00000025;00001993;1;1;0;0;0;;;0;;;;0;;;1;0;0;2;5;1;0;0;1;0;0;;;1;0;3;0;1;1;3;2;1;1;;1;;1;1;;;0;0;1;1;;1;;;0;1;0;;0;;13;0.727272727272727;43;0.302325581395349;7;24.192800937104;manha
30000158;11000022;1000000889;300000674;2020;20;2;3;1;;00003126;00000003;00000014;;1;0;0;;;;;1;;;;;;0;1;0;0;2;5;1;0;0;1;0;0;;;0;0;3;0;1;;3;2;1;1;;1;;1;1;;;0;0;1;1;;1;;;0;1;0;;0;;13;0.727272727272727;43;0.302325581395349;7;24.192800937104;manha
30000158;11000022;1000001145;300000874;2020;13;2;3;1;;00002102;00000008;;00000038;1;0;0;;0;;;;;;;;;1;1;0;0;2;5;1;0;0;1;0;0;;;0;0;1;0;1;;3;2;1;1;;1;;1;1;;;0;0;1;1;;1;;;0;1;0;;0;;13;0.727272727272727;43;0.302325581395349;7;24.192800937104;manha
30000158;11000022;1000001216;300000943;2020;17;2;3;1;;00003129;00000007;00000013;00001381;1;0;0;;;;;;;;;;;0;1;1;0;2;5;1;0;0;1;0;0;;;0;0;0;;0;;3;2;1;1;;1;;1;1;;;0;0;1;1;;1;;;0;1;0;;0;;13;0.727272727272727;43;0.302325581395349;7;24.192800937104;manha
30000158;11000022;1000001232;300000959;2020;48;2;4;1;;00002497;00000002;00000026;;1;0;0;0;;;0;;;;;;;0;1;0;;2;5;1;0;0;1;0;1;;;0;0;0;;0;;3;2;1;1;;1;;1;1;;;0;0;1;1;;1;;;0;1;0;;0;;13;0.727272727272727;43;0.302325581395349;7;24.192800937104;manha
30000158;11000022;1000001238;300000965;2020;11;1;0;1;;00000512;00000005;00000013;;1;0;0;;0;;;0;;0;0;;;0;1;0;0;2;5;1;0;0;1;0;0;;;0;0;0;;0;;3;2;1;1;;1;;1;1;;;0;0;1;1;;1;;;0;1;0;;0;;13;0.727272727272727;43;0.302325581395349;7;24.192800937104;manha
30000159;11000022;1000000086;300000070;2020;13;1;3;1;;00002330;00000006;00000001;00004591;1;0;0;;0;1;;;;0;;;0;0;1;0;0;2;5;1;0;0;1;0;0;;;1;0;3;0;1;1;3;2;1;1;;1;;1;1;;;0;0;1;1;;1;;;0;1;0;;0;;13;0.727272727272727;43;0.302325581395349;7;30.075123849907;manha
30000159;11000022;1000000320;300000257;2020;18;2;0;1;;00000312;00000002;00000011;;1;0;0;;;;0;0;;0;0;0;;0;1;0;1;2;5;1;0;0;1;0;0;;;1;0;3;1;1;;3;2;1;1;;1;;1;1;;;0;0;1;1;;1;;;0;1;0;;0;;13;0.727272727272727;43;0.302325581395349;7;30.075123849907;manha
30000159;11000022;1000000415;300000325;2020;17;1;1;1;;00001540;00000004;00000022;;1;0;0;;0;;;;;;;;;0;1;;0;2;5;1;0;0;1;0;0;;;0;0;3;0;1;;3;2;1;1;;1;;1;1;;;0;0;1;1;;1;;;0;1;0;;0;;13;0.727272727272727;43;0.302325581395349;7;30.075123849907;manha
30000159;11000022;1000000446;300000346;2020;17;2;0;1;;00003440;00000001;;;1;0;1;;;;;;;;0;0;;0;1;0;0;2;5;1;0;0;1;0;0;;;0;0;3;0;1;;3;2;1;1;;1;;1;1;;;0;0;1;1;;1;;;0;1;0;;0;;13;0.727272727272727;43;0.302325581395349;7;30.075123849907;manha
30000159;11000022;1000000965;300000731;2020;5;1;1;1;;00000559;00000008;00000009;00002498;1;0;0;;;1;;;;;;;;0;1;0;0;2;5;1;0;0;1;0;0;;;0;0;3;0;1;;3;2;1;1;;1;;1;1;;;0;0;1;1;;1;;;0;1;0;;0;;13;0.727272727272727;43;0.302325581395349;7;30.075123849907;manha
30000159;11000022;1000001158;300000886;2020;17;2;1;1;;00001027;00000004;00000011;00005343;1;0;0;;;;;;;;;;;0;1;1;0;2;5;1;0;0;1;0;0;;;0;0;1;0;1;1;3;2;1;1;;1;;1;1;;;0;0;1;1;;1;;;0;1;0;;0;;13;0.727272727272727;43;0.302325581395349;7;30.075123849907;manha
30000160;11000022;1000000030;300000021;2020;7;2;0;1;;00001416;00000007;00000005;;1;0;0;;;;;;;0;;;;0;1;0;0;17;5;1;0;0;1;0;0;-2;0;1;0;3;0;1;;3;2;1;1;;1;;1;1;;;0;0;1;1;;1;;;0;1;0;;0;;13;0.727272727272727;43;0.302325581395349;7;11.5722999689169;manha
30000160;11000022;1000000241;300000197;2020;19;2;3;1;;00000475;00000004;;00001577;1;0;0;;0;;;;;;;;;0;1;0;0;17;5;1;0;0;1;0;0;10;1;0;0;3;0;1;1;3;2;1;1;;1;;1;1;;;0;0;1;1;;1;;;0;1;0;;0;;13;0.727272727272727;43;0.302325581395349;7;11.5722999689169;manha
30000160;11000022;1000000489;300000373;2020;16;1;0;1;;00001699;00000004;00000015;00004752;1;0;0;;;;;;;;;;;0;1;0;0;17;5;1;0;0;1;0;0;7;1;0;0;3;0;1;1;3;2;1;1;;1;;1;1;;;0;0;1;1;;1;;;0;1;0;;0;;13;0.727272727272727;43;0.302325581395349;7;11.5722999689169;manha
30000160;11000022;1000000997;300000754;2020;16;2;5;1;;00000856;00000006;;00003961;1;0;0;;;;0;;;;0;;;0;1;0;0;17;5;1;0;0;1;0;1;7;1;0;0;3;0;1;;3;2;1;1;;1;;1;1;;;0;0;1;1;;1;;;0;1;0;;0;;13;0.727272727272727;43;0.302325581395349;7;11.5722999689169;manha
30000161;11000022;1000000028;300000019;2020;11;1;1;1;;00000716;00000004;;00005083;1;0;0;;0;1;;;;;0;;;0;1;;0;27;5;1;0;0;1;0;0;-6;0;0;0;3;0;1;1;3;2;1;1;;1;;1;1;;;0;0;1;1;;1;;;0;1;0;;0;;13;0.727272727272727;43;0.302325581395349;7;25.9134462460643;manha
30000161;11000022;1000000167;300000137;2020;14;1;3;1;;00004940;00000005;00000010;00003615;1;0;0;;;0;;;;;;;;0;1;1;0;27;5;1;0;0;1;0;0;-3;0;0;0;3;0;1;;3;2;1;1;;1;;1;1;;;0;0;1;1;;1;;;0;1;0;;0;;13;0.727272727272727;43;0.302325581395349;7;25.9134462460643;manha
30000161;11000022;1000000326;300000262;2020;12;2;1;1;;00000693;00000002;00000008;00001084;1;0;1;;;;;;;0;;;;0;1;0;0;27;5;1;0;0;1;0;1;-5;0;1;0;3;0;1;1;3;2;1;1;;1;;1;1;;;0;0;1;1;;1;;;0;1;0;;0;;13;0.727272727272727;43;0.302325581395349;7;25.9134462460643;manha
30000161;11000022;1000000513;300000389;2020;14;2;0;1;;00003680;00000004;00000018;00002713;1;0;0;;;;;;0;;;;0;0;1;0;0;27;5;1;0;1;1;0;;-3;0;0;0;3;0;1;1;3;2;1;1;;1;;1;1;;;0;0;1;1;;1;;;0;1;0;;0;;13;0.727272727272727;43;0.302325581395349;7;25.9134462460643;manha
30000161;11000022;1000000617;300000462;2020;13;2;3;1;;00005022;00000005;00000001;;1;0;0;;0;;0;;;;;;;0;1;0;0;27;5;1;0;0;1;0;0;-4;0;0;0;3;0;1;;3;2;1;1;;1;;1;1;;;0;0;1;1;;1;;;0;1;0;;0;;13;0.727272727272727;43;0.302325581395349;7;25.9134462460643;manha
30000162;11000023;1000000694;300000523;2020;16;1;1;1;;00005411;00000001;00000004;00004469;1;0;0;;;0;;;;;;0;;0;1;0;0;14;1;1;1;0;1;0;0;10;1;0;0;3;0;1;;3;1;;;0;1;1;0;1;1;;1;1;;;0;0;;0;0;1;0;0;0;;3;0.538461538461538;39;0.0769230769230769;7;22.9111098197755;manha
30000162;11000023;1000000765;300000576;2020;8;2;3;1;;00004965;00000001;;;2;1;0;;;1;;0;;;0;;;0;1;0;0;14;1;1;0;0;1;0;0;2;1;1;0;3;0;1;;3;1;;;0;1;1;0;1;1;;1;1;;;0;0;;0;0;1;0;0;0;;3;0.538461538461538;39;0.0769230769230769;7;22.9111098197755;manha
30000163;11000023;1000000072;300000057;2020;13;2;3;1;;00000453;00000008;00000008;00003110;1;0;1;;;;0;;;;0;;;0;1;0;0;20;5;1;0;0;1;0;0;1;0;0;0;3;0;1;1;3;1;;;0;1;1;0;1;1;;1;1;;;0;0;;0;0;1;0;0;0;;3;0.538461538461538;39;0.0769230769230769;13;23.7712830563542;tarde
30000163;11000023;1000000079;300000063;2020;16;2;0;1;;00004754;00000008;00000013;;1;0;0;;;0;;;;;;;;;1;0;;20;5;1;0;0;1;0;0;4;1;1;0;3;1;1;;3;1;;;0;1;1;0;1;1;;1;1;;;0;0;;0;0;1;0;0;0;;3;0.538461538461538;39;0.0769230769230769;13;23.7712830563542;tarde
30000163;11000023;1000000243;300000198;2020;13;1;3;1;;00003515;00000003;;00000358;1;0;0;;;;;;;;;0;;;1;0;0;20;5;1;0;0;1;0;0;1;0;0;0;3;0;1;;3;1;;;0;1;1;0;1;1;;1;1;;;0;0;;0;0;1;0;0;0;;3;0.538461538461538;39;0.0769230769230769;13;23.7712830563542;tarde
30000163;11000023;1000000317;300000255;2020;9;1;3;1;;00004864;00000003;;00000495;1;0;0;;;;;;0;;;0;;0;1;0;0;20;5;1;0;0;1;0;1;-3;0;0;0;3;0;1;;3;1;;;0;1;1;0;1;1;;1;1;;;0;0;;0;0;1;0;0;0;;3;0.538461538461538;39;0.0769230769230769;13;23.7712830563542;tarde
30000163;11000023;1000000908;300000691;2020;10;2;0;1;;00000975;00000008;00000026;00002695;1;0;0;0;;;;0;;0;;;;0;1;;0;20;5;1;0;0;1;0;0;-2;0;0;0;3;0;1;;3;1;;;0;1;1;0;1;1;;1;1;;;0;0;;0;0;1;0;0;0;;3;0.538461538461538;39;0.0769230769230769;13;23.7712830563542;tarde
30000163;11000023;1000000951;300000721;2020;18;2;3;1;;00003249;00000002;00000014;00002905;2;0;1;;;;;;;;;;;0;1;0;0;20;5;1;0;0;1;0;0;6;1;0;1;3;0;1;1;3;1;;;0;1;1;0;1;1;;1;1;;;0;0;;0;0;1;0;0;0;;3;0.538461538461538;39;0.0769230769230769;13;23.7712830563542;tarde
30000164;11000023;1000000671;300000505;2020;20;1;3;1;;00002109;00000008;00000022;00004592;1;0;0;;;;;;;;;0;;0;1;0;0;2;5;1;0;0;1;0;0;;;1;0;3;0;1;1;3;1;;;0;1;1;0;1;1;;1;1;;;0;0;;0;0;1;0;0;0;;3;0.538461538461538;39;0.0769230769230769;7;10.2645831452683;manha
30000164;11000023;1000000764;300000575;2020;8;2;1;1;;00002966;00000008;;00003910;1;0;0;;;;;;0;;0;;;0;1;0;0;2;5;1;0;0;1;0;1;;;0;0;3;0;1;1;3;1;;;0;1;1;0;1;1;;1;1;;;0;0;;0;0;1;0;0;0;;3;0.538461538461538;39;0.0769230769230769;7;10.2645831452683;manha
30000164;11000023;1000000950;300000720;2020;12;1;3;1;;00002453;00000001;00000011;00001686;1;0;1;;;;;;0;0;;0;;0;1;0;;2;5;1;0;0;1;0;0;;;0;1;3;0;1;;3;1;;;0;1;1;0;1;1;;1;1;;;0;0;;0;0;1;0;0;0;;3;0.538461538461538;39;0.0769230769230769;7;10.2645831452683;manha
30000164;11000023;1000000967;300000732;2020;17;2;3;1;;00002090;00000002;00000001;00000924;1;0;0;;;;;;;;;;0;0;1;0;0;2;5;1;0;0;1;0;0;;;0;0;3;0;1;;3;1;;;0;1;1;0;1;1;;1;1;;;0;0;;0;0;1;0;0;0;;3;0.538461538461538;39;0.0769230769230769;7;10.2645831452683;manha
30000164;11000023;1000001183;300000910;2020;6;1;3;1;;00002240;00000004;;00002633;1;0;0;;;0;;;0;;;;;0;1;0;0;2;5;1;0;0;1;0;0;;;0;0;1;0;1;1;3;1;;;0;1;1;0;1;1;;1;1;;;0;0;;0;0;1;0;0;0;;3;0.538461538461538;39;0.0769230769230769;7;10.2645831452683;manha
30000164;11000023;1000001226;300000953;2020;13;1;1;1;;00001790;00000001;00000002;00002947;2;0;0;;;;;0;;;;;0;0;1;1;0;2;5;1;0;0;1;0;0;;;0;0;0;;0;;3;1;;;0;1;1;0;1;1;;1;1;;;0;0;;0;0;1;0;0;0;;3;0.538461538461538;39;0.0769230769230769;7;10.2645831452683;manha
30000165;11000023;1000000021;300000014;2020;17;2;1;1;;00003207;00000003;00000023;00003343;1;0;0;;0;;;;;;;;0;0;1;0;0;1;5;1;0;0;1;0;0;;;0;0;3;0;1;1;3;1;;;0;1;1;0;1;1;;1;1;;;0;0;;0;0;1;0;0;0;;3;0.538461538461538;39;0.0769230769230769;13;15.0087340201717;tarde
30000165;11000023;1000000219;300000182;2020;5;2;3;1;;00003574;00000006;00000007;;1;0;0;;;;;;;0;0;;;0;1;0;0;1;5;1;0;0;1;0;0;;;0;0;3;0;1;;3;1;;;0;1;1;0;1;1;;1;1;;;0;0;;0;0;1;0;0;0;;3;0.538461538461538;39;0.0769230769230769;13;15.0087340201717;tarde
30000165;11000023;1000000472;300000365;2020;22;1;3;1;;00002894;00000007;;00003654;1;0;0;;;;;;;0;;;;0;1;0;0;1;5;1;0;0;1;0;0;;;0;0;3;0;1;1;3;1;;;0;1;1;0;1;1;;1;1;;;0;0;;0;0;1;0;0;0;;3;0.538461538461538;39;0.0769230769230769;13;15.0087340201717;tarde
30000165;11000023;1000000600;300000450;2020;11;1;0;1;;00000991;00000006;00000018;;2;0;1;;;;;;0;0;;;;0;1;0;0;1;5;1;0;0;1;0;0;;;0;0;3;0;1;;3;1;;;0;1;1;0;1;1;;1;1;;;0;0;;0;0;1;0;0;0;;3;0.538461538461538;39;0.0769230769230769;13;15.0087340201717;tarde
30000165;11000023;1000000697;300000526;2020;26;2;3;1;;00003314;00000004;00000018;;1;0;0;;;;;0;;;;;;0;1;0;0;1;5;1;0;0;1;0;0;;;0;0;3;0;1;;3;1;;;0;1;1;0;1;1;;1;1;;;0;0;;0;0;1;0;0;0;;3;0.538461538461538;39;0.0769230769230769;13;15.0087340201717;tarde
30000165;11000023;1000000985;300000747;2020;13;1;1;1;;00004239;00000002;;;1;0;0;;;;;;;;;;;0;1;0;0;1;5;1;1;0;1;0;0;;;0;0;3;0;1;;3;1;;;0;1;1;0;1;1;;1;1;;;0;0;;0;0;1;0;0;0;;3;0.538461538461538;39;0.0769230769230769;13;15.0087340201717;tarde
30000165;11000023;1000001271;300000998;2020;8;2;1;1;;00003716;00000005;;;1;0;0;;;;;;;;;0;;0;1;0;0;1;5;1;0;0;1;0;0;;;0;0;0;;0;;3;1;;;0;1;1;0;1;1;;1;1;;;0;0;;0;0;1;0;0;0;;3;0.538461538461538;39;0.0769230769230769;13;15.0087340201717;tarde
30000166;11000023;1000000070;300000055;2020;16;2;1;1;;00000520;00000006;00000021;00000818;1;0;0;;;;;;0;;0;;;0;1;1;0;;5;1;0;0;1;0;0;;;0;1;3;0;1;1;3;1;;;0;1;1;0;1;1;;1;1;;;0;0;;0;0;1;0;0;0;;3;0.538461538461538;39;0.0769230769230769;12;9.06964600575157;tarde
30000166;11000023;1000000503;300000383;2020;20;2;1;1;;00000678;00000001;00000018;00003568;1;0;0;;;;;;;;0;;0;0;1;0;0;;5;1;0;0;1;0;0;;;0;0;3;0;1;;3;1;;;0;1;1;0;1;1;;1;1;;;0;0;;0;0;1;0;0;0;;3;0.538461538461538;39;0.0769230769230769;12;9.06964600575157;tarde
30000166;11000023;1000000510;300000387;2020;17;2;1;1;;00001725;00000008;00000025;00001696;2;0;0;;;;0;0;;;;;;0;1;0;0;;5;1;0;0;1;0;0;;;1;0;3;1;1;1;3;1;;;0;1;1;0;1;1;;1;1;;;0;0;;0;0;1;0;0;0;;3;0.538461538461538;39;0.0769230769230769;12;9.06964600575157;tarde
30000166;11000023;1000000585;300000441;2020;11;2;0;1;;00001928;00000003;;00005322;1;0;0;;;;;;;0;;;0;0;1;0;0;;5;1;0;0;1;0;0;;;0;1;3;0;1;1;3;1;;;0;1;1;0;1;1;;1;1;;;0;0;;0;0;1;0;0;0;;3;0.538461538461538;39;0.0769230769230769;12;9.06964600575157;tarde
30000166;11000023;1000001219;300000946;2020;6;2;1;1;;00000876;00000004;;00005087;1;0;0;;;;;0;0;;;;;0;1;0;0;;5;1;0;0;1;0;0;;;0;0;0;;0;;3;1;;;0;1;1;0;1;1;;1;1;;;0;0;;0;0;1;0;0;0;;3;0.538461538461538;39;0.0769230769230769;12;9.06964600575157;tarde
30000167;11000023;1000000454;300000353;2020;18;2;2;1;;00003595;00000001;00000026;00002057;1;0;1;;;;0;;;;;;;0;1;0;0;;5;1;0;0;1;0;0;;;1;0;3;1;1;1;3;1;;;0;1;1;0;1;1;;1;1;;;0;0;;0;0;1;0;0;0;;3;0.538461538461538;39;0.0769230769230769;13;43.9138450874016;tarde
30000167;11000023;1000000647;300000486;2020;12;2;1;1;;00005055;00000008;00000012;;1;0;0;;;;;;;;0;0;;0;1;0;0;;5;1;0;0;1;0;0;;;0;0;3;0;1;;3;1;;;0;1;1;0;1;1;;1;1;;;0;0;;0;0;1;0;0;0;;3;0.538461538461538;39;0.0769230769230769;13;43.9138450874016;tarde
30000167;11000023;1000000850;300000643;2020;10;2;3;1;;00000865;00000006;;00002555;1;0;0;;0;1;;;;;;;;0;1;0;0;;5;1;0;0;1;0;0;;;0;0;3;0;1;1;3;1;;;0;1;1;0;1;1;;1;1;;;0;0;;0;0;1;0;0;0;;3;0.538461538461538;39;0.0769230769230769;13;43.9138450874016;tarde
30000167;11000023;1000001036;300000782;2020;6;2;1;1;;00001435;00000001;00000013;00002290;1;0;0;;;;;;;0;;;;0;1;0;0;;5;1;0;0;1;0;0;;;0;0;2;0;1;;3;1;;;0;1;1;0;1;1;;1;1;;;0;0;;0;0;1;0;0;0;;3;0.538461538461538;39;0.0769230769230769;13;43.9138450874016;tarde
30000168;11000023;1000000090;300000074;2020;9;1;3;1;;00001103;00000005;00000016;00002568;1;0;0;;;;;0;;;;;;0;1;0;0;1;5;1;0;0;1;0;1;;;0;0;3;0;1;;3;1;;;0;1;1;0;1;1;;1;1;;;0;0;;0;0;1;0;0;0;;3;0.538461538461538;39;0.0769230769230769;19;7.7234397190623;noite
30000168;11000023;1000000340;300000273;2020;18;2;0;1;;00001136;00000005;00000015;00005423;2;0;1;;;;;;;0;;;;0;1;0;0;1;5;1;0;0;1;0;0;;;0;0;3;0;1;1;3;1;;;0;1;1;0;1;1;;1;1;;;0;0;;0;0;1;0;0;0;;3;0.538461538461538;39;0.0769230769230769;19;7.7234397190623;noite
30000168;11000023;1000000614;300000461;2020;6;2;1;1;;00000110;00000001;00000025;;1;0;1;;0;;;0;;;;;;0;1;0;0;1;5;1;0;0;1;0;0;;;0;0;3;0;1;;3;1;;;0;1;1;0;1;1;;1;1;;;0;0;;0;0;1;0;0;0;;3;0.538461538461538;39;0.0769230769230769;19;7.7234397190623;noite
30000168;11000023;1000000693;300000522;2020;6;1;0;1;;00005225;00000001;;;1;0;1;;0;;;;0;;;;0;0;1;0;0;1;5;1;0;0;1;0;0;;;0;0;3;0;1;;3;1;;;0;1;1;0;1;1;;1;1;;;0;0;;0;0;1;0;0;0;;3;0.538461538461538;39;0.0769230769230769;19;7.7234397190623;noite
30000168;11000023;1000000844;300000639;2020;10;1;0;1;;00002683;00000002;;;1;0;1;;;;;0;;0;;0;;0;1;0;0;1;5;1;0;0;1;0;1;;;0;0;3;0;1;;3;1;;;0;1;1;0;1;1;;1;1;;;0;0;;0;0;1;0;0;0;;3;0.538461538461538;39;0.0769230769230769;19;7.7234397190623;noite
30000169;11000024;1000000277;300000226;2020;18;1;3;1;;00001873;00000001;00000014;;1;0;1;;;;;;;;;;;0;1;0;0;;5;1;0;0;1;0;0;;;0;0;3;0;1;;3;1;;1;1;1;1;1;;1;1;;1;1;1;0;0;;;0;;0;;0;0;;0.769230769230769;32;0;13;23.0938761986326;tarde
30000169;11000024;1000000356;300000284;2020;8;1;1;1;;00004339;00000006;00000003;00002477;1;0;0;;;;;;0;;;;;0;1;0;0;;5;1;0;0;1;0;0;;;0;0;3;0;1;1;3;1;;1;1;1;1;1;;1;1;;1;1;1;0;0;;;0;;0;;0;0;;0.769230769230769;32;0;13;23.0938761986326;tarde
30000169;11000024;1000000397;300000311;2020;22;2;1;1;;00002470;00000004;00000009;00003814;1;0;0;;0;;;;;;;0;0;0;1;1;0;;5;1;0;0;1;0;0;;;0;0;3;0;1;;3;1;;1;1;1;1;1;;1;1;;1;1;1;0;0;;;0;;0;;0;0;;0.769230769230769;32;0;13;23.0938761986326;tarde
30000169;11000024;1000000608;300000456;2020;11;1;3;1;;00002575;00000008;;;1;0;;;;1;;;0;;;;;0;1;0;0;;5;1;0;0;1;0;0;;;0;0;3;0;1;;3;1;;1;1;1;1;1;;1;1;;1;1;1;0;0;;;0;;0;;0;0;;0.769230769230769;32;0;13;23.0938761986326;tarde
30000169;11000024;1000000681;300000511;2020;21;1;3;1;;00001641;00000001;00000005;00002892;1;0;0;;;;;;;;;;0;0;1;0;0;;5;1;0;0;1;0;0;;;0;1;3;0;1;1;3;1;;1;1;1;1;1;;1;1;;1;1;1;0;0;;;0;;0;;0;0;;0.769230769230769;32;0;13;23.0938761986326;tarde
30000169;11000024;1000000700;300000528;2020;7;1;1;1;;00004943;00000001;;00003487;2;0;0;;;;;0;;;;;0;0;1;0;0;;5;1;0;0;1;0;0;;;0;0;3;0;1;;3;1;;1;1;1;1;1;;1;1;;1;1;1;0;0;;;0;;0;;0;0;;0.769230769230769;32;0;13;23.0938761986326;tarde
30000169;11000024;1000001202;300000929;2020;7;2;0;1;;00001026;00000007;;00001948;1;0;0;0;;;0;0;;0;;;;0;1;0;;;5;1;0;0;1;0;0;;;0;0;0;;0;;3;1;;1;1;1;1;1;;1;1;;1;1;1;0;0;;;0;;0;;0;0;;0.769230769230769;32;0;13;23.0938761986326;tarde
30000170;11000024;1000000176;300000145;2020;6;2;1;1;;00000042;00000004;;00000379;1;0;0;;;1;0;;;;0;;;0;1;0;0;14;5;1;0;0;1;0;0;0;0;0;0;3;0;1;;3;1;;1;1;1;1;1;;1;1;;1;1;1;0;0;;;0;;0;;0;0;;0.769230769230769;32;0;13;3.493129927665;tarde
30000170;11000024;1000001078;300000818;2020;23;1;0;1;;00000897;00000004;00000003;;2;0;0;;;;0;;;;;;0;0;1;0;0;14;5;1;0;0;1;0;0;17;1;0;0;2;0;1;;3;1;;1;1;1;1;1;;1;1;;1;1;1;0;0;;;0;;0;;0;0;;0.769230769230769;32;0;13;3.493129927665;tarde
30000170;11000024;1000001130;300000861;2020;8;1;2;1;;00004247;00000001;00000003;;1;0;0;;0;;;;;;;0;;0;1;0;0;14;5;1;0;0;1;0;0;2;1;0;0;1;0;1;;3;1;;1;1;1;1;1;;1;1;;1;1;1;0;0;;;0;;0;;0;0;;0.769230769230769;32;0;13;3.493129927665;tarde
30000171;11000024;1000001209;300000936;2020;4;1;3;1;;00005011;00000003;00000021;00002443;1;0;0;;;;;;;;;0;;0;1;0;1;14;5;1;0;0;1;0;0;-2;0;0;0;0;;0;;3;1;;1;1;1;1;1;;1;1;;1;1;1;0;0;;;0;;0;;0;0;;0.769230769230769;32;0;13;11.3096842416562;tarde
30000172;11000024;1000000078;300000062;2020;10;1;0;1;;00004461;00000005;00000002;00004921;1;0;0;;;;;0;0;;;0;;0;1;0;0;;6;1;0;0;1;0;0;;;0;1;3;0;1;;3;1;;1;1;1;1;1;;1;1;;1;1;1;0;0;;;0;;0;;0;0;;0.769230769230769;32;0;13;32.7072446073871;tarde
30000172;11000024;1000000494;300000376;2020;11;1;0;1;;00003779;00000001;00000026;00004415;1;0;0;;;;;;;;;;;0;1;0;0;;6;1;0;0;1;0;0;;;0;0;3;0;1;1;3;1;;1;1;1;1;1;;1;1;;1;1;1;0;0;;;0;;0;;0;0;;0.769230769230769;32;0;13;32.7072446073871;tarde
30000172;11000024;1000000724;300000548;2020;14;2;0;1;;00002561;00000005;00000025;00002281;1;0;0;0;;;;;;;;;;0;1;0;0;;6;1;0;0;1;0;0;;;0;0;3;0;1;1;3;1;;1;1;1;1;1;;1;1;;1;1;1;0;0;;;0;;0;;0;0;;0.769230769230769;32;0;13;32.7072446073871;tarde
30000172;11000024;1000000881;300000668;2020;7;2;0;1;;00005200;00000004;00000013;;1;0;0;;;1;;;;0;;;;0;1;0;0;;6;1;0;0;1;0;0;;;0;0;3;0;1;;3;1;;1;1;1;1;1;;1;1;;1;1;1;0;0;;;0;;0;;0;0;;0.769230769230769;32;0;13;32.7072446073871;tarde
30000172;11000024;1000001072;300000813;2020;14;1;3;1;;00005341;00000007;00000020;;1;0;0;;0;1;;;;;;;0;0;1;0;0;;6;1;0;0;1;0;0;;;0;0;2;0;1;;3;1;;1;1;1;1;1;;1;1;;1;1;1;0;0;;;0;;0;;0;0;;0.769230769230769;32;0;13;32.7072446073871;tarde
30000172;11000024;1000001214;300000941;2020;13;1;3;1;;00002344;00000008;00000007;00000032;1;0;0;;;;0;;0;;0;;0;0;1;0;0;;6;1;0;0;1;0;0;;;0;0;0;;0;;3;1;;1;1;1;1;1;;1;1;;1;1;1;0;0;;;0;;0;;0;0;;0.769230769230769;32;0;13;32.7072446073871;tarde
30000173;11000024;1000000426;300000333;2020;11;1;0;1;;00001400;00000006;00000014;;1;0;0;;;;;;;;;;;0;1;0;0;32;5;1;0;0;1;0;0;-6;0;0;0;3;0;1;;3;1;;1;1;1;1;1;;1;1;;1;1;1;0;0;;;0;;0;;0;0;;0.769230769230769;32;0;12;23.4378488748334;tarde
30000173;11000024;1000000673;300000507;2020;18;2;1;1;;00003271;00000005;;;1;0;0;0;;;;;;;;;;0;1;0;0;32;5;1;0;0;1;0;0;1;0;0;0;3;0;1;;3;1;;1;1;1;1;1;;1;1;;1;1;1;0;0;;;0;;0;;0;0;;0.769230769230769;32;0;12;23.4378488748334;tarde
30000173;11000024;1000000702;300000530;2020;13;2;1;1;;00000213;00000001;00000016;;2;0;0;;;;;;;;;0;;0;1;0;0;32;5;1;0;0;1;0;0;-4;0;0;0;3;0;1;;3;1;;1;1;1;1;1;;1;1;;1;1;1;0;0;;;0;;0;;0;0;;0.769230769230769;32;0;12;23.4378488748334;tarde
30000173;11000024;1000000880;300000667;2020;22;1;0;1;;00003955;00000003;00000025;00003114;1;0;0;0;;;;;;;;;;0;1;0;0;32;5;1;0;0;1;0;1;5;1;0;0;3;0;1;;3;1;;1;1;1;1;1;;1;1;;1;1;1;0;0;;;0;;0;;0;0;;0.769230769230769;32;0;12;23.4378488748334;tarde
30000173;11000024;1000001041;300000786;2020;9;1;1;1;;00003717;00000001;;;1;0;0;;;1;;0;0;;0;;0;0;1;0;0;32;5;1;0;0;1;0;0;-8;0;0;0;2;0;1;;3;1;;1;1;1;1;1;;1;1;;1;1;1;0;0;;;0;;0;;0;0;;0.769230769230769;32;0;12;23.4378488748334;tarde
30000173;11000024;1000001273;300001000;2020;4;1;0;1;;00002257;00000008;00000020;00003011;1;0;1;;;;;;;;;;0;0;1;0;1;32;5;1;0;0;1;0;0;-13;0;0;0;0;;0;;3;1;;1;1;1;1;1;;1;1;;1;1;1;0;0;;;0;;0;;0;0;;0.769230769230769;32;0;12;23.4378488748334;tarde
30000174;11000024;1000000264;300000216;2020;10;1;3;1;;00005474;00000002;00000017;00002993;2;0;0;0;;;;;;;;;;0;1;0;0;18;5;1;0;0;1;0;0;0;0;0;1;3;0;1;1;3;1;;1;1;1;1;1;;1;1;;1;1;1;0;0;;;0;;0;;0;0;;0.769230769230769;32;0;14;8.97037375159562;tarde
30000174;11000024;1000000294;300000238;2020;12;1;0;1;;00003437;00000003;;00003957;1;0;0;;;;;;;;0;;;0;1;0;0;18;5;1;0;0;1;0;0;2;1;0;0;3;0;1;;3;1;;1;1;1;1;1;;1;1;;1;1;1;0;0;;;0;;0;;0;0;;0.769230769230769;32;0;14;8.97037375159562;tarde
30000175;11000024;1000000111;300000093;2020;6;1;1;1;;00000153;00000002;00000013;;1;0;1;;;;;0;;;0;;0;0;1;0;0;26;5;1;0;0;1;0;0;-10;0;0;0;3;0;1;;3;1;;1;1;1;1;1;;1;1;;1;1;1;0;0;;;0;;0;;0;0;;0.769230769230769;32;0;10;19.101795448456;manha
30000175;11000024;1000000235;300000192;2020;20;2;3;1;;00001486;00000003;00000026;;1;0;0;;;;;;;;;;;0;1;0;0;26;5;1;0;0;1;0;1;4;1;0;0;3;0;1;;3;1;;1;1;1;1;1;;1;1;;1;1;1;0;0;;;0;;0;;0;0;;0.769230769230769;32;0;10;19.101795448456;manha
30000175;11000024;1000000335;300000270;2020;11;2;3;1;;00001179;00000006;00000015;00003506;1;0;0;0;;;;0;;;;;;0;1;0;0;26;5;1;0;0;1;0;0;-5;0;0;0;3;0;1;1;3;1;;1;1;1;1;1;;1;1;;1;1;1;0;0;;;0;;0;;0;0;;0.769230769230769;32;0;10;19.101795448456;manha
30000176;11000025;1000000087;300000071;2020;15;1;3;1;;00004543;00000003;;;2;0;0;0;;;;0;;;0;0;;0;1;0;;16;5;1;0;0;1;0;0;7;1;0;0;3;0;1;;3;1;;1;1;1;;1;;0;;0;0;;0;1;1;;;;0;0;;0;0;0;0.545454545454545;37;0;19;2.358600681182;noite
30000176;11000025;1000000130;300000106;2020;22;2;1;1;;00004138;00000007;00000026;;1;0;1;;;;;;;;;;;0;1;1;0;16;5;1;0;0;1;0;1;14;1;0;0;3;0;1;;3;1;;1;1;1;;1;;0;;0;0;;0;1;1;;;;0;0;;0;0;0;0.545454545454545;37;0;19;2.358600681182;noite
30000176;11000025;1000001205;300000932;2020;8;2;0;1;;00000627;00000002;;;1;0;0;;0;1;;;;;0;;0;0;1;0;0;16;5;1;0;0;1;0;0;0;0;0;0;0;;0;;3;1;;1;1;1;;1;;0;;0;0;;0;1;1;;;;0;0;;0;0;0;0.545454545454545;37;0;19;2.358600681182;noite
30000177;11000025;1000000325;300000261;2020;24;2;3;1;;00000781;00000005;;00003651;2;0;0;;;;;;;0;0;;;0;1;0;0;;5;1;0;0;1;0;0;;;0;1;3;0;1;1;3;1;;1;1;1;;1;;0;;0;0;;0;1;1;;;;0;0;;0;0;0;0.545454545454545;37;0;13;33.759124643635;tarde
30000177;11000025;1000000336;300000271;2020;10;1;0;1;;00002721;00000003;00000003;00003848;1;1;0;;;;;;;0;;;;0;1;0;0;;5;1;0;0;1;0;0;;;0;0;3;0;1;;3;1;;1;1;1;;1;;0;;0;0;;0;1;1;;;;0;0;;0;0;0;0.545454545454545;37;0;13;33.759124643635;tarde
30000177;11000025;1000000914;300000695;2020;7;2;3;1;;00002317;00000006;00000026;00003340;1;0;0;;0;1;;;0;;;;0;0;1;0;0;;5;1;0;0;1;0;0;;;0;0;3;0;1;1;3;1;;1;1;1;;1;;0;;0;0;;0;1;1;;;;0;0;;0;0;0;0.545454545454545;37;0;13;33.759124643635;tarde
30000177;11000025;1000001155;300000883;2020;16;1;1;1;;00000647;00000001;;00001378;1;0;0;;;;;;;;;;;;1;0;0;;5;1;0;0;1;0;0;;;0;0;1;0;1;1;3;1;;1;1;1;;1;;0;;0;0;;0;1;1;;;;0;0;;0;0;0;0.545454545454545;37;0;13;33.759124643635;tarde
30000178;11000025;1000000068;300000053;2020;8;2;0;1;;00003236;00000006;00000003;00000978;1;0;1;;;;0;;;;;;;0;1;0;0;2;5;1;0;0;1;0;0;;;0;0;3;0;1;1;3;1;;1;1;1;;1;;0;;0;0;;0;1;1;;;;0;0;;0;0;0;0.545454545454545;37;0;13;12.077073616907;tarde
30000178;11000025;1000000845;300000640;2020;17;1;2;1;;00005097;00000001;00000010;00004864;1;0;0;;;;0;;;;0;;;0;1;0;0;2;5;1;0;0;1;0;1;;;0;0;3;0;1;;3;1;;1;1;1;;1;;0;;0;0;;0;1;1;;;;0;0;;0;0;0;0.545454545454545;37;0;13;12.077073616907;tarde
30000178;11000025;1000000897;300000680;2020;15;2;1;1;;00001832;00000002;00000015;;1;0;0;;;;;;;;;;;0;1;1;1;2;5;1;0;0;1;0;0;;;0;0;3;0;1;;3;1;;1;1;1;;1;;0;;0;0;;0;1;1;;;;0;0;;0;0;0;0.545454545454545;37;0;13;12.077073616907;tarde
30000178;11000025;1000001248;300000975;2020;4;1;0;1;;00004606;00000003;00000019;00000660;1;0;0;;;;;;;0;;;;0;1;0;0;2;5;1;0;0;1;0;0;;;0;0;0;;0;;3;1;;1;1;1;;1;;0;;0;0;;0;1;1;;;;0;0;;0;0;0;0.545454545454545;37;0;13;12.077073616907;tarde
30000179;11000025;1000000004;300000003;2020;9;1;3;1;;00001979;00000007;00000021;00001685;1;0;0;;;;0;;;;;;;0;1;0;0;1;5;1;0;0;1;0;0;;;0;0;3;0;1;1;3;1;;1;1;1;;1;;0;;0;0;;0;1;1;;;;0;0;;0;0;0;0.545454545454545;37;0;7;14.8403693819419;manha
30000179;11000025;1000000124;300000102;2020;8;1;0;1;;00003783;00000006;00000008;;1;0;0;;;;;;;;;;;0;1;;0;1;5;1;0;0;1;0;0;;;1;0;3;0;1;;3;1;;1;1;1;;1;;0;;0;0;;0;1;1;;;;0;0;;0;0;0;0.545454545454545;37;0;7;14.8403693819419;manha
30000179;11000025;1000000661;300000496;2020;5;2;2;1;;00003305;00000006;00000002;00001680;1;0;0;;;;;;;;;;;0;1;0;0;1;5;1;0;0;1;0;0;;;0;0;3;0;1;1;3;1;;1;1;1;;1;;0;;0;0;;0;1;1;;;;0;0;;0;0;0;0.545454545454545;37;0;7;14.8403693819419;manha
30000179;11000025;1000000778;300000586;2020;7;1;1;1;;00005239;00000006;00000011;00003208;1;0;0;;;;;;;;0;0;;;1;0;0;1;5;1;0;0;1;0;0;;;0;0;3;0;1;;3;1;;1;1;1;;1;;0;;0;0;;0;1;1;;;;0;0;;0;0;0;0.545454545454545;37;0;7;14.8403693819419;manha
30000179;11000025;1000001111;300000846;2020;10;1;1;1;;00004321;00000003;00000024;;2;0;0;;;;;0;0;0;;;;0;1;0;0;1;5;1;0;0;1;0;0;;;0;0;1;0;1;;3;1;;1;1;1;;1;;0;;0;0;;0;1;1;;;;0;0;;0;0;0;0.545454545454545;37;0;7;14.8403693819419;manha
30000179;11000025;1000001168;300000895;2020;15;1;0;1;;00005457;00000003;;00004516;1;0;0;0;;1;0;;0;;;;;0;1;0;0;1;5;1;0;0;1;0;0;;;0;0;1;0;1;1;3;1;;1;1;1;;1;;0;;0;0;;0;1;1;;;;0;0;;0;0;0;0.545454545454545;37;0;7;14.8403693819419;manha
30000180;11000025;1000000033;300000024;2020;8;2;0;1;;00005067;00000001;00000016;00001607;1;0;0;0;;;0;0;;0;;;;0;1;0;0;20;3;1;0;0;1;0;0;-4;0;1;0;3;0;1;1;3;1;;1;1;1;;1;;0;;0;0;;0;1;1;;;;0;0;;0;0;0;0.545454545454545;37;0;13;32.9944997207494;tarde
30000180;11000025;1000000678;300000508;2020;14;1;0;1;;00001238;00000006;;;1;0;0;0;;;0;0;;;;;0;0;1;0;0;20;3;1;0;0;1;0;0;2;1;1;0;3;1;1;;3;1;;1;1;1;;1;;0;;0;0;;0;1;1;;;;0;0;;0;0;0;0.545454545454545;37;0;13;32.9944997207494;tarde
30000180;11000025;1000000704;300000532;2020;7;2;1;1;;00001436;00000005;00000022;;1;0;0;0;;;;;;;;;;0;1;0;0;20;3;1;0;0;1;0;0;-5;0;0;0;3;0;1;;3;1;;1;1;1;;1;;0;;0;0;;0;1;1;;;;0;0;;0;0;0;0.545454545454545;37;0;13;32.9944997207494;tarde
30000180;11000025;1000000838;300000635;2020;24;2;0;1;;00002167;00000006;00000023;00001885;1;0;0;;;;;;;;;;;0;1;0;0;20;3;1;0;0;1;0;0;12;1;0;0;3;0;1;1;3;1;;1;1;1;;1;;0;;0;0;;0;1;1;;;;0;0;;0;0;0;0.545454545454545;37;0;13;32.9944997207494;tarde
30000180;11000025;1000001163;300000890;2020;14;2;3;1;;00002297;00000008;00000015;00000722;1;0;1;;;;;;;;;;;0;1;0;0;20;3;1;0;0;1;0;0;2;1;0;0;1;0;1;1;3;1;;1;1;1;;1;;0;;0;0;;0;1;1;;;;0;0;;0;0;0;0.545454545454545;37;0;13;32.9944997207494;tarde
30000181;11000025;1000000036;300000026;2020;16;2;1;1;;00003599;00000003;;;1;0;0;;;;;;0;;;;;0;1;0;1;2;5;1;0;0;1;0;0;;;0;0;3;0;1;;3;1;;1;1;1;;1;;0;;0;0;;0;1;1;;;;0;0;;0;0;0;0.545454545454545;37;0;13;3.05741619784385;tarde
30000181;11000025;1000000265;300000217;2020;17;2;0;1;;00000174;00000003;00000016;;1;0;0;;1;;;;;;;0;;0;1;0;0;2;5;1;0;0;1;0;0;;;0;0;3;0;1;;3;1;;1;1;1;;1;;0;;0;0;;0;1;1;;;;0;0;;0;0;0;0.545454545454545;37;0;13;3.05741619784385;tarde
30000181;11000025;1000000270;300000219;2020;17;2;1;1;;00004359;00000007;00000010;00000227;1;0;1;;;;;;;;;;;1;1;0;0;2;5;1;0;0;1;0;1;;;0;0;3;0;1;1;3;1;;1;1;1;;1;;0;;0;0;;0;1;1;;;;0;0;;0;0;0;0.545454545454545;37;0;13;3.05741619784385;tarde
30000181;11000025;1000000568;300000429;2020;10;1;2;1;;00003420;00000003;;00002639;1;0;1;;;;;0;0;;0;;;0;1;0;;2;5;1;0;0;1;0;0;;;0;0;3;0;1;1;3;1;;1;1;1;;1;;0;;0;0;;0;1;1;;;;0;0;;0;0;0;0.545454545454545;37;0;13;3.05741619784385;tarde
30000181;11000025;1000000667;300000502;2020;18;1;0;1;;00003740;00000005;00000013;00003976;1;0;0;;0;;;;;;;;;0;1;1;1;2;5;1;0;0;1;0;0;;;0;1;3;0;1;1;3;1;;1;1;1;;1;;0;;0;0;;0;1;1;;;;0;0;;0;0;0;0.545454545454545;37;0;13;3.05741619784385;tarde
30000182;11000025;1000000109;300000091;2020;16;1;3;1;;00003176;00000006;00000014;00003619;2;0;0;;0;;0;;;;;;;0;1;0;0;27;5;1;0;0;1;0;0;-1;0;0;1;3;0;1;1;3;1;;1;1;1;;1;;0;;0;0;;0;1;1;;;;0;0;;0;0;0;0.545454545454545;37;0;13;26.571486732224;tarde
30000182;11000025;1000000290;300000235;2020;21;2;0;1;;00001140;00000006;00000009;;1;0;0;;;;;;;0;;;;0;1;0;1;27;5;1;0;0;1;0;0;4;1;0;0;3;0;1;;3;1;;1;1;1;;1;;0;;0;0;;0;1;1;;;;0;0;;0;0;0;0.545454545454545;37;0;13;26.571486732224;tarde
30000182;11000025;1000000311;300000251;2020;38;1;0;1;;00002982;00000005;00000021;;1;0;0;;;1;;0;;;;;;0;1;0;1;27;5;1;0;0;1;0;1;21;1;0;0;3;0;1;;3;1;;1;1;1;;1;;0;;0;0;;0;1;1;;;;0;0;;0;0;0;0.545454545454545;37;0;13;26.571486732224;tarde
30000182;11000025;1000000808;300000611;2020;14;1;1;1;;00001315;00000004;;;1;0;0;;;;;;;;0;;;0;1;1;;27;5;1;0;0;1;0;0;-3;0;1;0;3;1;1;;3;1;;1;1;1;;1;;0;;0;0;;0;1;1;;;;0;0;;0;0;0;0.545454545454545;37;0;13;26.571486732224;tarde
30000183;11000026;1000000465;300000359;2020;9;1;3;1;;00003102;00000004;00000022;;1;0;1;;;;;;;;;0;;0;1;0;0;25;5;1;0;0;1;0;0;-6;0;0;1;3;0;1;;2;1;1;;1;1;0;1;1;;;1;0;;;0;;1;0;1;0;1;;0;0;1;0.583333333333333;32;0.0625;12;7.2785701721441;tarde
30000183;11000026;1000000536;300000406;2020;16;1;3;1;;00004003;00000005;;00002898;1;0;1;;;;;;0;0;0;;;0;1;0;0;25;5;1;0;0;1;0;0;1;0;0;0;3;0;1;;2;1;1;;1;1;0;1;1;;;1;0;;;0;;1;0;1;0;1;;0;0;1;0.583333333333333;32;0.0625;12;7.2785701721441;tarde
30000183;11000026;1000000640;300000480;2020;14;2;1;1;;00003131;00000002;00000020;00000962;1;0;0;0;0;1;;;;;;;;0;1;0;0;25;5;1;0;0;1;0;0;-1;0;0;0;3;0;1;1;2;1;1;;1;1;0;1;1;;;1;0;;;0;;1;0;1;0;1;;0;0;1;0.583333333333333;32;0.0625;12;7.2785701721441;tarde
30000183;11000026;1000000712;300000539;2020;18;1;3;1;;00001449;00000003;00000025;00002854;1;0;0;;;;0;;;;;;;;1;0;0;25;5;1;0;0;1;0;0;3;1;0;0;3;0;1;1;2;1;1;;1;1;0;1;1;;;1;0;;;0;;1;0;1;0;1;;0;0;1;0.583333333333333;32;0.0625;12;7.2785701721441;tarde
30000183;11000026;1000000734;300000554;2020;15;1;3;1;;00000349;00000003;;;1;0;0;0;;;;;;0;0;;0;0;1;0;0;25;5;1;0;0;1;0;0;0;0;0;0;3;0;1;;2;1;1;;1;1;0;1;1;;;1;0;;;0;;1;0;1;0;1;;0;0;1;0.583333333333333;32;0.0625;12;7.2785701721441;tarde
30000183;11000026;1000000867;300000656;2020;17;2;1;1;;00002859;00000001;00000012;00001953;2;0;0;;;;;;;;;;;0;1;0;0;25;5;1;0;0;1;0;0;2;1;0;0;3;0;1;1;2;1;1;;1;1;0;1;1;;;1;0;;;0;;1;0;1;0;1;;0;0;1;0.583333333333333;32;0.0625;12;7.2785701721441;tarde
30000184;11000026;1000000288;300000233;2020;12;2;2;1;;00001948;00000006;00000013;00005451;1;0;1;;;;0;;;;;;;0;1;;0;2;5;1;0;0;1;0;0;;;1;0;3;0;1;;2;1;1;;1;1;0;1;1;;;1;0;;;0;;1;0;1;0;1;;0;0;1;0.583333333333333;32;0.0625;7;32.4998825406656;manha
30000184;11000026;1000000529;300000400;2020;14;1;3;1;;00000126;00000004;00000009;00003673;1;0;0;;;;0;;;;;;;0;1;0;0;2;5;1;0;0;1;0;0;;;0;0;3;0;1;;2;1;1;;1;1;0;1;1;;;1;0;;;0;;1;0;1;0;1;;0;0;1;0.583333333333333;32;0.0625;7;32.4998825406656;manha
30000184;11000026;1000000769;300000580;2020;10;2;3;1;;00003529;00000008;00000012;00000767;1;0;0;;;;;;;;;;;0;1;0;0;2;5;1;0;0;1;0;0;;;0;1;3;0;1;1;2;1;1;;1;1;0;1;1;;;1;0;;;0;;1;0;1;0;1;;0;0;1;0.583333333333333;32;0.0625;7;32.4998825406656;manha
30000186;11000026;1000000542;300000411;2020;10;1;1;1;;00004674;00000001;00000024;00003828;2;0;0;;;;;;;;;0;;0;1;0;0;25;5;1;0;0;1;0;0;-5;0;0;1;3;0;1;;2;1;1;;1;1;0;1;1;;;1;0;;;0;;1;0;1;0;1;;0;0;1;0.583333333333333;32;0.0625;11;26.2983736910392;manha
30000186;11000026;1000000639;300000479;2020;8;1;3;1;;00005274;00000008;00000003;00003675;1;0;0;;0;;;;;;;;;0;1;0;0;25;5;1;0;0;1;0;1;-7;0;0;0;3;0;1;1;2;1;1;;1;1;0;1;1;;;1;0;;;0;;1;0;1;0;1;;0;0;1;0.583333333333333;32;0.0625;11;26.2983736910392;manha
30000186;11000026;1000000852;300000645;2020;14;1;3;1;;00000983;00000008;00000015;00003906;1;0;0;;;;;;;0;;;;0;1;0;0;25;5;1;0;0;1;0;1;-1;0;1;0;3;1;1;;2;1;1;;1;1;0;1;1;;;1;0;;;0;;1;0;1;0;1;;0;0;1;0.583333333333333;32;0.0625;11;26.2983736910392;manha
30000186;11000026;1000000868;300000657;2020;11;1;3;1;;00001813;00000003;;00005041;2;0;0;0;;;;;;0;;;;0;1;0;0;25;5;1;0;0;1;0;0;-4;0;0;0;3;0;1;1;2;1;1;;1;1;0;1;1;;;1;0;;;0;;1;0;1;0;1;;0;0;1;0.583333333333333;32;0.0625;11;26.2983736910392;manha
30000186;11000026;1000001144;300000873;2020;46;2;3;1;;00000978;00000008;00000018;00004114;1;0;0;;;1;;;;0;;1;;0;1;0;0;25;5;1;0;0;1;0;0;31;1;0;0;1;0;1;1;2;1;1;;1;1;0;1;1;;;1;0;;;0;;1;0;1;0;1;;0;0;1;0.583333333333333;32;0.0625;11;26.2983736910392;manha
30000187;11000026;1000000201;300000166;2020;10;1;3;1;;00004007;00000002;00000013;;1;0;1;;;;;0;;;;;;0;1;0;0;17;5;1;0;0;1;0;0;1;0;0;0;3;0;1;;2;1;1;;1;1;0;1;1;;;1;0;;;0;;1;0;1;0;1;;0;0;1;0.583333333333333;32;0.0625;7;18.4391954531893;manha
30000187;11000026;1000000221;300000184;2020;17;1;3;1;;00001658;00000004;;;1;0;;;;;;;;;0;;;0;1;0;0;17;5;1;0;0;1;0;1;8;1;0;0;3;0;1;;2;1;1;;1;1;0;1;1;;;1;0;;;0;;1;0;1;0;1;;0;0;1;0.583333333333333;32;0.0625;7;18.4391954531893;manha
30000187;11000026;1000000459;300000356;2020;6;2;5;1;;00004707;00000002;00000007;;1;0;0;;;;0;;;;0;;;0;1;0;0;17;5;1;0;0;1;0;0;-3;0;0;0;3;0;1;;2;1;1;;1;1;0;1;1;;;1;0;;;0;;1;0;1;0;1;;0;0;1;0.583333333333333;32;0.0625;7;18.4391954531893;manha
30000187;11000026;1000000637;300000477;2020;10;1;3;1;;00003385;00000004;00000016;00002916;1;0;0;;;;;;;;;;;0;1;;0;17;5;1;0;0;1;0;0;1;0;0;0;3;0;1;1;2;1;1;;1;1;0;1;1;;;1;0;;;0;;1;0;1;0;1;;0;0;1;0.583333333333333;32;0.0625;7;18.4391954531893;manha
30000188;11000026;1000000342;300000274;2020;20;1;3;1;;00003619;00000003;;;1;0;0;;;;0;;;;;;;0;1;0;;19;6;1;0;0;1;0;0;9;1;0;0;3;0;1;;2;1;1;;1;1;0;1;1;;;1;0;;;0;;1;0;1;0;1;;0;0;1;0.583333333333333;32;0.0625;7;14.1594116531778;manha
30000188;11000026;1000000606;300000455;2020;7;1;1;1;;00002397;00000004;00000016;;1;0;1;0;;1;;;;0;;;;0;1;0;0;19;6;1;0;0;1;0;0;-4;0;0;0;3;0;1;;2;1;1;;1;1;0;1;1;;;1;0;;;0;;1;0;1;0;1;;0;0;1;0.583333333333333;32;0.0625;7;14.1594116531778;manha
30000188;11000026;1000000638;300000478;2020;6;2;1;1;;00000826;00000002;00000006;00004037;1;0;0;0;0;;;;;;;;0;0;1;0;0;19;6;1;0;0;1;0;0;-5;0;0;1;3;0;1;1;2;1;1;;1;1;0;1;1;;;1;0;;;0;;1;0;1;0;1;;0;0;1;0.583333333333333;32;0.0625;7;14.1594116531778;manha
30000188;11000026;1000000882;300000669;2020;9;1;1;1;;00000970;00000001;;00003325;1;0;1;;;;;;;;;;;0;1;1;0;19;6;1;0;0;1;0;0;-2;0;0;0;3;0;1;1;2;1;1;;1;1;0;1;1;;;1;0;;;0;;1;0;1;0;1;;0;0;1;0.583333333333333;32;0.0625;7;14.1594116531778;manha
30000188;11000026;1000001181;300000908;2020;8;2;3;1;;00001272;00000005;;00005357;1;0;1;0;;;;;;;;;;0;1;1;0;19;6;1;0;0;1;0;0;-3;0;0;0;1;0;1;;2;1;1;;1;1;0;1;1;;;1;0;;;0;;1;0;1;0;1;;0;0;1;0.583333333333333;32;0.0625;7;14.1594116531778;manha
30000188;11000026;1000001251;300000978;2020;8;1;0;1;;00004316;00000004;;00000473;1;0;0;;;;;;0;;;;;0;1;0;0;19;6;1;0;0;1;0;0;-3;0;0;0;0;;0;;2;1;1;;1;1;0;1;1;;;1;0;;;0;;1;0;1;0;1;;0;0;1;0.583333333333333;32;0.0625;7;14.1594116531778;manha
30000189;11000026;1000000058;300000046;2020;14;2;1;1;;00004185;00000006;00000020;;1;0;0;;;;;;;;;;;0;1;0;0;14;3;1;0;0;1;0;0;8;1;0;0;3;0;1;;2;1;1;;1;1;0;1;1;;;1;0;;;0;;1;0;1;0;1;;0;0;1;0.583333333333333;32;0.0625;13;41.7275012731552;tarde
30000189;11000026;1000000065;300000050;2020;17;1;3;1;;00000073;00000007;00000025;00003349;2;0;0;;;;;;;;;;;0;1;0;0;14;3;1;0;0;1;0;0;11;1;0;0;3;0;1;1;2;1;1;;1;1;0;1;1;;;1;0;;;0;;1;0;1;0;1;;0;0;1;0.583333333333333;32;0.0625;13;41.7275012731552;tarde
30000189;11000026;1000000686;300000516;2020;17;2;1;1;;00000300;00000005;00000014;00001463;1;0;0;0;;;0;;0;0;;0;;0;1;0;0;14;3;1;0;0;1;0;0;11;1;0;0;3;0;1;;2;1;1;;1;1;0;1;1;;;1;0;;;0;;1;0;1;0;1;;0;0;1;0.583333333333333;32;0.0625;13;41.7275012731552;tarde
30000189;11000026;1000000726;300000549;2020;12;1;3;1;;00005566;00000001;00000009;00005385;1;0;0;;;;;;0;;0;;0;0;1;0;0;14;3;1;0;0;1;0;0;6;1;0;0;3;0;1;;2;1;1;;1;1;0;1;1;;;1;0;;;0;;1;0;1;0;1;;0;0;1;0.583333333333333;32;0.0625;13;41.7275012731552;tarde
30000189;11000026;1000000837;300000634;2020;8;1;3;1;;00002911;00000002;00000012;00001700;1;0;0;;0;;0;;0;0;0;;;0;1;;0;14;3;1;0;0;1;0;0;2;1;0;0;3;0;1;;2;1;1;;1;1;0;1;1;;;1;0;;;0;;1;0;1;0;1;;0;0;1;0.583333333333333;32;0.0625;13;41.7275012731552;tarde
30000189;11000026;1000000884;300000671;2020;4;1;0;1;;00000661;00000004;;00000437;1;0;0;;;;;0;;;;;0;0;1;0;0;14;3;1;0;0;1;0;0;-2;0;0;0;3;0;1;1;2;1;1;;1;1;0;1;1;;;1;0;;;0;;1;0;1;0;1;;0;0;1;0.583333333333333;32;0.0625;13;41.7275012731552;tarde
30000189;11000026;1000001001;300000758;2020;13;1;1;1;;00003315;00000001;00000008;;1;0;0;;;1;;;;;;0;;0;1;0;0;14;3;1;0;0;1;0;0;7;1;0;0;2;0;1;;2;1;1;;1;1;0;1;1;;;1;0;;;0;;1;0;1;0;1;;0;0;1;0.583333333333333;32;0.0625;13;41.7275012731552;tarde
30000190;11000027;1000000119;300000099;2020;6;1;1;1;;00001933;00000003;;00004610;2;0;0;;;;;;;;;;0;0;1;0;0;27;5;1;0;0;1;0;0;-11;0;0;0;3;0;1;;3;1;;0;;1;0;1;0;0;0;0;0;;;;;1;0;0;1;0;0;0;;;0.307692307692308;30;0;13;31.0825924985111;tarde
30000190;11000027;1000000456;300000354;2020;13;2;1;1;;00003840;00000005;;;1;0;0;;;1;;;;0;;;;0;1;0;0;27;5;1;0;0;1;0;0;-4;0;0;0;3;0;1;;3;1;;0;;1;0;1;0;0;0;0;0;;;;;1;0;0;1;0;0;0;;;0.307692307692308;30;0;13;31.0825924985111;tarde
30000190;11000027;1000000564;300000425;2020;14;2;3;1;;00004012;00000004;00000021;;1;0;0;;;;;;;;;;;0;1;0;0;27;5;1;0;0;1;0;0;-3;0;1;0;3;0;1;;3;1;;0;;1;0;1;0;0;0;0;0;;;;;1;0;0;1;0;0;0;;;0.307692307692308;30;0;13;31.0825924985111;tarde
30000190;11000027;1000000582;300000439;2020;8;1;0;1;;00005243;00000003;;00000586;1;0;0;0;;;;0;;0;;;;0;1;0;0;27;5;1;0;0;1;0;0;-9;0;0;0;3;0;1;;3;1;;0;;1;0;1;0;0;0;0;0;;;;;1;0;0;1;0;0;0;;;0.307692307692308;30;0;13;31.0825924985111;tarde
30000190;11000027;1000000590;300000442;2020;14;2;0;1;;00004127;00000003;;00004720;1;0;1;;;;;;;;;;0;0;1;0;0;27;5;1;0;0;1;0;0;-3;0;0;0;3;0;1;1;3;1;;0;;1;0;1;0;0;0;0;0;;;;;1;0;0;1;0;0;0;;;0.307692307692308;30;0;13;31.0825924985111;tarde
30000190;11000027;1000000773;300000582;2020;13;1;2;1;;00001846;00000004;00000002;00004619;1;0;0;;;;0;;;;;;;0;1;0;0;27;5;1;0;0;1;0;0;-4;0;0;1;3;0;1;;3;1;;0;;1;0;1;0;0;0;0;0;;;;;1;0;0;1;0;0;0;;;0.307692307692308;30;0;13;31.0825924985111;tarde
30000190;11000027;1000000995;300000753;2020;17;1;1;1;;00001184;00000008;;;2;0;0;;;;0;;0;;;;;0;1;0;0;27;5;1;0;0;1;0;0;0;0;1;0;3;1;1;;3;1;;0;;1;0;1;0;0;0;0;0;;;;;1;0;0;1;0;0;0;;;0.307692307692308;30;0;13;31.0825924985111;tarde
30000190;11000027;1000001177;300000904;2020;17;1;0;1;;00002321;00000007;00000015;;1;0;1;;;;;;;;;;;0;1;0;0;27;5;1;0;0;1;0;0;0;0;1;0;1;1;1;;3;1;;0;;1;0;1;0;0;0;0;0;;;;;1;0;0;1;0;0;0;;;0.307692307692308;30;0;13;31.0825924985111;tarde
30000191;11000027;1000000331;300000267;2020;16;2;3;1;;00002533;00000006;00000026;00004492;2;0;0;;;;;;0;;;0;;0;1;0;0;23;5;1;0;0;1;0;0;;;0;0;3;0;1;1;3;1;;0;;1;0;1;0;0;0;0;0;;;;;1;0;0;1;0;0;0;;;0.307692307692308;30;0;13;8.0449321938213;tarde
30000191;11000027;1000000685;300000515;2020;6;1;0;1;;00000871;00000006;;00002106;1;0;0;0;;;;;;;;;;0;1;1;0;23;5;1;0;0;1;0;0;;;0;0;3;0;1;1;3;1;;0;;1;0;1;0;0;0;0;0;;;;;1;0;0;1;0;0;0;;;0.307692307692308;30;0;13;8.0449321938213;tarde
30000192;11000027;1000000142;300000117;2020;11;1;3;1;;00001680;00000003;;00000766;1;0;1;;;1;0;;;;;0;;0;1;0;0;21;5;1;0;0;1;0;0;-2;0;0;1;3;0;1;1;3;1;;0;;1;0;1;0;0;0;0;0;;;;;1;0;0;1;0;0;0;;;0.307692307692308;30;0;7;33.2786067822017;manha
30000192;11000027;1000000488;300000372;2020;15;2;3;1;;00003185;00000006;00000011;;1;0;0;;;;;;0;;;;;0;1;0;0;21;5;1;0;0;1;0;0;2;1;0;0;3;0;1;;3;1;;0;;1;0;1;0;0;0;0;0;;;;;1;0;0;1;0;0;0;;;0.307692307692308;30;0;7;33.2786067822017;manha
30000192;11000027;1000001223;300000950;2020;58;2;3;1;;00004289;00000005;;00000808;1;0;0;;;;;;0;;;;;0;1;1;0;21;5;1;0;0;1;0;0;45;1;0;0;0;;0;;3;1;;0;;1;0;1;0;0;0;0;0;;;;;1;0;0;1;0;0;0;;;0.307692307692308;30;0;7;33.2786067822017;manha
30000193;11000027;1000000172;300000142;2020;18;1;3;1;;00002610;00000003;;00004067;1;0;0;;0;;;;;;;;;0;1;0;0;2;4;1;0;0;1;0;0;;;0;0;3;0;1;1;3;1;;0;;1;0;1;0;0;0;0;0;;;;;1;0;0;1;0;0;0;;;0.307692307692308;30;0;7;32.4651201775996;manha
30000193;11000027;1000000238;300000194;2020;10;2;3;1;;00002173;00000008;00000001;00002750;1;0;0;;;1;;;;;;;;0;1;0;0;2;4;1;0;0;1;0;0;;;1;1;3;0;1;;3;1;;0;;1;0;1;0;0;0;0;0;;;;;1;0;0;1;0;0;0;;;0.307692307692308;30;0;7;32.4651201775996;manha
30000193;11000027;1000000279;300000228;2020;12;2;1;1;;00005115;00000002;00000019;;2;0;0;;;;;;0;;0;;;0;1;0;1;2;4;1;0;0;1;0;0;;;0;0;3;0;1;;3;1;;0;;1;0;1;0;0;0;0;0;;;;;1;0;0;1;0;0;0;;;0.307692307692308;30;0;7;32.4651201775996;manha
30000193;11000027;1000000365;300000291;2020;19;2;1;1;;00003367;00000003;;00005048;1;0;0;;;;;;;;;;;0;1;0;0;2;4;1;0;0;1;0;0;;;0;0;3;0;1;;3;1;;0;;1;0;1;0;0;0;0;0;;;;;1;0;0;1;0;0;0;;;0.307692307692308;30;0;7;32.4651201775996;manha
30000193;11000027;1000001156;300000884;2020;10;2;1;1;;00000971;00000004;00000002;00002629;1;0;0;0;;;;;;;;;;0;1;0;0;2;4;1;0;0;1;0;0;;;0;0;1;0;1;1;3;1;;0;;1;0;1;0;0;0;0;0;;;;;1;0;0;1;0;0;0;;;0.307692307692308;30;0;7;32.4651201775996;manha
30000194;11000027;1000001121;300000855;2020;4;2;1;3;;00002923;00000004;;;1;0;0;;;1;0;;;;;;0;;1;0;0;18;5;1;0;0;1;0;0;-6;0;0;0;1;0;1;;3;1;;0;;1;0;1;0;0;0;0;0;;;;;1;0;0;1;0;0;0;;;0.307692307692308;30;0;7;11.4449511121493;manha
30000195;11000027;1000000228;300000188;2020;16;2;3;1;;00002072;00000005;00000008;;1;0;0;0;;;;;;;;;;0;1;0;0;25;5;1;0;0;1;0;0;1;0;0;0;3;0;1;;3;1;;0;;1;0;1;0;0;0;0;0;;;;;1;0;0;1;0;0;0;;;0.307692307692308;30;0;13;29.115927943727;tarde
30000195;11000027;1000000244;300000199;2020;10;1;0;1;;00004327;00000007;;00004822;1;0;0;;;;;;0;;;0;;0;1;0;0;25;5;1;0;0;1;0;0;-5;0;0;0;3;0;1;1;3;1;;0;;1;0;1;0;0;0;0;0;;;;;1;0;0;1;0;0;0;;;0.307692307692308;30;0;13;29.115927943727;tarde
30000195;11000027;1000000873;300000661;2020;6;2;1;1;;00001575;00000003;;00001218;2;0;0;;;;;0;;;;;;0;1;0;1;25;5;1;0;0;1;0;0;-9;0;0;0;3;0;1;1;3;1;;0;;1;0;1;0;0;0;0;0;;;;;1;0;0;1;0;0;0;;;0.307692307692308;30;0;13;29.115927943727;tarde
30000195;11000027;1000000891;300000676;2020;11;2;3;1;;00004698;00000003;00000007;00003614;1;0;0;;0;;;;;;;;;0;1;0;0;25;5;1;0;0;1;0;0;-4;0;1;0;3;1;1;1;3;1;;0;;1;0;1;0;0;0;0;0;;;;;1;0;0;1;0;0;0;;;0.307692307692308;30;0;13;29.115927943727;tarde
30000195;11000027;1000001118;300000852;2020;8;2;0;1;;00001666;00000004;;;2;0;0;;;;;;;;;;;0;1;0;0;25;5;1;0;0;1;0;1;-7;0;0;0;1;0;1;;3;1;;0;;1;0;1;0;0;0;0;0;;;;;1;0;0;1;0;0;0;;;0.307692307692308;30;0;13;29.115927943727;tarde
30000196;11000027;1000000315;300000253;2020;23;2;1;1;;00004329;00000003;00000001;00004244;1;0;0;;;;;;;;;;;0;1;0;0;21;5;1;0;0;1;0;1;10;1;0;0;3;0;1;;3;1;;0;;1;0;1;0;0;0;0;0;;;;;1;0;0;1;0;0;0;;;0.307692307692308;30;0;13;25.880241957726;tarde
30000196;11000027;1000000595;300000446;2020;11;1;3;1;;00004375;00000006;00000001;00001852;1;0;0;;;;;;;;0;;;0;1;0;0;21;5;1;0;0;1;0;0;-2;0;0;0;3;0;1;1;3;1;;0;;1;0;1;0;0;0;0;0;;;;;1;0;0;1;0;0;0;;;0.307692307692308;30;0;13;25.880241957726;tarde
30000196;11000027;1000000931;300000707;2020;27;2;0;1;;00004358;00000004;00000009;00004437;1;0;0;;0;;;;;;;0;;0;1;0;0;21;5;1;0;0;1;0;0;14;1;0;0;3;0;1;;3;1;;0;;1;0;1;0;0;0;0;0;;;;;1;0;0;1;0;0;0;;;0.307692307692308;30;0;13;25.880241957726;tarde
30000197;11000028;1000000179;300000148;2020;7;1;0;1;;00005286;00000003;00000008;00005502;1;0;0;;;;;;;;;;;0;1;0;0;14;5;1;0;0;1;0;0;1;0;0;0;3;0;1;1;3;1;1;1;1;1;0;1;0;;0;;1;0;;1;;;0;0;0;0;;0;0;;0.461538461538462;31;0;8;14.3052386785857;manha
30000197;11000028;1000000621;300000465;2020;19;1;0;1;;00004888;00000003;00000027;00000158;1;0;1;;;;;;;0;;;;0;1;0;0;14;5;1;0;0;1;0;0;13;1;0;0;3;0;1;;3;1;1;1;1;1;0;1;0;;0;;1;0;;1;;;0;0;0;0;;0;0;;0.461538461538462;31;0;8;14.3052386785857;manha
30000197;11000028;1000000731;300000553;2020;29;1;2;1;;00000089;00000004;;;1;0;0;0;1;1;;;;0;;0;;0;1;0;0;14;5;1;0;0;1;0;0;23;1;0;0;3;0;1;;3;1;1;1;1;1;0;1;0;;0;;1;0;;1;;;0;0;0;0;;0;0;;0.461538461538462;31;0;8;14.3052386785857;manha
30000197;11000028;1000000864;300000653;2020;12;1;1;1;;00001475;00000008;00000017;00002723;1;0;0;;0;;;0;;;;0;;0;1;0;0;14;5;1;0;0;1;0;0;6;1;0;0;3;0;1;;3;1;1;1;1;1;0;1;0;;0;;1;0;;1;;;0;0;0;0;;0;0;;0.461538461538462;31;0;8;14.3052386785857;manha
30000197;11000028;1000001000;300000757;2020;15;1;1;1;;00001385;00000003;00000006;00000856;1;0;0;;;;;;;0;;;;0;1;0;0;14;5;1;0;0;1;0;0;9;1;0;0;2;0;1;;3;1;1;1;1;1;0;1;0;;0;;1;0;;1;;;0;0;0;0;;0;0;;0.461538461538462;31;0;8;14.3052386785857;manha
30000198;11000028;1000000296;300000240;2020;7;1;2;1;;00004123;00000007;00000005;;1;0;0;0;0;;;1;;;;;;0;1;0;0;14;5;1;0;0;1;0;0;1;0;0;0;3;0;1;;3;1;1;1;1;1;0;1;0;;0;;1;0;;1;;;0;0;0;0;;0;0;;0.461538461538462;31;0;7;2.55586985964328;manha
30000198;11000028;1000000917;300000696;2020;19;2;1;1;;00005386;00000004;00000003;00001334;1;0;1;;;1;;;;;;;;0;1;0;0;14;5;1;0;0;1;0;0;13;1;0;0;3;0;1;;3;1;1;1;1;1;0;1;0;;0;;1;0;;1;;;0;0;0;0;;0;0;;0.461538461538462;31;0;7;2.55586985964328;manha
30000198;11000028;1000001087;300000826;2020;6;2;1;1;;00004853;00000005;00000027;00003318;2;0;0;;;;0;;;;;;;0;1;0;0;14;5;1;0;0;1;0;0;0;0;0;0;2;0;1;1;3;1;1;1;1;1;0;1;0;;0;;1;0;;1;;;0;0;0;0;;0;0;;0.461538461538462;31;0;7;2.55586985964328;manha
30000198;11000028;1000001139;300000868;2020;11;1;0;1;;00002398;00000008;00000019;00002289;1;0;0;;;0;;;0;;;;;0;1;0;0;14;5;1;0;0;1;0;0;5;1;0;0;1;0;1;1;3;1;1;1;1;1;0;1;0;;0;;1;0;;1;;;0;0;0;0;;0;0;;0.461538461538462;31;0;7;2.55586985964328;manha
30000199;11000028;1000000222;300000185;2020;10;2;3;1;;00002513;00000007;;00002254;2;0;0;;;;0;;;0;;;;0;1;0;0;2;5;1;0;0;1;0;0;;;0;0;3;0;1;1;3;1;1;1;1;1;0;1;0;;0;;1;0;;1;;;0;0;0;0;;0;0;;0.461538461538462;31;0;7;29.1008658534847;manha
30000199;11000028;1000000249;300000204;2020;24;2;0;1;;00000930;00000002;00000002;00004898;1;0;1;;0;;;;;;;;;0;1;0;0;2;5;1;0;0;1;0;0;;;0;0;3;0;1;1;3;1;1;1;1;1;0;1;0;;0;;1;0;;1;;;0;0;0;0;;0;0;;0.461538461538462;31;0;7;29.1008658534847;manha
30000199;11000028;1000000781;300000589;2020;9;2;0;1;;00003859;00000004;00000011;;1;0;0;0;0;1;;;0;;;;;0;1;0;0;2;5;1;0;0;1;0;0;;;0;0;3;0;1;;3;1;1;1;1;1;0;1;0;;0;;1;0;;1;;;0;0;0;0;;0;0;;0.461538461538462;31;0;7;29.1008658534847;manha
30000199;11000028;1000000856;300000648;2020;19;1;0;1;;00004330;00000001;00000016;00000064;1;0;0;;;;;;;0;;;;0;1;;0;2;5;1;0;0;1;0;0;;;0;0;3;0;1;1;3;1;1;1;1;1;0;1;0;;0;;1;0;;1;;;0;0;0;0;;0;0;;0.461538461538462;31;0;7;29.1008658534847;manha
30000199;11000028;1000001114;300000848;2020;4;2;3;1;;00001771;00000003;00000010;00002012;2;0;0;;;;0;;;;;;;0;1;0;0;2;5;1;0;0;1;0;0;;;0;0;1;0;1;1;3;1;1;1;1;1;0;1;0;;0;;1;0;;1;;;0;0;0;0;;0;0;;0.461538461538462;31;0;7;29.1008658534847;manha
30000200;11000028;1000000038;300000028;2020;22;1;1;1;;00001928;00000005;00000020;00004824;1;0;0;;;;;;;;;;;0;1;0;0;26;5;1;0;0;1;0;0;6;1;1;0;3;0;1;1;3;1;1;1;1;1;0;1;0;;0;;1;0;;1;;;0;0;0;0;;0;0;;0.461538461538462;31;0;19;27.670085938531;noite
30000200;11000028;1000000634;300000476;2020;19;1;3;1;;00005293;00000008;00000005;00001393;1;0;0;;;;;;;0;0;;0;0;1;0;0;26;5;1;0;0;1;0;1;3;1;0;0;3;0;1;;3;1;1;1;1;1;0;1;0;;0;;1;0;;1;;;0;0;0;0;;0;0;;0.461538461538462;31;0;19;27.670085938531;noite
30000200;11000028;1000000831;300000630;2020;18;2;0;1;;00003093;00000001;00000017;;1;0;0;;;;;0;;;;;;0;1;0;0;26;5;1;0;0;1;0;0;2;1;0;0;3;0;1;;3;1;1;1;1;1;0;1;0;;0;;1;0;;1;;;0;0;0;0;;0;0;;0.461538461538462;31;0;19;27.670085938531;noite
30000201;11000028;1000000316;300000254;2020;14;1;0;1;;00002612;00000003;00000014;00001137;1;0;0;;;;;;;;;;;0;1;0;0;1;5;1;0;0;1;0;0;;;1;0;3;1;1;1;3;1;1;1;1;1;0;1;0;;0;;1;0;;1;;;0;0;0;0;;0;0;;0.461538461538462;31;0;7;5.08670746348798;manha
30000201;11000028;1000000347;300000278;2020;12;2;1;1;;00002563;00000001;;00000501;1;0;1;;0;;;1;;;;;;0;1;0;0;1;5;1;0;0;1;0;0;;;0;0;3;0;1;1;3;1;1;1;1;1;0;1;0;;0;;1;0;;1;;;0;0;0;0;;0;0;;0.461538461538462;31;0;7;5.08670746348798;manha
30000201;11000028;1000000646;300000485;2020;10;1;0;1;;00003831;00000007;00000016;00000728;2;0;0;;0;;;;0;;;;;0;1;0;0;1;5;1;0;0;1;0;0;;;0;1;3;0;1;1;3;1;1;1;1;1;0;1;0;;0;;1;0;;1;;;0;0;0;0;;0;0;;0.461538461538462;31;0;7;5.08670746348798;manha
30000201;11000028;1000000787;300000595;2020;9;1;2;1;;00003187;00000004;;00002725;1;0;0;;;;;;0;;0;;;0;1;0;0;1;5;1;1;0;1;0;0;;;0;0;3;0;1;;3;1;1;1;1;1;0;1;0;;0;;1;0;;1;;;0;0;0;0;;0;0;;0.461538461538462;31;0;7;5.08670746348798;manha
30000201;11000028;1000001081;300000820;2020;11;1;3;1;;00001751;00000002;;00001528;2;0;;;;;;0;0;;;;;0;1;0;0;1;5;1;0;0;1;0;0;;;0;0;2;0;1;1;3;1;1;1;1;1;0;1;0;;0;;1;0;;1;;;0;0;0;0;;0;0;;0.461538461538462;31;0;7;5.08670746348798;manha
30000202;11000028;1000000723;300000547;2020;12;1;0;3;;00004688;00000006;00000011;00002062;1;0;1;;;;;;;;;0;;0;1;0;0;18;5;1;0;0;1;0;1;2;1;0;1;3;0;1;1;3;1;1;1;1;1;0;1;0;;0;;1;0;;1;;;0;0;0;0;;0;0;;0.461538461538462;31;0;19;10.2697558342479;noite
30000202;11000028;1000000936;300000710;2020;16;2;3;1;;00001735;00000007;00000015;00003862;1;0;0;;;;;;;;;;;0;1;0;0;18;5;1;0;0;1;0;0;6;1;0;0;3;0;1;;3;1;1;1;1;1;0;1;0;;0;;1;0;;1;;;0;0;0;0;;0;0;;0.461538461538462;31;0;19;10.2697558342479;noite
30000203;11000028;1000000048;300000036;2020;35;2;0;1;;00002315;00000001;00000005;00002337;1;0;0;;;;;;0;;;;;;1;0;0;69;5;1;0;0;1;0;0;;;0;0;3;0;1;1;3;1;1;1;1;1;0;1;0;;0;;1;0;;1;;;0;0;0;0;;0;0;;0.461538461538462;31;0;7;8.63894968433306;manha
30000203;11000028;1000000210;300000174;2020;10;2;3;1;;00003285;00000007;00000024;;1;0;0;;0;1;;;;;;;;0;1;1;0;69;5;1;0;0;1;0;0;;;0;0;3;0;1;;3;1;1;1;1;1;0;1;0;;0;;1;0;;1;;;0;0;0;0;;0;0;;0.461538461538462;31;0;7;8.63894968433306;manha
30000203;11000028;1000000566;300000427;2020;7;2;3;1;;00000927;00000003;00000019;00002935;1;0;1;0;0;;;;;0;;;;0;1;0;0;69;5;1;0;0;1;0;0;;;0;0;3;0;1;1;3;1;1;1;1;1;0;1;0;;0;;1;0;;1;;;0;0;0;0;;0;0;;0.461538461538462;31;0;7;8.63894968433306;manha
30000203;11000028;1000000783;300000591;2020;15;1;5;1;;00000757;00000008;;00000277;2;0;0;;;;;;;;;;;0;1;0;0;69;5;1;0;0;1;0;0;;;0;1;3;0;1;;3;1;1;1;1;1;0;1;0;;0;;1;0;;1;;;0;0;0;0;;0;0;;0.461538461538462;31;0;7;8.63894968433306;manha
30000204;11000029;1000000407;300000319;2020;14;2;0;1;;00000010;00000007;00000021;;1;0;0;;1;;;;0;;;0;;0;1;0;0;26;5;1;0;0;1;0;0;-2;0;0;1;3;0;1;;3;1;;0;1;1;;1;0;1;0;0;0;;1;;1;1;;;1;;;;;1;0.615384615384615;35;0.0285714285714286;13;35.296897218097;tarde
30000204;11000029;1000000594;300000445;2020;20;1;3;1;;00001241;00000002;00000017;00001471;1;0;0;;;;;;;0;;0;0;0;1;0;0;26;5;1;0;0;1;0;1;4;1;0;0;3;0;1;1;3;1;;0;1;1;;1;0;1;0;0;0;;1;;1;1;;;1;;;;;1;0.615384615384615;35;0.0285714285714286;13;35.296897218097;tarde
30000204;11000029;1000000795;300000603;2020;14;1;0;1;;00001889;00000002;00000014;00000514;2;0;1;0;0;;;;;;;;;0;1;0;0;26;5;1;0;0;1;0;0;-2;0;0;0;3;0;1;1;3;1;;0;1;1;;1;0;1;0;0;0;;1;;1;1;;;1;;;;;1;0.615384615384615;35;0.0285714285714286;13;35.296897218097;tarde
30000204;11000029;1000000956;300000725;2020;9;1;3;1;;00002954;00000005;00000021;;1;0;1;0;;;0;;;;;;;0;1;0;0;26;5;1;0;0;1;0;0;-7;0;0;0;3;0;1;;3;1;;0;1;1;;1;0;1;0;0;0;;1;;1;1;;;1;;;;;1;0.615384615384615;35;0.0285714285714286;13;35.296897218097;tarde
30000204;11000029;1000001079;300000819;2020;4;2;3;1;;00003010;00000005;00000022;00005154;2;0;0;;;;;;;;;;;0;1;0;0;26;5;1;0;0;1;0;0;-12;0;0;0;2;0;1;1;3;1;;0;1;1;;1;0;1;0;0;0;;1;;1;1;;;1;;;;;1;0.615384615384615;35;0.0285714285714286;13;35.296897218097;tarde
30000204;11000029;1000001104;300000839;2020;9;2;1;1;;00004366;00000001;00000022;00001817;2;0;1;;;;;0;;;;;0;0;1;0;0;26;5;1;0;0;1;0;0;-7;0;0;0;1;0;1;1;3;1;;0;1;1;;1;0;1;0;0;0;;1;;1;1;;;1;;;;;1;0.615384615384615;35;0.0285714285714286;13;35.296897218097;tarde
30000205;11000029;1000000082;300000066;2020;12;2;3;1;;00002328;00000002;00000012;;1;0;0;;;;;0;;;;;0;0;1;0;0;1;5;1;0;0;1;0;0;;;1;0;3;0;1;;3;1;;0;1;1;;1;0;1;0;0;0;;1;;1;1;;;1;;;;;1;0.615384615384615;35;0.0285714285714286;13;29.8757306017214;tarde
30000205;11000029;1000000632;300000474;2020;13;2;1;1;;00002955;00000004;00000021;00004272;1;0;0;;0;;;;;;;;;0;1;0;0;1;5;1;0;0;1;0;0;;;0;0;3;0;1;1;3;1;;0;1;1;;1;0;1;0;0;0;;1;;1;1;;;1;;;;;1;0.615384615384615;35;0.0285714285714286;13;29.8757306017214;tarde
30000205;11000029;1000000729;300000552;2020;19;2;1;1;;00002869;00000003;00000019;00000134;1;0;1;;;1;;1;;;;0;;0;1;0;0;1;5;1;0;0;1;0;0;;;0;0;3;0;1;1;3;1;;0;1;1;;1;0;1;0;0;0;;1;;1;1;;;1;;;;;1;0.615384615384615;35;0.0285714285714286;13;29.8757306017214;tarde
30000205;11000029;1000000782;300000590;2020;18;1;3;1;;00001123;00000005;00000014;00002542;1;0;0;0;;;;;;;;;;0;1;0;0;1;5;1;0;0;1;0;0;;;0;0;3;0;1;1;3;1;;0;1;1;;1;0;1;0;0;0;;1;;1;1;;;1;;;;;1;0.615384615384615;35;0.0285714285714286;13;29.8757306017214;tarde
30000205;11000029;1000001140;300000869;2020;16;1;1;1;;00002861;00000007;00000009;;1;0;0;;;;;;;;;;;0;1;0;0;1;5;1;0;0;1;0;0;;;0;0;1;0;1;;3;1;;0;1;1;;1;0;1;0;0;0;;1;;1;1;;;1;;;;;1;0.615384615384615;35;0.0285714285714286;13;29.8757306017214;tarde
30000205;11000029;1000001172;300000899;2020;14;1;0;1;;00000617;00000003;00000011;00000095;1;0;0;;0;;;;;;0;;;0;1;;0;1;5;1;0;0;1;0;0;;;0;0;1;0;1;1;3;1;;0;1;1;;1;0;1;0;0;0;;1;;1;1;;;1;;;;;1;0.615384615384615;35;0.0285714285714286;13;29.8757306017214;tarde
30000205;11000029;1000001179;300000906;2020;17;1;1;1;;00005337;00000002;;;1;0;0;;0;;;;;0;0;;;0;1;0;0;1;5;1;0;0;1;0;0;;;0;0;1;0;1;;3;1;;0;1;1;;1;0;1;0;0;0;;1;;1;1;;;1;;;;;1;0.615384615384615;35;0.0285714285714286;13;29.8757306017214;tarde
30000205;11000029;1000001184;300000911;2020;4;2;1;1;;00002770;00000006;00000013;;2;0;0;;;1;;;;;;;;0;1;0;0;1;5;1;0;0;1;0;1;;;0;0;1;0;1;;3;1;;0;1;1;;1;0;1;0;0;0;;1;;1;1;;;1;;;;;1;0.615384615384615;35;0.0285714285714286;13;29.8757306017214;tarde
30000206;11000029;1000000095;300000079;2020;7;2;1;1;;00002028;00000004;00000013;00005104;1;0;1;;;;;;;;;0;;0;1;0;0;;5;1;0;0;1;0;0;;;0;0;3;0;1;;3;1;;0;1;1;;1;0;1;0;0;0;;1;;1;1;;;1;;;;;1;0.615384615384615;35;0.0285714285714286;7;20.5821080065798;manha
30000206;11000029;1000001136;300000865;2020;10;1;3;1;;00002483;00000007;00000007;00001055;1;0;0;;;;0;;;;;;;0;1;0;0;;5;1;0;0;1;0;0;;;0;0;1;0;1;;3;1;;0;1;1;;1;0;1;0;0;0;;1;;1;1;;;1;;;;;1;0.615384615384615;35;0.0285714285714286;7;20.5821080065798;manha
30000207;11000029;1000000190;300000157;2020;13;1;3;1;;00002417;00000004;00000001;00005176;1;1;0;;;;;;;;;;;0;1;0;0;1;5;1;0;0;1;0;0;;;0;0;3;0;1;1;3;1;;0;1;1;;1;0;1;0;0;0;;1;;1;1;;;1;;;;;1;0.615384615384615;35;0.0285714285714286;7;8.31402103090659;manha
30000207;11000029;1000000377;300000301;2020;15;1;0;1;;00003995;00000004;00000020;00003432;1;0;0;;0;0;0;;;0;0;;;0;1;0;0;1;5;1;0;0;1;0;0;;;0;0;3;0;1;1;3;1;;0;1;1;;1;0;1;0;0;0;;1;;1;1;;;1;;;;;1;0.615384615384615;35;0.0285714285714286;7;8.31402103090659;manha
30000207;11000029;1000000605;300000454;2020;11;1;1;1;;00001964;00000001;00000003;00002483;2;0;0;;;;;0;;;;;;;1;0;0;1;5;1;0;0;1;0;0;;;0;0;3;0;1;;3;1;;0;1;1;;1;0;1;0;0;0;;1;;1;1;;;1;;;;;1;0.615384615384615;35;0.0285714285714286;7;8.31402103090659;manha
30000207;11000029;1000000819;300000620;2020;10;1;0;1;;00002468;00000008;;;1;0;0;;1;;;;;;;;;0;1;0;0;1;5;1;0;0;1;0;0;;;1;0;3;0;1;;3;1;;0;1;1;;1;0;1;0;0;0;;1;;1;1;;;1;;;;;1;0.615384615384615;35;0.0285714285714286;7;8.31402103090659;manha
30000208;11000029;1000000157;300000129;2020;16;2;0;1;;00000616;00000002;;;2;0;0;;0;;;;;0;;0;;0;1;0;0;;5;1;0;0;1;0;0;;;0;0;3;0;1;;3;1;;0;1;1;;1;0;1;0;0;0;;1;;1;1;;;1;;;;;1;0.615384615384615;35;0.0285714285714286;7;1.1864208127372;manha
30000208;11000029;1000000810;300000613;2020;17;2;1;1;;00004656;00000002;;;2;0;1;;;;;;;;;;;0;1;0;0;;5;1;0;0;1;0;0;;;0;0;3;0;1;;3;1;;0;1;1;;1;0;1;0;0;0;;1;;1;1;;;1;;;;;1;0.615384615384615;35;0.0285714285714286;7;1.1864208127372;manha
30000209;11000029;1000000218;300000181;2020;10;2;1;1;;00004836;00000005;00000005;;1;0;0;;;;;;;;;0;;0;1;0;0;2;5;1;0;0;1;0;0;;;0;0;3;0;1;;3;1;;0;1;1;;1;0;1;0;0;0;;1;;1;1;;;1;;;;;1;0.615384615384615;35;0.0285714285714286;13;1.98797075776383;tarde
30000209;11000029;1000000511;300000388;2020;7;2;3;1;;00000683;00000005;;00002803;1;0;1;;;;;;;0;;;;0;1;0;0;2;5;1;0;0;1;0;0;;;0;0;3;0;1;1;3;1;;0;1;1;;1;0;1;0;0;0;;1;;1;1;;;1;;;;;1;0.615384615384615;35;0.0285714285714286;13;1.98797075776383;tarde
30000209;11000029;1000000878;300000665;2020;4;1;0;1;;00001778;00000005;;;1;0;0;;;;;0;;0;;;;0;1;0;0;2;5;1;0;0;1;0;0;;;0;0;3;0;1;;3;1;;0;1;1;;1;0;1;0;0;0;;1;;1;1;;;1;;;;;1;0.615384615384615;35;0.0285714285714286;13;1.98797075776383;tarde
30000209;11000029;1000000929;300000705;2020;11;2;3;1;;00003240;00000001;00000019;00003597;1;0;0;;;;;;;;;;0;0;1;0;0;2;5;1;0;0;1;0;0;;;0;0;3;0;1;1;3;1;;0;1;1;;1;0;1;0;0;0;;1;;1;1;;;1;;;;;1;0.615384615384615;35;0.0285714285714286;13;1.98797075776383;tarde
30000209;11000029;1000000941;300000713;2020;10;2;1;1;;00002522;00000003;00000023;00000019;1;0;0;;;;;;;;;0;0;0;1;1;0;2;5;1;0;0;1;0;0;;;0;0;3;0;1;1;3;1;;0;1;1;;1;0;1;0;0;0;;1;;1;1;;;1;;;;;1;0.615384615384615;35;0.0285714285714286;13;1.98797075776383;tarde
30000209;11000029;1000001187;300000914;2020;5;2;1;1;;00000597;00000001;00000025;00002912;2;0;0;;;;;1;;0;;;;0;1;0;0;2;5;1;0;0;1;0;0;;;0;1;1;0;1;;3;1;;0;1;1;;1;0;1;0;0;0;;1;;1;1;;;1;;;;;1;0.615384615384615;35;0.0285714285714286;13;1.98797075776383;tarde
30000210;11000029;1000000198;300000163;2020;7;1;3;1;;00003113;00000001;;;2;0;0;0;0;;;0;;;;;;0;1;0;0;;5;1;0;0;1;0;0;;;0;0;3;0;1;;3;1;;0;1;1;;1;0;1;0;0;0;;1;;1;1;;;1;;;;;1;0.615384615384615;35;0.0285714285714286;8;34.7879154658876;manha
30000210;11000029;1000000688;300000518;2020;7;1;3;1;;00000694;00000002;00000005;00001315;1;0;0;;;;;;;;;0;;0;1;0;0;;5;1;0;0;1;0;0;;;0;0;3;0;1;1;3;1;;0;1;1;;1;0;1;0;0;0;;1;;1;1;;;1;;;;;1;0.615384615384615;35;0.0285714285714286;8;34.7879154658876;manha
30000211;11000030;1000000609;300000457;2020;10;1;0;1;;00004481;00000001;;;1;0;0;;0;1;;;;0;;;;;1;0;0;19;5;1;0;0;1;0;0;-1;0;0;0;3;0;1;;2;2;;;;;;1;;0;0;;0;;;0;;;1;0;1;0;;;;;0.375;28;0;13;32.3357964943862;tarde
30000212;11000030;1000001013;300000766;2020;18;2;1;1;;00001897;00000004;00000016;00004079;2;0;0;;;1;;;;;;;;0;1;1;0;69;5;1;0;0;1;0;0;;;0;0;2;0;1;;2;2;;;;;;1;;0;0;;0;;;0;;;1;0;1;0;;;;;0.375;28;0;7;31.9688160568476;manha
30000212;11000030;1000001051;300000793;2020;16;1;1;1;;00000954;00000002;00000009;00004705;1;0;0;;;0;0;;;;;;;0;1;0;0;69;5;1;0;0;1;0;0;;;0;0;2;0;1;1;2;2;;;;;;1;;0;0;;0;;;0;;;1;0;1;0;;;;;0.375;28;0;7;31.9688160568476;manha
30000212;11000030;1000001120;300000854;2020;18;1;1;1;;00000207;00000005;00000004;00001104;1;0;0;0;;;;;;;;;;0;1;0;0;69;5;1;0;0;1;0;0;;;0;0;1;0;1;;2;2;;;;;;1;;0;0;;0;;;0;;;1;0;1;0;;;;;0.375;28;0;7;31.9688160568476;manha
30000212;11000030;1000001197;300000924;2020;13;2;0;1;;00003723;00000006;;00003254;1;0;0;;;;;0;;0;;;;0;1;;0;69;5;1;0;0;1;0;1;;;0;0;0;;0;;2;2;;;;;;1;;0;0;;0;;;0;;;1;0;1;0;;;;;0.375;28;0;7;31.9688160568476;manha
30000213;11000030;1000000303;300000245;2020;12;2;3;1;;00001100;00000006;00000011;00004469;1;1;0;;;;;;;;0;0;0;0;1;0;0;19;5;1;0;0;1;0;0;1;0;0;0;3;0;1;1;2;2;;;;;;1;;0;0;;0;;;0;;;1;0;1;0;;;;;0.375;28;0;7;7.55676925671287;manha
30000213;11000030;1000000362;300000288;2020;14;1;0;1;;00001336;00000007;00000018;;1;0;1;;;0;;;;;0;;;0;1;0;0;19;5;1;0;0;1;0;0;3;1;0;0;3;0;1;;2;2;;;;;;1;;0;0;;0;;;0;;;1;0;1;0;;;;;0.375;28;0;7;7.55676925671287;manha
30000213;11000030;1000000408;300000320;2020;15;2;0;1;;00003604;00000002;00000001;;1;0;;0;;;;0;;0;;;0;0;1;0;0;19;5;1;0;0;1;0;0;4;1;0;1;3;0;1;;2;2;;;;;;1;;0;0;;0;;;0;;;1;0;1;0;;;;;0.375;28;0;7;7.55676925671287;manha
30000213;11000030;1000000776;300000584;2020;4;2;3;1;;00001132;00000001;00000015;00005116;1;0;0;;0;;;0;;0;;;0;0;1;0;;19;5;1;0;0;1;0;0;-7;0;0;0;3;0;1;1;2;2;;;;;;1;;0;0;;0;;;0;;;1;0;1;0;;;;;0.375;28;0;7;7.55676925671287;manha
30000213;11000030;1000000804;300000609;2020;10;2;1;1;;00000710;00000005;;00000191;1;0;0;;;1;0;;;;;0;;0;1;0;0;19;5;1;0;0;1;0;0;-1;0;0;0;3;0;1;1;2;2;;;;;;1;;0;0;;0;;;0;;;1;0;1;0;;;;;0.375;28;0;7;7.55676925671287;manha
30000213;11000030;1000001008;300000762;2020;10;1;1;1;;00002510;00000006;00000005;00001746;1;0;1;;;;;;;;;;;0;1;0;0;19;5;1;0;0;1;0;0;-1;0;0;0;2;0;1;;2;2;;;;;;1;;0;0;;0;;;0;;;1;0;1;0;;;;;0.375;28;0;7;7.55676925671287;manha
30000213;11000030;1000001188;300000915;2020;4;2;1;1;;00002885;00000001;;00001226;1;0;0;;;;;;0;;0;;;0;1;0;0;19;5;1;0;0;1;0;0;-7;0;0;0;0;;0;;2;2;;;;;;1;;0;0;;0;;;0;;;1;0;1;0;;;;;0.375;28;0;7;7.55676925671287;manha
30000213;11000030;1000001235;300000962;2020;4;1;0;1;;00000388;00000001;00000027;00003929;1;0;0;;;1;0;;;;;;;0;1;0;0;19;5;1;0;0;1;0;0;-7;0;0;0;0;;0;;2;2;;;;;;1;;0;0;;0;;;0;;;1;0;1;0;;;;;0.375;28;0;7;7.55676925671287;manha
30000214;11000030;1000000100;300000083;2020;9;2;0;1;;00001286;00000004;00000014;00001178;1;0;0;;0;;;0;;;;;;0;1;0;0;2;5;1;0;0;1;0;0;;;0;0;3;0;1;;2;2;;;;;;1;;0;0;;0;;;0;;;1;0;1;0;;;;;0.375;28;0;7;27.6044914571103;manha
30000214;11000030;1000000404;300000317;2020;21;1;1;1;;00000336;00000002;00000023;00001278;2;0;0;0;;0;;;;;0;;;0;1;0;0;2;5;1;0;0;1;0;0;;;0;0;3;0;1;1;2;2;;;;;;1;;0;0;;0;;;0;;;1;0;1;0;;;;;0.375;28;0;7;27.6044914571103;manha
30000214;11000030;1000000979;300000743;2020;15;2;0;1;;00002553;00000006;;00001912;1;0;0;;1;;;;;;;;;0;1;0;1;2;5;1;0;0;1;0;0;;;0;0;3;0;1;1;2;2;;;;;;1;;0;0;;0;;;0;;;1;0;1;0;;;;;0.375;28;0;7;27.6044914571103;manha
30000215;11000030;1000000143;300000118;2020;20;1;2;1;;00002360;00000008;;;1;0;0;;;0;;;;;;0;;0;1;0;0;22;5;1;0;0;1;0;0;;;0;0;3;0;1;;2;2;;;;;;1;;0;0;;0;;;0;;;1;0;1;0;;;;;0.375;28;0;13;44.7565622027032;tarde
30000215;11000030;1000000530;300000401;2020;6;1;0;1;;00003858;00000002;00000020;;1;0;1;;;;;;;0;;;;0;1;0;0;22;5;1;0;0;1;0;0;;;0;0;3;0;1;;2;2;;;;;;1;;0;0;;0;;;0;;;1;0;1;0;;;;;0.375;28;0;13;44.7565622027032;tarde
30000215;11000030;1000000719;300000544;2020;8;2;1;1;;00003107;00000007;00000013;00000023;2;0;1;;;;0;;;;;;;0;1;0;0;22;5;1;0;0;1;0;0;;;0;0;3;0;1;;2;2;;;;;;1;;0;0;;0;;;0;;;1;0;1;0;;;;;0.375;28;0;13;44.7565622027032;tarde
30000216;11000030;1000000108;300000090;2020;10;1;5;1;;;00000005;00000013;00004572;1;0;0;;;;;;;;;;;0;1;0;0;2;5;1;0;0;1;0;0;;;0;0;3;0;1;1;2;2;;;;;;1;;0;0;;0;;;0;;;1;0;1;0;;;;;0.375;28;0;7;29.577113855863;manha
30000216;11000030;1000001095;300000831;2020;19;1;3;1;;00000965;00000001;;00003201;1;0;0;0;0;;0;0;;;;;;0;1;0;0;2;5;1;0;0;1;0;0;;;0;0;2;0;1;1;2;2;;;;;;1;;0;0;;0;;;0;;;1;0;1;0;;;;;0.375;28;0;7;29.577113855863;manha
30000217;11000030;1000000306;300000248;2020;18;1;0;1;;00001554;00000008;00000009;;1;0;0;;;;;;;;;;;0;1;;0;16;5;1;0;0;1;0;1;10;1;0;0;3;0;1;;2;2;;;;;;1;;0;0;;0;;;0;;;1;0;1;0;;;;;0.375;28;0;13;9.70815205387771;tarde
30000217;11000030;1000000665;300000500;2020;7;1;3;1;;00002579;00000003;00000015;;1;0;0;;;;;0;;0;;0;;0;1;0;0;16;5;1;0;0;1;0;0;-1;0;0;0;3;0;1;;2;2;;;;;;1;;0;0;;0;;;0;;;1;0;1;0;;;;;0.375;28;0;13;9.70815205387771;tarde
