ID_TURMA;CO_ENTIDADE;CO_PESSOA_FISICA;ID_MATRICULA;NU_ANO;NU_IDADE_REFERENCIA;TP_SEXO;TP_COR_RACA;TP_NACIONALIDADE;CO_UF_NASC;CO_MUNICIPIO_NASC;CO_PAIS_RESIDENCIA;CO_UF_END;CO_MUNICIPIO_END;TP_ZONA_RESIDENCIAL;IN_NECESSIDADE_ESPECIAL;IN_TRANSPORTE_PUBLICO;IN_TRANSP_BICICLETA;IN_TRANSP_MICRO_ONIBUS;IN_TRANSP_ONIBUS;IN_TRANSP_TR_ANIMAL;IN_TRANSP_VANS_KOMBI;IN_TRANSP_OUTRO_VEICULO;IN_TRANSP_EMBAR_ATE5;IN_TRANSP_EMBAR_5A15;IN_TRANSP_EMBAR_15A35;IN_TRANSP_EMBAR_35;IN_ESPECIAL_EXCLUSIVA;IN_REGULAR;IN_EJA;IN_PROFISSIONALIZANTE;TP_ETAPA_ENSINO;NU_DIAS_ATIVIDADE;QT_ESCOLAS_ANO;IN_TRANSFERIDO;IN_CONCLUINTE_FINAL;N_MATRICULAS_REG;IN_TROCA_ESCOLA;evadiu;defasagem_idade_serie;flag_defasado;n_reprovacoes_prev;abandono_previo;anos_observados;reprovou_ano_ant;tem_historico;mudou_municipio;TP_DEPENDENCIA;TP_LOCALIZACAO;TP_CATEGORIA_ESCOLA_PRIVADA;IN_AGUA_POTAVEL;IN_AGUA_REDE_PUBLICA;IN_ENERGIA_REDE_PUBLICA;IN_ESGOTO_REDE_PUBLICA;IN_BANHEIRO;IN_BANHEIRO_PNE;IN_BIBLIOTECA_SALA_LEITURA;IN_LABORATORIO_CIENCIAS;IN_LABORATORIO_INFORMATICA;IN_QUADRA_ESPORTES;IN_COMPUTADOR;IN_EQUIP_MULTIMIDIA;IN_DESKTOP_ALUNO;IN_INTERNET;IN_BANDA_LARGA;IN_INTERNET_ALUNOS;IN_ACESSO_INTERNET_COMPUTADOR;IN_ALIMENTACAO;QT_PROF_COORDENADOR;QT_PROF_FONAUDIOLOGO;QT_PROF_NUTRICIONISTA;QT_PROF_PSICOLOGO;QT_PROF_PEDAGOGIA;indice_infra;tamanho_escola;apoio_por_aluno;TX_HR_INICIAL;tamanho_turma;turno
70000001;11000000;1000000734;700000395;2024;19;1;3;1;;00000964;00000002;00000007;00004790;1;0;0;;;;;;;;;;;0;1;0;0;14;5;1;0;0;1;0;;13;1;0;0;7;0;1;1;4;1;;1;1;1;;1;;0;0;0;;1;1;;1;1;0;1;;1;1;0;;1;0.692307692307692;26;0.115384615384615;7;24.2760992917465;manha
70000001;11000000;1000001005;700000525;2024;20;1;1;1;;00000649;00000003;;;1;0;0;;;;;;;;;;;0;1;0;0;14;5;1;0;0;1;0;;14;1;0;0;6;0;1;;4;1;;1;1;1;;1;;0;0;0;;1;1;;1;1;0;1;;1;1;0;;1;0.692307692307692;26;0.115384615384615;7;24.2760992917465;manha
70000001;11000000;1000001252;700000680;2024;17;2;3;1;;00002700;00000002;;;1;0;0;;;;;;;;;;0;0;1;0;0;14;5;1;0;0;1;0;;11;1;0;0;4;0;1;;4;1;;1;1;1;;1;;0;0;0;;1;1;;1;1;0;1;;1;1;0;;1;0.692307692307692;26;0.115384615384615;7;24.2760992917465;manha
70000001;11000000;1000001537;700000929;2024;13;1;3;1;;00003535;00000007;00000018;00002848;1;0;0;;;;;;;;;0;;0;1;0;0;14;5;1;0;0;1;0;;7;1;0;0;0;;0;;4;1;;1;1;1;;1;;0;0;0;;1;1;;1;1;0;1;;1;1;0;;1;0.692307692307692;26;0.115384615384615;7;24.2760992917465;manha
70000002;11000000;1000001167;700000616;2024;19;1;0;1;;00001469;00000008;00000026;00004372;1;0;0;;0;;0;;;;;;0;0;1;0;0;74;5;1;0;0;1;0;;;;0;0;5;0;1;1;4;1;;1;1;1;;1;;0;0;0;;1;1;;1;1;0;1;;1;1;0;;1;0.692307692307692;26;0.115384615384615;12;23.0813811748521;tarde
70000002;11000000;1000001258;700000685;2024;8;2;3;1;;00003630;00000007;00000017;00000705;1;0;0;;;;;;;0;;;;0;1;0;0;74;5;1;0;0;1;0;;;;0;0;4;0;1;1;4;1;;1;1;1;;1;;0;0;0;;1;1;;1;1;0;1;;1;1;0;;1;0.692307692307692;26;0.115384615384615;12;23.0813811748521;tarde
70000003;11000000;1000000510;700000271;2024;21;2;1;1;;00002427;00000002;00000010;;1;0;0;;;;;;;;0;;;0;1;0;0;;5;1;0;0;1;0;;;;1;0;7;0;1;;4;1;;1;1;1;;1;;0;0;0;;1;1;;1;1;0;1;;1;1;0;;1;0.692307692307692;26;0.115384615384615;7;7.03366476111114;manha
70000003;11000000;1000001485;700000878;2024;11;2;3;1;;00000901;00000005;00000018;;1;0;0;;0;1;;0;;0;;;;0;1;;0;;5;1;0;0;1;0;;;;0;0;1;0;1;;4;1;;1;1;1;;1;;0;0;0;;1;1;;1;1;0;1;;1;1;0;;1;0.692307692307692;26;0.115384615384615;7;7.03366476111114;manha
70000004;11000000;1000000318;700000182;2024;9;1;2;1;;00003413;00000009;;00004578;1;0;0;;;;;;;;0;;;0;1;0;0;20;5;1;0;0;1;0;;-3;0;0;0;7;0;1;1;4;1;;1;1;1;;1;;0;0;0;;1;1;;1;1;0;1;;1;1;0;;1;0.692307692307692;26;0.115384615384615;13;1.15601165452972;tarde
70000004;11000000;1000000369;700000210;2024;18;1;3;1;;00003200;00000001;00000008;00000597;1;0;;;;;;;0;;;;;0;1;0;0;20;5;1;0;0;1;0;;6;1;0;0;7;0;1;;4;1;;1;1;1;;1;;0;0;0;;1;1;;1;1;0;1;;1;1;0;;1;0.692307692307692;26;0.115384615384615;13;1.15601165452972;tarde
70000004;11000000;1000000405;700000225;2024;19;2;3;1;;00002458;00000002;00000025;;1;0;0;0;;;;;;;;;0;0;1;1;;20;5;1;0;0;1;0;;7;1;0;0;7;0;1;;4;1;;1;1;1;;1;;0;0;0;;1;1;;1;1;0;1;;1;1;0;;1;0.692307692307692;26;0.115384615384615;13;1.15601165452972;tarde
70000005;11000000;1000000507;700000270;2024;21;1;3;1;;00004077;00000007;00000011;00004906;1;0;0;;;;;;;;;;;0;1;0;0;20;5;1;0;0;1;0;;9;1;0;0;7;0;1;;4;1;;1;1;1;;1;;0;0;0;;1;1;;1;1;0;1;;1;1;0;;1;0.692307692307692;26;0.115384615384615;7;16.9205079920357;manha
70000005;11000000;1000000679;700000365;2024;16;2;1;1;;00004109;00000005;00000006;00002938;1;0;0;;0;;;;0;;;;;0;1;0;0;20;5;1;0;0;1;0;;4;1;2;0;7;0;1;1;4;1;;1;1;1;;1;;0;0;0;;1;1;;1;1;0;1;;1;1;0;;1;0.692307692307692;26;0.115384615384615;7;16.9205079920357;manha
70000005;11000000;1000001263;700000689;2024;8;2;1;1;;00001901;00000007;00000019;;1;0;0;;;;0;;;;;;;0;1;0;0;20;5;1;0;0;1;0;;-4;0;0;1;4;0;1;;4;1;;1;1;1;;1;;0;0;0;;1;1;;1;1;0;1;;1;1;0;;1;0.692307692307692;26;0.115384615384615;7;16.9205079920357;manha
70000005;11000000;1000001310;700000727;2024;11;2;3;1;;00003123;00000001;;00000464;2;0;0;0;0;;;;;;;;;0;1;0;0;20;5;1;0;0;1;0;;-1;0;0;0;3;0;1;1;4;1;;1;1;1;;1;;0;0;0;;1;1;;1;1;0;1;;1;1;0;;1;0.692307692307692;26;0.115384615384615;7;16.9205079920357;manha
70000006;11000000;1000000232;700000134;2024;18;2;1;1;;00001419;00000009;00000014;;1;0;0;;;;;;;0;;;;0;1;0;0;16;5;1;0;0;1;0;;10;1;0;0;7;0;1;;4;1;;1;1;1;;1;;0;0;0;;1;1;;1;1;0;1;;1;1;0;;1;0.692307692307692;26;0.115384615384615;13;26.6958279354731;tarde
70000006;11000000;1000000494;700000264;2024;15;1;0;1;;00004617;00000009;00000002;;1;0;0;;0;;;;;;;;;0;1;0;0;16;5;1;0;0;1;0;;7;1;0;0;7;0;1;;4;1;;1;1;1;;1;;0;0;0;;1;1;;1;1;0;1;;1;1;0;;1;0.692307692307692;26;0.115384615384615;13;26.6958279354731;tarde
70000006;11000000;1000001607;700000999;2024;7;2;3;1;;00001216;00000002;00000007;00000437;1;0;0;0;;;;0;;0;;;0;0;1;0;0;16;5;1;0;0;1;0;;-1;0;0;0;0;;0;;4;1;;1;1;1;;1;;0;0;0;;1;1;;1;1;0;1;;1;1;0;;1;0.692307692307692;26;0.115384615384615;13;26.6958279354731;tarde
70000007;11000000;1000001557;700000949;2024;12;2;1;1;;00001530;00000005;;00000380;1;0;0;;0;;0;;;;;;;0;1;0;0;2;1;1;0;0;1;0;;;;0;0;0;;0;;4;1;;1;1;1;;1;;0;0;0;;1;1;;1;1;0;1;;1;1;0;;1;0.692307692307692;26;0.115384615384615;13;7.84827833878808;tarde
70000008;11000001;1000000157;700000087;2024;20;2;0;1;;00002390;00000009;00000003;;1;0;0;0;0;;;;;;;0;0;0;1;0;;;5;1;0;0;1;0;;;;0;0;7;0;1;;3;1;;1;1;;1;;0;;;;;1;1;1;1;;0;1;;0;0;0;0;0;0.8;33;0;7;22.3717888491228;manha
70000008;11000001;1000001506;700000899;2024;10;1;1;1;;00002259;00000006;;00005190;1;0;0;0;1;;;;;0;;;;0;1;0;1;;5;1;0;0;1;0;;;;0;0;1;0;1;;3;1;;1;1;;1;;0;;;;;1;1;1;1;;0;1;;0;0;0;0;0;0.8;33;0;7;22.3717888491228;manha
70000008;11000001;1000001575;700000967;2024;7;2;3;1;;00001754;00000008;00000003;;1;0;0;;0;;;;0;;;;;;1;0;0;;5;1;0;0;1;0;;;;0;0;0;;0;;3;1;;1;1;;1;;0;;;;;1;1;1;1;;0;1;;0;0;0;0;0;0.8;33;0;7;22.3717888491228;manha
70000009;11000001;1000000151;700000083;2024;16;2;1;1;;00003498;00000005;00000021;;1;1;0;;;;0;;;0;;;;0;1;1;0;16;5;1;0;0;1;0;;8;1;0;0;7;0;1;;3;1;;1;1;;1;;0;;;;;1;1;1;1;;0;1;;0;0;0;0;0;0.8;33;0;13;34.7630615173839;tarde
70000009;11000001;1000000871;700000459;2024;25;1;1;1;;00002387;00000001;00000027;;1;0;1;0;;;;;0;;;;;0;1;0;0;16;5;1;0;0;1;0;;17;1;0;0;7;0;1;;3;1;;1;1;;1;;0;;;;;1;1;1;1;;0;1;;0;0;0;0;0;0.8;33;0;13;34.7630615173839;tarde
70000009;11000001;1000001331;700000741;2024;11;1;1;1;;00001225;00000001;;00001700;1;0;1;0;;;;;;;;;;0;1;0;0;16;5;1;0;0;1;0;;3;1;0;0;3;0;1;1;3;1;;1;1;;1;;0;;;;;1;1;1;1;;0;1;;0;0;0;0;0;0.8;33;0;13;34.7630615173839;tarde
70000009;11000001;1000001473;700000867;2024;9;1;3;1;;00000323;00000009;;00002390;1;0;0;;;;;;;;;;;0;1;0;0;16;5;1;0;0;1;0;;1;0;0;0;1;0;1;1;3;1;;1;1;;1;;0;;;;;1;1;1;1;;0;1;;0;0;0;0;0;0.8;33;0;13;34.7630615173839;tarde
70000010;11000001;1000000236;700000135;2024;19;1;1;1;;00000030;00000004;;00004638;2;0;0;;;;;;;0;;0;;0;1;0;0;2;5;1;0;0;1;0;;;;0;1;7;0;1;;3;1;;1;1;;1;;0;;;;;1;1;1;1;;0;1;;0;0;0;0;0;0.8;33;0;9;6.47555677744094;manha
70000010;11000001;1000000608;700000324;2024;15;1;3;1;;00002944;00000004;00000004;;1;0;0;;;;;;;;;;;0;1;0;;2;5;1;0;0;1;0;;;;0;0;7;0;1;;3;1;;1;1;;1;;0;;;;;1;1;1;1;;0;1;;0;0;0;0;0;0.8;33;0;9;6.47555677744094;manha
70000010;11000001;1000001033;700000536;2024;15;1;1;1;;00002477;00000005;00000020;00000930;1;0;0;;0;;0;;0;;;0;;0;1;0;0;2;5;1;0;0;1;0;;;;1;0;6;0;1;1;3;1;;1;1;;1;;0;;;;;1;1;1;1;;0;1;;0;0;0;0;0;0.8;33;0;9;6.47555677744094;manha
70000010;11000001;1000001273;700000697;2024;8;1;0;1;;00004692;00000002;00000003;00002737;1;0;0;0;;;;;0;;;;;0;1;0;0;2;5;1;0;0;1;0;;;;0;0;4;0;1;;3;1;;1;1;;1;;0;;;;;1;1;1;1;;0;1;;0;0;0;0;0;0.8;33;0;9;6.47555677744094;manha
70000010;11000001;1000001286;700000707;2024;14;2;1;1;;00004572;00000009;00000019;;1;0;1;;;;;0;;;;0;;0;1;;0;2;5;1;0;0;1;0;;;;0;0;3;0;1;;3;1;;1;1;;1;;0;;;;;1;1;1;1;;0;1;;0;0;0;0;0;0.8;33;0;9;6.47555677744094;manha
70000010;11000001;1000001321;700000734;2024;17;2;0;1;;00005278;00000004;00000017;;1;0;0;;0;;;;;;0;;;0;1;;0;2;5;1;0;0;1;0;;;;0;0;3;0;1;;3;1;;1;1;;1;;0;;;;;1;1;1;1;;0;1;;0;0;0;0;0;0.8;33;0;9;6.47555677744094;manha
70000011;11000001;1000000618;700000331;2024;15;2;0;1;;00003987;00000005;;00002765;2;0;0;;;;;;;;;0;;0;1;;0;25;5;1;0;0;1;0;;0;0;1;0;7;0;1;1;3;1;;1;1;;1;;0;;;;;1;1;1;1;;0;1;;0;0;0;0;0;0.8;33;0;7;28.7541062763194;manha
70000011;11000001;1000001342;700000748;2024;15;1;3;1;;00003962;00000009;00000013;00002315;1;0;0;;0;;;;;;;;;0;1;0;0;25;5;1;0;0;1;0;;0;0;0;0;3;0;1;1;3;1;;1;1;;1;;0;;;;;1;1;1;1;;0;1;;0;0;0;0;0;0.8;33;0;7;28.7541062763194;manha
70000012;11000001;1000000742;700000401;2024;14;2;3;1;;00002140;00000007;00000002;00003867;2;0;0;;;1;;;;;0;0;;0;1;0;0;19;4;1;0;0;1;0;;3;1;0;0;7;0;1;1;3;1;;1;1;;1;;0;;;;;1;1;1;1;;0;1;;0;0;0;0;0;0.8;33;0;13;2.23394930362701;tarde
70000012;11000001;1000000905;700000479;2024;29;2;0;1;;00002515;00000008;00000026;00003965;1;0;0;;;;;;;;;;;0;1;0;0;19;4;1;0;0;1;0;;18;1;0;0;7;0;1;;3;1;;1;1;;1;;0;;;;;1;1;1;1;;0;1;;0;0;0;0;0;0.8;33;0;13;2.23394930362701;tarde
70000012;11000001;1000001289;700000709;2024;10;2;0;1;;00004332;00000008;00000003;00004571;1;0;0;;;;;;0;;;;;0;1;1;0;19;4;1;0;0;1;0;;-1;0;0;0;3;0;1;1;3;1;;1;1;;1;;0;;;;;1;1;1;1;;0;1;;0;0;0;0;0;0.8;33;0;13;2.23394930362701;tarde
70000012;11000001;1000001543;700000935;2024;6;2;3;1;;00003347;00000008;00000027;;1;0;0;;;;;0;;;0;;;0;1;0;0;19;4;1;0;0;1;0;;-5;0;0;0;0;;0;;3;1;;1;1;;1;;0;;;;;1;1;1;1;;0;1;;0;0;0;0;0;0.8;33;0;13;2.23394930362701;tarde
70000013;11000001;1000000402;700000224;2024;13;1;1;1;;00004749;00000006;;00001173;1;0;0;;;;;;;;;;;;1;0;0;;4;1;0;0;1;0;;;;0;0;7;0;1;;3;1;;1;1;;1;;0;;;;;1;1;1;1;;0;1;;0;0;0;0;0;0.8;33;0;7;37.2797166896053;manha
70000013;11000001;1000000941;700000495;2024;14;2;1;1;;00005493;00000007;00000004;;1;1;0;;;;;;;;0;0;;;1;0;1;;4;1;0;0;1;0;;;;1;0;7;1;1;;3;1;;1;1;;1;;0;;;;;1;1;1;1;;0;1;;0;0;0;0;0;0.8;33;0;7;37.2797166896053;manha
70000013;11000001;1000000945;700000498;2024;22;1;1;1;;00004926;00000007;;;1;0;0;;;;;;;;;;;0;1;0;0;;4;1;0;0;1;0;;;;0;0;7;0;1;;3;1;;1;1;;1;;0;;;;;1;1;1;1;;0;1;;0;0;0;0;0;0.8;33;0;7;37.2797166896053;manha
70000013;11000001;1000001360;700000764;2024;15;1;0;1;;00000270;00000009;;00003650;1;0;0;;;;;;;;;;;0;1;0;0;;4;1;0;0;1;0;;;;0;0;3;0;1;;3;1;;1;1;;1;;0;;;;;1;1;1;1;;0;1;;0;0;0;0;0;0.8;33;0;7;37.2797166896053;manha
70000014;11000001;1000000035;700000019;2024;10;2;1;1;;00003723;00000009;00000023;;2;0;1;0;;1;;0;;;;0;;;1;;0;2;5;1;0;0;1;0;;;;1;0;7;0;1;;3;1;;1;1;;1;;0;;;;;1;1;1;1;;0;1;;0;0;0;0;0;0.8;33;0;13;6.95192278246395;tarde
70000014;11000001;1000000288;700000168;2024;16;2;2;1;;00003659;00000002;;00001193;2;0;1;;;;;;;;;;;0;1;0;0;2;5;1;0;0;1;0;;;;1;0;7;0;1;1;3;1;;1;1;;1;;0;;;;;1;1;1;1;;0;1;;0;0;0;0;0;0.8;33;0;13;6.95192278246395;tarde
70000014;11000001;1000001200;700000637;2024;37;1;3;1;;00000854;00000009;00000005;00003301;1;0;1;0;;;;;;;;;;0;1;0;0;2;5;1;0;0;1;0;;;;0;0;4;0;1;1;3;1;;1;1;;1;;0;;;;;1;1;1;1;;0;1;;0;0;0;0;0;0.8;33;0;13;6.95192278246395;tarde
70000014;11000001;1000001586;700000978;2024;17;1;0;1;;00002039;00000009;00000021;;1;0;0;0;;;;;0;;;0;;0;1;0;0;2;5;1;0;0;1;0;;;;0;0;0;;0;;3;1;;1;1;;1;;0;;;;;1;1;1;1;;0;1;;0;0;0;0;0;0.8;33;0;13;6.95192278246395;tarde
70000015;11000002;1000000331;700000189;2024;20;2;3;1;;00001621;00000007;00000023;00003706;1;0;1;;;;0;0;;;;;;0;1;0;0;;5;1;0;0;1;0;;;;0;0;7;0;1;;3;1;;1;1;;1;;;1;;1;0;1;;1;1;;;;;0;;;;;0.888888888888889;35;0;19;30.2513510588324;noite
70000015;11000002;1000000703;700000382;2024;12;2;0;1;;00004668;00000005;00000002;00001793;1;0;0;;0;;;;;;;;;0;1;0;0;;5;1;0;0;1;0;;;;0;0;7;0;1;1;3;1;;1;1;;1;;;1;;1;0;1;;1;1;;;;;0;;;;;0.888888888888889;35;0;19;30.2513510588324;noite
70000016;11000002;1000000057;700000030;2024;21;2;3;1;;00005088;00000004;;;2;0;0;;;;;;0;;;;;0;1;0;0;20;5;1;0;0;1;0;;9;1;0;0;7;0;1;;3;1;;1;1;;1;;;1;;1;0;1;;1;1;;;;;0;;;;;0.888888888888889;35;0;12;20.5441537394654;tarde
70000016;11000002;1000000108;700000064;2024;14;1;5;1;;00004040;00000002;;00005369;1;0;0;;;;;;;0;;;;0;1;0;0;20;5;1;0;0;1;0;;2;1;0;0;7;0;1;1;3;1;;1;1;;1;;;1;;1;0;1;;1;1;;;;;0;;;;;0.888888888888889;35;0;12;20.5441537394654;tarde
70000016;11000002;1000000998;700000521;2024;15;2;0;1;;00001757;00000003;;00005293;1;0;0;;;;;;;;;;;0;1;0;0;20;5;1;0;0;1;0;;3;1;1;0;7;0;1;1;3;1;;1;1;;1;;;1;;1;0;1;;1;1;;;;;0;;;;;0.888888888888889;35;0;12;20.5441537394654;tarde
70000016;11000002;1000001007;700000526;2024;13;2;3;1;;00002143;00000009;00000025;00001782;1;0;0;;;;;;;;0;;;0;1;0;0;20;5;1;0;0;1;0;;1;0;0;0;6;0;1;1;3;1;;1;1;;1;;;1;;1;0;1;;1;1;;;;;0;;;;;0.888888888888889;35;0;12;20.5441537394654;tarde
70000016;11000002;1000001188;700000633;2024;6;2;1;1;;00004294;00000004;;00001808;1;0;1;0;;;;;;;;;0;0;1;;0;20;5;1;0;0;1;0;;-6;0;0;0;4;0;1;;3;1;;1;1;;1;;;1;;1;0;1;;1;1;;;;;0;;;;;0.888888888888889;35;0;12;20.5441537394654;tarde
70000016;11000002;1000001386;700000788;2024;14;1;3;1;;00004031;00000002;;;1;0;1;;;0;;0;;;;;;0;1;0;0;20;5;1;0;0;1;0;;2;1;0;0;2;0;1;;3;1;;1;1;;1;;;1;;1;0;1;;1;1;;;;;0;;;;;0.888888888888889;35;0;12;20.5441537394654;tarde
70000016;11000002;1000001476;700000870;2024;8;2;1;1;;00005511;00000008;00000023;00003685;1;0;0;;;;;;;;;;;0;1;0;0;20;5;1;0;0;1;0;;-4;0;0;0;1;0;1;1;3;1;;1;1;;1;;;1;;1;0;1;;1;1;;;;;0;;;;;0.888888888888889;35;0;12;20.5441537394654;tarde
70000018;11000002;1000000462;700000251;2024;10;1;3;1;;00004288;00000006;00000002;;1;0;0;;;;;;;;;0;;0;1;0;0;16;5;1;0;0;1;0;;2;1;0;0;7;0;1;;3;1;;1;1;;1;;;1;;1;0;1;;1;1;;;;;0;;;;;0.888888888888889;35;0;8;23.0330142233288;manha
70000018;11000002;1000000948;700000500;2024;14;2;3;1;;00001124;00000006;00000023;;1;0;1;;0;1;;;;;;0;;;1;0;0;16;5;1;0;0;1;0;;6;1;0;0;7;0;1;;3;1;;1;1;;1;;;1;;1;0;1;;1;1;;;;;0;;;;;0.888888888888889;35;0;8;23.0330142233288;manha
70000018;11000002;1000001043;700000543;2024;13;1;3;1;;00001682;00000008;00000011;;1;0;0;;;1;;;;0;;;0;;1;0;0;16;5;1;0;0;1;0;;5;1;0;0;6;0;1;;3;1;;1;1;;1;;;1;;1;0;1;;1;1;;;;;0;;;;;0.888888888888889;35;0;8;23.0330142233288;manha
70000018;11000002;1000001091;700000574;2024;18;1;3;1;;00001834;00000006;00000004;;1;0;0;;0;;;;;;0;;;0;1;0;0;16;5;1;0;0;1;0;;10;1;0;0;6;0;1;;3;1;;1;1;;1;;;1;;1;0;1;;1;1;;;;;0;;;;;0.888888888888889;35;0;8;23.0330142233288;manha
70000018;11000002;1000001353;700000757;2024;8;2;1;1;;00001382;00000007;00000018;00003022;1;0;0;;;1;;;;;;;;0;1;0;0;16;5;1;0;0;1;0;;0;0;1;0;3;0;1;;3;1;;1;1;;1;;;1;;1;0;1;;1;1;;;;;0;;;;;0.888888888888889;35;0;8;23.0330142233288;manha
70000018;11000002;1000001475;700000869;2024;7;1;3;1;;00001994;00000007;;00001859;1;0;0;;;;;0;;;;;0;0;1;;0;16;5;1;0;0;1;0;;-1;0;0;0;1;0;1;;3;1;;1;1;;1;;;1;;1;0;1;;1;1;;;;;0;;;;;0.888888888888889;35;0;8;23.0330142233288;manha
70000019;11000002;1000000278;700000163;2024;15;2;2;1;;00001273;00000009;00000015;00003736;1;0;1;;;0;;;;;;;;;1;0;0;;5;1;0;0;1;0;;;;1;0;7;1;1;1;3;1;;1;1;;1;;;1;;1;0;1;;1;1;;;;;0;;;;;0.888888888888889;35;0;13;36.2469263528474;tarde
70000019;11000002;1000000372;700000213;2024;11;1;0;1;;00004840;00000007;;00004170;1;0;0;0;;;0;;;;0;;;0;1;0;0;;5;1;0;0;1;0;;;;0;0;7;0;1;1;3;1;;1;1;;1;;;1;;1;0;1;;1;1;;;;;0;;;;;0.888888888888889;35;0;13;36.2469263528474;tarde
70000019;11000002;1000000415;700000229;2024;21;1;1;1;;00002613;00000007;00000011;;1;0;0;;;1;;0;0;;0;;;0;1;0;1;;5;1;0;0;1;0;;;;0;1;7;0;1;;3;1;;1;1;;1;;;1;;1;0;1;;1;1;;;;;0;;;;;0.888888888888889;35;0;13;36.2469263528474;tarde
70000019;11000002;1000000570;700000306;2024;13;1;0;1;;00002700;00000004;00000009;;1;0;1;;;;;;;;0;;;0;1;;0;;5;1;0;0;1;0;;;;0;0;7;0;1;;3;1;;1;1;;1;;;1;;1;0;1;;1;1;;;;;0;;;;;0.888888888888889;35;0;13;36.2469263528474;tarde
70000019;11000002;1000001209;700000644;2024;8;1;3;1;;00002900;00000009;00000016;;1;0;0;0;;;;0;;;;;;0;1;1;0;;5;1;0;0;1;0;;;;0;0;4;0;1;;3;1;;1;1;;1;;;1;;1;0;1;;1;1;;;;;0;;;;;0.888888888888889;35;0;13;36.2469263528474;tarde
70000019;11000002;1000001379;700000781;2024;9;2;3;1;;00000855;00000004;00000019;00000089;1;0;0;;0;;;;0;;;;;0;1;1;0;;5;1;0;0;1;0;;;;0;0;2;0;1;1;3;1;;1;1;;1;;;1;;1;0;1;;1;1;;;;;0;;;;;0.888888888888889;35;0;13;36.2469263528474;tarde
70000019;11000002;1000001456;700000853;2024;43;1;0;1;;00000263;00000006;;00003113;1;0;1;;;;;0;;0;;;0;0;1;0;0;;5;1;0;0;1;0;;;;0;0;1;0;1;1;3;1;;1;1;;1;;;1;;1;0;1;;1;1;;;;;0;;;;;0.888888888888889;35;0;13;36.2469263528474;tarde
70000019;11000002;1000001458;700000855;2024;13;1;3;1;;00000949;00000001;;00002393;1;0;0;;;;;;;0;;;;0;1;0;0;;5;1;0;0;1;0;;;;0;0;1;0;1;;3;1;;1;1;;1;;;1;;1;0;1;;1;1;;;;;0;;;;;0.888888888888889;35;0;13;36.2469263528474;tarde
70000019;11000002;1000001515;700000907;2024;18;1;3;1;;00003977;00000008;;;1;0;0;;0;;;1;;;;;0;0;1;0;0;;5;1;0;0;1;0;;;;0;0;1;0;1;;3;1;;1;1;;1;;;1;;1;0;1;;1;1;;;;;0;;;;;0.888888888888889;35;0;13;36.2469263528474;tarde
70000019;11000002;1000001605;700000997;2024;18;2;1;1;;00004892;00000002;00000009;00000246;2;0;0;0;0;;;0;;;;0;;1;1;1;0;;5;1;0;0;1;0;;;;0;0;0;;0;;3;1;;1;1;;1;;;1;;1;0;1;;1;1;;;;;0;;;;;0.888888888888889;35;0;13;36.2469263528474;tarde
70000020;11000002;1000000298;700000176;2024;21;1;0;1;;00002302;00000002;00000006;00002598;1;0;0;;;;;;;;;;;0;1;0;0;14;6;1;0;0;1;0;;15;1;0;0;7;0;1;1;3;1;;1;1;;1;;;1;;1;0;1;;1;1;;;;;0;;;;;0.888888888888889;35;0;18;16.2030318187317;noite
70000020;11000002;1000001170;700000617;2024;16;1;1;1;;00004666;00000002;00000008;00002807;1;0;0;0;;;0;;;;;;;0;1;0;0;14;6;1;0;0;1;0;;10;1;0;0;5;0;1;1;3;1;;1;1;;1;;;1;;1;0;1;;1;1;;;;;0;;;;;0.888888888888889;35;0;18;16.2030318187317;noite
70000020;11000002;1000001549;700000941;2024;16;2;3;1;;00003628;00000001;00000013;00001077;1;1;0;;;;;0;;;;;0;0;1;0;0;14;6;1;0;0;1;0;;10;1;0;0;0;;0;;3;1;;1;1;;1;;;1;;1;0;1;;1;1;;;;;0;;;;;0.888888888888889;35;0;18;16.2030318187317;noite
70000021;11000002;1000000007;700000005;2024;21;2;3;1;;00002919;00000002;00000025;00004597;2;0;0;;;;;0;;;;;;0;1;0;;;5;1;0;0;1;0;;;;0;0;7;0;1;;3;1;;1;1;;1;;;1;;1;0;1;;1;1;;;;;0;;;;;0.888888888888889;35;0;7;10.9733834501822;manha
70000021;11000002;1000000208;700000119;2024;17;2;3;1;;00005506;00000005;;;1;0;0;;0;;0;0;;;0;;;0;1;0;0;;5;1;0;0;1;0;;;;0;1;7;0;1;;3;1;;1;1;;1;;;1;;1;0;1;;1;1;;;;;0;;;;;0.888888888888889;35;0;7;10.9733834501822;manha
70000021;11000002;1000000621;700000333;2024;23;1;0;1;;00004583;00000008;00000006;;1;1;1;;;;;;0;;;;;0;1;0;;;5;1;0;0;1;0;;;;0;0;7;0;1;;3;1;;1;1;;1;;;1;;1;0;1;;1;1;;;;;0;;;;;0.888888888888889;35;0;7;10.9733834501822;manha
70000021;11000002;1000000903;700000477;2024;20;2;1;1;;00000004;00000004;;00002803;1;0;0;;;;;;;;0;;0;0;1;0;0;;5;1;0;0;1;0;;;;1;0;7;0;1;1;3;1;;1;1;;1;;;1;;1;0;1;;1;1;;;;;0;;;;;0.888888888888889;35;0;7;10.9733834501822;manha
70000021;11000002;1000000918;700000485;2024;17;1;3;1;;00002174;00000002;00000009;;1;1;0;0;;0;;;;;;0;;;1;0;0;;5;1;0;0;1;0;;;;0;0;7;0;1;;3;1;;1;1;;1;;;1;;1;0;1;;1;1;;;;;0;;;;;0.888888888888889;35;0;7;10.9733834501822;manha
70000022;11000003;1000000064;700000032;2024;10;1;3;1;;00000891;00000006;00000018;00000689;1;0;0;;0;;;;;;;;0;;1;0;0;2;5;1;0;0;1;0;;;;1;0;7;0;1;1;3;1;;;;;0;1;0;1;0;;;;0;1;;1;1;0;0;0;;1;0;0;0.454545454545455;43;0.0232558139534884;19;18.1005870766239;noite
70000022;11000003;1000000069;700000036;2024;17;1;0;1;;00005442;00000007;00000025;00003841;1;0;0;;;1;;;;;;0;;0;1;0;0;2;5;1;0;0;1;0;;;;0;0;7;0;1;1;3;1;;;;;0;1;0;1;0;;;;0;1;;1;1;0;0;0;;1;0;0;0.454545454545455;43;0.0232558139534884;19;18.1005870766239;noite
70000022;11000003;1000000290;700000169;2024;25;2;0;1;;00001388;00000003;;00001930;1;0;1;;;;;;;0;;0;;0;1;0;;2;5;1;0;0;1;0;;;;0;0;7;0;1;1;3;1;;;;;0;1;0;1;0;;;;0;1;;1;1;0;0;0;;1;0;0;0.454545454545455;43;0.0232558139534884;19;18.1005870766239;noite
70000022;11000003;1000000435;700000241;2024;20;2;0;1;;00004529;00000001;;00004669;1;1;0;;;;0;;;;;;;0;1;0;0;2;5;1;0;0;1;0;;;;0;0;7;0;1;;3;1;;;;;0;1;0;1;0;;;;0;1;;1;1;0;0;0;;1;0;0;0.454545454545455;43;0.0232558139534884;19;18.1005870766239;noite
70000022;11000003;1000001250;700000678;2024;11;2;0;1;;00004548;00000003;;00003633;2;0;0;0;;;;0;;;;;0;0;1;0;0;2;5;1;0;0;1;0;;;;0;0;4;0;1;1;3;1;;;;;0;1;0;1;0;;;;0;1;;1;1;0;0;0;;1;0;0;0.454545454545455;43;0.0232558139534884;19;18.1005870766239;noite
70000022;11000003;1000001387;700000789;2024;15;1;1;1;;00002293;00000009;00000019;00004493;1;1;1;0;;;;;;0;0;;;1;1;0;0;2;5;1;0;0;1;0;;;;1;0;2;0;1;1;3;1;;;;;0;1;0;1;0;;;;0;1;;1;1;0;0;0;;1;0;0;0.454545454545455;43;0.0232558139534884;19;18.1005870766239;noite
70000022;11000003;1000001392;700000794;2024;6;1;1;1;;00002365;00000005;;00002360;1;0;0;;;;0;;;;;;;0;1;0;0;2;5;1;0;0;1;0;;;;0;0;2;0;1;1;3;1;;;;;0;1;0;1;0;;;;0;1;;1;1;0;0;0;;1;0;0;0.454545454545455;43;0.0232558139534884;19;18.1005870766239;noite
70000022;11000003;1000001430;700000828;2024;19;2;3;1;;00003944;00000003;00000004;00003735;1;0;0;;;;;;0;0;0;;0;0;1;0;0;2;5;1;0;0;1;0;;;;0;0;2;0;1;;3;1;;;;;0;1;0;1;0;;;;0;1;;1;1;0;0;0;;1;0;0;0.454545454545455;43;0.0232558139534884;19;18.1005870766239;noite
70000023;11000003;1000000218;700000126;2024;14;2;1;1;;00003844;00000005;;;1;0;1;;0;;;;;;;;0;0;1;0;0;1;5;1;0;0;1;0;;;;0;0;7;0;1;;3;1;;;;;0;1;0;1;0;;;;0;1;;1;1;0;0;0;;1;0;0;0.454545454545455;43;0.0232558139534884;7;20.1914560294244;manha
70000023;11000003;1000001440;700000837;2024;17;2;2;1;;00000810;00000005;00000003;00000629;1;1;0;0;;;;;;0;;;;0;1;0;0;1;5;1;0;0;1;0;;;;0;1;2;0;1;1;3;1;;;;;0;1;0;1;0;;;;0;1;;1;1;0;0;0;;1;0;0;0.454545454545455;43;0.0232558139534884;7;20.1914560294244;manha
70000023;11000003;1000001454;700000851;2024;9;2;0;1;;00001554;00000006;;00003588;1;0;0;;1;;;;;;;;;;1;0;0;1;5;1;0;0;1;0;;;;0;0;1;0;1;;3;1;;;;;0;1;0;1;0;;;;0;1;;1;1;0;0;0;;1;0;0;0.454545454545455;43;0.0232558139534884;7;20.1914560294244;manha
70000023;11000003;1000001474;700000868;2024;15;1;3;1;;00004500;00000002;;00002305;1;0;0;;;;;;;0;;0;;0;1;0;0;1;5;1;0;0;1;0;;;;0;0;1;0;1;;3;1;;;;;0;1;0;1;0;;;;0;1;;1;1;0;0;0;;1;0;0;0.454545454545455;43;0.0232558139534884;7;20.1914560294244;manha
70000023;11000003;1000001556;700000948;2024;13;2;1;1;;00003646;00000007;00000027;00004462;1;0;0;0;;;;;;0;0;;0;0;1;0;;1;5;1;0;0;1;0;;;;0;0;0;;0;;3;1;;;;;0;1;0;1;0;;;;0;1;;1;1;0;0;0;;1;0;0;0.454545454545455;43;0.0232558139534884;7;20.1914560294244;manha
70000024;11000003;1000000580;700000310;2024;17;2;0;1;;00003252;00000004;00000001;00001055;1;0;0;0;0;0;;;;;;;0;;1;0;0;19;5;1;0;0;1;0;;6;1;1;0;7;0;1;1;3;1;;;;;0;1;0;1;0;;;;0;1;;1;1;0;0;0;;1;0;0;0.454545454545455;43;0.0232558139534884;14;14.484449288575;tarde
70000024;11000003;1000001103;700000578;2024;8;2;1;1;;00004281;00000009;00000009;00001908;2;0;0;;;;;0;;;;;;0;1;0;0;19;5;1;0;0;1;0;;-3;0;0;0;5;0;1;1;3;1;;;;;0;1;0;1;0;;;;0;1;;1;1;0;0;0;;1;0;0;0.454545454545455;43;0.0232558139534884;14;14.484449288575;tarde
70000024;11000003;1000001104;700000579;2024;13;2;1;1;;00005095;00000003;00000025;;1;0;0;;0;;;0;;;0;;;0;1;0;0;19;5;1;0;0;1;0;;2;1;0;0;5;0;1;;3;1;;;;;0;1;0;1;0;;;;0;1;;1;1;0;0;0;;1;0;0;0.454545454545455;43;0.0232558139534884;14;14.484449288575;tarde
70000024;11000003;1000001406;700000806;2024;18;2;1;1;;00003303;00000007;;00004849;1;0;0;;;;;;;;;;0;0;1;1;1;19;5;1;0;0;1;0;;7;1;0;0;2;0;1;1;3;1;;;;;0;1;0;1;0;;;;0;1;;1;1;0;0;0;;1;0;0;0.454545454545455;43;0.0232558139534884;14;14.484449288575;tarde
70000024;11000003;1000001466;700000862;2024;4;2;0;1;;00004021;00000007;00000027;00002696;1;1;0;0;0;1;0;;;;0;;;0;1;0;0;19;5;1;0;0;1;0;;-7;0;0;0;1;0;1;1;3;1;;;;;0;1;0;1;0;;;;0;1;;1;1;0;0;0;;1;0;0;0.454545454545455;43;0.0232558139534884;14;14.484449288575;tarde
70000024;11000003;1000001502;700000895;2024;10;2;3;1;;00002822;00000003;00000005;00005022;1;0;0;;;;0;;;;;0;;0;1;0;0;19;5;1;0;0;1;0;;-1;0;0;0;1;0;1;1;3;1;;;;;0;1;0;1;0;;;;0;1;;1;1;0;0;0;;1;0;0;0.454545454545455;43;0.0232558139534884;14;14.484449288575;tarde
70000025;11000003;1000000356;700000202;2024;12;1;1;1;;00000433;00000008;00000027;;1;0;1;;0;;;;;0;;;;0;1;0;0;14;1;1;0;0;1;0;;6;1;0;0;7;0;1;;3;1;;;;;0;1;0;1;0;;;;0;1;;1;1;0;0;0;;1;0;0;0.454545454545455;43;0.0232558139534884;13;11.3697919488186;tarde
70000025;11000003;1000000886;700000467;2024;17;1;1;1;;00004363;00000008;00000026;00000579;1;0;1;;;1;;;;;;;;0;1;0;0;14;1;1;0;0;1;0;;11;1;0;0;7;0;1;;3;1;;;;;0;1;0;1;0;;;;0;1;;1;1;0;0;0;;1;0;0;0.454545454545455;43;0.0232558139534884;13;11.3697919488186;tarde
70000026;11000003;1000000184;700000102;2024;11;1;3;1;;00003789;00000008;;00000314;1;0;0;;;;;;;;;;;0;1;0;;26;;1;0;0;1;0;;-5;0;0;0;7;0;1;1;3;1;;;;;0;1;0;1;0;;;;0;1;;1;1;0;0;0;;1;0;0;0.454545454545455;43;0.0232558139534884;13;4.75726698059589;tarde
70000026;11000003;1000000246;700000141;2024;21;1;1;1;;00001010;00000009;00000016;00003891;1;0;0;;;;;;;;0;;0;0;1;0;0;26;;1;0;0;1;0;;5;1;0;1;7;0;1;1;3;1;;;;;0;1;0;1;0;;;;0;1;;1;1;0;0;0;;1;0;0;0.454545454545455;43;0.0232558139534884;13;4.75726698059589;tarde
70000026;11000003;1000000252;700000147;2024;18;2;0;1;;00002293;00000005;00000018;00004408;2;0;;;0;;;;;;;;;0;1;0;0;26;;1;0;0;1;0;;2;1;0;0;7;0;1;;3;1;;;;;0;1;0;1;0;;;;0;1;;1;1;0;0;0;;1;0;0;0.454545454545455;43;0.0232558139534884;13;4.75726698059589;tarde
70000026;11000003;1000000502;700000267;2024;14;1;0;1;;00000518;00000007;00000025;;1;0;0;;;;;;0;;0;0;;0;1;0;0;26;;1;0;0;1;0;;-2;0;0;1;7;0;1;;3;1;;;;;0;1;0;1;0;;;;0;1;;1;1;0;0;0;;1;0;0;0.454545454545455;43;0.0232558139534884;13;4.75726698059589;tarde
70000026;11000003;1000001224;700000656;2024;13;1;1;1;;00000701;00000009;;;1;0;1;0;;;;;;0;;;;0;1;0;0;26;;1;0;0;1;0;;-3;0;0;0;4;0;1;;3;1;;;;;0;1;0;1;0;;;;0;1;;1;1;0;0;0;;1;0;0;0.454545454545455;43;0.0232558139534884;13;4.75726698059589;tarde
70000027;11000003;1000000028;700000014;2024;15;1;1;1;;00005518;00000003;00000013;00001440;1;0;0;;;;;;;;1;;0;0;1;0;0;18;5;1;0;0;1;0;;5;1;0;0;7;0;1;;3;1;;;;;0;1;0;1;0;;;;0;1;;1;1;0;0;0;;1;0;0;0.454545454545455;43;0.0232558139534884;7;18.0206513631856;manha
70000027;11000003;1000000547;700000295;2024;17;1;1;1;;00005446;00000001;00000022;00004887;2;0;0;0;;1;;0;;;;;0;0;1;0;0;18;5;1;0;0;1;0;;7;1;0;1;7;0;1;;3;1;;;;;0;1;0;1;0;;;;0;1;;1;1;0;0;0;;1;0;0;0.454545454545455;43;0.0232558139534884;7;18.0206513631856;manha
70000027;11000003;1000001147;700000603;2024;19;2;1;1;;00004810;00000005;;00000178;2;0;0;;;;0;;;;;;;0;1;0;0;18;5;1;0;0;1;0;;9;1;0;0;5;0;1;1;3;1;;;;;0;1;0;1;0;;;;0;1;;1;1;0;0;0;;1;0;0;0.454545454545455;43;0.0232558139534884;7;18.0206513631856;manha
70000027;11000003;1000001212;700000647;2024;13;1;1;1;;00000624;00000008;00000012;;1;0;0;;;;0;;;;0;;;0;1;0;0;18;5;1;0;0;1;0;;3;1;0;0;4;0;1;;3;1;;;;;0;1;0;1;0;;;;0;1;;1;1;0;0;0;;1;0;0;0.454545454545455;43;0.0232558139534884;7;18.0206513631856;manha
70000027;11000003;1000001408;700000808;2024;13;1;0;1;;00003600;00000007;;00001439;1;0;0;0;;;;;;;;;0;0;1;0;0;18;5;1;0;0;1;0;;3;1;0;0;2;0;1;1;3;1;;;;;0;1;0;1;0;;;;0;1;;1;1;0;0;0;;1;0;0;0.454545454545455;43;0.0232558139534884;7;18.0206513631856;manha
70000028;11000003;1000000008;700000006;2024;13;1;3;1;;00002684;00000002;;00003721;1;0;0;;;;;;;0;;;;0;1;0;0;15;5;1;0;0;1;0;;6;1;0;0;7;0;1;1;3;1;;;;;0;1;0;1;0;;;;0;1;;1;1;0;0;0;;1;0;0;0.454545454545455;43;0.0232558139534884;7;9.64210241974797;manha
70000028;11000003;1000000456;700000249;2024;17;2;1;1;;00002757;00000003;00000023;00004143;1;0;0;;;;;;;;;;;0;1;0;0;15;5;1;0;0;1;0;;10;1;0;0;7;0;1;1;3;1;;;;;0;1;0;1;0;;;;0;1;;1;1;0;0;0;;1;0;0;0.454545454545455;43;0.0232558139534884;7;9.64210241974797;manha
70000028;11000003;1000000934;700000493;2024;11;2;1;1;;00004387;00000002;;00000425;2;0;1;;;;;0;;;;;;0;1;0;0;15;5;1;0;0;1;0;;4;1;2;0;7;0;1;1;3;1;;;;;0;1;0;1;0;;;;0;1;;1;1;0;0;0;;1;0;0;0.454545454545455;43;0.0232558139534884;7;9.64210241974797;manha
70000028;11000003;1000001394;700000796;2024;17;1;3;1;;00001006;00000002;00000014;00002024;1;0;0;0;0;;;;;;;;;0;1;0;0;15;5;1;0;0;1;0;;10;1;0;0;2;0;1;;3;1;;;;;0;1;0;1;0;;;;0;1;;1;1;0;0;0;;1;0;0;0.454545454545455;43;0.0232558139534884;7;9.64210241974797;manha
70000028;11000003;1000001407;700000807;2024;17;2;1;1;;00000396;00000005;00000003;00004075;1;0;0;;;1;;0;0;;;;;;1;0;0;15;5;1;0;0;1;0;;10;1;0;0;2;0;1;;3;1;;;;;0;1;0;1;0;;;;0;1;;1;1;0;0;0;;1;0;0;0.454545454545455;43;0.0232558139534884;7;9.64210241974797;manha
70000028;11000003;1000001521;700000913;2024;4;2;1;1;;00001409;00000006;00000019;00005003;1;0;0;;;1;;;;0;;;;0;1;0;0;15;5;1;0;0;1;0;;-3;0;0;0;1;0;1;;3;1;;;;;0;1;0;1;0;;;;0;1;;1;1;0;0;0;;1;0;0;0.454545454545455;43;0.0232558139534884;7;9.64210241974797;manha
70000028;11000003;1000001574;700000966;2024;16;1;3;1;;00004486;00000004;00000004;;1;0;0;0;;;;;0;;;;;0;1;0;0;15;5;1;0;0;1;0;;9;1;0;0;0;;0;;3;1;;;;;0;1;0;1;0;;;;0;1;;1;1;0;0;0;;1;0;0;0.454545454545455;43;0.0232558139534884;7;9.64210241974797;manha
70000029;11000004;1000000933;700000492;2024;28;1;0;1;;00002644;00000003;;00001346;1;0;0;;;0;;0;0;;;;;0;1;0;0;;5;1;0;0;1;0;;;;0;0;7;0;1;1;2;1;;1;1;1;;1;;;0;0;;1;0;;;;1;0;1;;0;1;;0;0.636363636363636;29;0.0344827586206897;7;24.0565702295862;manha
70000029;11000004;1000001238;700000667;2024;15;1;0;1;;00002915;00000009;00000026;;2;0;1;0;;;;;0;;0;;;0;1;0;0;;5;1;0;0;1;0;;;;1;1;4;0;1;;2;1;;1;1;1;;1;;;0;0;;1;0;;;;1;0;1;;0;1;;0;0.636363636363636;29;0.0344827586206897;7;24.0565702295862;manha
70000030;11000004;1000000204;700000115;2024;21;2;1;1;;00002437;00000001;00000007;00001022;2;0;0;;;;;;;;;;0;0;1;0;0;25;5;1;0;0;1;0;;6;1;0;0;7;0;1;1;2;1;;1;1;1;;1;;;0;0;;1;0;;;;1;0;1;;0;1;;0;0.636363636363636;29;0.0344827586206897;13;22.0936906634597;tarde
70000030;11000004;1000000592;700000316;2024;22;1;1;1;;00004918;00000003;00000024;;1;0;0;;;;;;;;;;;0;1;1;0;25;5;1;0;0;1;0;;7;1;0;0;7;0;1;;2;1;;1;1;1;;1;;;0;0;;1;0;;;;1;0;1;;0;1;;0;0.636363636363636;29;0.0344827586206897;13;22.0936906634597;tarde
70000030;11000004;1000001400;700000800;2024;10;2;0;1;;00000790;00000003;00000014;00000535;1;0;0;;0;;0;;;0;;;;0;1;0;;25;5;1;0;0;1;0;;-5;0;0;0;2;0;1;1;2;1;;1;1;1;;1;;;0;0;;1;0;;;;1;0;1;;0;1;;0;0.636363636363636;29;0.0344827586206897;13;22.0936906634597;tarde
70000030;11000004;1000001538;700000930;2024;4;2;1;1;;00002519;00000002;00000014;;1;0;0;;0;;;0;1;;0;;;0;1;0;0;25;5;1;0;0;1;0;;-11;0;0;0;0;;0;;2;1;;1;1;1;;1;;;0;0;;1;0;;;;1;0;1;;0;1;;0;0.636363636363636;29;0.0344827586206897;13;22.0936906634597;tarde
70000031;11000004;1000001192;700000635;2024;11;2;3;1;;00003129;00000006;;;1;0;0;;;;;;;;;;0;0;1;0;0;;5;1;0;0;1;0;;;;0;0;4;0;1;;2;1;;1;1;1;;1;;;0;0;;1;0;;;;1;0;1;;0;1;;0;0.636363636363636;29;0.0344827586206897;11;36.9829683182761;manha
70000031;11000004;1000001478;700000872;2024;16;1;1;1;;00000396;00000008;00000016;00005173;1;0;0;;;1;;;;;0;0;;0;1;;0;;5;1;0;0;1;0;;;;0;0;1;0;1;1;2;1;;1;1;1;;1;;;0;0;;1;0;;;;1;0;1;;0;1;;0;0.636363636363636;29;0.0344827586206897;11;36.9829683182761;manha
70000033;11000004;1000000362;700000206;2024;18;1;0;1;;00003314;00000009;00000003;;1;0;0;;0;;;;;;;0;;0;1;0;0;20;1;1;0;0;1;0;;6;1;0;0;7;0;1;;2;1;;1;1;1;;1;;;0;0;;1;0;;;;1;0;1;;0;1;;0;0.636363636363636;29;0.0344827586206897;8;3.90300374710932;manha
70000033;11000004;1000001432;700000830;2024;12;2;3;1;;00000894;00000003;00000004;00002974;2;0;0;;;;;;;;;;;0;1;0;0;20;1;1;0;0;1;0;;0;0;0;0;2;0;1;1;2;1;;1;1;1;;1;;;0;0;;1;0;;;;1;0;1;;0;1;;0;0.636363636363636;29;0.0344827586206897;8;3.90300374710932;manha
70000034;11000004;1000000139;700000077;2024;13;2;3;1;;00004128;00000008;;00004492;1;0;0;;1;;;;;0;;;0;0;1;0;1;16;5;1;0;0;1;0;;5;1;0;0;7;0;1;1;2;1;;1;1;1;;1;;;0;0;;1;0;;;;1;0;1;;0;1;;0;0.636363636363636;29;0.0344827586206897;7;36.6031464692205;manha
70000034;11000004;1000000536;700000288;2024;20;1;3;1;;00005454;00000002;;00003797;1;0;0;;;;;;;0;;;;0;1;0;0;16;5;1;0;0;1;0;;12;1;0;0;7;0;1;1;2;1;;1;1;1;;1;;;0;0;;1;0;;;;1;0;1;;0;1;;0;0.636363636363636;29;0.0344827586206897;7;36.6031464692205;manha
70000034;11000004;1000000811;700000435;2024;8;1;0;1;;00001935;00000005;;;1;0;1;0;0;;;;0;;;;;0;1;0;0;16;5;1;0;0;1;0;;0;0;2;0;7;0;1;;2;1;;1;1;1;;1;;;0;0;;1;0;;;;1;0;1;;0;1;;0;0.636363636363636;29;0.0344827586206897;7;36.6031464692205;manha
70000034;11000004;1000001044;700000544;2024;31;1;1;1;;00005289;00000006;;00004585;1;0;1;;;;;;;;;;;;1;0;0;16;5;1;0;0;1;0;;23;1;0;0;6;0;1;1;2;1;;1;1;1;;1;;;0;0;;1;0;;;;1;0;1;;0;1;;0;0.636363636363636;29;0.0344827586206897;7;36.6031464692205;manha
70000034;11000004;1000001110;700000583;2024;16;1;3;1;;00002719;00000007;;00005162;1;0;0;;0;;;;;;;;;0;1;0;0;16;5;1;0;0;1;0;;8;1;0;0;5;0;1;1;2;1;;1;1;1;;1;;;0;0;;1;0;;;;1;0;1;;0;1;;0;0.636363636363636;29;0.0344827586206897;7;36.6031464692205;manha
70000034;11000004;1000001563;700000955;2024;15;2;3;1;;00004115;00000006;;;1;0;0;;;;;;;;0;;0;0;1;0;0;16;5;1;0;0;1;0;;7;1;0;0;0;;0;;2;1;;1;1;1;;1;;;0;0;;1;0;;;;1;0;1;;0;1;;0;0.636363636363636;29;0.0344827586206897;7;36.6031464692205;manha
70000035;11000004;1000000398;700000222;2024;14;1;1;1;;00003731;00000002;00000017;00001778;1;0;0;;0;0;;;;0;;;;0;1;0;0;15;5;1;0;0;1;0;;7;1;0;0;7;0;1;1;2;1;;1;1;1;;1;;;0;0;;1;0;;;;1;0;1;;0;1;;0;0.636363636363636;29;0.0344827586206897;13;30.8003993279999;tarde
70000035;11000004;1000000565;700000302;2024;16;1;1;1;;00000135;00000007;;00000767;1;0;0;0;;;;;;;;;;0;1;0;0;15;5;1;0;0;1;0;;9;1;0;0;7;0;1;1;2;1;;1;1;1;;1;;;0;0;;1;0;;;;1;0;1;;0;1;;0;0.636363636363636;29;0.0344827586206897;13;30.8003993279999;tarde
70000035;11000004;1000001198;700000636;2024;12;2;0;1;;00000143;00000003;00000011;00000012;2;0;0;;;;;;0;0;;;;0;1;0;0;15;5;1;0;0;1;0;;5;1;0;0;4;0;1;;2;1;;1;1;1;;1;;;0;0;;1;0;;;;1;0;1;;0;1;;0;0.636363636363636;29;0.0344827586206897;13;30.8003993279999;tarde
70000035;11000004;1000001302;700000721;2024;11;1;3;1;;00004792;00000006;00000012;00002650;1;0;0;;;1;;;;;;;;0;1;0;0;15;5;1;0;0;1;0;;4;1;0;0;3;0;1;;2;1;;1;1;1;;1;;;0;0;;1;0;;;;1;0;1;;0;1;;0;0.636363636363636;29;0.0344827586206897;13;30.8003993279999;tarde
70000036;11000005;1000000212;700000122;2024;16;2;1;1;;00005171;00000001;;00001459;1;0;;;1;;;;0;0;;;;0;1;0;0;;5;1;0;0;1;0;;;;1;0;7;0;1;1;3;1;;;;;0;;;;;;1;1;;1;1;1;0;;;;;1;;0;0.714285714285714;31;0.032258064516129;13;11.1128343606833;tarde
70000036;11000005;1000000617;700000330;2024;17;2;3;1;;00003272;00000006;;;1;0;0;0;;;0;;0;;;;;0;1;;0;;5;1;0;0;1;0;;;;0;0;7;0;1;;3;1;;;;;0;;;;;;1;1;;1;1;1;0;;;;;1;;0;0.714285714285714;31;0.032258064516129;13;11.1128343606833;tarde
70000036;11000005;1000001079;700000568;2024;7;2;3;1;;00004831;00000003;00000027;;1;0;0;;0;1;;;;;;;;0;1;0;0;;5;1;0;0;1;0;;;;0;0;6;0;1;;3;1;;;;;0;;;;;;1;1;;1;1;1;0;;;;;1;;0;0.714285714285714;31;0.032258064516129;13;11.1128343606833;tarde
70000037;11000005;1000000666;700000358;2024;23;2;0;1;;00001035;00000009;00000021;00000362;1;0;0;;;;;;;;;;0;0;1;0;0;26;5;1;0;0;1;0;;7;1;0;0;7;0;1;1;3;1;;;;;0;;;;;;1;1;;1;1;1;0;;;;;1;;0;0.714285714285714;31;0.032258064516129;13;12.3783845937578;tarde
70000037;11000005;1000000873;700000461;2024;10;2;1;1;;00002966;00000007;00000006;00004932;1;0;1;0;;;;0;;;;;;0;1;;0;26;5;1;0;0;1;0;;-6;0;1;0;7;0;1;1;3;1;;;;;0;;;;;;1;1;;1;1;1;0;;;;;1;;0;0.714285714285714;31;0.032258064516129;13;12.3783845937578;tarde
70000038;11000005;1000000265;700000157;2024;21;2;0;1;;00004476;00000001;;00002637;2;0;0;0;;;;;;0;;;;0;1;0;0;26;2;1;0;0;1;0;;5;1;0;0;7;0;1;1;3;1;;;;;0;;;;;;1;1;;1;1;1;0;;;;;1;;0;0.714285714285714;31;0.032258064516129;12;31.5844425774412;tarde
70000038;11000005;1000000590;700000314;2024;18;2;0;1;;00001574;00000002;00000015;00004322;1;0;0;;0;;;;;;0;;;0;1;0;0;26;2;1;0;0;1;0;;2;1;0;0;7;0;1;1;3;1;;;;;0;;;;;;1;1;;1;1;1;0;;;;;1;;0;0.714285714285714;31;0.032258064516129;12;31.5844425774412;tarde
70000038;11000005;1000001083;700000570;2024;8;1;2;1;;00000398;00000009;00000008;00003294;1;0;0;0;;;;;;0;;;;0;1;0;0;26;2;1;0;0;1;0;;-8;0;0;0;6;0;1;1;3;1;;;;;0;;;;;;1;1;;1;1;1;0;;;;;1;;0;0.714285714285714;31;0.032258064516129;12;31.5844425774412;tarde
70000038;11000005;1000001308;700000725;2024;9;1;0;1;;00004431;00000005;00000021;00000658;1;0;0;;;;;;;0;;;;0;1;0;0;26;2;1;0;0;1;0;;-7;0;0;0;3;0;1;;3;1;;;;;0;;;;;;1;1;;1;1;1;0;;;;;1;;0;0.714285714285714;31;0.032258064516129;12;31.5844425774412;tarde
70000039;11000005;1000000973;700000512;2024;23;2;1;1;;00001401;00000004;00000013;;1;0;1;0;;;;;;;;0;;0;1;0;0;19;4;1;0;0;1;0;;12;1;0;0;7;0;1;;3;1;;;;;0;;;;;;1;1;;1;1;1;0;;;;;1;;0;0.714285714285714;31;0.032258064516129;7;6.99065671826247;manha
70000039;11000005;1000001477;700000871;2024;10;2;0;1;;00001375;00000009;;00001417;2;0;1;0;;;;;;;;;;0;1;0;0;19;4;1;0;0;1;0;;-1;0;0;0;1;0;1;1;3;1;;;;;0;;;;;;1;1;;1;1;1;0;;;;;1;;0;0.714285714285714;31;0.032258064516129;7;6.99065671826247;manha
70000039;11000005;1000001600;700000992;2024;14;1;3;1;;00003409;00000006;00000020;00004677;2;0;1;;;;0;;0;;;;;0;1;0;0;19;4;1;0;0;1;0;;3;1;0;0;0;;0;;3;1;;;;;0;;;;;;1;1;;1;1;1;0;;;;;1;;0;0.714285714285714;31;0.032258064516129;7;6.99065671826247;manha
70000040;11000005;1000000545;700000293;2024;11;1;3;1;;00004944;00000003;00000024;;2;0;1;;;;;;;0;;;0;0;1;0;0;;5;1;0;0;1;0;;;;0;0;7;0;1;;3;1;;;;;0;;;;;;1;1;;1;1;1;0;;;;;1;;0;0.714285714285714;31;0.032258064516129;7;10.2379538078094;manha
70000040;11000005;1000000727;700000392;2024;15;2;1;1;;00003653;00000008;;;1;0;0;;;0;0;;;;;0;0;0;1;0;0;;5;1;0;0;1;0;;;;1;0;7;1;1;;3;1;;;;;0;;;;;;1;1;;1;1;1;0;;;;;1;;0;0.714285714285714;31;0.032258064516129;7;10.2379538078094;manha
70000040;11000005;1000001137;700000598;2024;20;2;1;1;;00003031;00000005;;00000141;1;0;1;;;;;;;0;;;;0;1;0;0;;5;1;0;0;1;0;;;;0;1;5;0;1;1;3;1;;;;;0;;;;;;1;1;;1;1;1;0;;;;;1;;0;0.714285714285714;31;0.032258064516129;7;10.2379538078094;manha
70000040;11000005;1000001314;700000729;2024;16;2;1;1;;00003050;00000002;00000005;00002168;1;0;1;;;;;;;;;;;0;1;0;0;;5;1;0;0;1;0;;;;1;0;3;0;1;;3;1;;;;;0;;;;;;1;1;;1;1;1;0;;;;;1;;0;0.714285714285714;31;0.032258064516129;7;10.2379538078094;manha
70000040;11000005;1000001380;700000782;2024;16;1;3;1;;00003629;00000004;00000002;;2;0;1;;;;;;;;0;;;0;1;0;0;;5;1;0;0;1;0;;;;0;0;2;0;1;;3;1;;;;;0;;;;;;1;1;;1;1;1;0;;;;;1;;0;0.714285714285714;31;0.032258064516129;7;10.2379538078094;manha
70000040;11000005;1000001383;700000785;2024;13;1;1;1;;00002053;00000001;00000008;;1;0;0;;;;;;;;;;;0;1;0;0;;5;1;0;0;1;0;;;;0;1;2;0;1;;3;1;;;;;0;;;;;;1;1;;1;1;1;0;;;;;1;;0;0.714285714285714;31;0.032258064516129;7;10.2379538078094;manha
70000040;11000005;1000001438;700000835;2024;16;1;0;1;;00000564;00000008;;00002654;1;1;1;0;;0;0;1;;;0;;0;0;1;0;0;;5;1;0;0;1;0;;;;0;0;2;0;1;1;3;1;;;;;0;;;;;;1;1;;1;1;1;0;;;;;1;;0;0.714285714285714;31;0.032258064516129;7;10.2379538078094;manha
70000041;11000005;1000000755;700000406;2024;18;1;0;1;;00002362;00000001;00000003;;1;0;0;;;;;;;0;;;;0;1;0;0;20;5;1;0;0;1;0;;6;1;0;0;7;0;1;;3;1;;;;;0;;;;;;1;1;;1;1;1;0;;;;;1;;0;0.714285714285714;31;0.032258064516129;8;17.9677109047771;manha
70000041;11000005;1000000798;700000429;2024;10;2;0;1;;00000950;00000008;00000008;;2;0;0;;;;0;;;;0;;;0;1;0;0;20;5;1;0;0;1;0;;-2;0;0;0;7;0;1;;3;1;;;;;0;;;;;;1;1;;1;1;1;0;;;;;1;;0;0.714285714285714;31;0.032258064516129;8;17.9677109047771;manha
70000041;11000005;1000000899;700000475;2024;12;2;1;1;;00004073;00000005;00000025;;1;0;0;;;;;0;;;0;;0;0;1;;0;20;5;1;0;0;1;0;;0;0;1;1;7;0;1;;3;1;;;;;0;;;;;;1;1;;1;1;1;0;;;;;1;;0;0.714285714285714;31;0.032258064516129;8;17.9677109047771;manha
70000041;11000005;1000001072;700000562;2024;18;1;3;1;;00004628;00000009;00000009;00003966;1;0;0;;;0;;;;0;;;;0;1;0;0;20;5;1;0;0;1;0;;6;1;0;0;6;0;1;1;3;1;;;;;0;;;;;;1;1;;1;1;1;0;;;;;1;;0;0.714285714285714;31;0.032258064516129;8;17.9677109047771;manha
70000042;11000005;1000000303;700000178;2024;16;2;3;1;;00003106;00000004;00000025;00002000;1;0;0;;;;;0;0;;;;;0;1;0;;;1;1;0;0;1;0;;;;0;0;7;0;1;;3;1;;;;;0;;;;;;1;1;;1;1;1;0;;;;;1;;0;0.714285714285714;31;0.032258064516129;12;31.1871964717284;tarde
70000042;11000005;1000000379;700000217;2024;10;2;0;3;;00002553;00000004;00000025;;1;0;0;;;;;0;;0;;0;;0;1;0;0;;1;1;0;0;1;0;;;;0;0;7;0;1;;3;1;;;;;0;;;;;;1;1;;1;1;1;0;;;;;1;;0;0.714285714285714;31;0.032258064516129;12;31.1871964717284;tarde
70000042;11000005;1000000684;700000369;2024;16;1;3;1;;00000555;00000005;00000024;00004116;1;0;0;;0;1;;;;;;;;0;1;0;0;;1;1;0;0;1;0;;;;0;0;7;0;1;;3;1;;;;;0;;;;;;1;1;;1;1;1;0;;;;;1;;0;0.714285714285714;31;0.032258064516129;12;31.1871964717284;tarde
70000042;11000005;1000001540;700000932;2024;11;2;3;1;;00001308;00000003;00000003;00001106;1;0;1;;;;;;0;0;;;;0;1;;0;;1;1;0;0;1;0;;;;0;0;0;;0;;3;1;;;;;0;;;;;;1;1;;1;1;1;0;;;;;1;;0;0.714285714285714;31;0.032258064516129;12;31.1871964717284;tarde
70000043;11000006;1000001135;700000596;2024;13;1;3;1;;00001491;00000003;;00002068;1;0;;;;;0;;;;;;;0;1;0;0;;5;1;0;0;1;0;;;;1;1;5;0;1;;4;1;;;1;;1;1;1;;0;1;0;1;1;1;1;1;;1;1;;;3;1;;0.857142857142857;34;0.117647058823529;19;17.7818949817447;noite
70000043;11000006;1000001585;700000977;2024;15;1;3;1;;00001750;00000006;;00005034;1;0;1;;;1;;;;0;;;;0;1;;0;;5;1;0;0;1;0;;;;0;0;0;;0;;4;1;;;1;;1;1;1;;0;1;0;1;1;1;1;1;;1;1;;;3;1;;0.857142857142857;34;0.117647058823529;19;17.7818949817447;noite
70000044;11000006;1000000328;700000186;2024;12;1;1;1;;00001559;00000004;;00000900;1;0;0;;0;;;;;;;;;0;1;0;0;;1;1;0;0;1;0;;;;0;0;7;0;1;;4;1;;;1;;1;1;1;;0;1;0;1;1;1;1;1;;1;1;;;3;1;;0.857142857142857;34;0.117647058823529;7;32.2820277378196;manha
70000044;11000006;1000000853;700000450;2024;22;1;1;1;;00001654;00000005;;;2;0;0;;;;;;;;;;;0;1;0;0;;1;1;0;0;1;0;;;;1;0;7;0;1;;4;1;;;1;;1;1;1;;0;1;0;1;1;1;1;1;;1;1;;;3;1;;0.857142857142857;34;0.117647058823529;7;32.2820277378196;manha
70000044;11000006;1000001056;700000549;2024;14;1;1;1;;00005049;00000007;00000001;00003629;1;0;0;;;;;;;;;;;0;1;0;0;;1;1;0;0;1;0;;;;0;0;6;0;1;;4;1;;;1;;1;1;1;;0;1;0;1;1;1;1;1;;1;1;;;3;1;;0.857142857142857;34;0.117647058823529;7;32.2820277378196;manha
70000044;11000006;1000001281;700000703;2024;9;2;0;1;;00002024;00000005;00000024;00005081;1;0;0;;;;;;0;0;;;;0;1;;0;;1;1;0;0;1;0;;;;0;0;3;0;1;;4;1;;;1;;1;1;1;;0;1;0;1;1;1;1;1;;1;1;;;3;1;;0.857142857142857;34;0.117647058823529;7;32.2820277378196;manha
70000044;11000006;1000001301;700000720;2024;19;2;3;1;;00001604;00000002;00000026;00003539;1;0;0;;;;0;;;;0;;;0;1;0;0;;1;1;0;0;1;0;;;;1;0;3;1;1;;4;1;;;1;;1;1;1;;0;1;0;1;1;1;1;1;;1;1;;;3;1;;0.857142857142857;34;0.117647058823529;7;32.2820277378196;manha
70000044;11000006;1000001372;700000774;2024;18;2;3;1;;00000685;00000003;00000019;00000534;2;0;1;;0;;0;;;0;0;;0;0;1;0;1;;1;1;0;0;1;0;;;;1;0;2;0;1;;4;1;;;1;;1;1;1;;0;1;0;1;1;1;1;1;;1;1;;;3;1;;0.857142857142857;34;0.117647058823529;7;32.2820277378196;manha
70000044;11000006;1000001452;700000849;2024;16;1;3;1;;00005283;00000008;;;1;0;0;;;;;;;;;;0;0;1;0;0;;1;1;0;0;1;0;;;;0;0;1;0;1;;4;1;;;1;;1;1;1;;0;1;0;1;1;1;1;1;;1;1;;;3;1;;0.857142857142857;34;0.117647058823529;7;32.2820277378196;manha
70000044;11000006;1000001525;700000917;2024;5;2;3;1;;00002302;00000009;00000009;00004703;1;0;0;0;;1;;;;;;;;0;1;0;0;;1;1;0;0;1;0;;;;0;0;0;;0;;4;1;;;1;;1;1;1;;0;1;0;1;1;1;1;1;;1;1;;;3;1;;0.857142857142857;34;0.117647058823529;7;32.2820277378196;manha
70000044;11000006;1000001539;700000931;2024;4;2;1;1;;00000919;00000003;00000026;00001279;1;0;0;;0;;;;;0;;;0;0;1;0;0;;1;1;0;0;1;0;;;;0;0;0;;0;;4;1;;;1;;1;1;1;;0;1;0;1;1;1;1;1;;1;1;;;3;1;;0.857142857142857;34;0.117647058823529;7;32.2820277378196;manha
70000044;11000006;1000001572;700000964;2024;11;2;3;1;;00000500;00000007;00000005;;1;0;0;;;;;;;;;;;0;1;0;0;;1;1;0;0;1;0;;;;0;0;0;;0;;4;1;;;1;;1;1;1;;0;1;0;1;1;1;1;1;;1;1;;;3;1;;0.857142857142857;34;0.117647058823529;7;32.2820277378196;manha
70000045;11000006;1000000612;700000327;2024;12;2;3;1;;00004950;00000005;00000003;00000939;2;0;0;;;;;1;;;;;0;0;1;;0;;5;1;0;0;1;0;;;;0;0;7;0;1;;4;1;;;1;;1;1;1;;0;1;0;1;1;1;1;1;;1;1;;;3;1;;0.857142857142857;34;0.117647058823529;7;28.9461934159044;manha
70000045;11000006;1000000701;700000380;2024;14;2;1;1;;00004462;00000003;00000017;;1;0;0;;;;;;;0;;;;0;1;0;0;;5;1;0;0;1;0;;;;0;0;7;0;1;;4;1;;;1;;1;1;1;;0;1;0;1;1;1;1;1;;1;1;;;3;1;;0.857142857142857;34;0.117647058823529;7;28.9461934159044;manha
70000045;11000006;1000000961;700000507;2024;13;1;3;1;;00001789;00000009;00000003;;1;0;1;;;;;;0;;;;0;0;1;0;0;;5;1;0;0;1;0;;;;0;1;7;0;1;;4;1;;;1;;1;1;1;;0;1;0;1;1;1;1;1;;1;1;;;3;1;;0.857142857142857;34;0.117647058823529;7;28.9461934159044;manha
70000045;11000006;1000001225;700000657;2024;9;2;3;1;;00000584;00000009;00000007;00001842;1;0;0;;;;;;;;;;;;1;0;0;;5;1;0;0;1;0;;;;0;0;4;0;1;1;4;1;;;1;;1;1;1;;0;1;0;1;1;1;1;1;;1;1;;;3;1;;0.857142857142857;34;0.117647058823529;7;28.9461934159044;manha
70000045;11000006;1000001421;700000820;2024;19;2;1;1;;00001355;00000002;00000022;;1;0;0;;;;;;;;;;;0;1;0;0;;5;1;0;0;1;0;;;;0;0;2;0;1;;4;1;;;1;;1;1;1;;0;1;0;1;1;1;1;1;;1;1;;;3;1;;0.857142857142857;34;0.117647058823529;7;28.9461934159044;manha
70000045;11000006;1000001426;700000825;2024;21;1;3;1;;00003813;00000007;00000010;00000502;1;0;0;0;;;;;;;;;0;0;1;0;0;;5;1;0;0;1;0;;;;1;0;2;1;1;1;4;1;;;1;;1;1;1;;0;1;0;1;1;1;1;1;;1;1;;;3;1;;0.857142857142857;34;0.117647058823529;7;28.9461934159044;manha
70000045;11000006;1000001591;700000983;2024;18;1;3;1;;00005220;00000006;00000005;00003947;1;0;1;0;;1;;;;;;;;0;1;;0;;5;1;0;0;1;0;;;;0;0;0;;0;;4;1;;;1;;1;1;1;;0;1;0;1;1;1;1;1;;1;1;;;3;1;;0.857142857142857;34;0.117647058823529;7;28.9461934159044;manha
70000046;11000006;1000000190;700000106;2024;17;1;3;1;;00005325;00000003;00000012;00003651;1;0;0;;;1;;0;;;;;;0;1;0;0;19;5;1;0;0;1;0;;6;1;0;1;7;0;1;1;4;1;;;1;;1;1;1;;0;1;0;1;1;1;1;1;;1;1;;;3;1;;0.857142857142857;34;0.117647058823529;7;22.9935343604302;manha
70000046;11000006;1000001375;700000777;2024;9;2;1;1;;00004556;00000006;00000023;;1;0;0;;;;;;;;0;;;0;1;;0;19;5;1;0;0;1;0;;-2;0;0;0;2;0;1;;4;1;;;1;;1;1;1;;0;1;0;1;1;1;1;1;;1;1;;;3;1;;0.857142857142857;34;0.117647058823529;7;22.9935343604302;manha
70000047;11000006;1000000728;700000393;2024;22;1;1;1;;00002376;00000001;00000027;;2;0;0;0;;1;;;0;;;0;0;0;1;0;0;;5;1;0;0;1;0;;;;0;0;7;0;1;;4;1;;;1;;1;1;1;;0;1;0;1;1;1;1;1;;1;1;;;3;1;;0.857142857142857;34;0.117647058823529;7;2.40353081608191;manha
70000047;11000006;1000001602;700000994;2024;13;1;1;1;;00005247;00000009;00000022;00003339;1;0;0;;0;;;;0;;;;0;0;1;0;0;;5;1;0;0;1;0;;;;0;0;0;;0;;4;1;;;1;;1;1;1;;0;1;0;1;1;1;1;1;;1;1;;;3;1;;0.857142857142857;34;0.117647058823529;7;2.40353081608191;manha
70000048;11000006;1000000264;700000156;2024;14;1;3;1;;00002990;00000006;00000004;;2;0;0;;;1;;0;;;;;;0;1;0;0;17;5;1;0;0;1;0;;5;1;0;1;7;0;1;;4;1;;;1;;1;1;1;;0;1;0;1;1;1;1;1;;1;1;;;3;1;;0.857142857142857;34;0.117647058823529;7;1.45800999598578;manha
70000048;11000006;1000000688;700000373;2024;11;1;3;1;;00004639;00000005;00000008;;1;0;0;;;;;;;;;0;;0;1;0;0;17;5;1;0;0;1;0;;2;1;0;0;7;0;1;;4;1;;;1;;1;1;1;;0;1;0;1;1;1;1;1;;1;1;;;3;1;;0.857142857142857;34;0.117647058823529;7;1.45800999598578;manha
70000048;11000006;1000000757;700000408;2024;21;2;1;1;;00003684;00000003;;00005345;1;0;0;;;;;;;;;;;0;1;1;0;17;5;1;0;0;1;0;;12;1;0;0;7;0;1;1;4;1;;;1;;1;1;1;;0;1;0;1;1;1;1;1;;1;1;;;3;1;;0.857142857142857;34;0.117647058823529;7;1.45800999598578;manha
70000048;11000006;1000000768;700000414;2024;22;1;0;1;;00005463;00000005;;;1;1;1;;;;;;;;;;;0;1;0;0;17;5;1;0;0;1;0;;13;1;1;0;7;0;1;;4;1;;;1;;1;1;1;;0;1;0;1;1;1;1;1;;1;1;;;3;1;;0.857142857142857;34;0.117647058823529;7;1.45800999598578;manha
70000048;11000006;1000001420;700000819;2024;9;1;2;1;;00000697;00000004;00000013;00001230;1;0;1;;;1;;;;0;;;;;1;0;0;17;5;1;0;0;1;0;;0;0;1;0;2;1;1;;4;1;;;1;;1;1;1;;0;1;0;1;1;1;1;1;;1;1;;;3;1;;0.857142857142857;34;0.117647058823529;7;1.45800999598578;manha
70000049;11000006;1000001436;700000834;2024;18;1;1;1;;00004276;00000005;00000014;00002131;1;1;0;;;1;0;0;;0;0;;;0;1;0;0;1;5;1;0;0;1;0;;;;0;0;2;0;1;1;4;1;;;1;;1;1;1;;0;1;0;1;1;1;1;1;;1;1;;;3;1;;0.857142857142857;34;0.117647058823529;7;22.0179440354696;manha
70000049;11000006;1000001531;700000923;2024;4;1;0;1;;00001345;00000005;00000007;00003292;1;0;1;0;;;;;;;;;;0;1;0;0;1;5;1;0;0;1;0;;;;0;0;0;;0;;4;1;;;1;;1;1;1;;0;1;0;1;1;1;1;1;;1;1;;;3;1;;0.857142857142857;34;0.117647058823529;7;22.0179440354696;manha
70000050;11000007;1000000787;700000426;2024;13;1;2;1;;00002030;00000009;;00001187;1;0;1;;;1;;;0;;;;;0;1;1;0;;4;1;0;0;1;0;;;;1;0;7;0;1;;3;1;;1;1;1;;;0;1;;0;0;;;;0;;1;0;;;0;;0;1;0.5;39;0.0256410256410256;7;30.6708965037251;manha
70000050;11000007;1000001022;700000530;2024;15;2;3;1;;00000076;00000004;00000010;00001128;1;0;0;;;;;;1;;;;;0;1;0;0;;4;1;0;0;1;0;;;;0;0;6;0;1;1;3;1;;1;1;1;;;0;1;;0;0;;;;0;;1;0;;;0;;0;1;0.5;39;0.0256410256410256;7;30.6708965037251;manha
70000050;11000007;1000001226;700000658;2024;17;1;1;1;;00002609;00000002;;00000301;1;0;0;;;;0;;0;;;;;0;1;0;0;;4;1;0;0;1;0;;;;0;0;4;0;1;1;3;1;;1;1;1;;;0;1;;0;0;;;;0;;1;0;;;0;;0;1;0.5;39;0.0256410256410256;7;30.6708965037251;manha
70000050;11000007;1000001347;700000752;2024;15;1;0;1;;00002503;00000002;;00005042;1;0;0;;;;0;;;0;;0;0;;1;0;0;;4;1;0;0;1;0;;;;0;0;3;0;1;1;3;1;;1;1;1;;;0;1;;0;0;;;;0;;1;0;;;0;;0;1;0.5;39;0.0256410256410256;7;30.6708965037251;manha
70000051;11000007;1000000053;700000027;2024;24;1;0;1;;00000428;00000002;00000003;00003172;1;0;0;;;;;;;;0;;;0;1;0;0;25;1;1;0;0;1;0;;9;1;1;0;7;0;1;1;3;1;;1;1;1;;;0;1;;0;0;;;;0;;1;0;;;0;;0;1;0.5;39;0.0256410256410256;7;20.8529332786566;manha
70000051;11000007;1000000339;700000193;2024;18;2;3;1;;00000953;00000002;00000014;00001052;1;0;0;;;1;;;;;;;;0;1;;0;25;1;1;0;0;1;0;;3;1;1;0;7;0;1;;3;1;;1;1;1;;;0;1;;0;0;;;;0;;1;0;;;0;;0;1;0.5;39;0.0256410256410256;7;20.8529332786566;manha
70000051;11000007;1000000882;700000465;2024;13;1;1;1;;00001701;00000001;;00003172;1;0;0;;;1;;0;;;0;;;0;1;0;0;25;1;1;0;0;1;0;;-2;0;0;0;7;0;1;1;3;1;;1;1;1;;;0;1;;0;0;;;;0;;1;0;;;0;;0;1;0.5;39;0.0256410256410256;7;20.8529332786566;manha
70000051;11000007;1000000906;700000480;2024;16;1;1;1;;00004065;00000002;00000014;;1;0;0;;0;;;;;;;0;;0;1;;0;25;1;1;0;0;1;0;;1;0;0;0;7;0;1;;3;1;;1;1;1;;;0;1;;0;0;;;;0;;1;0;;;0;;0;1;0.5;39;0.0256410256410256;7;20.8529332786566;manha
70000051;11000007;1000001146;700000602;2024;16;2;3;1;;00002206;00000001;;00000247;1;0;0;;;0;;0;;;0;;;0;1;0;0;25;1;1;0;0;1;0;;1;0;0;0;5;0;1;1;3;1;;1;1;1;;;0;1;;0;0;;;;0;;1;0;;;0;;0;1;0.5;39;0.0256410256410256;7;20.8529332786566;manha
70000051;11000007;1000001603;700000995;2024;4;1;1;1;;00004649;00000004;00000017;00000312;1;0;0;;;;;;;;;;;0;1;0;0;25;1;1;0;0;1;0;;-11;0;0;0;0;;0;;3;1;;1;1;1;;;0;1;;0;0;;;;0;;1;0;;;0;;0;1;0.5;39;0.0256410256410256;7;20.8529332786566;manha
70000052;11000007;1000000287;700000167;2024;20;1;1;1;;00001053;00000007;;00003627;1;0;1;;;;;;;0;0;0;;0;1;0;0;;5;1;0;0;1;0;;;;0;0;7;0;1;1;3;1;;1;1;1;;;0;1;;0;0;;;;0;;1;0;;;0;;0;1;0.5;39;0.0256410256410256;7;23.7444378301734;manha
70000052;11000007;1000000465;700000253;2024;13;1;3;1;;00004019;00000002;00000006;00002886;1;0;1;;0;;0;0;;;;;;0;1;0;0;;5;1;0;0;1;0;;;;0;1;7;0;1;1;3;1;;1;1;1;;;0;1;;0;0;;;;0;;1;0;;;0;;0;1;0.5;39;0.0256410256410256;7;23.7444378301734;manha
70000052;11000007;1000001039;700000541;2024;18;2;1;1;;;00000002;00000023;;1;0;1;;0;;0;;0;;;0;;0;1;0;0;;5;1;0;0;1;0;;;;0;0;6;0;1;;3;1;;1;1;1;;;0;1;;0;0;;;;0;;1;0;;;0;;0;1;0.5;39;0.0256410256410256;7;23.7444378301734;manha
70000052;11000007;1000001069;700000559;2024;23;2;0;1;;00000566;00000005;;00004617;1;0;0;;0;1;0;;;0;;0;0;0;1;;0;;5;1;0;0;1;0;;;;1;0;6;0;1;1;3;1;;1;1;1;;;0;1;;0;0;;;;0;;1;0;;;0;;0;1;0.5;39;0.0256410256410256;7;23.7444378301734;manha
70000052;11000007;1000001554;700000946;2024;7;2;1;1;;00000174;00000001;;00002603;1;1;0;;;;;;;;;;;0;1;0;0;;5;1;0;0;1;0;;;;0;0;0;;0;;3;1;;1;1;1;;;0;1;;0;0;;;;0;;1;0;;;0;;0;1;0.5;39;0.0256410256410256;7;23.7444378301734;manha
70000053;11000007;1000000316;700000181;2024;18;1;0;1;;00002941;00000006;00000012;;1;0;0;;;0;;0;;;;0;;;1;0;0;14;6;1;0;0;1;0;;12;1;1;0;7;0;1;;3;1;;1;1;1;;;0;1;;0;0;;;;0;;1;0;;;0;;0;1;0.5;39;0.0256410256410256;8;44.1277077039704;manha
70000053;11000007;1000000430;700000239;2024;14;2;1;1;;00003336;00000002;00000004;00001893;1;0;0;;;;0;;0;;;0;;0;1;0;0;14;6;1;0;0;1;0;;8;1;1;0;7;1;1;1;3;1;;1;1;1;;;0;1;;0;0;;;;0;;1;0;;;0;;0;1;0.5;39;0.0256410256410256;8;44.1277077039704;manha
70000053;11000007;1000001149;700000604;2024;15;2;0;1;;00003386;00000005;00000022;;1;0;1;0;;;;;0;;;0;;;1;0;0;14;6;1;0;0;1;0;;9;1;1;0;5;0;1;;3;1;;1;1;1;;;0;1;;0;0;;;;0;;1;0;;;0;;0;1;0.5;39;0.0256410256410256;8;44.1277077039704;manha
70000053;11000007;1000001453;700000850;2024;6;1;1;1;;00000893;00000006;00000018;00004781;1;0;0;;;;;;;0;;;;0;1;0;0;14;6;1;0;0;1;0;;0;0;0;0;1;0;1;1;3;1;;1;1;1;;;0;1;;0;0;;;;0;;1;0;;;0;;0;1;0.5;39;0.0256410256410256;8;44.1277077039704;manha
70000054;11000007;1000000001;700000001;2024;28;2;2;1;;00000612;00000004;00000027;00003122;1;0;0;;;;;;;;;;0;0;1;0;0;41;5;1;0;0;1;0;;14;1;1;1;7;0;1;;3;1;;1;1;1;;;0;1;;0;0;;;;0;;1;0;;;0;;0;1;0.5;39;0.0256410256410256;8;25.0881762860809;manha
70000054;11000007;1000000247;700000142;2024;21;1;0;1;;00002812;00000001;00000005;00003675;1;0;0;;;;0;;;0;;;;0;1;0;0;41;5;1;0;0;1;0;;7;1;0;1;7;0;1;1;3;1;;1;1;1;;;0;1;;0;0;;;;0;;1;0;;;0;;0;1;0.5;39;0.0256410256410256;8;25.0881762860809;manha
70000054;11000007;1000001180;700000627;2024;12;2;0;1;;00002139;00000004;;;1;0;0;;;;;;0;;;;0;0;1;0;0;41;5;1;0;0;1;0;;-2;0;0;0;5;0;1;;3;1;;1;1;1;;;0;1;;0;0;;;;0;;1;0;;;0;;0;1;0.5;39;0.0256410256410256;8;25.0881762860809;manha
70000054;11000007;1000001343;700000749;2024;14;2;3;1;;00000787;00000002;00000020;;1;0;1;;;;;;;0;;;;0;1;0;0;41;5;1;0;0;1;0;;0;0;0;0;3;0;1;;3;1;;1;1;1;;;0;1;;0;0;;;;0;;1;0;;;0;;0;1;0.5;39;0.0256410256410256;8;25.0881762860809;manha
70000054;11000007;1000001513;700000905;2024;7;1;0;1;;00003671;00000008;;00000089;1;0;0;;;1;;;;;;;;0;1;0;0;41;5;1;0;0;1;0;;-7;0;0;0;1;0;1;1;3;1;;1;1;1;;;0;1;;0;0;;;;0;;1;0;;;0;;0;1;0.5;39;0.0256410256410256;8;25.0881762860809;manha
70000055;11000007;1000000087;700000051;2024;19;1;3;1;;00003121;00000009;00000023;00004775;2;1;0;;;;;;;;;;;0;1;0;0;21;5;1;0;0;1;0;;6;1;0;0;7;0;1;;3;1;;1;1;1;;;0;1;;0;0;;;;0;;1;0;;;0;;0;1;0.5;39;0.0256410256410256;13;21.2107683811337;tarde
70000055;11000007;1000000154;700000085;2024;12;2;0;1;;00003942;00000002;00000023;00000099;1;0;0;;;;;;;;;0;0;0;1;0;0;21;5;1;0;0;1;0;;-1;0;1;0;7;0;1;1;3;1;;1;1;1;;;0;1;;0;0;;;;0;;1;0;;;0;;0;1;0.5;39;0.0256410256410256;13;21.2107683811337;tarde
70000055;11000007;1000000930;700000490;2024;15;2;5;1;;00003345;00000001;00000013;;1;0;1;;;;;0;;;;0;;0;1;;0;21;5;1;0;0;1;0;;2;1;0;1;7;0;1;;3;1;;1;1;1;;;0;1;;0;0;;;;0;;1;0;;;0;;0;1;0.5;39;0.0256410256410256;13;21.2107683811337;tarde
70000055;11000007;1000001493;700000886;2024;7;1;3;1;;00000565;00000006;00000013;00004885;1;0;1;;;;;;0;0;;;;0;1;0;0;21;5;1;0;0;1;0;;-6;0;0;1;1;0;1;1;3;1;;1;1;1;;;0;1;;0;0;;;;0;;1;0;;;0;;0;1;0.5;39;0.0256410256410256;13;21.2107683811337;tarde
70000056;11000007;1000001274;700000698;2024;10;1;0;1;;00000885;00000008;00000004;00001112;1;0;0;;;;;;0;;;;;0;1;0;0;1;5;1;0;0;1;0;;;;0;0;3;0;1;;3;1;;1;1;1;;;0;1;;0;0;;;;0;;1;0;;;0;;0;1;0.5;39;0.0256410256410256;7;43.4387843930163;manha
70000056;11000007;1000001526;700000918;2024;16;2;3;1;;00004112;00000008;;00004996;1;0;0;;;;;;;;;;0;;1;0;0;1;5;1;0;0;1;0;;;;0;0;0;;0;;3;1;;1;1;1;;;0;1;;0;0;;;;0;;1;0;;;0;;0;1;0.5;39;0.0256410256410256;7;43.4387843930163;manha
70000056;11000007;1000001534;700000926;2024;16;2;0;1;;00000394;00000005;00000011;00005418;1;0;0;;0;;;;;;;0;;0;1;1;0;1;5;1;0;0;1;0;;;;0;0;0;;0;;3;1;;1;1;1;;;0;1;;0;0;;;;0;;1;0;;;0;;0;1;0.5;39;0.0256410256410256;7;43.4387843930163;manha
70000056;11000007;1000001595;700000987;2024;9;2;0;1;;00002680;00000003;;00001896;1;0;1;;;;;;;;0;;;0;1;0;0;1;5;1;0;0;1;0;;;;0;0;0;;0;;3;1;;1;1;1;;;0;1;;0;0;;;;0;;1;0;;;0;;0;1;0.5;39;0.0256410256410256;7;43.4387843930163;manha
70000057;11000008;1000000021;700000011;2024;21;2;1;1;;00005012;00000008;00000027;00002917;1;0;0;;;;;;;;0;;0;0;1;0;0;20;5;1;0;0;1;0;;9;1;0;0;7;0;1;1;3;2;;;1;1;0;;0;1;0;1;1;1;0;0;1;;1;;1;0;0;0;0;0;0.642857142857143;33;0;7;26.2239374406636;manha
70000057;11000008;1000000096;700000058;2024;16;1;1;1;;00004649;00000005;;00004785;1;0;0;;;;0;;;;;;;0;1;0;0;20;5;1;0;0;1;0;;4;1;0;0;7;0;1;1;3;2;;;1;1;0;;0;1;0;1;1;1;0;0;1;;1;;1;0;0;0;0;0;0.642857142857143;33;0;7;26.2239374406636;manha
70000057;11000008;1000001231;700000663;2024;10;1;0;1;;00002674;00000008;;00000936;1;0;0;0;;;;0;;;;;;0;1;0;0;20;5;1;0;0;1;0;;-2;0;0;0;4;0;1;1;3;2;;;1;1;0;;0;1;0;1;1;1;0;0;1;;1;;1;0;0;0;0;0;0.642857142857143;33;0;7;26.2239374406636;manha
70000058;11000008;1000000074;700000040;2024;17;2;0;1;;00000871;00000003;00000027;00004155;1;0;0;0;;;;;;;;;;0;1;0;0;27;5;1;0;0;1;0;;0;0;0;0;7;0;1;;3;2;;;1;1;0;;0;1;0;1;1;1;0;0;1;;1;;1;0;0;0;0;0;0.642857142857143;33;0;15;17.3227144888369;tarde
70000058;11000008;1000000680;700000366;2024;15;2;3;1;;00005402;00000002;00000003;;1;0;1;0;;1;;;;;;;;0;1;0;0;27;5;1;0;0;1;0;;-2;0;0;0;7;0;1;;3;2;;;1;1;0;;0;1;0;1;1;1;0;0;1;;1;;1;0;0;0;0;0;0.642857142857143;33;0;15;17.3227144888369;tarde
70000058;11000008;1000001246;700000674;2024;11;2;3;1;;00004785;00000006;00000019;00001597;2;0;0;;;;;;;;;0;;0;1;0;0;27;5;1;0;0;1;0;;-6;0;0;0;4;0;1;1;3;2;;;1;1;0;;0;1;0;1;1;1;0;0;1;;1;;1;0;0;0;0;0;0.642857142857143;33;0;15;17.3227144888369;tarde
70000058;11000008;1000001355;700000759;2024;18;1;2;1;;00002385;00000001;00000005;00002887;2;1;0;;;1;;;;;0;;;0;1;0;;27;5;1;0;0;1;0;;1;0;0;0;3;0;1;;3;2;;;1;1;0;;0;1;0;1;1;1;0;0;1;;1;;1;0;0;0;0;0;0.642857142857143;33;0;15;17.3227144888369;tarde
70000058;11000008;1000001393;700000795;2024;15;2;3;1;;00000768;00000009;00000008;00000931;1;0;1;;;1;0;;0;;;;;0;1;0;;27;5;1;0;0;1;0;;-2;0;0;0;2;0;1;1;3;2;;;1;1;0;;0;1;0;1;1;1;0;0;1;;1;;1;0;0;0;0;0;0.642857142857143;33;0;15;17.3227144888369;tarde
70000058;11000008;1000001571;700000963;2024;15;1;1;1;;00000065;00000009;00000022;;1;0;0;;;;;;;;;;;0;1;0;0;27;5;1;0;0;1;0;;-2;0;0;0;0;;0;;3;2;;;1;1;0;;0;1;0;1;1;1;0;0;1;;1;;1;0;0;0;0;0;0.642857142857143;33;0;15;17.3227144888369;tarde
70000059;11000008;1000000438;700000242;2024;19;2;3;1;;00005559;00000001;00000018;00001430;1;0;0;;;;;;;0;;;;0;1;0;1;26;5;1;0;0;1;0;;3;1;0;0;7;0;1;1;3;2;;;1;1;0;;0;1;0;1;1;1;0;0;1;;1;;1;0;0;0;0;0;0.642857142857143;33;0;8;6.29223470634315;manha
70000059;11000008;1000000726;700000391;2024;16;1;3;1;;00003764;00000001;;;1;0;0;0;;;0;;;;;;;0;1;0;0;26;5;1;0;0;1;0;;0;0;0;1;7;0;1;;3;2;;;1;1;0;;0;1;0;1;1;1;0;0;1;;1;;1;0;0;0;0;0;0.642857142857143;33;0;8;6.29223470634315;manha
70000059;11000008;1000001162;700000612;2024;16;2;0;1;;00001849;00000008;;00003905;1;1;0;;;1;;0;0;0;;;;0;1;0;0;26;5;1;0;0;1;0;;0;0;0;0;5;0;1;;3;2;;;1;1;0;;0;1;0;1;1;1;0;0;1;;1;;1;0;0;0;0;0;0.642857142857143;33;0;8;6.29223470634315;manha
70000059;11000008;1000001374;700000776;2024;8;2;1;1;;00002156;00000004;;;1;0;0;;;;;;;;0;;;0;1;0;0;26;5;1;0;0;1;0;;-8;0;0;0;2;0;1;;3;2;;;1;1;0;;0;1;0;1;1;1;0;0;1;;1;;1;0;0;0;0;0;0.642857142857143;33;0;8;6.29223470634315;manha
70000060;11000008;1000000629;700000338;2024;15;2;0;1;;00005416;00000009;;;1;0;0;;;1;;;;;;;;0;1;0;0;;5;1;0;0;1;0;;;;0;1;7;0;1;;3;2;;;1;1;0;;0;1;0;1;1;1;0;0;1;;1;;1;0;0;0;0;0;0.642857142857143;33;0;19;45.9365015537478;noite
70000060;11000008;1000001235;700000664;2024;7;1;0;1;;00000597;00000009;;;1;0;0;;;;0;;;;;;;0;1;0;0;;5;1;0;0;1;0;;;;0;0;4;0;1;;3;2;;;1;1;0;;0;1;0;1;1;1;0;0;1;;1;;1;0;0;0;0;0;0.642857142857143;33;0;19;45.9365015537478;noite
70000060;11000008;1000001332;700000742;2024;18;1;1;1;;00001355;00000006;00000018;00001609;1;0;0;;;;;;;;0;;;0;1;0;0;;5;1;0;0;1;0;;;;0;0;3;0;1;;3;2;;;1;1;0;;0;1;0;1;1;1;0;0;1;;1;;1;0;0;0;0;0;0.642857142857143;33;0;19;45.9365015537478;noite
70000060;11000008;1000001516;700000908;2024;18;2;3;1;;00001738;00000002;00000013;;2;0;0;;;;;;;;;;;0;1;0;0;;5;1;0;0;1;0;;;;0;0;1;0;1;;3;2;;;1;1;0;;0;1;0;1;1;1;0;0;1;;1;;1;0;0;0;0;0;0.642857142857143;33;0;19;45.9365015537478;noite
70000061;11000008;1000001276;700000699;2024;19;2;3;1;;00000879;00000009;00000025;00002009;1;0;0;0;;;;;1;;0;;;0;1;0;0;;5;1;0;0;1;0;;;;0;0;3;0;1;1;3;2;;;1;1;0;;0;1;0;1;1;1;0;0;1;;1;;1;0;0;0;0;0;0.642857142857143;33;0;13;14.0423684020061;tarde
70000061;11000008;1000001279;700000701;2024;17;2;0;1;;00000215;00000004;00000027;00000579;1;0;1;;;;0;;;0;;0;;0;1;0;0;;5;1;0;0;1;0;;;;0;0;3;0;1;1;3;2;;;1;1;0;;0;1;0;1;1;1;0;0;1;;1;;1;0;0;0;0;0;0.642857142857143;33;0;13;14.0423684020061;tarde
70000062;11000008;1000000109;700000065;2024;20;1;3;1;;00003665;00000001;00000015;;1;0;0;;;;0;;;0;;;;0;1;0;;1;5;1;0;0;1;0;;;;0;1;7;0;1;;3;2;;;1;1;0;;0;1;0;1;1;1;0;0;1;;1;;1;0;0;0;0;0;0.642857142857143;33;0;13;30.1545752573293;tarde
70000062;11000008;1000000360;700000204;2024;23;2;3;1;;00003082;00000007;00000016;;2;0;0;;;;;;;;;;0;0;1;0;0;1;5;1;0;0;1;0;;;;0;1;7;0;1;;3;2;;;1;1;0;;0;1;0;1;1;1;0;0;1;;1;;1;0;0;0;0;0;0.642857142857143;33;0;13;30.1545752573293;tarde
70000062;11000008;1000000373;700000214;2024;19;1;1;1;;00004391;00000009;00000002;00000873;1;0;0;;;;;;;;;;;0;1;0;0;1;5;1;0;0;1;0;;;;0;0;7;0;1;1;3;2;;;1;1;0;;0;1;0;1;1;1;0;0;1;;1;;1;0;0;0;0;0;0.642857142857143;33;0;13;30.1545752573293;tarde
70000062;11000008;1000000459;700000250;2024;10;2;5;1;;00000716;00000007;00000006;00000634;1;0;0;0;;;;;;;;0;;0;1;;0;1;5;1;0;0;1;0;;;;0;0;7;0;1;1;3;2;;;1;1;0;;0;1;0;1;1;1;0;0;1;;1;;1;0;0;0;0;0;0.642857142857143;33;0;13;30.1545752573293;tarde
70000062;11000008;1000000962;700000508;2024;20;2;3;1;;00003360;00000003;00000013;;2;0;0;;0;;;;;;;0;;0;1;0;0;1;5;1;0;0;1;0;;;;0;0;7;0;1;;3;2;;;1;1;0;;0;1;0;1;1;1;0;0;1;;1;;1;0;0;0;0;0;0.642857142857143;33;0;13;30.1545752573293;tarde
70000062;11000008;1000001247;700000675;2024;19;2;1;1;;00003829;00000005;;;1;0;0;;;;;;;;;;;0;1;0;0;1;5;1;0;0;1;0;;;;0;0;4;0;1;;3;2;;;1;1;0;;0;1;0;1;1;1;0;0;1;;1;;1;0;0;0;0;0;0.642857142857143;33;0;13;30.1545752573293;tarde
70000062;11000008;1000001256;700000683;2024;12;1;3;1;;00005179;00000007;00000024;00000069;1;0;0;;;1;;;0;;;0;;0;1;0;1;1;5;1;0;0;1;0;;;;0;0;4;0;1;1;3;2;;;1;1;0;;0;1;0;1;1;1;0;0;1;;1;;1;0;0;0;0;0;0.642857142857143;33;0;13;30.1545752573293;tarde
70000063;11000008;1000000080;700000045;2024;23;1;3;1;;00000239;00000002;;00002852;1;0;0;0;;;;;;;;;0;0;1;0;1;69;5;1;0;0;1;0;;;;0;0;7;0;1;1;3;2;;;1;1;0;;0;1;0;1;1;1;0;0;1;;1;;1;0;0;0;0;0;0.642857142857143;33;0;13;6.60167350317352;tarde
70000063;11000008;1000000083;700000047;2024;13;2;0;1;;00000492;00000005;;00001348;1;0;0;;;1;;;;0;;;;0;1;0;0;69;5;1;0;0;1;0;;;;0;0;7;0;1;;3;2;;;1;1;0;;0;1;0;1;1;1;0;0;1;;1;;1;0;0;0;0;0;0.642857142857143;33;0;13;6.60167350317352;tarde
70000063;11000008;1000000516;700000276;2024;21;2;1;1;;00005142;00000006;;00001373;2;0;0;;;;0;;0;;;;;0;1;0;0;69;5;1;0;0;1;0;;;;0;1;7;0;1;1;3;2;;;1;1;0;;0;1;0;1;1;1;0;0;1;;1;;1;0;0;0;0;0;0.642857142857143;33;0;13;6.60167350317352;tarde
70000063;11000008;1000001062;700000553;2024;13;2;5;1;;00003506;00000003;;00000430;1;0;0;;;;;;;0;;;;0;1;0;0;69;5;1;0;0;1;0;;;;0;0;6;0;1;1;3;2;;;1;1;0;;0;1;0;1;1;1;0;0;1;;1;;1;0;0;0;0;0;0.642857142857143;33;0;13;6.60167350317352;tarde
70000063;11000008;1000001108;700000582;2024;21;2;0;1;;00003992;00000007;;00001989;1;0;0;;;0;;;0;;;;0;0;1;0;0;69;5;1;0;0;1;0;;;;0;1;5;0;1;1;3;2;;;1;1;0;;0;1;0;1;1;1;0;0;1;;1;;1;0;0;0;0;0;0.642857142857143;33;0;13;6.60167350317352;tarde
70000064;11000009;1000000531;700000284;2024;17;2;3;1;;00002394;00000004;00000008;00002752;1;0;1;0;;;;;;0;;;;0;1;0;0;2;5;1;0;0;1;0;;;;1;0;7;0;1;;4;2;;1;1;1;;;0;;0;;;;;;1;0;0;0;0;1;0;;;4;0.4;36;0.138888888888889;7;25.6647147022886;manha
70000064;11000009;1000000604;700000321;2024;14;1;3;1;;00002925;00000005;;00000603;1;0;;;;;;;0;;;;;0;1;0;0;2;5;1;0;0;1;0;;;;1;0;7;0;1;1;4;2;;1;1;1;;;0;;0;;;;;;1;0;0;0;0;1;0;;;4;0.4;36;0.138888888888889;7;25.6647147022886;manha
70000064;11000009;1000001245;700000673;2024;12;2;0;1;;00003867;00000002;;;1;0;0;;;;;;;;;;0;0;1;0;0;2;5;1;0;0;1;0;;;;0;0;4;0;1;;4;2;;1;1;1;;;0;;0;;;;;;1;0;0;0;0;1;0;;;4;0.4;36;0.138888888888889;7;25.6647147022886;manha
70000065;11000009;1000000192;700000107;2024;21;1;1;1;;00002142;00000007;;00000963;1;0;0;;;;0;;1;0;;;;0;1;0;0;17;1;1;0;0;1;0;;12;1;1;0;7;0;1;1;4;2;;1;1;1;;;0;;0;;;;;;1;0;0;0;0;1;0;;;4;0.4;36;0.138888888888889;7;8.35420446994249;manha
70000065;11000009;1000000868;700000457;2024;15;1;3;1;;00005519;00000002;00000003;;1;0;0;;;;;0;;;;;0;;1;0;0;17;1;1;0;0;1;0;;6;1;0;0;7;0;1;;4;2;;1;1;1;;;0;;0;;;;;;1;0;0;0;0;1;0;;;4;0.4;36;0.138888888888889;7;8.35420446994249;manha
70000065;11000009;1000001189;700000634;2024;14;1;1;1;;00001335;00000005;00000004;00001505;1;0;0;;;;;;;;;;;0;1;0;;17;1;1;0;0;1;0;;5;1;1;0;4;0;1;;4;2;;1;1;1;;;0;;0;;;;;;1;0;0;0;0;1;0;;;4;0.4;36;0.138888888888889;7;8.35420446994249;manha
70000065;11000009;1000001512;700000904;2024;20;1;0;1;;00005121;00000003;00000010;00000565;2;0;1;;;;0;0;;0;;;;0;1;;0;17;1;1;0;0;1;0;;11;1;0;0;1;0;1;;4;2;;1;1;1;;;0;;0;;;;;;1;0;0;0;0;1;0;;;4;0.4;36;0.138888888888889;7;8.35420446994249;manha
70000066;11000009;1000000106;700000063;2024;11;1;1;1;;00004685;00000001;;00000117;1;0;0;;0;;;;;;;;;0;1;0;0;15;5;1;0;0;1;0;;4;1;0;0;7;0;1;1;4;2;;1;1;1;;;0;;0;;;;;;1;0;0;0;0;1;0;;;4;0.4;36;0.138888888888889;14;0.53930776193738;tarde
70000066;11000009;1000000668;700000360;2024;10;2;1;1;;00004775;00000007;00000005;00005162;1;0;0;;0;;0;;;;;;;0;1;0;;15;5;1;0;0;1;0;;3;1;2;0;7;1;1;1;4;2;;1;1;1;;;0;;0;;;;;;1;0;0;0;0;1;0;;;4;0.4;36;0.138888888888889;14;0.53930776193738;tarde
70000066;11000009;1000000693;700000375;2024;10;1;0;1;;00003081;00000006;00000011;00004184;1;0;1;;;;0;;;;;;0;0;1;0;0;15;5;1;0;0;1;0;;3;1;0;0;7;0;1;1;4;2;;1;1;1;;;0;;0;;;;;;1;0;0;0;0;1;0;;;4;0.4;36;0.138888888888889;14;0.53930776193738;tarde
70000066;11000009;1000001362;700000766;2024;14;1;3;1;;00000959;00000002;;;1;0;0;0;;;;;;;;0;;0;1;;0;15;5;1;0;0;1;0;;7;1;0;0;3;0;1;;4;2;;1;1;1;;;0;;0;;;;;;1;0;0;0;0;1;0;;;4;0.4;36;0.138888888888889;14;0.53930776193738;tarde
70000066;11000009;1000001377;700000779;2024;23;1;1;1;;00004127;00000001;00000022;00002121;1;0;0;;0;;;0;;;;;;0;1;0;0;15;5;1;0;0;1;0;;16;1;0;0;2;0;1;1;4;2;;1;1;1;;;0;;0;;;;;;1;0;0;0;0;1;0;;;4;0.4;36;0.138888888888889;14;0.53930776193738;tarde
70000066;11000009;1000001479;700000873;2024;10;2;1;1;;00000749;00000004;00000003;;1;0;0;;;;0;;;;;0;;0;1;0;0;15;5;1;0;0;1;0;;3;1;0;0;1;0;1;;4;2;;1;1;1;;;0;;0;;;;;;1;0;0;0;0;1;0;;;4;0.4;36;0.138888888888889;14;0.53930776193738;tarde
70000067;11000009;1000000084;700000048;2024;24;1;3;1;;00003100;00000003;00000022;00004717;1;0;0;;;;;;0;;;;;0;1;0;;16;1;1;0;0;1;0;;16;1;1;1;7;0;1;1;4;2;;1;1;1;;;0;;0;;;;;;1;0;0;0;0;1;0;;;4;0.4;36;0.138888888888889;7;19.619032224291;manha
70000067;11000009;1000000646;700000345;2024;14;1;0;1;;00004667;00000008;00000021;;2;0;0;;;;;;;;;;0;;1;0;0;16;1;1;0;0;1;0;;6;1;1;1;7;0;1;;4;2;;1;1;1;;;0;;0;;;;;;1;0;0;0;0;1;0;;;4;0.4;36;0.138888888888889;7;19.619032224291;manha
70000067;11000009;1000001024;700000531;2024;11;1;3;1;;00004391;00000006;00000006;00000374;1;0;0;;0;;;;0;0;;;;0;1;0;0;16;1;1;0;0;1;0;;3;1;0;0;6;0;1;1;4;2;;1;1;1;;;0;;0;;;;;;1;0;0;0;0;1;0;;;4;0.4;36;0.138888888888889;7;19.619032224291;manha
70000068;11000009;1000000694;700000376;2024;20;1;1;1;;00004157;00000002;;00000554;1;0;1;;;;0;;;;;;0;0;1;0;0;2;5;1;0;0;1;0;;;;0;0;7;0;1;;4;2;;1;1;1;;;0;;0;;;;;;1;0;0;0;0;1;0;;;4;0.4;36;0.138888888888889;8;25.554770209128;manha
70000068;11000009;1000000801;700000431;2024;9;1;3;1;;00003853;00000002;00000012;;1;0;0;;;1;;;0;;;;;0;1;0;0;2;5;1;0;0;1;0;;;;1;0;7;0;1;;4;2;;1;1;1;;;0;;0;;;;;;1;0;0;0;0;1;0;;;4;0.4;36;0.138888888888889;8;25.554770209128;manha
70000068;11000009;1000001340;700000746;2024;19;2;3;1;;00001508;00000004;00000026;;2;0;0;0;;;;;;;;;;0;1;0;0;2;5;1;0;0;1;0;;;;0;0;3;0;1;;4;2;;1;1;1;;;0;;0;;;;;;1;0;0;0;0;1;0;;;4;0.4;36;0.138888888888889;8;25.554770209128;manha
70000069;11000009;1000000314;700000180;2024;17;2;3;1;;00005444;00000004;;;1;0;0;;;;;;;;;;;0;1;0;0;15;5;1;0;0;1;0;;10;1;1;1;7;0;1;;4;2;;1;1;1;;;0;;0;;;;;;1;0;0;0;0;1;0;;;4;0.4;36;0.138888888888889;7;10.8780933561502;manha
70000069;11000009;1000000926;700000487;2024;21;1;3;1;;00004968;00000003;00000009;;1;0;0;;0;1;;;;;0;0;;0;1;;0;15;5;1;0;0;1;0;;14;1;1;0;7;0;1;;4;2;;1;1;1;;;0;;0;;;;;;1;0;0;0;0;1;0;;;4;0.4;36;0.138888888888889;7;10.8780933561502;manha
70000069;11000009;1000001140;700000600;2024;20;1;1;1;;00002451;00000008;;;1;0;0;;;;0;;;;0;;;0;1;0;0;15;5;1;0;0;1;0;;13;1;0;0;5;0;1;;4;2;;1;1;1;;;0;;0;;;;;;1;0;0;0;0;1;0;;;4;0.4;36;0.138888888888889;7;10.8780933561502;manha
70000069;11000009;1000001368;700000772;2024;15;2;1;1;;00000054;00000008;;00002807;2;0;0;;0;1;;;;;;;;0;1;0;0;15;5;1;0;0;1;0;;8;1;0;0;2;0;1;1;4;2;;1;1;1;;;0;;0;;;;;;1;0;0;0;0;1;0;;;4;0.4;36;0.138888888888889;7;10.8780933561502;manha
70000069;11000009;1000001587;700000979;2024;11;2;0;1;;00000553;00000006;00000005;00000772;1;0;1;;;1;;;;;;;;0;1;0;0;15;5;1;0;0;1;0;;4;1;0;0;0;;0;;4;2;;1;1;1;;;0;;0;;;;;;1;0;0;0;0;1;0;;;4;0.4;36;0.138888888888889;7;10.8780933561502;manha
70000070;11000009;1000000153;700000084;2024;22;1;1;1;;00005190;00000004;;00002403;1;0;;;;;;;;;;;;0;1;0;1;27;5;1;0;0;1;0;;5;1;2;0;7;1;1;;4;2;;1;1;1;;;0;;0;;;;;;1;0;0;0;0;1;0;;;4;0.4;36;0.138888888888889;6;15.9068265539827;manha
70000070;11000009;1000000525;700000280;2024;12;1;1;1;;00004842;00000003;;;2;0;1;;;1;;;0;;;;;0;1;0;0;27;5;1;0;0;1;0;;-5;0;0;0;7;0;1;;4;2;;1;1;1;;;0;;0;;;;;;1;0;0;0;0;1;0;;;4;0.4;36;0.138888888888889;6;15.9068265539827;manha
70000070;11000009;1000000738;700000399;2024;13;2;1;1;;00000403;00000002;00000008;00005230;1;0;0;0;;0;;;;;;;;0;1;0;0;27;5;1;0;0;1;0;;-4;0;0;0;7;0;1;1;4;2;;1;1;1;;;0;;0;;;;;;1;0;0;0;0;1;0;;;4;0.4;36;0.138888888888889;6;15.9068265539827;manha
70000070;11000009;1000000799;700000430;2024;21;1;1;1;;00000727;00000009;00000018;00005336;1;0;0;;1;;;;;;0;;;0;1;0;1;27;5;1;0;0;1;0;;4;1;0;0;7;0;1;;4;2;;1;1;1;;;0;;0;;;;;;1;0;0;0;0;1;0;;;4;0.4;36;0.138888888888889;6;15.9068265539827;manha
70000070;11000009;1000000804;700000432;2024;14;2;1;1;;00000740;00000005;00000010;00001466;2;0;0;;;;;;;;;;;;1;0;0;27;5;1;0;0;1;0;;-3;0;0;0;7;0;1;1;4;2;;1;1;1;;;0;;0;;;;;;1;0;0;0;0;1;0;;;4;0.4;36;0.138888888888889;6;15.9068265539827;manha
70000070;11000009;1000000888;700000468;2024;10;1;3;1;;00005402;00000007;00000004;00002910;2;0;0;;;;;;;;;0;;0;1;0;0;27;5;1;0;0;1;0;;-7;0;0;0;7;0;1;;4;2;;1;1;1;;;0;;0;;;;;;1;0;0;0;0;1;0;;;4;0.4;36;0.138888888888889;6;15.9068265539827;manha
70000070;11000009;1000001520;700000912;2024;6;2;3;1;;00001213;00000005;00000025;;1;0;0;;;;0;;;0;;;0;0;1;;0;27;5;1;0;0;1;0;;-11;0;0;0;1;0;1;;4;2;;1;1;1;;;0;;0;;;;;;1;0;0;0;0;1;0;;;4;0.4;36;0.138888888888889;6;15.9068265539827;manha
70000071;11000010;1000001042;700000542;2024;15;1;0;1;;00004760;00000001;00000019;00004811;2;0;0;;;;0;0;0;;0;;;0;1;0;0;14;5;1;0;0;1;0;;9;1;0;1;6;0;1;1;3;2;;;1;1;;1;1;1;;0;;1;;1;1;;;1;1;;;;0;1;0.909090909090909;39;0.0256410256410256;13;37.0311292507686;tarde
70000071;11000010;1000001136;700000597;2024;14;1;3;1;;00002971;00000003;00000026;00003313;1;0;1;;;;;;;;;0;;0;1;0;0;14;5;1;0;0;1;0;;8;1;0;0;5;0;1;;3;2;;;1;1;;1;1;1;;0;;1;;1;1;;;1;1;;;;0;1;0.909090909090909;39;0.0256410256410256;13;37.0311292507686;tarde
70000072;11000010;1000001269;700000694;2024;17;1;1;1;;00003354;00000003;00000009;;1;0;0;0;;;;;;;;;;0;1;0;0;15;5;1;0;0;1;0;;10;1;0;1;4;0;1;;3;2;;;1;1;;1;1;1;;0;;1;;1;1;;;1;1;;;;0;1;0.909090909090909;39;0.0256410256410256;7;8.24373248789925;manha
70000073;11000010;1000000134;700000075;2024;10;2;1;1;;00005037;00000009;;00003699;1;0;0;0;;;;;0;;;;;0;1;0;0;1;5;1;0;0;1;0;;;;0;1;7;0;1;1;3;2;;;1;1;;1;1;1;;0;;1;;1;1;;;1;1;;;;0;1;0.909090909090909;39;0.0256410256410256;7;7.08118321956135;manha
70000073;11000010;1000000368;700000209;2024;22;2;1;1;;00002914;00000003;;00000219;1;1;0;;;;;;;0;;;0;0;1;0;0;1;5;1;0;0;1;0;;;;0;0;7;0;1;1;3;2;;;1;1;;1;1;1;;0;;1;;1;1;;;1;1;;;;0;1;0.909090909090909;39;0.0256410256410256;7;7.08118321956135;manha
70000073;11000010;1000000498;700000266;2024;21;1;1;1;;00002195;00000002;00000022;00004855;1;0;0;;;;;;;;;;;0;1;0;0;1;5;1;0;0;1;0;;;;0;0;7;0;1;1;3;2;;;1;1;;1;1;1;;0;;1;;1;1;;;1;1;;;;0;1;0.909090909090909;39;0.0256410256410256;7;7.08118321956135;manha
70000073;11000010;1000000713;700000387;2024;11;2;3;1;;00000389;00000004;00000018;;1;0;0;;;;0;0;;;;;;0;1;0;0;1;5;1;0;0;1;0;;;;0;0;7;0;1;;3;2;;;1;1;;1;1;1;;0;;1;;1;1;;;1;1;;;;0;1;0.909090909090909;39;0.0256410256410256;7;7.08118321956135;manha
70000073;11000010;1000000977;700000514;2024;16;2;2;1;;00005051;00000006;00000013;;1;0;0;;;;;;;;;;;0;1;0;1;1;5;1;0;0;1;0;;;;1;0;7;0;1;;3;2;;;1;1;;1;1;1;;0;;1;;1;1;;;1;1;;;;0;1;0.909090909090909;39;0.0256410256410256;7;7.08118321956135;manha
70000073;11000010;1000000984;700000517;2024;15;2;3;1;;00003819;00000001;00000011;;2;0;0;;;;;;;0;;;;0;1;0;0;1;5;1;0;0;1;0;;;;0;0;7;0;1;;3;2;;;1;1;;1;1;1;;0;;1;;1;1;;;1;1;;;;0;1;0.909090909090909;39;0.0256410256410256;7;7.08118321956135;manha
70000074;11000010;1000000261;700000154;2024;19;2;0;1;;00002014;00000001;00000001;00004884;1;0;1;0;;;;;;;;;;0;1;0;0;1;5;1;0;0;1;0;;;;0;0;7;0;1;1;3;2;;;1;1;;1;1;1;;0;;1;;1;1;;;1;1;;;;0;1;0.909090909090909;39;0.0256410256410256;8;9.41364233323839;manha
70000074;11000010;1000000433;700000240;2024;19;1;0;1;;00003754;00000006;00000009;00003946;1;0;0;;;;;;;;;;;0;1;0;0;1;5;1;0;0;1;0;;;;1;0;7;0;1;1;3;2;;;1;1;;1;1;1;;0;;1;;1;1;;;1;1;;;;0;1;0.909090909090909;39;0.0256410256410256;8;9.41364233323839;manha
70000074;11000010;1000000620;700000332;2024;15;1;1;1;;00004202;00000008;00000020;;1;0;0;;;;;;;;;0;;0;1;0;0;1;5;1;0;0;1;0;;;;0;0;7;0;1;;3;2;;;1;1;;1;1;1;;0;;1;;1;1;;;1;1;;;;0;1;0.909090909090909;39;0.0256410256410256;8;9.41364233323839;manha
70000074;11000010;1000001076;700000565;2024;19;1;3;1;;00004018;00000002;00000018;;1;0;1;;0;;;;0;;;0;;0;1;0;0;1;5;1;0;0;1;0;;;;0;0;6;0;1;;3;2;;;1;1;;1;1;1;;0;;1;;1;1;;;1;1;;;;0;1;0.909090909090909;39;0.0256410256410256;8;9.41364233323839;manha
70000074;11000010;1000001166;700000615;2024;10;1;1;1;;00004362;00000008;00000011;00003968;1;0;1;;;;0;;0;;;;;0;1;0;0;1;5;1;0;0;1;0;;;;0;0;5;0;1;;3;2;;;1;1;;1;1;1;;0;;1;;1;1;;;1;1;;;;0;1;0.909090909090909;39;0.0256410256410256;8;9.41364233323839;manha
70000074;11000010;1000001524;700000916;2024;13;2;1;1;;00001592;00000004;00000001;00003473;1;0;0;;;;;1;;;;;;0;1;0;0;1;5;1;0;0;1;0;;;;0;0;0;;0;;3;2;;;1;1;;1;1;1;;0;;1;;1;1;;;1;1;;;;0;1;0.909090909090909;39;0.0256410256410256;8;9.41364233323839;manha
70000074;11000010;1000001597;700000989;2024;16;2;3;1;;00001527;00000006;00000006;00003312;2;0;0;;;;;;;;;0;;0;1;1;0;1;5;1;0;0;1;0;;;;0;0;0;;0;;3;2;;;1;1;;1;1;1;;0;;1;;1;1;;;1;1;;;;0;1;0.909090909090909;39;0.0256410256410256;8;9.41364233323839;manha
70000075;11000010;1000000227;700000130;2024;21;1;3;1;;00000032;00000008;00000015;00005463;2;0;0;;;1;;;;;0;;;0;1;0;0;69;5;1;0;0;1;0;;;;0;1;7;0;1;1;3;2;;;1;1;;1;1;1;;0;;1;;1;1;;;1;1;;;;0;1;0.909090909090909;39;0.0256410256410256;11;25.5379494355293;manha
70000075;11000010;1000000627;700000336;2024;22;1;0;1;;00002832;00000009;;00004029;1;0;0;;;;;;;;;;0;0;1;0;0;69;5;1;0;0;1;0;;;;0;1;7;0;1;1;3;2;;;1;1;;1;1;1;;0;;1;;1;1;;;1;1;;;;0;1;0.909090909090909;39;0.0256410256410256;11;25.5379494355293;manha
70000075;11000010;1000000705;700000383;2024;12;1;3;1;;00004999;00000007;00000020;00001307;1;0;0;;;;;;;;;0;;0;1;0;0;69;5;1;0;0;1;0;;;;1;0;7;0;1;;3;2;;;1;1;;1;1;1;;0;;1;;1;1;;;1;1;;;;0;1;0.909090909090909;39;0.0256410256410256;11;25.5379494355293;manha
70000075;11000010;1000001419;700000818;2024;8;1;0;1;;00004889;00000008;00000012;00005427;1;0;1;;;;0;;0;;;;;0;1;0;;69;5;1;0;0;1;0;;;;0;1;2;0;1;;3;2;;;1;1;;1;1;1;;0;;1;;1;1;;;1;1;;;;0;1;0.909090909090909;39;0.0256410256410256;11;25.5379494355293;manha
70000076;11000010;1000000665;700000357;2024;11;1;3;1;;00002041;00000009;;00003829;1;0;0;;;;;0;;;;;;0;1;;;;5;1;0;0;1;0;;;;0;0;7;0;1;1;3;2;;;1;1;;1;1;1;;0;;1;;1;1;;;1;1;;;;0;1;0.909090909090909;39;0.0256410256410256;6;37.8000022927299;manha
70000076;11000010;1000000667;700000359;2024;22;1;0;1;;00002025;00000004;00000004;;2;0;0;;;;;;;;;;;0;1;;0;;5;1;0;0;1;0;;;;0;1;7;0;1;;3;2;;;1;1;;1;1;1;;0;;1;;1;1;;;1;1;;;;0;1;0.909090909090909;39;0.0256410256410256;6;37.8000022927299;manha
70000076;11000010;1000001073;700000563;2024;9;1;3;1;;00000952;00000007;00000009;00000955;1;0;0;;;;;;;;0;;;0;1;;0;;5;1;0;0;1;0;;;;1;1;6;0;1;;3;2;;;1;1;;1;1;1;;0;;1;;1;1;;;1;1;;;;0;1;0.909090909090909;39;0.0256410256410256;6;37.8000022927299;manha
70000076;11000010;1000001434;700000832;2024;14;1;1;1;;00000515;00000008;00000003;;1;0;1;;;0;;;;0;;;;0;1;0;0;;5;1;0;0;1;0;;;;0;0;2;0;1;;3;2;;;1;1;;1;1;1;;0;;1;;1;1;;;1;1;;;;0;1;0.909090909090909;39;0.0256410256410256;6;37.8000022927299;manha
70000076;11000010;1000001560;700000952;2024;6;1;3;1;;00002072;00000005;00000022;00004996;1;0;0;;0;;;;;;;;0;0;1;0;0;;5;1;0;0;1;0;;;;0;0;0;;0;;3;2;;;1;1;;1;1;1;;0;;1;;1;1;;;1;1;;;;0;1;0.909090909090909;39;0.0256410256410256;6;37.8000022927299;manha
70000077;11000010;1000000231;700000133;2024;21;2;3;1;;00003135;00000006;00000002;00002860;1;0;0;;;;;;;;;0;;0;1;0;0;56;5;1;0;0;1;0;;;;1;0;7;0;1;;3;2;;;1;1;;1;1;1;;0;;1;;1;1;;;1;1;;;;0;1;0.909090909090909;39;0.0256410256410256;13;27.1676495403517;tarde
70000077;11000010;1000000343;700000195;2024;16;2;3;1;;00002571;00000009;00000023;;1;0;0;0;;;;;;;;;;0;1;0;0;56;5;1;0;0;1;0;;;;1;0;7;0;1;;3;2;;;1;1;;1;1;1;;0;;1;;1;1;;;1;1;;;;0;1;0.909090909090909;39;0.0256410256410256;13;27.1676495403517;tarde
70000077;11000010;1000001114;700000585;2024;8;2;3;1;;00001326;00000001;;;1;0;1;;;0;;;;;;;;0;1;0;0;56;5;1;0;0;1;0;;;;0;0;5;0;1;;3;2;;;1;1;;1;1;1;;0;;1;;1;1;;;1;1;;;;0;1;0.909090909090909;39;0.0256410256410256;13;27.1676495403517;tarde
70000077;11000010;1000001455;700000852;2024;12;2;0;1;;00005288;00000005;;00004559;1;0;0;0;0;;;1;0;0;;0;0;0;1;0;0;56;5;1;0;0;1;0;;;;0;0;1;0;1;1;3;2;;;1;1;;1;1;1;;0;;1;;1;1;;;1;1;;;;0;1;0.909090909090909;39;0.0256410256410256;13;27.1676495403517;tarde
70000077;11000010;1000001580;700000972;2024;4;2;0;1;;00001025;00000002;00000014;00001744;1;0;1;0;0;;;;;0;;;;0;1;0;0;56;5;1;0;0;1;0;;;;0;0;0;;0;;3;2;;;1;1;;1;1;1;;0;;1;;1;1;;;1;1;;;;0;1;0.909090909090909;39;0.0256410256410256;13;27.1676495403517;tarde
70000078;11000011;1000000240;700000136;2024;19;2;1;1;;00002754;00000003;;;1;0;0;0;;;;;0;0;0;;;0;1;1;0;17;5;1;0;0;1;0;;10;1;0;0;7;0;1;;3;1;4;1;1;;1;;;1;;0;0;;0;;;1;;;1;0;;1;0;2;0.666666666666667;35;0.0857142857142857;7;19.1300785302883;manha
70000078;11000011;1000000292;700000171;2024;18;2;1;1;;00003792;00000001;00000022;;1;0;0;0;;;;0;;;;;;0;1;0;0;17;5;1;0;0;1;0;;9;1;0;0;7;0;1;;3;1;4;1;1;;1;;;1;;0;0;;0;;;1;;;1;0;;1;0;2;0.666666666666667;35;0.0857142857142857;7;19.1300785302883;manha
70000078;11000011;1000000321;700000184;2024;22;1;3;1;;00002473;00000004;;00005320;1;0;0;;;;;;;;;;;0;1;0;0;17;5;1;0;0;1;0;;13;1;1;0;7;0;1;;3;1;4;1;1;;1;;;1;;0;0;;0;;;1;;;1;0;;1;0;2;0.666666666666667;35;0.0857142857142857;7;19.1300785302883;manha
70000078;11000011;1000000347;700000197;2024;16;2;1;1;;00004380;00000003;00000024;00003198;1;1;0;;;0;;;;;;;;0;1;0;0;17;5;1;0;0;1;0;;7;1;0;0;7;0;1;;3;1;4;1;1;;1;;;1;;0;0;;0;;;1;;;1;0;;1;0;2;0.666666666666667;35;0.0857142857142857;7;19.1300785302883;manha
70000078;11000011;1000000401;700000223;2024;14;2;2;1;;;00000006;;00004437;2;0;1;;;;;;;0;;;;0;1;0;0;17;5;1;0;0;1;0;;5;1;0;0;7;0;1;1;3;1;4;1;1;;1;;;1;;0;0;;0;;;1;;;1;0;;1;0;2;0.666666666666667;35;0.0857142857142857;7;19.1300785302883;manha
70000078;11000011;1000001243;700000671;2024;19;2;3;1;;00000662;00000005;;00001431;1;0;0;;;;;;;0;0;;;0;1;1;0;17;5;1;0;0;1;0;;10;1;0;0;4;0;1;1;3;1;4;1;1;;1;;;1;;0;0;;0;;;1;;;1;0;;1;0;2;0.666666666666667;35;0.0857142857142857;7;19.1300785302883;manha
70000078;11000011;1000001527;700000919;2024;4;1;3;1;;00005266;00000006;00000015;00000293;1;0;0;;;;0;;;;;;0;0;1;;0;17;5;1;0;0;1;0;;-5;0;0;0;0;;0;;3;1;4;1;1;;1;;;1;;0;0;;0;;;1;;;1;0;;1;0;2;0.666666666666667;35;0.0857142857142857;7;19.1300785302883;manha
70000080;11000011;1000000901;700000476;2024;20;1;2;1;;00000899;00000002;00000025;00001808;2;0;0;;;;;;;;;;;0;1;0;0;2;5;1;0;0;1;0;;;;0;0;7;0;1;1;3;1;4;1;1;;1;;;1;;0;0;;0;;;1;;;1;0;;1;0;2;0.666666666666667;35;0.0857142857142857;7;3.48735521547496;manha
70000080;11000011;1000001443;700000840;2024;14;1;3;1;;00003804;00000002;00000020;;1;0;0;0;;;;;;;0;;;0;1;0;0;2;5;1;0;0;1;0;;;;0;0;1;0;1;;3;1;4;1;1;;1;;;1;;0;0;;0;;;1;;;1;0;;1;0;2;0.666666666666667;35;0.0857142857142857;7;3.48735521547496;manha
70000081;11000011;1000000248;700000143;2024;14;2;3;1;;00002140;00000004;00000003;;1;1;1;;;;;;;;;;;0;1;;0;14;5;1;0;0;1;0;;8;1;1;0;7;0;1;;3;1;4;1;1;;1;;;1;;0;0;;0;;;1;;;1;0;;1;0;2;0.666666666666667;35;0.0857142857142857;8;27.4717110273195;manha
70000081;11000011;1000000467;700000254;2024;21;2;0;1;;00004451;00000008;00000012;00000195;1;0;0;;;0;;;0;;;0;;0;1;0;0;14;5;1;0;0;1;0;;15;1;0;0;7;0;1;;3;1;4;1;1;;1;;;1;;0;0;;0;;;1;;;1;0;;1;0;2;0.666666666666667;35;0.0857142857142857;8;27.4717110273195;manha
70000081;11000011;1000000491;700000263;2024;15;2;1;1;;00002648;00000007;;00004378;1;0;1;0;0;;;0;;0;;;;0;1;0;0;14;5;1;0;0;1;0;;9;1;0;0;7;0;1;1;3;1;4;1;1;;1;;;1;;0;0;;0;;;1;;;1;0;;1;0;2;0.666666666666667;35;0.0857142857142857;8;27.4717110273195;manha
70000081;11000011;1000001361;700000765;2024;14;2;1;1;;00003082;00000009;;;1;0;0;;;0;;;;;;;0;0;1;0;0;14;5;1;0;0;1;0;;8;1;0;0;3;0;1;;3;1;4;1;1;;1;;;1;;0;0;;0;;;1;;;1;0;;1;0;2;0.666666666666667;35;0.0857142857142857;8;27.4717110273195;manha
70000081;11000011;1000001544;700000936;2024;5;1;3;1;;00000664;00000001;;00004222;1;0;0;;;;;;;;0;;;0;1;0;0;14;5;1;0;0;1;0;;-1;0;0;0;0;;0;;3;1;4;1;1;;1;;;1;;0;0;;0;;;1;;;1;0;;1;0;2;0.666666666666667;35;0.0857142857142857;8;27.4717110273195;manha
70000082;11000011;1000000017;700000010;2024;19;1;0;1;;00005142;00000002;00000017;00004593;1;0;0;;;0;;;;;;0;;0;1;0;0;18;5;1;0;0;1;0;;9;1;1;0;7;1;1;1;3;1;4;1;1;;1;;;1;;0;0;;0;;;1;;;1;0;;1;0;2;0.666666666666667;35;0.0857142857142857;7;31.070324794855;manha
70000082;11000011;1000000896;700000473;2024;22;2;3;1;;00000096;00000008;00000014;;1;0;0;;;;;;;;0;;;0;1;0;0;18;5;1;0;0;1;0;;12;1;1;0;7;0;1;;3;1;4;1;1;;1;;;1;;0;0;;0;;;1;;;1;0;;1;0;2;0.666666666666667;35;0.0857142857142857;7;31.070324794855;manha
70000082;11000011;1000001012;700000527;2024;19;1;1;1;;00000346;00000004;00000003;;1;1;0;;;;0;;;0;;;;0;1;0;0;18;5;1;0;0;1;0;;9;1;2;0;6;1;1;;3;1;4;1;1;;1;;;1;;0;0;;0;;;1;;;1;0;;1;0;2;0.666666666666667;35;0.0857142857142857;7;31.070324794855;manha
70000082;11000011;1000001027;700000533;2024;22;2;0;1;;00000332;00000006;00000006;00005052;1;0;0;;0;0;;;;;;;0;0;1;0;0;18;5;1;0;0;1;0;;12;1;0;0;6;0;1;;3;1;4;1;1;;1;;;1;;0;0;;0;;;1;;;1;0;;1;0;2;0.666666666666667;35;0.0857142857142857;7;31.070324794855;manha
70000082;11000011;1000001155;700000609;2024;20;1;1;1;;00002696;00000005;00000017;00002741;1;0;0;;0;1;;;;;0;;;0;1;0;;18;5;1;0;0;1;0;;10;1;0;0;5;0;1;;3;1;4;1;1;;1;;;1;;0;0;;0;;;1;;;1;0;;1;0;2;0.666666666666667;35;0.0857142857142857;7;31.070324794855;manha
70000082;11000011;1000001367;700000771;2024;8;2;3;1;;00001842;00000003;00000022;;1;0;;0;;;;;;;;;;0;1;0;0;18;5;1;0;0;1;0;;-2;0;0;0;2;0;1;;3;1;4;1;1;;1;;;1;;0;0;;0;;;1;;;1;0;;1;0;2;0.666666666666667;35;0.0857142857142857;7;31.070324794855;manha
70000082;11000011;1000001464;700000860;2024;18;1;1;1;;00004756;00000007;;00000002;1;0;0;;;;;0;;;;0;;;1;0;0;18;5;1;0;0;1;0;;8;1;0;0;1;0;1;1;3;1;4;1;1;;1;;;1;;0;0;;0;;;1;;;1;0;;1;0;2;0.666666666666667;35;0.0857142857142857;7;31.070324794855;manha
70000083;11000011;1000000708;700000384;2024;16;2;0;1;;00002996;00000007;00000012;00004707;2;0;0;;0;;;;;0;0;;0;;1;0;0;;5;1;0;0;1;0;;;;0;0;7;0;1;;3;1;4;1;1;;1;;;1;;0;0;;0;;;1;;;1;0;;1;0;2;0.666666666666667;35;0.0857142857142857;19;7.6906271209009;noite
70000083;11000011;1000000805;700000433;2024;21;1;1;1;;00003143;00000007;00000005;00002390;1;0;0;;;;;;;;;;;0;1;0;;;5;1;0;0;1;0;;;;0;0;7;0;1;1;3;1;4;1;1;;1;;;1;;0;0;;0;;;1;;;1;0;;1;0;2;0.666666666666667;35;0.0857142857142857;19;7.6906271209009;noite
70000083;11000011;1000001327;700000738;2024;17;1;0;1;;00004511;00000007;00000007;;1;0;0;;;;;;;0;;0;;0;1;0;0;;5;1;0;0;1;0;;;;0;0;3;0;1;;3;1;4;1;1;;1;;;1;;0;0;;0;;;1;;;1;0;;1;0;2;0.666666666666667;35;0.0857142857142857;19;7.6906271209009;noite
70000083;11000011;1000001428;700000827;2024;19;2;3;1;;00002067;00000001;;00002007;1;0;0;;;;;;;;;;;0;1;0;0;;5;1;0;0;1;0;;;;0;0;2;0;1;1;3;1;4;1;1;;1;;;1;;0;0;;0;;;1;;;1;0;;1;0;2;0.666666666666667;35;0.0857142857142857;19;7.6906271209009;noite
70000083;11000011;1000001601;700000993;2024;4;2;4;1;;00005161;00000003;;00002345;1;0;0;;;;;;;;0;;;0;1;0;0;;5;1;0;0;1;0;;;;0;0;0;;0;;3;1;4;1;1;;1;;;1;;0;0;;0;;;1;;;1;0;;1;0;2;0.666666666666667;35;0.0857142857142857;19;7.6906271209009;noite
70000084;11000011;1000001134;700000595;2024;20;1;1;1;;00004754;00000006;00000016;00000711;1;0;0;;0;;;;;;;;;0;1;0;0;19;5;1;0;0;1;0;;9;1;0;1;5;0;1;1;3;1;4;1;1;;1;;;1;;0;0;;0;;;1;;;1;0;;1;0;2;0.666666666666667;35;0.0857142857142857;19;22.7770966279786;noite
70000085;11000012;1000000111;700000066;2024;10;1;1;1;;00004585;00000001;00000015;00000353;1;0;0;;;;;0;0;;0;0;0;0;1;0;0;1;5;1;0;0;1;0;;;;0;0;7;0;1;1;3;2;;;;;;1;0;1;;0;0;1;0;;1;;;0;;0;0;0;;0;0.444444444444444;34;0;7;31.1512045777636;manha
70000085;11000012;1000000566;700000303;2024;11;2;3;1;;00003084;00000006;00000027;00001460;2;1;0;0;0;;0;;;;;0;0;;1;0;0;1;5;1;0;0;1;0;;;;0;0;7;0;1;1;3;2;;;;;;1;0;1;;0;0;1;0;;1;;;0;;0;0;0;;0;0.444444444444444;34;0;7;31.1512045777636;manha
70000085;11000012;1000001172;700000619;2024;18;1;0;1;;00003277;00000002;;;1;0;0;;;;0;;;;;;;0;1;0;0;1;5;1;0;0;1;0;;;;1;1;5;0;1;;3;2;;;;;;1;0;1;;0;0;1;0;;1;;;0;;0;0;0;;0;0.444444444444444;34;0;7;31.1512045777636;manha
70000085;11000012;1000001384;700000786;2024;15;1;3;1;;00001415;00000004;;00000816;1;1;0;;;;;;;;;;;0;1;0;0;1;5;1;0;0;1;0;;;;0;1;2;0;1;;3;2;;;;;;1;0;1;;0;0;1;0;;1;;;0;;0;0;0;;0;0.444444444444444;34;0;7;31.1512045777636;manha
70000086;11000012;1000000472;700000257;2024;26;1;3;1;;00004946;00000001;;00002119;1;0;0;;;0;;;;;;;;0;1;0;0;14;2;1;0;0;1;0;;20;1;0;0;7;0;1;;3;2;;;;;;1;0;1;;0;0;1;0;;1;;;0;;0;0;0;;0;0.444444444444444;34;0;7;7.61768058757298;manha
70000086;11000012;1000000657;700000350;2024;19;2;0;1;;00005211;00000007;00000010;00001040;1;0;0;;;;;;;;;;;0;1;0;0;14;2;1;0;0;1;0;;13;1;1;1;7;0;1;1;3;2;;;;;;1;0;1;;0;0;1;0;;1;;;0;;0;0;0;;0;0.444444444444444;34;0;7;7.61768058757298;manha
70000086;11000012;1000000928;700000488;2024;21;1;3;1;;00004810;00000009;00000022;00003284;1;0;0;;;;;0;;;;;;0;1;0;0;14;2;1;0;0;1;0;;15;1;0;0;7;0;1;1;3;2;;;;;;1;0;1;;0;0;1;0;;1;;;0;;0;0;0;;0;0.444444444444444;34;0;7;7.61768058757298;manha
70000086;11000012;1000001061;700000552;2024;22;1;1;1;;00003232;00000005;00000024;;1;0;1;;;;;;;;;;;0;1;0;;14;2;1;0;0;1;0;;16;1;0;0;6;0;1;;3;2;;;;;;1;0;1;;0;0;1;0;;1;;;0;;0;0;0;;0;0.444444444444444;34;0;7;7.61768058757298;manha
70000087;11000012;1000000439;700000243;2024;15;1;1;1;;00003321;00000003;00000024;;1;0;0;;;;;;;;;;0;0;1;0;0;21;3;1;0;0;1;0;;2;1;0;0;7;0;1;;3;2;;;;;;1;0;1;;0;0;1;0;;1;;;0;;0;0;0;;0;0.444444444444444;34;0;13;7.08015714364592;tarde
70000087;11000012;1000000971;700000510;2024;15;2;5;1;;00000647;00000007;00000020;;2;0;0;;;;;;;;;;0;0;1;0;0;21;3;1;0;0;1;0;;2;1;0;0;7;0;1;;3;2;;;;;;1;0;1;;0;0;1;0;;1;;;0;;0;0;0;;0;0.444444444444444;34;0;13;7.08015714364592;tarde
70000087;11000012;1000001095;700000576;2024;23;1;3;1;;00004806;00000006;00000005;00005192;1;0;0;;;;;;;;;;0;0;1;0;0;21;3;1;0;0;1;0;;10;1;0;0;6;0;1;1;3;2;;;;;;1;0;1;;0;0;1;0;;1;;;0;;0;0;0;;0;0.444444444444444;34;0;13;7.08015714364592;tarde
70000087;11000012;1000001176;700000623;2024;9;1;0;1;;00005470;00000003;00000008;00003531;1;0;0;;;;0;;;;;;;0;1;0;0;21;3;1;0;0;1;0;;-4;0;0;0;5;0;1;1;3;2;;;;;;1;0;1;;0;0;1;0;;1;;;0;;0;0;0;;0;0.444444444444444;34;0;13;7.08015714364592;tarde
70000087;11000012;1000001499;700000892;2024;13;2;3;1;;00004168;00000002;;00002946;1;0;0;;;;0;;;;;;;0;1;0;0;21;3;1;0;0;1;0;;0;0;0;0;1;0;1;;3;2;;;;;;1;0;1;;0;0;1;0;;1;;;0;;0;0;0;;0;0.444444444444444;34;0;13;7.08015714364592;tarde
70000088;11000012;1000000864;700000453;2024;16;1;1;1;;00003848;00000004;00000001;00005431;2;0;0;0;;;;;;;;;0;0;1;0;0;19;1;1;0;0;1;0;;5;1;0;0;7;0;1;1;3;2;;;;;;1;0;1;;0;0;1;0;;1;;;0;;0;0;0;;0;0.444444444444444;34;0;7;23.6032778141089;manha
70000088;11000012;1000001116;700000587;2024;15;2;0;1;;00000418;00000007;00000002;00001032;1;0;0;;;;;;;;;;0;0;1;0;0;19;1;1;0;0;1;0;;4;1;0;0;5;0;1;1;3;2;;;;;;1;0;1;;0;0;1;0;;1;;;0;;0;0;0;;0;0.444444444444444;34;0;7;23.6032778141089;manha
70000088;11000012;1000001414;700000813;2024;16;2;1;1;;00003643;00000009;;;1;0;0;;;;;;;;;;;0;1;0;0;19;1;1;0;0;1;0;;5;1;0;0;2;0;1;;3;2;;;;;;1;0;1;;0;0;1;0;;1;;;0;;0;0;0;;0;0.444444444444444;34;0;7;23.6032778141089;manha
70000088;11000012;1000001431;700000829;2024;4;2;3;1;;;00000009;00000017;00002158;1;0;1;;;;0;;;;;;;0;1;0;0;19;1;1;0;0;1;0;;-7;0;0;0;2;0;1;1;3;2;;;;;;1;0;1;;0;0;1;0;;1;;;0;;0;0;0;;0;0.444444444444444;34;0;7;23.6032778141089;manha
70000088;11000012;1000001465;700000861;2024;18;2;0;1;;00002171;00000002;00000027;00003095;1;0;0;;;;;;;;;;0;0;1;;0;19;1;1;0;0;1;0;;7;1;0;0;1;0;1;1;3;2;;;;;;1;0;1;;0;0;1;0;;1;;;0;;0;0;0;;0;0.444444444444444;34;0;7;23.6032778141089;manha
70000089;11000012;1000001064;700000554;2024;14;2;3;1;;00005041;00000008;00000015;00001089;2;0;0;;;;;;;;;0;;0;1;0;0;25;5;1;0;0;1;0;;-1;0;0;0;6;0;1;;3;2;;;;;;1;0;1;;0;0;1;0;;1;;;0;;0;0;0;;0;0.444444444444444;34;0;7;6.76163920899853;manha
70000089;11000012;1000001299;700000718;2024;12;1;1;1;;00002907;00000003;00000002;;1;0;1;;;1;;;;;;;;0;1;0;0;25;5;1;0;0;1;0;;-3;0;0;0;3;0;1;;3;2;;;;;;1;0;1;;0;0;1;0;;1;;;0;;0;0;0;;0;0.444444444444444;34;0;7;6.76163920899853;manha
70000089;11000012;1000001459;700000856;2024;16;2;3;1;;00000729;00000003;;00001960;1;0;0;;;;;0;;;;;;0;1;0;0;25;5;1;0;0;1;0;;1;0;0;0;1;0;1;1;3;2;;;;;;1;0;1;;0;0;1;0;;1;;;0;;0;0;0;;0;0.444444444444444;34;0;7;6.76163920899853;manha
70000089;11000012;1000001484;700000877;2024;8;1;3;1;;00001253;00000005;00000007;00004945;1;0;0;;;;0;;;0;;;0;0;1;0;0;25;5;1;0;0;1;0;;-7;0;0;0;1;0;1;1;3;2;;;;;;1;0;1;;0;0;1;0;;1;;;0;;0;0;0;;0;0.444444444444444;34;0;7;6.76163920899853;manha
70000089;11000012;1000001547;700000939;2024;11;2;3;1;;00002667;00000009;;;1;0;0;;;;;;;;;0;;0;1;;0;25;5;1;0;0;1;0;;-4;0;0;0;0;;0;;3;2;;;;;;1;0;1;;0;0;1;0;;1;;;0;;0;0;0;;0;0.444444444444444;34;0;7;6.76163920899853;manha
70000090;11000012;1000000009;700000007;2024;12;1;0;1;;00005428;00000005;00000012;00005101;1;0;;;0;;;;0;;0;;0;0;1;0;0;1;5;1;0;0;1;0;;;;0;1;7;0;1;;3;2;;;;;;1;0;1;;0;0;1;0;;1;;;0;;0;0;0;;0;0.444444444444444;34;0;7;38.8013602364808;manha
70000090;11000012;1000000126;700000072;2024;8;2;0;1;;00004138;00000008;;;1;0;0;;;;;;;;;;;0;1;0;0;1;5;1;0;0;1;0;;;;0;0;7;0;1;;3;2;;;;;;1;0;1;;0;0;1;0;;1;;;0;;0;0;0;;0;0.444444444444444;34;0;7;38.8013602364808;manha
70000090;11000012;1000000729;700000394;2024;23;2;1;1;;00000163;00000004;;00001498;1;0;0;;;;;;;;;0;;0;1;0;0;1;5;1;0;0;1;0;;;;1;0;7;1;1;1;3;2;;;;;;1;0;1;;0;0;1;0;;1;;;0;;0;0;0;;0;0.444444444444444;34;0;7;38.8013602364808;manha
70000091;11000012;1000000039;700000022;2024;23;1;1;1;;00005336;00000006;;00002398;1;0;0;;;;;;;;;0;;0;1;0;0;1;2;1;0;0;1;0;;;;0;0;7;0;1;1;3;2;;;;;;1;0;1;;0;0;1;0;;1;;;0;;0;0;0;;0;0.444444444444444;34;0;7;17.6756555988686;manha
70000091;11000012;1000000259;700000152;2024;13;1;1;1;;00002123;00000008;00000012;;2;0;0;0;1;;;;;;;;;0;1;0;0;1;2;1;0;0;1;0;;;;0;0;7;0;1;;3;2;;;;;;1;0;1;;0;0;1;0;;1;;;0;;0;0;0;;0;0.444444444444444;34;0;7;17.6756555988686;manha
70000091;11000012;1000000421;700000232;2024;15;1;0;1;;00004259;00000009;00000023;;1;0;0;;;;;;;0;;;;0;1;0;0;1;2;1;0;0;1;0;;;;0;0;7;0;1;;3;2;;;;;;1;0;1;;0;0;1;0;;1;;;0;;0;0;0;;0;0.444444444444444;34;0;7;17.6756555988686;manha
70000091;11000012;1000000682;700000368;2024;11;2;3;1;;00000456;00000005;00000026;00002714;2;0;0;;;;0;;;;;;;0;1;0;0;1;2;1;0;0;1;0;;;;0;0;7;0;1;1;3;2;;;;;;1;0;1;;0;0;1;0;;1;;;0;;0;0;0;;0;0.444444444444444;34;0;7;17.6756555988686;manha
70000092;11000013;1000000199;700000111;2024;11;2;1;1;;00004241;00000007;;00001341;2;0;0;;;;0;;;;0;0;;0;1;0;;1;3;1;0;0;1;0;;;;0;0;7;0;1;1;3;2;;1;;1;;1;1;1;;0;0;;1;1;0;;0;;1;;0;0;0;1;0.666666666666667;36;0.0277777777777778;13;7.82330286048818;tarde
70000092;11000013;1000001075;700000564;2024;10;1;1;1;;00002957;00000001;;00004662;1;0;0;;;;0;;;;;;;0;1;0;0;1;3;1;0;0;1;0;;;;0;0;6;0;1;;3;2;;1;;1;;1;1;1;;0;0;;1;1;0;;0;;1;;0;0;0;1;0.666666666666667;36;0.0277777777777778;13;7.82330286048818;tarde
70000092;11000013;1000001294;700000714;2024;17;2;3;1;;00005330;00000003;;;1;0;0;;;;;;;;;;0;0;1;0;0;1;3;1;0;0;1;0;;;;0;0;3;0;1;;3;2;;1;;1;;1;1;1;;0;0;;1;1;0;;0;;1;;0;0;0;1;0.666666666666667;36;0.0277777777777778;13;7.82330286048818;tarde
70000092;11000013;1000001345;700000751;2024;21;2;3;1;;00001494;00000007;00000018;00003151;1;0;0;;0;;;;;;;;;0;1;0;0;1;3;1;0;0;1;0;;;;0;1;3;0;1;;3;2;;1;;1;;1;1;1;;0;0;;1;1;0;;0;;1;;0;0;0;1;0.666666666666667;36;0.0277777777777778;13;7.82330286048818;tarde
70000092;11000013;1000001378;700000780;2024;6;2;3;1;;00003108;00000003;00000015;00000545;1;0;;;;0;;;;;;0;;0;1;0;0;1;3;1;0;0;1;0;;;;0;0;2;0;1;1;3;2;;1;;1;;1;1;1;;0;0;;1;1;0;;0;;1;;0;0;0;1;0.666666666666667;36;0.0277777777777778;13;7.82330286048818;tarde
70000093;11000013;1000000631;700000339;2024;17;1;0;1;;00001183;00000006;00000013;;1;0;0;0;;;0;;;;;;;0;1;0;0;25;5;1;0;0;1;0;;2;1;0;1;7;0;1;;3;2;;1;;1;;1;1;1;;0;0;;1;1;0;;0;;1;;0;0;0;1;0.666666666666667;36;0.0277777777777778;7;44.3900105953217;manha
70000093;11000013;1000001183;700000630;2024;10;1;3;1;;00003164;00000007;;00005028;1;0;1;;;;;;;0;;;;0;1;0;0;25;5;1;0;0;1;0;;-5;0;1;0;5;0;1;1;3;2;;1;;1;;1;1;1;;0;0;;1;1;0;;0;;1;;0;0;0;1;0.666666666666667;36;0.0277777777777778;7;44.3900105953217;manha
70000093;11000013;1000001217;700000651;2024;7;2;1;1;;00001681;00000001;00000007;00003151;2;1;0;;;;0;0;;;;0;;0;1;0;0;25;5;1;0;0;1;0;;-8;0;0;0;4;0;1;1;3;2;;1;;1;;1;1;1;;0;0;;1;1;0;;0;;1;;0;0;0;1;0.666666666666667;36;0.0277777777777778;7;44.3900105953217;manha
70000093;11000013;1000001373;700000775;2024;8;2;3;1;;00005554;00000009;;00000647;1;0;0;0;;;0;0;;;0;;0;0;1;0;0;25;5;1;0;0;1;0;;-7;0;0;0;2;0;1;;3;2;;1;;1;;1;1;1;;0;0;;1;1;0;;0;;1;;0;0;0;1;0.666666666666667;36;0.0277777777777778;7;44.3900105953217;manha
70000094;11000013;1000000595;700000317;2024;15;1;3;1;;00002524;00000008;00000010;00002333;1;0;0;;;;;0;;;;;;0;1;0;0;18;5;1;0;0;1;0;;5;1;0;1;7;0;1;;3;2;;1;;1;;1;1;1;;0;0;;1;1;0;;0;;1;;0;0;0;1;0.666666666666667;36;0.0277777777777778;13;16.3508169690613;tarde
70000094;11000013;1000000870;700000458;2024;24;2;2;1;;00004318;00000005;00000027;;1;1;1;;;;;;;;0;0;0;0;1;0;;18;5;1;0;0;1;0;;14;1;0;0;7;0;1;;3;2;;1;;1;;1;1;1;;0;0;;1;1;0;;0;;1;;0;0;0;1;0.666666666666667;36;0.0277777777777778;13;16.3508169690613;tarde
70000094;11000013;1000000923;700000486;2024;19;2;0;1;;00002716;00000009;;00003640;1;0;0;;;;0;0;;;;;;0;1;0;0;18;5;1;0;0;1;0;;9;1;0;0;7;0;1;1;3;2;;1;;1;;1;1;1;;0;0;;1;1;0;;0;;1;;0;0;0;1;0.666666666666667;36;0.0277777777777778;13;16.3508169690613;tarde
70000094;11000013;1000001111;700000584;2024;14;1;1;1;;00002058;00000008;;00001444;1;0;0;;;;0;;;;;;;0;1;0;0;18;5;1;0;0;1;0;;4;1;0;0;5;0;1;1;3;2;;1;;1;;1;1;1;;0;0;;1;1;0;;0;;1;;0;0;0;1;0.666666666666667;36;0.0277777777777778;13;16.3508169690613;tarde
70000094;11000013;1000001139;700000599;2024;15;1;0;1;;00005115;00000004;00000004;00001820;1;0;0;;;;;;;0;;0;;0;1;0;0;18;5;1;0;0;1;0;;5;1;0;0;5;0;1;;3;2;;1;;1;;1;1;1;;0;0;;1;1;0;;0;;1;;0;0;0;1;0.666666666666667;36;0.0277777777777778;13;16.3508169690613;tarde
70000095;11000013;1000000474;700000258;2024;15;2;3;1;;00004568;00000007;00000016;;1;0;0;0;0;;;;;;0;0;;0;1;0;0;1;5;1;0;0;1;0;;;;0;0;7;0;1;;3;2;;1;;1;;1;1;1;;0;0;;1;1;0;;0;;1;;0;0;0;1;0.666666666666667;36;0.0277777777777778;13;37.0894926730543;tarde
70000095;11000013;1000000955;700000504;2024;13;2;0;1;;00002671;00000005;00000027;00001622;1;0;0;;;;;;;0;0;;;;1;0;0;1;5;1;0;0;1;0;;;;0;0;7;0;1;;3;2;;1;;1;;1;1;1;;0;0;;1;1;0;;0;;1;;0;0;0;1;0.666666666666667;36;0.0277777777777778;13;37.0894926730543;tarde
70000095;11000013;1000001363;700000767;2024;14;1;3;1;;00004973;00000008;00000010;;1;0;0;;0;;0;0;0;;;;;0;1;0;0;1;5;1;0;0;1;0;;;;0;0;3;0;1;;3;2;;1;;1;;1;1;1;;0;0;;1;1;0;;0;;1;;0;0;0;1;0.666666666666667;36;0.0277777777777778;13;37.0894926730543;tarde
70000095;11000013;1000001424;700000823;2024;6;1;1;1;;00004625;00000009;00000001;00004061;1;0;;;;;;;;;;;0;0;1;0;0;1;5;1;0;0;1;0;;;;0;0;2;0;1;1;3;2;;1;;1;;1;1;1;;0;0;;1;1;0;;0;;1;;0;0;0;1;0.666666666666667;36;0.0277777777777778;13;37.0894926730543;tarde
70000095;11000013;1000001496;700000889;2024;15;2;3;1;;00001056;00000006;00000018;;1;0;0;;;;0;;;;0;;;0;1;0;0;1;5;1;0;0;1;0;;;;0;0;1;0;1;;3;2;;1;;1;;1;1;1;;0;0;;1;1;0;;0;;1;;0;0;0;1;0.666666666666667;36;0.0277777777777778;13;37.0894926730543;tarde
70000096;11000013;1000000784;700000424;2024;12;2;1;1;;00005462;00000009;00000003;00000143;2;0;0;;;;;;0;;;;;0;1;0;0;18;5;1;0;0;1;0;;2;1;0;0;7;0;1;;3;2;;1;;1;;1;1;1;;0;0;;1;1;0;;0;;1;;0;0;0;1;0.666666666666667;36;0.0277777777777778;7;28.8478949759156;manha
70000096;11000013;1000001026;700000532;2024;16;2;0;1;;00005445;00000002;;00002919;1;0;0;;;;;;;0;;;;0;1;1;0;18;5;1;0;0;1;0;;6;1;0;1;6;0;1;;3;2;;1;;1;;1;1;1;;0;0;;1;1;0;;0;;1;;0;0;0;1;0.666666666666667;36;0.0277777777777778;7;28.8478949759156;manha
70000097;11000013;1000000774;700000416;2024;11;2;0;1;;00003774;00000003;00000004;;2;0;1;;;;0;;;;;;;0;1;0;0;;5;1;0;0;1;0;;;;0;0;7;0;1;;3;2;;1;;1;;1;1;1;;0;0;;1;1;0;;0;;1;;0;0;0;1;0.666666666666667;36;0.0277777777777778;7;6.91738371853717;manha
70000097;11000013;1000000951;700000501;2024;22;2;3;1;;00001617;00000003;;00003344;1;0;0;;1;;;1;0;;;;;0;1;0;0;;5;1;0;0;1;0;;;;0;1;7;0;1;1;3;2;;1;;1;;1;1;1;;0;0;;1;1;0;;0;;1;;0;0;0;1;0.666666666666667;36;0.0277777777777778;7;6.91738371853717;manha
70000097;11000013;1000001071;700000561;2024;14;1;1;1;;00003528;00000005;00000023;00005135;1;0;0;;;;;;;;;;;0;1;1;0;;5;1;0;0;1;0;;;;0;0;6;0;1;;3;2;;1;;1;;1;1;1;;0;0;;1;1;0;;0;;1;;0;0;0;1;0.666666666666667;36;0.0277777777777778;7;6.91738371853717;manha
70000098;11000013;1000000359;700000203;2024;15;2;3;1;;00003183;00000004;00000020;00004124;1;0;0;;;;;0;;;;;;0;1;0;0;17;5;1;0;0;1;0;;6;1;0;0;7;0;1;1;3;2;;1;;1;;1;1;1;;0;0;;1;1;0;;0;;1;;0;0;0;1;0.666666666666667;36;0.0277777777777778;7;32.2525573003804;manha
70000098;11000013;1000000623;700000334;2024;11;1;0;1;;00001168;00000003;;00003861;1;0;1;;0;1;0;;0;;;;;0;1;0;0;17;5;1;0;0;1;0;;2;1;0;0;7;0;1;1;3;2;;1;;1;;1;1;1;;0;0;;1;1;0;;0;;1;;0;0;0;1;0.666666666666667;36;0.0277777777777778;7;32.2525573003804;manha
70000098;11000013;1000000643;700000343;2024;10;2;1;1;;00003380;00000006;;;1;0;0;;;;;;;;;;;0;1;0;0;17;5;1;0;0;1;0;;1;0;0;1;7;0;1;;3;2;;1;;1;;1;1;1;;0;0;;1;1;0;;0;;1;;0;0;0;1;0.666666666666667;36;0.0277777777777778;7;32.2525573003804;manha
70000098;11000013;1000000756;700000407;2024;14;2;0;1;;00001433;00000002;;00001024;1;0;0;;;;;;;;;;;0;1;0;0;17;5;1;0;0;1;0;;5;1;1;0;7;0;1;1;3;2;;1;;1;;1;1;1;;0;0;;1;1;0;;0;;1;;0;0;0;1;0.666666666666667;36;0.0277777777777778;7;32.2525573003804;manha
70000098;11000013;1000000776;700000417;2024;8;2;3;1;;00004802;00000007;00000010;00005100;1;0;1;;;;;;0;;;;0;;1;0;0;17;5;1;0;0;1;0;;-1;0;0;0;7;0;1;1;3;2;;1;;1;;1;1;1;;0;0;;1;1;0;;0;;1;;0;0;0;1;0.666666666666667;36;0.0277777777777778;7;32.2525573003804;manha
70000098;11000013;1000001317;700000731;2024;9;1;1;1;;00004584;00000002;;;2;0;0;;;1;;;;0;;;0;0;1;1;;17;5;1;0;0;1;0;;0;0;0;0;3;0;1;;3;2;;1;;1;;1;1;1;;0;0;;1;1;0;;0;;1;;0;0;0;1;0.666666666666667;36;0.0277777777777778;7;32.2525573003804;manha
70000100;11000014;1000000279;700000164;2024;16;2;1;1;;00005509;00000001;00000026;;1;0;0;;;;;;0;;;;;0;1;0;0;15;1;1;0;0;1;0;;9;1;0;0;7;0;1;;3;1;;1;1;1;0;;1;0;0;0;;1;0;;;1;;0;1;0;0;;;;0.538461538461538;22;0;13;15.9798133641016;tarde
70000100;11000014;1000000322;700000185;2024;21;2;3;1;;00001646;00000005;00000024;00003655;1;0;0;;;;;;;;;;;0;1;0;0;15;1;1;0;0;1;0;;14;1;0;1;7;0;1;;3;1;;1;1;1;0;;1;0;0;0;;1;0;;;1;;0;1;0;0;;;;0.538461538461538;22;0;13;15.9798133641016;tarde
70000100;11000014;1000000530;700000283;2024;10;1;0;1;;;00000008;00000014;;2;0;0;;;;;;;;;;;0;1;0;0;15;1;1;0;0;1;0;;3;1;0;0;7;0;1;;3;1;;1;1;1;0;;1;0;0;0;;1;0;;;1;;0;1;0;0;;;;0.538461538461538;22;0;13;15.9798133641016;tarde
70000100;11000014;1000000603;700000320;2024;18;2;3;1;;00003030;00000002;00000019;;1;0;0;;;1;;;0;0;;;;0;1;0;0;15;1;1;0;0;1;0;;11;1;1;0;7;0;1;;3;1;;1;1;1;0;;1;0;0;0;;1;0;;;1;;0;1;0;0;;;;0.538461538461538;22;0;13;15.9798133641016;tarde
70000100;11000014;1000000982;700000516;2024;15;1;0;1;;00004876;00000002;00000019;00001886;2;0;0;;;1;0;;;;0;;;0;1;1;0;15;1;1;0;0;1;0;;8;1;0;0;7;0;1;;3;1;;1;1;1;0;;1;0;0;0;;1;0;;;1;;0;1;0;0;;;;0.538461538461538;22;0;13;15.9798133641016;tarde
70000101;11000014;1000000480;700000259;2024;17;1;0;1;;00002707;00000001;00000008;00002381;1;0;0;;;1;;;;;;;;0;1;0;0;32;5;1;0;0;1;0;;0;0;1;0;7;0;1;1;3;1;;1;1;1;0;;1;0;0;0;;1;0;;;1;;0;1;0;0;;;;0.538461538461538;22;0;7;8.90405521378852;manha
70000101;11000014;1000000747;700000402;2024;24;1;0;1;;00001128;00000005;;00000783;1;0;0;;;;;;;;;0;;0;1;0;0;32;5;1;0;0;1;0;;7;1;1;0;7;1;1;1;3;1;;1;1;1;0;;1;0;0;0;;1;0;;;1;;0;1;0;0;;;;0.538461538461538;22;0;7;8.90405521378852;manha
70000101;11000014;1000000809;700000434;2024;14;1;1;1;;00005439;00000005;;00004284;2;0;0;;;;;0;;;;;;0;1;0;0;32;5;1;0;0;1;0;;-3;0;0;0;7;0;1;;3;1;;1;1;1;0;;1;0;0;0;;1;0;;;1;;0;1;0;0;;;;0.538461538461538;22;0;7;8.90405521378852;manha
70000101;11000014;1000001480;700000874;2024;16;1;3;1;;00001609;00000008;;00002158;1;0;0;0;;;;;;0;;;;0;1;0;0;32;5;1;0;0;1;0;;-1;0;0;0;1;0;1;;3;1;;1;1;1;0;;1;0;0;0;;1;0;;;1;;0;1;0;0;;;;0.538461538461538;22;0;7;8.90405521378852;manha
70000102;11000014;1000001221;700000654;2024;6;1;3;1;;00002982;00000008;00000008;;2;0;0;;;0;0;;;;;;;0;1;0;0;;5;1;0;0;1;0;;;;1;0;4;1;1;;3;1;;1;1;1;0;;1;0;0;0;;1;0;;;1;;0;1;0;0;;;;0.538461538461538;22;0;7;39.4659381001256;manha
70000102;11000014;1000001280;700000702;2024;10;1;0;1;;00005305;00000002;00000026;00002450;1;0;1;0;;1;;;0;;;;;0;1;1;0;;5;1;0;0;1;0;;;;0;0;3;0;1;1;3;1;;1;1;1;0;;1;0;0;0;;1;0;;;1;;0;1;0;0;;;;0.538461538461538;22;0;7;39.4659381001256;manha
70000103;11000014;1000000624;700000335;2024;21;2;3;1;;00001726;00000004;00000014;00005166;1;0;1;;0;;0;;;0;;0;0;;1;0;0;;5;1;0;0;1;0;;;;0;1;7;0;1;1;3;1;;1;1;1;0;;1;0;0;0;;1;0;;;1;;0;1;0;0;;;;0.538461538461538;22;0;19;6.50627113529481;noite
70000103;11000014;1000000894;700000472;2024;22;1;1;1;;00004166;00000002;00000010;00004313;2;0;1;;;;;;;;0;;;0;1;0;0;;5;1;0;0;1;0;;;;0;0;7;0;1;1;3;1;;1;1;1;0;;1;0;0;0;;1;0;;;1;;0;1;0;0;;;;0.538461538461538;22;0;19;6.50627113529481;noite
70000103;11000014;1000001239;700000668;2024;13;2;1;1;;00003196;00000004;00000009;00001758;2;0;0;;;;0;;;;;;0;;1;0;0;;5;1;0;0;1;0;;;;0;0;4;0;1;;3;1;;1;1;1;0;;1;0;0;0;;1;0;;;1;;0;1;0;0;;;;0.538461538461538;22;0;19;6.50627113529481;noite
70000103;11000014;1000001277;700000700;2024;18;2;0;1;;00004514;00000007;00000020;00004762;1;0;0;;;;;;0;;;;;0;1;0;0;;5;1;0;0;1;0;;;;0;0;3;0;1;1;3;1;;1;1;1;0;;1;0;0;0;;1;0;;;1;;0;1;0;0;;;;0.538461538461538;22;0;19;6.50627113529481;noite
70000104;11000014;1000001504;700000897;2024;12;2;2;1;;00002705;00000004;;;1;0;1;;;;;0;;;;;;0;1;1;1;14;5;1;0;0;1;0;;6;1;0;0;1;0;1;;3;1;;1;1;1;0;;1;0;0;0;;1;0;;;1;;0;1;0;0;;;;0.538461538461538;22;0;13;19.3372632248793;tarde
70000105;11000014;1000000203;700000114;2024;15;1;0;1;;;00000008;;;1;0;1;;;;;;;;0;0;0;0;1;0;0;25;5;1;0;0;1;0;;0;0;1;0;7;0;1;;3;1;;1;1;1;0;;1;0;0;0;;1;0;;;1;;0;1;0;0;;;;0.538461538461538;22;0;13;4.72605036338791;tarde
70000105;11000014;1000000748;700000403;2024;8;1;0;1;;00000253;00000004;;00000098;1;0;0;;;;;0;;;;;;0;1;0;0;25;5;1;0;0;1;0;;-7;0;0;0;7;0;1;1;3;1;;1;1;1;0;;1;0;0;0;;1;0;;;1;;0;1;0;0;;;;0.538461538461538;22;0;13;4.72605036338791;tarde
70000105;11000014;1000000813;700000436;2024;13;1;3;1;;00004304;00000008;;;2;0;0;;;;0;;;;;;;1;1;0;;25;5;1;0;0;1;0;;-2;0;0;0;7;0;1;;3;1;;1;1;1;0;;1;0;0;0;;1;0;;;1;;0;1;0;0;;;;0.538461538461538;22;0;13;4.72605036338791;tarde
70000105;11000014;1000001348;700000753;2024;6;1;0;1;;00000872;00000007;;00003294;1;0;0;;;;;;;0;;;;0;1;0;0;25;5;1;0;0;1;0;;-9;0;0;0;3;0;1;1;3;1;;1;1;1;0;;1;0;0;0;;1;0;;;1;;0;1;0;0;;;;0.538461538461538;22;0;13;4.72605036338791;tarde
70000106;11000015;1000000241;700000137;2024;23;2;3;1;;00001978;00000009;00000013;00001895;1;0;0;;;;;;;;;;;0;1;0;0;32;5;1;0;0;1;0;;6;1;0;0;7;0;1;;2;2;;1;;;;1;1;;;0;1;1;;1;1;1;;1;1;2;;;0;2;0.909090909090909;27;0.148148148148148;7;9.81639312114567;manha
70000107;11000015;1000000092;700000055;2024;17;1;3;1;;00005327;00000009;;00000951;2;0;0;;0;;;0;;;;;;0;1;0;0;19;1;1;0;0;1;0;;6;1;0;0;7;0;1;1;2;2;;1;;;;1;1;;;0;1;1;;1;1;1;;1;1;2;;;0;2;0.909090909090909;27;0.148148148148148;13;16.183139475761;tarde
70000107;11000015;1000001590;700000982;2024;15;2;3;1;;00004038;00000006;00000011;00001371;2;0;0;0;;;;;;;;;;0;1;0;0;19;1;1;0;0;1;0;;4;1;0;0;0;;0;;2;2;;1;;;;1;1;;;0;1;1;;1;1;1;;1;1;2;;;0;2;0.909090909090909;27;0.148148148148148;13;16.183139475761;tarde
70000108;11000015;1000000334;700000191;2024;12;2;1;1;;00004170;00000003;00000008;00002220;1;0;0;0;;;;;1;;;;;0;1;0;0;68;5;1;0;0;1;0;;;;0;1;7;0;1;1;2;2;;1;;;;1;1;;;0;1;1;;1;1;1;;1;1;2;;;0;2;0.909090909090909;27;0.148148148148148;7;17.8323159710271;manha
70000108;11000015;1000000355;700000201;2024;15;1;1;1;;00005118;00000005;;00000110;2;0;0;;;;;;;;;;;0;1;0;0;68;5;1;0;0;1;0;;;;1;0;7;0;1;1;2;2;;1;;;;1;1;;;0;1;1;;1;1;1;;1;1;2;;;0;2;0.909090909090909;27;0.148148148148148;7;17.8323159710271;manha
70000108;11000015;1000000690;700000374;2024;23;2;3;1;;00001672;00000003;;;1;0;1;;1;;;;;;;;;0;1;0;0;68;5;1;0;0;1;0;;;;1;0;7;1;1;;2;2;;1;;;;1;1;;;0;1;1;;1;1;1;;1;1;2;;;0;2;0.909090909090909;27;0.148148148148148;7;17.8323159710271;manha
70000108;11000015;1000001019;700000528;2024;31;2;0;1;;00000650;00000008;00000009;00001709;1;0;0;;0;;;;;;;;;0;1;0;0;68;5;1;0;0;1;0;;;;0;0;6;0;1;;2;2;;1;;;;1;1;;;0;1;1;;1;1;1;;1;1;2;;;0;2;0.909090909090909;27;0.148148148148148;7;17.8323159710271;manha
70000109;11000015;1000000175;700000097;2024;21;1;1;1;;00003181;00000008;00000025;00002112;1;0;;;;;;;;0;;;;0;1;1;0;17;2;1;0;0;1;0;;12;1;0;0;7;0;1;;2;2;;1;;;;1;1;;;0;1;1;;1;1;1;;1;1;2;;;0;2;0.909090909090909;27;0.148148148148148;7;21.9044643174857;manha
70000109;11000015;1000001164;700000613;2024;12;1;3;1;;00002379;00000001;00000001;;1;0;0;;;;;;;;;;;0;1;0;0;17;2;1;0;0;1;0;;3;1;0;0;5;0;1;;2;2;;1;;;;1;1;;;0;1;1;;1;1;1;;1;1;2;;;0;2;0.909090909090909;27;0.148148148148148;7;21.9044643174857;manha
70000109;11000015;1000001204;700000639;2024;6;1;3;1;;00004446;00000002;;00002458;1;0;0;;;;;;0;;;;;0;1;0;0;17;2;1;0;0;1;0;;-3;0;0;0;4;0;1;1;2;2;;1;;;;1;1;;;0;1;1;;1;1;1;;1;1;2;;;0;2;0.909090909090909;27;0.148148148148148;7;21.9044643174857;manha
70000109;11000015;1000001593;700000985;2024;16;2;3;1;;00000840;00000001;00000019;00002271;2;0;0;;0;;;;;;;;;0;1;0;0;17;2;1;0;0;1;0;;7;1;0;0;0;;0;;2;2;;1;;;;1;1;;;0;1;1;;1;1;1;;1;1;2;;;0;2;0.909090909090909;27;0.148148148148148;7;21.9044643174857;manha
70000110;11000015;1000000065;700000033;2024;21;1;3;1;;00004510;00000004;00000006;00002508;1;0;1;;;;;;0;;;;;0;1;1;0;;5;1;0;0;1;0;;;;1;0;7;1;1;;2;2;;1;;;;1;1;;;0;1;1;;1;1;1;;1;1;2;;;0;2;0.909090909090909;27;0.148148148148148;13;22.0411940920167;tarde
70000110;11000015;1000000872;700000460;2024;20;1;1;1;;00005297;00000005;00000008;00000555;1;0;0;;;;;;;;;;;;1;0;0;;5;1;0;0;1;0;;;;0;0;7;0;1;1;2;2;;1;;;;1;1;;;0;1;1;;1;1;1;;1;1;2;;;0;2;0.909090909090909;27;0.148148148148148;13;22.0411940920167;tarde
70000110;11000015;1000001415;700000814;2024;8;1;1;1;;00001888;00000007;;00003580;1;0;0;;;;;;;;0;;;0;1;0;1;;5;1;0;0;1;0;;;;0;0;2;0;1;;2;2;;1;;;;1;1;;;0;1;1;;1;1;1;;1;1;2;;;0;2;0.909090909090909;27;0.148148148148148;13;22.0411940920167;tarde
70000110;11000015;1000001497;700000890;2024;15;2;3;1;;00005058;00000008;00000007;00005144;1;0;1;0;;1;;;;0;0;;;0;1;0;0;;5;1;0;0;1;0;;;;0;0;1;0;1;1;2;2;;1;;;;1;1;;;0;1;1;;1;1;1;;1;1;2;;;0;2;0.909090909090909;27;0.148148148148148;13;22.0411940920167;tarde
70000111;11000015;1000001350;700000755;2024;4;1;0;1;;;00000009;00000004;00002545;1;0;0;0;;;;0;;;;0;;0;1;0;0;17;5;1;0;0;1;0;;-5;0;0;0;3;0;1;1;2;2;;1;;;;1;1;;;0;1;1;;1;1;1;;1;1;2;;;0;2;0.909090909090909;27;0.148148148148148;7;15.6367600272642;manha
70000112;11000015;1000000138;700000076;2024;11;2;1;1;;00004219;00000006;;;1;0;1;;;;;;0;;;;;0;1;0;0;21;5;1;0;0;1;0;;-2;0;0;0;7;0;1;;2;2;;1;;;;1;1;;;0;1;1;;1;1;1;;1;1;2;;;0;2;0.909090909090909;27;0.148148148148148;7;31.4061513351044;manha
70000112;11000015;1000000563;700000300;2024;20;1;1;1;;00001455;00000004;;00001244;1;0;0;;;;;;;;;1;;0;1;0;0;21;5;1;0;0;1;0;;7;1;1;0;7;0;1;1;2;2;;1;;;;1;1;;;0;1;1;;1;1;1;;1;1;2;;;0;2;0.909090909090909;27;0.148148148148148;7;31.4061513351044;manha
70000112;11000015;1000000609;700000325;2024;14;1;0;1;;00002807;00000001;00000004;00002832;1;0;1;0;;;0;0;;;;;0;0;1;0;0;21;5;1;0;0;1;0;;1;0;0;1;7;0;1;1;2;2;;1;;;;1;1;;;0;1;1;;1;1;1;;1;1;2;;;0;2;0.909090909090909;27;0.148148148148148;7;31.4061513351044;manha
70000112;11000015;1000000943;700000496;2024;16;1;0;1;;00000954;00000001;00000017;00004809;1;0;0;;0;;;;;;;;;0;1;0;0;21;5;1;0;0;1;0;;3;1;0;0;7;0;1;;2;2;;1;;;;1;1;;;0;1;1;;1;1;1;;1;1;2;;;0;2;0.909090909090909;27;0.148148148148148;7;31.4061513351044;manha
70000112;11000015;1000001328;700000739;2024;15;1;1;1;;00002582;00000003;00000011;00003555;1;0;0;;;;;;;;;;0;0;1;0;0;21;5;1;0;0;1;0;;2;1;0;0;3;0;1;1;2;2;;1;;;;1;1;;;0;1;1;;1;1;1;;1;1;2;;;0;2;0.909090909090909;27;0.148148148148148;7;31.4061513351044;manha
70000112;11000015;1000001389;700000791;2024;5;1;0;1;;00005395;00000003;00000016;;1;0;0;;;0;;0;;0;;;0;0;1;0;0;21;5;1;0;0;1;0;;-8;0;0;0;2;0;1;;2;2;;1;;;;1;1;;;0;1;1;;1;1;1;;1;1;2;;;0;2;0.909090909090909;27;0.148148148148148;7;31.4061513351044;manha
70000113;11000016;1000000262;700000155;2024;18;1;1;1;;00001242;00000007;00000026;00003754;1;0;0;;;0;0;;;;;0;0;0;1;0;0;15;1;1;0;0;1;0;;11;1;0;0;7;0;1;1;3;1;;;1;;0;;1;;0;;;;1;;0;1;1;0;;7;;;0;;0.555555555555556;30;0.233333333333333;13;23.2800964429043;tarde
70000113;11000016;1000000581;700000311;2024;8;1;3;1;;00002123;00000005;00000009;00002877;1;0;1;;;;;;;0;0;;;0;1;0;0;15;1;1;0;0;1;0;;1;0;0;1;7;0;1;;3;1;;;1;;0;;1;;0;;;;1;;0;1;1;0;;7;;;0;;0.555555555555556;30;0.233333333333333;13;23.2800964429043;tarde
70000114;11000016;1000000200;700000112;2024;9;2;3;1;;00003391;00000007;00000019;00003602;1;0;0;;0;;;;;;;;;0;1;0;0;22;5;1;0;0;1;0;;;;0;0;7;0;1;;3;1;;;1;;0;;1;;0;;;;1;;0;1;1;0;;7;;;0;;0.555555555555556;30;0.233333333333333;13;6.55262009124272;tarde
70000114;11000016;1000001304;700000722;2024;6;2;0;1;;00000721;00000002;00000010;;1;1;0;0;;;;;;;;;;0;1;0;0;22;5;1;0;0;1;0;;;;0;0;3;0;1;;3;1;;;1;;0;;1;;0;;;;1;;0;1;1;0;;7;;;0;;0.555555555555556;30;0.233333333333333;13;6.55262009124272;tarde
70000114;11000016;1000001447;700000844;2024;13;1;3;1;;00002950;00000007;;;1;0;0;;;;;;;;1;;;0;1;0;0;22;5;1;0;0;1;0;;;;0;0;1;0;1;;3;1;;;1;;0;;1;;0;;;;1;;0;1;1;0;;7;;;0;;0.555555555555556;30;0.233333333333333;13;6.55262009124272;tarde
70000114;11000016;1000001546;700000938;2024;7;1;1;1;;00002225;00000006;;00004679;1;0;0;;;;;;;;;;0;0;1;0;0;22;5;1;0;0;1;0;;;;0;0;0;;0;;3;1;;;1;;0;;1;;0;;;;1;;0;1;1;0;;7;;;0;;0.555555555555556;30;0.233333333333333;13;6.55262009124272;tarde
70000115;11000016;1000001291;700000711;2024;12;1;0;1;;00001636;00000008;00000014;00005047;1;0;0;;;;;;0;;;0;0;0;1;;0;18;2;1;0;0;1;0;;2;1;0;0;3;0;1;1;3;1;;;1;;0;;1;;0;;;;1;;0;1;1;0;;7;;;0;;0.555555555555556;30;0.233333333333333;7;22.0849570335122;manha
70000115;11000016;1000001341;700000747;2024;13;2;1;1;;00002989;00000001;00000009;00004359;2;0;0;;;;0;;;;0;;;0;1;;;18;2;1;0;0;1;0;;3;1;0;0;3;0;1;;3;1;;;1;;0;;1;;0;;;;1;;0;1;1;0;;7;;;0;;0.555555555555556;30;0.233333333333333;7;22.0849570335122;manha
70000115;11000016;1000001542;700000934;2024;11;2;1;1;;00005370;00000001;00000019;00003706;1;0;1;;0;;;;;;;;;0;1;0;0;18;2;1;0;0;1;0;;1;0;0;0;0;;0;;3;1;;;1;;0;;1;;0;;;;1;;0;1;1;0;;7;;;0;;0.555555555555556;30;0.233333333333333;7;22.0849570335122;manha
70000116;11000016;1000000082;700000046;2024;16;2;3;1;;00001178;00000006;00000025;00001675;1;0;0;;0;;0;;;;0;;;0;1;0;0;;5;1;0;0;1;0;;;;1;0;7;0;1;;3;1;;;1;;0;;1;;0;;;;1;;0;1;1;0;;7;;;0;;0.555555555555556;30;0.233333333333333;13;3.98371113697067;tarde
70000116;11000016;1000000249;700000144;2024;28;2;0;1;;00005536;00000007;00000012;00002917;1;0;0;;;;;;;;;0;;0;1;0;0;;5;1;0;0;1;0;;;;0;0;7;0;1;;3;1;;;1;;0;;1;;0;;;;1;;0;1;1;0;;7;;;0;;0.555555555555556;30;0.233333333333333;13;3.98371113697067;tarde
70000116;11000016;1000000344;700000196;2024;20;1;3;1;;00004517;00000001;00000016;00003568;1;0;1;;;;0;;;;;;;0;1;0;0;;5;1;0;0;1;0;;;;1;1;7;0;1;1;3;1;;;1;;0;;1;;0;;;;1;;0;1;1;0;;7;;;0;;0.555555555555556;30;0.233333333333333;13;3.98371113697067;tarde
70000116;11000016;1000000503;700000268;2024;24;2;1;1;;00005448;00000009;;;1;0;0;;;;0;;;;;;0;0;1;0;0;;5;1;0;0;1;0;;;;0;0;7;0;1;;3;1;;;1;;0;;1;;0;;;;1;;0;1;1;0;;7;;;0;;0.555555555555556;30;0.233333333333333;13;3.98371113697067;tarde
70000116;11000016;1000000542;700000291;2024;14;1;1;1;;00004097;00000006;00000018;;1;0;1;;;;;0;;;;;;0;1;0;;;5;1;0;0;1;0;;;;0;1;7;0;1;;3;1;;;1;;0;;1;;0;;;;1;;0;1;1;0;;7;;;0;;0.555555555555556;30;0.233333333333333;13;3.98371113697067;tarde
70000116;11000016;1000000564;700000301;2024;18;2;3;1;;00005164;00000006;00000019;;1;0;0;;;;;;;;0;;0;0;1;0;0;;5;1;0;0;1;0;;;;1;0;7;0;1;;3;1;;;1;;0;;1;;0;;;;1;;0;1;1;0;;7;;;0;;0.555555555555556;30;0.233333333333333;13;3.98371113697067;tarde
70000116;11000016;1000000999;700000522;2024;20;1;3;1;;00000799;00000006;;;2;0;1;;;;;;;;;;;0;1;0;0;;5;1;0;0;1;0;;;;0;0;7;0;1;;3;1;;;1;;0;;1;;0;;;;1;;0;1;1;0;;7;;;0;;0.555555555555556;30;0.233333333333333;13;3.98371113697067;tarde
70000116;11000016;1000001390;700000792;2024;18;1;3;1;;00000550;00000005;00000012;;1;0;;0;0;;;;;;;;;1;1;0;0;;5;1;0;0;1;0;;;;0;0;2;0;1;;3;1;;;1;;0;;1;;0;;;;1;;0;1;1;0;;7;;;0;;0.555555555555556;30;0.233333333333333;13;3.98371113697067;tarde
70000116;11000016;1000001569;700000961;2024;6;1;1;1;;00001957;00000003;00000001;00000751;2;0;0;0;;;;;;;0;;;0;1;0;0;;5;1;0;0;1;0;;;;0;0;0;;0;;3;1;;;1;;0;;1;;0;;;;1;;0;1;1;0;;7;;;0;;0.555555555555556;30;0.233333333333333;13;3.98371113697067;tarde
70000117;11000016;1000000381;700000218;2024;15;2;1;1;;00005536;00000006;00000025;00000437;1;1;0;;0;;0;;;;;;0;0;1;0;0;15;1;1;0;0;1;0;;8;1;1;0;7;0;1;;3;1;;;1;;0;;1;;0;;;;1;;0;1;1;0;;7;;;0;;0.555555555555556;30;0.233333333333333;8;13.1611767649883;manha
70000117;11000016;1000001319;700000733;2024;14;2;0;1;;00004837;00000001;;;1;0;0;;;;;;;;;0;0;0;1;;0;15;1;1;0;0;1;0;;7;1;0;0;3;0;1;;3;1;;;1;;0;;1;;0;;;;1;;0;1;1;0;;7;;;0;;0.555555555555556;30;0.233333333333333;8;13.1611767649883;manha
70000117;11000016;1000001450;700000847;2024;54;1;3;1;;00002986;00000005;;;2;1;0;;;;;;;;;0;;;1;0;0;15;1;1;0;0;1;0;;47;1;0;0;1;0;1;;3;1;;;1;;0;;1;;0;;;;1;;0;1;1;0;;7;;;0;;0.555555555555556;30;0.233333333333333;8;13.1611767649883;manha
70000118;11000016;1000001295;700000715;2024;8;2;0;1;;00000814;00000002;00000012;00004509;2;0;0;0;;;0;;;;0;;;0;1;0;0;;5;1;0;0;1;0;;;;0;0;3;0;1;1;3;1;;;1;;0;;1;;0;;;;1;;0;1;1;0;;7;;;0;;0.555555555555556;30;0.233333333333333;7;25.9117766801501;manha
70000118;11000016;1000001535;700000927;2024;12;1;1;1;;00004328;00000002;00000025;00004808;1;0;1;;;;0;0;;;;;;0;1;0;0;;5;1;0;0;1;0;;;;0;0;0;;0;;3;1;;;1;;0;;1;;0;;;;1;;0;1;1;0;;7;;;0;;0.555555555555556;30;0.233333333333333;7;25.9117766801501;manha
70000119;11000016;1000001058;700000551;2024;26;2;0;1;;00002190;00000008;00000022;00002630;1;1;0;;;;;;1;;;;;0;1;0;0;;5;1;0;0;1;0;;;;1;0;6;0;1;1;3;1;;;1;;0;;1;;0;;;;1;;0;1;1;0;;7;;;0;;0.555555555555556;30;0.233333333333333;7;45.2903052549809;manha
70000119;11000016;1000001268;700000693;2024;10;1;0;1;;00002639;00000005;00000009;00005374;1;0;0;;;;;0;0;;;;;0;1;0;0;;5;1;0;0;1;0;;;;0;0;4;0;1;1;3;1;;;1;;0;;1;;0;;;;1;;0;1;1;0;;7;;;0;;0.555555555555556;30;0.233333333333333;7;45.2903052549809;manha
70000119;11000016;1000001322;700000735;2024;12;2;0;1;;00004300;00000005;00000005;00004162;1;0;0;;;1;;;;;0;;;0;1;0;0;;5;1;0;0;1;0;;;;2;0;3;1;1;1;3;1;;;1;;0;;1;;0;;;;1;;0;1;1;0;;7;;;0;;0.555555555555556;30;0.233333333333333;7;45.2903052549809;manha
70000120;11000017;1000000060;700000031;2024;12;1;1;1;;00000965;00000008;00000015;00001606;1;0;0;;;;0;;;;;;;0;1;0;0;40;5;1;0;0;1;0;;;;0;0;7;0;1;;3;1;;1;;1;0;1;;;0;1;;;0;;1;;1;;1;1;;0;0;;0.7;41;0.024390243902439;13;1.91932992311195;tarde
70000120;11000017;1000000077;700000042;2024;16;1;0;1;;00003522;00000002;00000002;00001974;1;0;0;0;;;;0;;;;;0;0;1;0;0;40;5;1;0;0;1;0;;;;0;0;7;0;1;1;3;1;;1;;1;0;1;;;0;1;;;0;;1;;1;;1;1;;0;0;;0.7;41;0.024390243902439;13;1.91932992311195;tarde
70000122;11000017;1000000156;700000086;2024;21;1;0;1;;00000049;00000009;;00000406;1;0;1;0;;;;0;;;;;;0;1;0;0;16;5;1;0;0;1;0;;13;1;0;0;7;0;1;1;3;1;;1;;1;0;1;;;0;1;;;0;;1;;1;;1;1;;0;0;;0.7;41;0.024390243902439;7;36.8226312114857;manha
70000122;11000017;1000000256;700000151;2024;19;1;0;1;;00005291;00000009;00000026;00003723;1;0;0;;;;0;;0;;;;;;1;;0;16;5;1;0;0;1;0;;11;1;0;0;7;0;1;1;3;1;;1;;1;0;1;;;0;1;;;0;;1;;1;;1;1;;0;0;;0.7;41;0.024390243902439;7;36.8226312114857;manha
70000122;11000017;1000000419;700000231;2024;20;2;3;1;;00001618;00000004;00000026;00004453;1;0;0;;;;0;;;;;;;0;1;0;0;16;5;1;0;0;1;0;;12;1;1;1;7;0;1;;3;1;;1;;1;0;1;;;0;1;;;0;;1;;1;;1;1;;0;0;;0.7;41;0.024390243902439;7;36.8226312114857;manha
70000122;11000017;1000001165;700000614;2024;20;1;0;1;;00001682;00000001;00000023;;1;0;0;;;;;;;;;;;;1;0;0;16;5;1;0;0;1;0;;12;1;0;0;5;0;1;;3;1;;1;;1;0;1;;;0;1;;;0;;1;;1;;1;1;;0;0;;0.7;41;0.024390243902439;7;36.8226312114857;manha
70000122;11000017;1000001530;700000922;2024;10;2;3;1;;00005475;00000007;00000023;00001707;1;0;0;;;1;;;;;0;;;0;1;0;0;16;5;1;0;0;1;0;;2;1;0;0;0;;0;;3;1;;1;;1;0;1;;;0;1;;;0;;1;;1;;1;1;;0;0;;0.7;41;0.024390243902439;7;36.8226312114857;manha
70000123;11000017;1000000383;700000219;2024;18;1;3;1;;00001025;00000007;;;1;0;0;;;;;;;;0;;;0;1;0;0;20;5;1;0;0;1;0;;6;1;0;0;7;0;1;;3;1;;1;;1;0;1;;;0;1;;;0;;1;;1;;1;1;;0;0;;0.7;41;0.024390243902439;13;15.5959353042999;tarde
70000123;11000017;1000000854;700000451;2024;13;2;1;1;;00003633;00000002;;;1;0;1;;;0;;;;0;;;;0;1;1;0;20;5;1;0;0;1;0;;1;0;2;0;7;0;1;;3;1;;1;;1;0;1;;;0;1;;;0;;1;;1;;1;1;;0;0;;0.7;41;0.024390243902439;13;15.5959353042999;tarde
70000123;11000017;1000000866;700000455;2024;20;1;3;1;;00003516;00000004;;00002219;1;1;0;;;;;;;0;;;;0;1;0;1;20;5;1;0;0;1;0;;8;1;1;0;7;1;1;1;3;1;;1;;1;0;1;;;0;1;;;0;;1;;1;;1;1;;0;0;;0.7;41;0.024390243902439;13;15.5959353042999;tarde
70000123;11000017;1000000881;700000464;2024;11;2;0;1;;00005372;00000001;00000026;00001163;1;0;1;;;;;;;;;;;0;1;0;0;20;5;1;0;0;1;0;;-1;0;0;0;7;0;1;1;3;1;;1;;1;0;1;;;0;1;;;0;;1;;1;;1;1;;0;0;;0.7;41;0.024390243902439;13;15.5959353042999;tarde
70000124;11000017;1000000777;700000418;2024;9;1;1;1;;00003451;00000001;00000007;00001396;1;0;0;;;1;;;;;;;0;0;1;;0;70;5;1;0;0;1;0;;;;0;0;7;0;1;1;3;1;;1;;1;0;1;;;0;1;;;0;;1;;1;;1;1;;0;0;;0.7;41;0.024390243902439;13;22.8645950125065;tarde
70000124;11000017;1000001036;700000539;2024;10;2;1;1;;00000431;00000009;;00000344;1;0;0;;;;;;;;;;0;0;1;0;0;70;5;1;0;0;1;0;;;;1;0;6;0;1;1;3;1;;1;;1;0;1;;;0;1;;;0;;1;;1;;1;1;;0;0;;0.7;41;0.024390243902439;13;22.8645950125065;tarde
70000124;11000017;1000001227;700000659;2024;8;1;1;1;;00001870;00000005;00000023;00003454;1;0;0;0;;;;;;;;;;0;1;0;0;70;5;1;0;0;1;0;;;;1;0;4;0;1;1;3;1;;1;;1;0;1;;;0;1;;;0;;1;;1;;1;1;;0;0;;0.7;41;0.024390243902439;13;22.8645950125065;tarde
70000124;11000017;1000001236;700000665;2024;14;1;3;1;;00004030;00000009;00000026;00005140;1;0;0;;;1;0;;;;0;0;;0;1;0;0;70;5;1;0;0;1;0;;;;0;1;4;0;1;;3;1;;1;;1;0;1;;;0;1;;;0;;1;;1;;1;1;;0;0;;0.7;41;0.024390243902439;13;22.8645950125065;tarde
70000124;11000017;1000001307;700000724;2024;20;1;3;1;;00003079;00000007;00000010;00003435;1;0;0;0;;;;0;;;;;;0;1;0;0;70;5;1;0;0;1;0;;;;0;0;3;0;1;;3;1;;1;;1;0;1;;;0;1;;;0;;1;;1;;1;1;;0;0;;0.7;41;0.024390243902439;13;22.8645950125065;tarde
70000124;11000017;1000001311;700000728;2024;16;1;1;1;;00001522;00000001;00000003;00001474;1;0;0;;;;;;;;0;;;0;1;0;0;70;5;1;0;0;1;0;;;;0;0;3;0;1;;3;1;;1;;1;0;1;;;0;1;;;0;;1;;1;;1;1;;0;0;;0.7;41;0.024390243902439;13;22.8645950125065;tarde
70000124;11000017;1000001467;700000863;2024;6;1;0;1;;00002393;00000002;00000001;;1;0;;;;1;;;;0;;;;0;1;0;0;70;5;1;0;0;1;0;;;;1;0;1;1;1;;3;1;;1;;1;0;1;;;0;1;;;0;;1;;1;;1;1;;0;0;;0.7;41;0.024390243902439;13;22.8645950125065;tarde
70000124;11000017;1000001523;700000915;2024;12;1;3;1;;00002654;00000006;00000006;00004202;1;0;0;;;;;0;;;;;;0;1;1;1;70;5;1;0;0;1;0;;;;0;0;0;;0;;3;1;;1;;1;0;1;;;0;1;;;0;;1;;1;;1;1;;0;0;;0.7;41;0.024390243902439;13;22.8645950125065;tarde
70000125;11000017;1000000185;700000103;2024;11;2;2;1;;00004724;00000001;00000011;00003692;1;0;0;;;;0;;;;;;0;0;1;0;0;25;1;1;0;0;1;0;;-4;0;0;1;7;0;1;1;3;1;;1;;1;0;1;;;0;1;;;0;;1;;1;;1;1;;0;0;;0.7;41;0.024390243902439;13;10.8490650966996;tarde
70000125;11000017;1000000329;700000187;2024;11;2;2;1;;00004118;00000002;;00003323;1;0;0;;;;;;;;0;;;0;1;0;0;25;1;1;0;0;1;0;;-4;0;1;0;7;0;1;1;3;1;;1;;1;0;1;;;0;1;;;0;;1;;1;;1;1;;0;0;;0.7;41;0.024390243902439;13;10.8490650966996;tarde
70000125;11000017;1000000427;700000237;2024;16;2;3;1;;00001280;00000001;00000024;00002956;2;0;0;;0;1;;;;;;;;0;1;0;0;25;1;1;0;0;1;0;;1;0;0;0;7;0;1;1;3;1;;1;;1;0;1;;;0;1;;;0;;1;;1;;1;1;;0;0;;0.7;41;0.024390243902439;13;10.8490650966996;tarde
70000125;11000017;1000000610;700000326;2024;15;1;1;1;;00001531;00000007;;00001554;1;0;1;;;1;;;;;;;0;0;1;0;0;25;1;1;0;0;1;0;;0;0;1;0;7;0;1;1;3;1;;1;;1;0;1;;;0;1;;;0;;1;;1;;1;1;;0;0;;0.7;41;0.024390243902439;13;10.8490650966996;tarde
70000125;11000017;1000000890;700000470;2024;18;1;0;1;;00000993;00000004;;00005432;1;0;0;0;;;;;;0;;;;0;1;0;0;25;1;1;0;0;1;0;;3;1;0;0;7;0;1;1;3;1;;1;;1;0;1;;;0;1;;;0;;1;;1;;1;1;;0;0;;0.7;41;0.024390243902439;13;10.8490650966996;tarde
70000125;11000017;1000000979;700000515;2024;19;2;0;1;;00005412;00000008;00000021;00000067;2;0;0;;;;;;;;;;;;1;0;0;25;1;1;0;0;1;0;;4;1;0;0;7;0;1;1;3;1;;1;;1;0;1;;;0;1;;;0;;1;;1;;1;1;;0;0;;0.7;41;0.024390243902439;13;10.8490650966996;tarde
70000125;11000017;1000001214;700000649;2024;17;1;3;1;;00005324;00000004;00000027;00005284;1;0;0;;;;;;;;;;0;0;1;1;0;25;1;1;0;0;1;0;;2;1;0;1;4;0;1;1;3;1;;1;;1;0;1;;;0;1;;;0;;1;;1;;1;1;;0;0;;0.7;41;0.024390243902439;13;10.8490650966996;tarde
70000125;11000017;1000001335;700000745;2024;11;1;0;1;;00005371;00000009;00000024;00003689;1;0;0;;0;;;0;;;;;;;1;0;0;25;1;1;0;0;1;0;;-4;0;0;0;3;0;1;;3;1;;1;;1;0;1;;;0;1;;;0;;1;;1;;1;1;;0;0;;0.7;41;0.024390243902439;13;10.8490650966996;tarde
70000125;11000017;1000001529;700000921;2024;36;2;3;1;;00002995;00000004;00000008;;2;0;0;;;;0;;;;;;;0;1;0;0;25;1;1;0;0;1;0;;21;1;0;0;0;;0;;3;1;;1;;1;0;1;;;0;1;;;0;;1;;1;;1;1;;0;0;;0.7;41;0.024390243902439;13;10.8490650966996;tarde
70000126;11000017;1000000093;700000056;2024;27;1;3;1;;00002853;00000002;00000008;;1;0;0;;0;;0;0;;;;0;;0;1;0;0;20;5;1;0;0;1;0;;15;1;0;0;7;0;1;;3;1;;1;;1;0;1;;;0;1;;;0;;1;;1;;1;1;;0;0;;0.7;41;0.024390243902439;7;26.4772593899397;manha
70000126;11000017;1000000128;700000073;2024;17;2;3;1;;00001969;00000008;00000011;00000122;1;0;0;0;;;;1;;0;;;;0;1;;0;20;5;1;0;0;1;0;;5;1;0;0;7;0;1;;3;1;;1;;1;0;1;;;0;1;;;0;;1;;1;;1;1;;0;0;;0.7;41;0.024390243902439;7;26.4772593899397;manha
70000126;11000017;1000000561;700000299;2024;17;2;0;1;;00003511;00000003;00000003;00001470;1;0;0;;;;0;;;;;;;0;1;0;0;20;5;1;0;0;1;0;;5;1;1;0;7;0;1;1;3;1;;1;;1;0;1;;;0;1;;;0;;1;;1;;1;1;;0;0;;0.7;41;0.024390243902439;7;26.4772593899397;manha
70000127;11000018;1000000046;700000023;2024;9;1;0;1;;00001218;00000007;00000007;00002569;1;0;0;;;1;0;0;;;;;;0;1;0;0;20;5;1;0;0;1;0;;-3;0;0;0;7;0;1;;2;1;;1;1;;;1;0;;;0;0;1;;;1;1;0;0;;0;;0;0;;0.545454545454545;25;0;13;20.1296150806593;tarde
70000127;11000018;1000000662;700000355;2024;16;2;1;1;;00004225;00000005;;00004019;1;0;0;;;;;;0;;;;;0;1;0;0;20;5;1;0;0;1;0;;4;1;0;0;7;0;1;1;2;1;;1;1;;;1;0;;;0;0;1;;;1;1;0;0;;0;;0;0;;0.545454545454545;25;0;13;20.1296150806593;tarde
70000127;11000018;1000001171;700000618;2024;17;2;3;1;;00001227;00000004;00000021;;1;0;1;;;;;0;1;0;0;;;0;1;0;0;20;5;1;0;0;1;0;;5;1;0;0;5;0;1;;2;1;;1;1;;;1;0;;;0;0;1;;;1;1;0;0;;0;;0;0;;0.545454545454545;25;0;13;20.1296150806593;tarde
70000127;11000018;1000001218;700000652;2024;20;1;3;1;;00000230;00000005;00000014;00004137;2;0;0;;;;0;;;;;;;0;1;0;0;20;5;1;0;0;1;0;;8;1;0;0;4;0;1;1;2;1;;1;1;;;1;0;;;0;0;1;;;1;1;0;0;;0;;0;0;;0.545454545454545;25;0;13;20.1296150806593;tarde
70000127;11000018;1000001500;700000893;2024;15;2;1;1;;00000871;00000004;00000018;;1;0;0;0;;;;;;;;;;0;1;0;0;20;5;1;0;0;1;0;;3;1;0;0;1;0;1;;2;1;;1;1;;;1;0;;;0;0;1;;;1;1;0;0;;0;;0;0;;0.545454545454545;25;0;13;20.1296150806593;tarde
70000128;11000018;1000000538;700000289;2024;14;2;1;1;;00002895;00000002;00000014;00004326;1;0;0;;;;;;;;;;;0;1;0;0;14;2;1;0;0;1;0;;8;1;0;0;7;0;1;1;2;1;;1;1;;;1;0;;;0;0;1;;;1;1;0;0;;0;;0;0;;0.545454545454545;25;0;8;21.4569139655214;manha
70000129;11000018;1000000176;700000098;2024;10;2;1;1;;00003364;00000006;;00003596;1;0;0;;;1;;;;;;0;;0;1;0;0;;5;1;0;0;1;0;;;;0;0;7;0;1;1;2;1;;1;1;;;1;0;;;0;0;1;;;1;1;0;0;;0;;0;0;;0.545454545454545;25;0;7;21.8637574813329;manha
70000129;11000018;1000001445;700000842;2024;16;2;1;1;;00000215;00000003;00000011;00000355;2;0;1;;;;;;1;0;;;;0;1;0;0;;5;1;0;0;1;0;;;;0;0;1;0;1;1;2;1;;1;1;;;1;0;;;0;0;1;;;1;1;0;0;;0;;0;0;;0.545454545454545;25;0;7;21.8637574813329;manha
70000129;11000018;1000001468;700000864;2024;7;2;1;1;;00000050;00000003;00000021;;1;0;0;0;;;;;;;;;0;0;1;0;0;;5;1;0;0;1;0;;;;0;0;1;0;1;;2;1;;1;1;;;1;0;;;0;0;1;;;1;1;0;0;;0;;0;0;;0.545454545454545;25;0;7;21.8637574813329;manha
70000130;11000018;1000000663;700000356;2024;10;2;1;1;;00005080;00000009;00000002;00004019;1;0;0;;;;;0;;;0;;;0;1;0;0;25;3;1;0;0;1;0;;-5;0;0;0;7;0;1;1;2;1;;1;1;;;1;0;;;0;0;1;;;1;1;0;0;;0;;0;0;;0.545454545454545;25;0;;29.6694449865026;
70000130;11000018;1000001125;700000592;2024;6;1;3;1;;00002350;00000004;;00004936;1;0;0;;;;;;0;0;;;;0;1;0;0;25;3;1;0;0;1;0;;-9;0;0;0;5;0;1;1;2;1;;1;1;;;1;0;;;0;0;1;;;1;1;0;0;;0;;0;0;;0.545454545454545;25;0;;29.6694449865026;
70000130;11000018;1000001381;700000783;2024;17;1;3;1;;00003244;00000007;00000022;00001246;1;0;1;;;;;0;;0;;0;0;0;1;1;0;25;3;1;0;0;1;0;;2;1;1;1;2;1;1;1;2;1;;1;1;;;1;0;;;0;0;1;;;1;1;0;0;;0;;0;0;;0.545454545454545;25;0;;29.6694449865026;
70000131;11000018;1000000197;700000109;2024;19;1;3;1;;00004923;00000002;;00003866;1;0;0;;;;;;;0;;;0;0;1;0;0;;5;1;0;0;1;0;;;;0;0;7;0;1;1;2;1;;1;1;;;1;0;;;0;0;1;;;1;1;0;0;;0;;0;0;;0.545454545454545;25;0;18;12.8834951919271;noite
70000131;11000018;1000001489;700000882;2024;16;2;3;1;;00001918;00000006;00000014;00005093;1;0;0;0;;;;;;;0;;;0;1;0;0;;5;1;0;0;1;0;;;;0;0;1;0;1;;2;1;;1;1;;;1;0;;;0;0;1;;;1;1;0;0;;0;;0;0;;0.545454545454545;25;0;18;12.8834951919271;noite
70000132;11000018;1000000361;700000205;2024;13;1;0;1;;00000972;00000003;00000025;00004459;1;0;0;;;;;;;0;;0;;0;1;0;0;1;5;1;0;0;1;0;;;;0;0;7;0;1;1;2;1;;1;1;;;1;0;;;0;0;1;;;1;1;0;0;;0;;0;0;;0.545454545454545;25;0;7;20.0060710083926;manha
70000132;11000018;1000000539;700000290;2024;17;2;0;1;;00003149;00000007;;00001092;1;0;0;;;;0;;0;;;0;;0;1;0;0;1;5;1;0;0;1;0;;;;1;0;7;0;1;;2;1;;1;1;;;1;0;;;0;0;1;;;1;1;0;0;;0;;0;0;;0.545454545454545;25;0;7;20.0060710083926;manha
70000133;11000018;1000000453;700000248;2024;13;2;4;1;;00003629;00000004;;;1;0;1;;0;;;0;0;;0;;;0;1;0;0;14;5;1;0;0;1;0;;7;1;0;0;7;0;1;;2;1;;1;1;;;1;0;;;0;0;1;;;1;1;0;0;;0;;0;0;;0.545454545454545;25;0;8;8.44755960162729;manha
70000133;11000018;1000000484;700000261;2024;9;1;1;1;;00004676;00000005;00000025;;2;0;0;0;;;0;;;;;;;0;1;0;0;14;5;1;0;0;1;0;;3;1;1;0;7;0;1;;2;1;;1;1;;;1;0;;;0;0;1;;;1;1;0;0;;0;;0;0;;0.545454545454545;25;0;8;8.44755960162729;manha
70000134;11000019;1000000120;700000069;2024;16;2;3;1;;00001325;00000007;00000026;00000261;2;0;0;;;;;;;;0;0;0;0;1;0;0;;5;1;0;0;1;0;;;;0;0;7;0;1;1;2;2;;1;1;1;;1;;0;;0;0;;1;0;;1;1;1;0;;0;;0;0;0.615384615384615;28;0;13;19.9130179872736;tarde
70000134;11000019;1000000144;700000079;2024;11;2;1;1;;00001412;00000006;;00002802;1;0;0;;;1;;;;;0;;;0;1;0;0;;5;1;0;0;1;0;;;;0;0;7;0;1;1;2;2;;1;1;1;;1;;0;;0;0;;1;0;;1;1;1;0;;0;;0;0;0.615384615384615;28;0;13;19.9130179872736;tarde
70000134;11000019;1000000600;700000319;2024;15;1;0;1;;00003658;00000002;00000017;00003197;2;1;0;;;;;0;;;;1;;0;1;0;0;;5;1;0;0;1;0;;;;0;1;7;0;1;1;2;2;;1;1;1;;1;;0;;0;0;;1;0;;1;1;1;0;;0;;0;0;0.615384615384615;28;0;13;19.9130179872736;tarde
70000134;11000019;1000000649;700000347;2024;8;2;3;1;;00003172;00000001;;;1;1;1;;0;1;;;;;;0;;0;1;;0;;5;1;0;0;1;0;;;;0;0;7;0;1;;2;2;;1;1;1;;1;;0;;0;0;;1;0;;1;1;1;0;;0;;0;0;0.615384615384615;28;0;13;19.9130179872736;tarde
70000134;11000019;1000000765;700000411;2024;12;2;3;1;;00004304;00000003;;00003184;1;0;0;;;;0;;;;;;;0;1;;0;;5;1;0;0;1;0;;;;1;0;7;0;1;1;2;2;;1;1;1;;1;;0;;0;0;;1;0;;1;1;1;0;;0;;0;0;0.615384615384615;28;0;13;19.9130179872736;tarde
70000134;11000019;1000001092;700000575;2024;19;1;3;1;;00004204;00000003;00000027;00000854;1;0;1;;;;;;;;;0;;0;1;0;0;;5;1;0;0;1;0;;;;0;1;6;0;1;1;2;2;;1;1;1;;1;;0;;0;0;;1;0;;1;1;1;0;;0;;0;0;0.615384615384615;28;0;13;19.9130179872736;tarde
70000135;11000019;1000000098;700000060;2024;11;1;1;1;;00001975;00000003;00000010;;1;0;0;;;;0;;;;;;0;;1;0;0;;5;1;0;0;1;0;;;;0;1;7;0;1;;2;2;;1;1;1;;1;;0;;0;0;;1;0;;1;1;1;0;;0;;0;0;0.615384615384615;28;0;7;20.0073599402094;manha
70000135;11000019;1000000653;700000349;2024;12;2;1;1;;00002183;00000001;;00000269;1;1;;0;;;;0;;0;;;;0;1;0;0;;5;1;0;0;1;0;;;;0;0;7;0;1;1;2;2;;1;1;1;;1;;0;;0;0;;1;0;;1;1;1;0;;0;;0;0;0.615384615384615;28;0;7;20.0073599402094;manha
70000135;11000019;1000000783;700000423;2024;19;1;5;1;;00001195;00000008;00000016;;1;0;0;;;;;;;;;;;0;1;0;0;;5;1;0;0;1;0;;;;0;1;7;0;1;;2;2;;1;1;1;;1;;0;;0;0;;1;0;;1;1;1;0;;0;;0;0;0.615384615384615;28;0;7;20.0073599402094;manha
70000135;11000019;1000001089;700000573;2024;12;1;3;1;;00003876;00000002;;00004949;1;0;0;;;;;;;;;;;0;1;0;0;;5;1;0;0;1;0;;;;1;0;6;1;1;1;2;2;;1;1;1;;1;;0;;0;0;;1;0;;1;1;1;0;;0;;0;0;0.615384615384615;28;0;7;20.0073599402094;manha
70000136;11000019;1000000198;700000110;2024;11;1;3;1;;00004184;00000009;00000003;;1;0;0;;;1;;;;;;;;0;1;0;0;26;1;1;0;0;1;0;;-5;0;0;0;7;0;1;;2;2;;1;1;1;;1;;0;;0;0;;1;0;;1;1;1;0;;0;;0;0;0.615384615384615;28;0;7;8.9195502793882;manha
70000136;11000019;1000000767;700000413;2024;22;1;1;1;;00001678;00000008;00000002;00000067;2;0;0;0;;;;;;;;;;0;1;;0;26;1;1;0;0;1;0;;6;1;0;0;7;0;1;;2;2;;1;1;1;;1;;0;;0;0;;1;0;;1;1;1;0;;0;;0;0;0.615384615384615;28;0;7;8.9195502793882;manha
70000137;11000019;1000000585;700000313;2024;15;2;0;1;;00003640;00000007;00000005;;1;0;0;;;1;;;;;0;;0;0;1;0;;14;5;1;0;0;1;0;;9;1;0;1;7;0;1;;2;2;;1;1;1;;1;;0;;0;0;;1;0;;1;1;1;0;;0;;0;0;0.615384615384615;28;0;7;22.779893752886;manha
70000137;11000019;1000000685;700000370;2024;10;1;0;1;;00002391;00000001;;00002153;1;0;0;;;;;0;;;;;;0;1;0;0;14;5;1;0;0;1;0;;4;1;0;0;7;0;1;1;2;2;;1;1;1;;1;;0;;0;0;;1;0;;1;1;1;0;;0;;0;0;0.615384615384615;28;0;7;22.779893752886;manha
70000137;11000019;1000001357;700000761;2024;19;1;0;1;;00004747;00000001;;00003426;1;0;0;;;0;;;;;0;;;0;1;0;0;14;5;1;0;0;1;0;;13;1;0;0;3;0;1;1;2;2;;1;1;1;;1;;0;;0;0;;1;0;;1;1;1;0;;0;;0;0;0.615384615384615;28;0;7;22.779893752886;manha
70000138;11000019;1000000004;700000002;2024;13;1;3;1;;00001882;00000006;00000023;00004754;1;0;0;;;;;;;;0;0;0;0;1;0;0;17;5;1;0;0;1;0;;4;1;0;0;7;0;1;;2;2;;1;1;1;;1;;0;;0;0;;1;0;;1;1;1;0;;0;;0;0;0.615384615384615;28;0;7;21.8476592272054;manha
70000138;11000019;1000001570;700000962;2024;24;2;3;1;;00000185;00000005;00000023;;1;0;0;;;;;;;0;;;;0;1;0;0;17;5;1;0;0;1;0;;15;1;0;0;0;;0;;2;2;;1;1;1;;1;;0;;0;0;;1;0;;1;1;1;0;;0;;0;0;0.615384615384615;28;0;7;21.8476592272054;manha
70000139;11000019;1000000254;700000149;2024;20;2;0;1;;00000574;00000008;00000019;00004398;1;0;0;0;;1;0;;;;;;;0;1;0;0;2;5;1;0;0;1;0;;;;0;0;7;0;1;1;2;2;;1;1;1;;1;;0;;0;0;;1;0;;1;1;1;0;;0;;0;0;0.615384615384615;28;0;7;6.01425914675929;manha
70000139;11000019;1000000272;700000159;2024;15;1;3;1;;00000665;00000006;00000021;00000161;1;0;1;;0;;;;;0;;0;;0;1;0;0;2;5;1;0;0;1;0;;;;0;1;7;0;1;1;2;2;;1;1;1;;1;;0;;0;0;;1;0;;1;1;1;0;;0;;0;0;0.615384615384615;28;0;7;6.01425914675929;manha
70000139;11000019;1000001487;700000880;2024;5;2;5;1;;00001330;00000004;00000017;00000083;1;0;0;0;;;;;;0;;;;0;1;0;1;2;5;1;0;0;1;0;;;;0;0;1;0;1;1;2;2;;1;1;1;;1;;0;;0;0;;1;0;;1;1;1;0;;0;;0;0;0.615384615384615;28;0;7;6.01425914675929;manha
70000140;11000019;1000000073;700000039;2024;15;1;3;1;;00003307;00000008;00000022;00001482;1;0;0;;;;;;;0;;;;;1;0;0;1;5;1;0;0;1;0;;;;0;0;7;0;1;;2;2;;1;1;1;;1;;0;;0;0;;1;0;;1;1;1;0;;0;;0;0;0.615384615384615;28;0;7;14.055578901316;manha
70000140;11000019;1000000101;700000061;2024;17;1;3;1;;00002599;00000006;;00004356;1;0;0;;;;;0;;0;;;0;0;1;0;0;1;5;1;0;0;1;0;;;;0;0;7;0;1;1;2;2;;1;1;1;;1;;0;;0;0;;1;0;;1;1;1;0;;0;;0;0;0.615384615384615;28;0;7;14.055578901316;manha
70000141;11000020;1000000276;700000162;2024;16;2;0;1;;00005560;00000003;00000010;00000661;1;0;;;;;;;;;0;;;0;1;0;0;41;5;1;0;0;1;0;;2;1;1;0;7;0;1;;3;2;;1;;;;;1;;;;1;;;0;;;0;1;0;;0;;0;0;0.571428571428571;26;0;7;31.2487582664471;manha
70000142;11000020;1000000033;700000018;2024;12;2;0;1;;00002014;00000002;;00001626;1;0;0;;0;;;;;;0;0;;0;1;0;0;27;5;1;0;0;1;0;;-5;0;1;0;7;0;1;;3;2;;1;;;;;1;;;;1;;;0;;;0;1;0;;0;;0;0;0.571428571428571;26;0;7;20.8160255511757;manha
70000142;11000020;1000000300;700000177;2024;15;2;2;1;;00003137;00000004;00000022;00000527;2;1;0;;;;;;0;;;0;;0;1;0;0;27;5;1;0;0;1;0;;-2;0;0;0;7;0;1;;3;2;;1;;;;;1;;;;1;;;0;;;0;1;0;;0;;0;0;0.571428571428571;26;0;7;20.8160255511757;manha
70000142;11000020;1000000511;700000272;2024;11;2;3;1;;00003409;00000007;;;1;0;0;;;;;;;;;;0;0;1;0;0;27;5;1;0;0;1;0;;-6;0;1;0;7;0;1;;3;2;;1;;;;;1;;;;1;;;0;;;0;1;0;;0;;0;0;0.571428571428571;26;0;7;20.8160255511757;manha
70000142;11000020;1000000917;700000484;2024;23;2;1;1;;00002909;00000007;;00000860;1;0;1;;;;0;;;0;;;;;1;0;0;27;5;1;0;0;1;0;;6;1;0;0;7;0;1;1;3;2;;1;;;;;1;;;;1;;;0;;;0;1;0;;0;;0;0;0.571428571428571;26;0;7;20.8160255511757;manha
70000142;11000020;1000001174;700000621;2024;10;1;3;1;;00003479;00000007;;;2;0;0;;;;0;;;;;;;0;1;0;0;27;5;1;0;0;1;0;;-7;0;1;0;5;0;1;;3;2;;1;;;;;1;;;;1;;;0;;;0;1;0;;0;;0;0;0.571428571428571;26;0;7;20.8160255511757;manha
70000142;11000020;1000001388;700000790;2024;7;1;0;1;;00001893;00000006;00000018;00002181;2;0;;;;;;0;;0;;;;;1;0;0;27;5;1;0;0;1;0;;-10;0;0;0;2;0;1;1;3;2;;1;;;;;1;;;;1;;;0;;;0;1;0;;0;;0;0;0.571428571428571;26;0;7;20.8160255511757;manha
70000142;11000020;1000001518;700000910;2024;12;2;1;1;;00002522;00000003;00000003;00001062;2;0;0;;0;;0;;;;;;;0;1;0;0;27;5;1;0;0;1;0;;-5;0;0;0;1;0;1;1;3;2;;1;;;;;1;;;;1;;;0;;;0;1;0;;0;;0;0;0.571428571428571;26;0;7;20.8160255511757;manha
70000143;11000020;1000000097;700000059;2024;14;1;0;1;;00004558;00000006;;00002170;1;0;0;0;;1;;0;0;0;;;;0;1;0;0;15;5;1;0;0;1;0;;7;1;0;0;7;0;1;1;3;2;;1;;;;;1;;;;1;;;0;;;0;1;0;;0;;0;0;0.571428571428571;26;0;13;15.7827970793005;tarde
70000143;11000020;1000000164;700000092;2024;14;2;3;1;;00003624;00000006;;;1;0;0;0;;;;0;;;;;0;0;1;0;0;15;5;1;0;0;1;0;;7;1;0;0;7;0;1;;3;2;;1;;;;;1;;;;1;;;0;;;0;1;0;;0;;0;0;0.571428571428571;26;0;13;15.7827970793005;tarde
70000143;11000020;1000001151;700000606;2024;13;2;0;1;;00000109;00000007;;00001979;1;0;0;;;;;;;;;0;;0;1;0;0;15;5;1;0;0;1;0;;6;1;0;0;5;0;1;;3;2;;1;;;;;1;;;;1;;;0;;;0;1;0;;0;;0;0;0.571428571428571;26;0;13;15.7827970793005;tarde
70000143;11000020;1000001533;700000925;2024;10;1;3;1;;00002977;00000006;00000022;;1;0;0;;;;;;;;;;0;0;1;0;0;15;5;1;0;0;1;0;;3;1;0;0;0;;0;;3;2;;1;;;;;1;;;;1;;;0;;;0;1;0;;0;;0;0;0.571428571428571;26;0;13;15.7827970793005;tarde
70000143;11000020;1000001552;700000944;2024;6;1;1;1;;00005110;00000001;00000025;;1;1;0;0;;0;;;;0;;;;0;1;0;0;15;5;1;0;0;1;0;;-1;0;0;0;0;;0;;3;2;;1;;;;;1;;;;1;;;0;;;0;1;0;;0;;0;0;0.571428571428571;26;0;13;15.7827970793005;tarde
70000144;11000020;1000000297;700000175;2024;23;1;1;1;;00003346;00000003;00000016;;1;0;0;;0;;;;;;0;;;0;1;0;0;25;5;1;0;0;1;0;;8;1;0;0;7;0;1;;3;2;;1;;;;;1;;;;1;;;0;;;0;1;0;;0;;0;0;0.571428571428571;26;0;7;6.51896084775217;manha
70000145;11000020;1000000285;700000166;2024;21;2;2;1;;00000311;00000008;00000003;00004049;2;0;0;;;;;;;;0;0;;0;1;1;0;2;5;1;0;0;1;0;;;;0;0;7;0;1;;3;2;;1;;;;;1;;;;1;;;0;;;0;1;0;;0;;0;0;0.571428571428571;26;0;7;28.6451445997227;manha
70000145;11000020;1000001161;700000611;2024;12;1;3;1;;00000011;00000003;00000001;00004715;1;0;0;;;;;0;;;;0;0;0;1;0;0;2;5;1;0;0;1;0;;;;0;1;5;0;1;;3;2;;1;;;;;1;;;;1;;;0;;;0;1;0;;0;;0;0;0.571428571428571;26;0;7;28.6451445997227;manha
70000145;11000020;1000001427;700000826;2024;10;2;0;1;;00003679;00000006;00000018;00005021;1;1;0;;0;;;;;;0;;0;0;1;0;;2;5;1;0;0;1;0;;;;0;0;2;0;1;1;3;2;;1;;;;;1;;;;1;;;0;;;0;1;0;;0;;0;0;0.571428571428571;26;0;7;28.6451445997227;manha
70000146;11000020;1000000424;700000235;2024;14;2;1;1;;00002815;00000004;;;1;0;1;;;1;;;0;;;0;;0;1;0;;2;5;1;0;0;1;0;;;;0;0;7;0;1;;3;2;;1;;;;;1;;;;1;;;0;;;0;1;0;;0;;0;0;0.571428571428571;26;0;8;27.0318715274334;manha
70000146;11000020;1000001153;700000608;2024;18;1;3;1;;00000995;00000002;00000027;00004323;1;0;0;0;;1;0;;;0;;;;0;1;0;0;2;5;1;0;0;1;0;;;;0;0;5;0;1;1;3;2;;1;;;;;1;;;;1;;;0;;;0;1;0;;0;;0;0;0.571428571428571;26;0;8;27.0318715274334;manha
70000146;11000020;1000001251;700000679;2024;12;1;0;1;;00003983;00000002;;00004940;1;0;0;;;;;;0;;;;;0;1;0;0;2;5;1;0;0;1;0;;;;0;1;4;0;1;1;3;2;;1;;;;;1;;;;1;;;0;;;0;1;0;;0;;0;0;0.571428571428571;26;0;8;27.0318715274334;manha
70000146;11000020;1000001541;700000933;2024;4;1;0;1;;00001031;00000005;;00003780;1;1;0;;0;;;;;;0;;;0;1;;0;2;5;1;0;0;1;0;;;;0;0;0;;0;;3;2;;1;;;;;1;;;;1;;;0;;;0;1;0;;0;;0;0;0.571428571428571;26;0;8;27.0318715274334;manha
70000147;11000020;1000000186;700000104;2024;8;1;0;1;;00000845;00000007;00000027;00000375;1;0;0;;;;;;;;0;;;0;1;0;0;27;5;1;0;0;1;0;;-9;0;0;0;7;0;1;1;3;2;;1;;;;;1;;;;1;;;0;;;0;1;0;;0;;0;0;0.571428571428571;26;0;13;1.78313090000302;tarde
70000147;11000020;1000000929;700000489;2024;15;2;3;1;;00002407;00000003;00000006;;1;0;0;;;;;;;;;;0;0;1;0;0;27;5;1;0;0;1;0;;-2;0;1;1;7;1;1;;3;2;;1;;;;;1;;;;1;;;0;;;0;1;0;;0;;0;0;0.571428571428571;26;0;13;1.78313090000302;tarde
70000147;11000020;1000001349;700000754;2024;32;2;0;1;;00001454;00000002;;;1;0;0;0;;;;;;;;;;0;1;0;0;27;5;1;0;0;1;0;;15;1;0;0;3;0;1;;3;2;;1;;;;;1;;;;1;;;0;;;0;1;0;;0;;0;0;0.571428571428571;26;0;13;1.78313090000302;tarde
70000148;11000021;1000000244;700000139;2024;14;1;0;1;;00002870;00000007;00000019;00002880;1;0;0;0;;;;0;;;;;;0;1;0;0;41;5;1;0;0;1;0;;0;0;0;0;7;0;1;1;3;2;;;0;1;;;;;;;;1;1;;0;;0;1;1;0;0;3;0;0;0.625;31;0.0967741935483871;7;5.15368720982224;manha
70000148;11000021;1000000378;700000216;2024;20;2;0;1;;00000511;00000003;;00003343;1;0;0;0;;;;;0;;;;0;0;1;0;0;41;5;1;0;0;1;0;;6;1;0;0;7;0;1;1;3;2;;;0;1;;;;;;;;1;1;;0;;0;1;1;0;0;3;0;0;0.625;31;0.0967741935483871;7;5.15368720982224;manha
70000148;11000021;1000000582;700000312;2024;12;1;0;1;;00003649;00000004;;00004839;1;0;0;;0;0;;0;;;0;;;0;1;0;0;41;5;1;0;0;1;0;;-2;0;0;0;7;0;1;1;3;2;;;0;1;;;;;;;;1;1;;0;;0;1;1;0;0;3;0;0;0.625;31;0.0967741935483871;7;5.15368720982224;manha
70000148;11000021;1000000645;700000344;2024;12;1;3;1;;00004615;00000003;00000019;00001707;1;0;0;;;;;;1;;;;;0;1;1;0;41;5;1;0;0;1;0;;-2;0;0;0;7;0;1;1;3;2;;;0;1;;;;;;;;1;1;;0;;0;1;1;0;0;3;0;0;0.625;31;0.0967741935483871;7;5.15368720982224;manha
70000148;11000021;1000001001;700000524;2024;17;1;1;1;;00004720;00000006;;00005248;1;0;0;;0;;;0;;;;0;;0;1;;0;41;5;1;0;0;1;0;;3;1;1;0;6;1;1;1;3;2;;;0;1;;;;;;;;1;1;;0;;0;1;1;0;0;3;0;0;0.625;31;0.0967741935483871;7;5.15368720982224;manha
70000148;11000021;1000001265;700000691;2024;18;2;3;1;;00002881;00000001;;00004809;1;0;0;;;;;;;0;;;;0;1;1;0;41;5;1;0;0;1;0;;4;1;0;0;4;0;1;1;3;2;;;0;1;;;;;;;;1;1;;0;;0;1;1;0;0;3;0;0;0.625;31;0.0967741935483871;7;5.15368720982224;manha
70000148;11000021;1000001285;700000706;2024;21;1;0;1;;00003408;00000009;00000010;00003032;2;0;0;;;;0;;;;;0;;0;1;1;0;41;5;1;0;0;1;0;;7;1;0;0;3;0;1;;3;2;;;0;1;;;;;;;;1;1;;0;;0;1;1;0;0;3;0;0;0.625;31;0.0967741935483871;7;5.15368720982224;manha
70000148;11000021;1000001550;700000942;2024;60;1;3;1;;00002545;00000002;;00000114;1;0;0;;;;;0;;;0;;;0;1;0;0;41;5;1;0;0;1;0;;46;1;0;0;0;;0;;3;2;;;0;1;;;;;;;;1;1;;0;;0;1;1;0;0;3;0;0;0.625;31;0.0967741935483871;7;5.15368720982224;manha
70000149;11000021;1000001599;700000991;2024;8;1;1;1;;00002115;00000007;00000003;;1;0;0;;;;0;;;;;;;0;1;0;0;69;5;1;0;0;1;0;;;;0;0;0;;0;;3;2;;;0;1;;;;;;;;1;1;;0;;0;1;1;0;0;3;0;0;0.625;31;0.0967741935483871;13;34.454524402041;tarde
70000150;11000021;1000000409;700000227;2024;22;1;3;1;;00000150;00000006;00000016;00003483;2;0;0;;0;;;;;;;;0;0;1;0;0;19;5;1;0;0;1;0;;11;1;1;0;7;0;1;1;3;2;;;0;1;;;;;;;;1;1;;0;;0;1;1;0;0;3;0;0;0.625;31;0.0967741935483871;18;15.2473460958572;noite
70000150;11000021;1000000526;700000281;2024;20;2;3;1;;00002309;00000005;00000027;;2;0;0;0;;;;;;;;;;0;1;0;0;19;5;1;0;0;1;0;;9;1;0;0;7;0;1;;3;2;;;0;1;;;;;;;;1;1;;0;;0;1;1;0;0;3;0;0;0.625;31;0.0967741935483871;18;15.2473460958572;noite
70000150;11000021;1000000750;700000404;2024;17;2;1;1;;00004011;00000009;00000016;00003922;1;0;1;;;;;;0;;0;;;0;1;0;0;19;5;1;0;0;1;0;;6;1;0;1;7;0;1;;3;2;;;0;1;;;;;;;;1;1;;0;;0;1;1;0;0;3;0;0;0.625;31;0.0967741935483871;18;15.2473460958572;noite
70000150;11000021;1000001448;700000845;2024;19;2;0;1;;00002846;00000008;;;1;0;0;;;;0;;;;;;;0;1;0;0;19;5;1;0;0;1;0;;8;1;0;0;1;0;1;;3;2;;;0;1;;;;;;;;1;1;;0;;0;1;1;0;0;3;0;0;0.625;31;0.0967741935483871;18;15.2473460958572;noite
70000151;11000021;1000000047;700000024;2024;13;2;1;1;;00001892;00000009;00000001;00002638;1;0;0;0;;1;;;;;0;;;0;1;0;0;17;5;1;0;0;1;0;;4;1;0;0;7;0;1;1;3;2;;;0;1;;;;;;;;1;1;;0;;0;1;1;0;0;3;0;0;0.625;31;0.0967741935483871;13;27.7202069433406;tarde
70000151;11000021;1000000452;700000247;2024;12;1;1;1;;00000932;00000004;00000010;00002426;1;0;0;;0;;;0;;;0;;;0;1;0;0;17;5;1;0;0;1;0;;3;1;1;1;7;0;1;1;3;2;;;0;1;;;;;;;;1;1;;0;;0;1;1;0;0;3;0;0;0.625;31;0.0967741935483871;13;27.7202069433406;tarde
70000152;11000021;1000000245;700000140;2024;15;1;3;1;;;00000002;00000010;;1;0;0;;;;;;;;0;;;0;1;0;;2;3;1;0;0;1;0;;;;0;0;7;0;1;;3;2;;;0;1;;;;;;;;1;1;;0;;0;1;1;0;0;3;0;0;0.625;31;0.0967741935483871;7;21.6847593832063;manha
70000152;11000021;1000000773;700000415;2024;17;1;2;1;;00003589;00000003;00000012;00004148;1;0;1;;;;;;;;0;;;0;1;0;0;2;3;1;0;0;1;0;;;;0;1;7;0;1;1;3;2;;;0;1;;;;;;;;1;1;;0;;0;1;1;0;0;3;0;0;0.625;31;0.0967741935483871;7;21.6847593832063;manha
70000152;11000021;1000001048;700000545;2024;9;1;0;1;;00004615;00000009;00000013;00003182;1;0;0;;;;;0;;;;;;0;1;0;0;2;3;1;0;0;1;0;;;;0;0;6;0;1;1;3;2;;;0;1;;;;;;;;1;1;;0;;0;1;1;0;0;3;0;0;0.625;31;0.0967741935483871;7;21.6847593832063;manha
70000152;11000021;1000001292;700000712;2024;14;1;3;1;;00001406;00000001;00000020;00003967;1;0;0;;;;;0;;0;;;;0;1;0;0;2;3;1;0;0;1;0;;;;0;0;3;0;1;;3;2;;;0;1;;;;;;;;1;1;;0;;0;1;1;0;0;3;0;0;0.625;31;0.0967741935483871;7;21.6847593832063;manha
70000152;11000021;1000001402;700000802;2024;10;1;0;1;;00000324;00000009;;00000800;2;0;0;0;0;;;;1;;0;;;;1;0;0;2;3;1;0;0;1;0;;;;0;0;2;0;1;1;3;2;;;0;1;;;;;;;;1;1;;0;;0;1;1;0;0;3;0;0;0.625;31;0.0967741935483871;7;21.6847593832063;manha
70000152;11000021;1000001425;700000824;2024;10;1;0;1;;00003768;00000007;00000010;00005173;1;0;0;;;1;;;0;0;0;;;;1;0;0;2;3;1;0;0;1;0;;;;0;0;2;0;1;1;3;2;;;0;1;;;;;;;;1;1;;0;;0;1;1;0;0;3;0;0;0.625;31;0.0967741935483871;7;21.6847593832063;manha
70000153;11000021;1000001179;700000626;2024;21;1;1;1;;00003649;00000002;;00001994;1;0;;;1;;0;;;;;;;;1;0;0;2;5;1;0;0;1;0;;;;0;0;5;0;1;1;3;2;;;0;1;;;;;;;;1;1;;0;;0;1;1;0;0;3;0;0;0.625;31;0.0967741935483871;14;33.4924299959093;tarde
70000153;11000021;1000001229;700000661;2024;5;1;0;1;;00001210;00000009;00000012;00004235;1;1;0;;0;;;;0;;0;;;0;1;0;0;2;5;1;0;0;1;0;;;;0;0;4;0;1;1;3;2;;;0;1;;;;;;;;1;1;;0;;0;1;1;0;0;3;0;0;0.625;31;0.0967741935483871;14;33.4924299959093;tarde
70000153;11000021;1000001257;700000684;2024;7;1;5;1;;00000751;00000004;00000019;00003014;1;0;0;;0;;;;;0;;;;0;1;0;0;2;5;1;0;0;1;0;;;;0;0;4;0;1;;3;2;;;0;1;;;;;;;;1;1;;0;;0;1;1;0;0;3;0;0;0.625;31;0.0967741935483871;14;33.4924299959093;tarde
70000154;11000021;1000000209;700000120;2024;18;2;0;1;;00005510;00000001;;;1;0;1;;;;;;;;;;;;1;0;0;1;5;1;0;0;1;0;;;;0;0;7;0;1;;3;2;;;0;1;;;;;;;;1;1;;0;;0;1;1;0;0;3;0;0;0.625;31;0.0967741935483871;13;2.38591837696731;tarde
70000154;11000021;1000000739;700000400;2024;25;1;1;1;;00002339;00000007;;00001330;1;0;0;;;;;0;;;;;;0;1;0;0;1;5;1;0;0;1;0;;;;0;0;7;0;1;1;3;2;;;0;1;;;;;;;;1;1;;0;;0;1;1;0;0;3;0;0;0.625;31;0.0967741935483871;13;2.38591837696731;tarde
70000154;11000021;1000001405;700000805;2024;9;1;3;1;;00000457;00000003;00000019;00003784;1;0;0;;;;0;;0;;;;;0;1;1;0;1;5;1;0;0;1;0;;;;0;1;2;0;1;;3;2;;;0;1;;;;;;;;1;1;;0;;0;1;1;0;0;3;0;0;0.625;31;0.0967741935483871;13;2.38591837696731;tarde
70000155;11000022;1000000165;700000093;2024;21;2;0;1;;00005417;00000006;00000016;;1;0;1;;;;;;0;;;;;0;1;;0;;5;1;0;0;1;0;;;;0;0;7;0;1;;4;1;;;1;1;1;1;;1;;0;0;;;0;1;1;1;;1;0;0;;1;;0.75;33;0.0303030303030303;7;9.85446834412869;manha
70000155;11000022;1000000754;700000405;2024;21;1;3;1;;00003070;00000007;00000002;00004716;1;0;0;;;;;;;0;;;;0;1;0;0;;5;1;0;0;1;0;;;;0;0;7;0;1;1;4;1;;;1;1;1;1;;1;;0;0;;;0;1;1;1;;1;0;0;;1;;0.75;33;0.0303030303030303;7;9.85446834412869;manha
70000155;11000022;1000000987;700000518;2024;19;1;3;1;;00001160;00000005;00000019;00003558;2;0;0;;;;;;;;;;;0;1;0;0;;5;1;0;0;1;0;;;;0;1;7;0;1;1;4;1;;;1;1;1;1;;1;;0;0;;;0;1;1;1;;1;0;0;;1;;0.75;33;0.0303030303030303;7;9.85446834412869;manha
70000156;11000022;1000000088;700000052;2024;19;1;3;1;;00000198;00000001;00000010;;1;0;0;;0;;;0;;0;0;;;;1;0;0;2;5;1;0;0;1;0;;;;0;0;7;0;1;;4;1;;;1;1;1;1;;1;;0;0;;;0;1;1;1;;1;0;0;;1;;0.75;33;0.0303030303030303;7;27.1653353032889;manha
70000156;11000022;1000001371;700000773;2024;7;1;0;1;;00004432;00000007;00000024;00005252;1;0;0;0;0;;;;;;;;;0;1;0;0;2;5;1;0;0;1;0;;;;0;0;2;0;1;1;4;1;;;1;1;1;1;;1;;0;0;;;0;1;1;1;;1;0;0;;1;;0.75;33;0.0303030303030303;7;27.1653353032889;manha
70000156;11000022;1000001391;700000793;2024;10;2;3;1;;00004847;00000009;00000003;00000202;1;0;0;;;;0;;0;;;;;0;1;;;2;5;1;0;0;1;0;;;;0;0;2;0;1;;4;1;;;1;1;1;1;;1;;0;0;;;0;1;1;1;;1;0;0;;1;;0.75;33;0.0303030303030303;7;27.1653353032889;manha
70000157;11000022;1000000102;700000062;2024;17;2;0;1;;00004227;00000006;00000017;00005161;1;0;0;;;;;;;;;;;0;1;0;0;;5;1;0;0;1;0;;;;0;0;7;0;1;1;4;1;;;1;1;1;1;;1;;0;0;;;0;1;1;1;;1;0;0;;1;;0.75;33;0.0303030303030303;7;16.2935920135351;manha
70000157;11000022;1000000394;700000220;2024;12;2;1;1;;00003585;00000009;;00000256;1;0;0;;;;;;;;;;;0;1;0;0;;5;1;0;0;1;0;;;;1;0;7;0;1;1;4;1;;;1;1;1;1;;1;;0;0;;;0;1;1;1;;1;0;0;;1;;0.75;33;0.0303030303030303;7;16.2935920135351;manha
70000157;11000022;1000000911;700000482;2024;16;2;1;1;;00002135;00000007;;00004545;1;0;0;;;;;;;;;;;0;1;0;0;;5;1;0;0;1;0;;;;0;0;7;0;1;1;4;1;;;1;1;1;1;;1;;0;0;;;0;1;1;1;;1;0;0;;1;;0.75;33;0.0303030303030303;7;16.2935920135351;manha
70000157;11000022;1000001396;700000797;2024;46;1;0;1;;00001363;00000007;00000022;00000517;1;0;0;0;;;;;0;;;;;0;1;0;0;;5;1;0;0;1;0;;;;0;0;2;0;1;1;4;1;;;1;1;1;1;;1;;0;0;;;0;1;1;1;;1;0;0;;1;;0.75;33;0.0303030303030303;7;16.2935920135351;manha
70000158;11000022;1000000178;700000100;2024;24;2;0;1;;00001645;00000001;00000002;00005249;1;0;0;;;;;;;;;;;0;1;1;0;;5;1;0;0;1;0;;;;1;0;7;0;1;;4;1;;;1;1;1;1;;1;;0;0;;;0;1;1;1;;1;0;0;;1;;0.75;33;0.0303030303030303;7;22.8216831840109;manha
70000158;11000022;1000000573;700000308;2024;20;1;1;1;;00000020;00000001;00000002;00002632;2;0;1;;;;;;;0;0;;;0;1;0;0;;5;1;0;0;1;0;;;;0;0;7;0;1;1;4;1;;;1;1;1;1;;1;;0;0;;;0;1;1;1;;1;0;0;;1;;0.75;33;0.0303030303030303;7;22.8216831840109;manha
70000158;11000022;1000001156;700000610;2024;14;2;1;1;;00001442;00000001;00000009;;2;0;0;;;1;;;;0;;0;;0;1;0;0;;5;1;0;0;1;0;;;;0;0;5;0;1;;4;1;;;1;1;1;1;;1;;0;0;;;0;1;1;1;;1;0;0;;1;;0.75;33;0.0303030303030303;7;22.8216831840109;manha
70000159;11000022;1000000049;700000025;2024;13;1;1;1;;00003149;00000008;00000018;00004251;1;0;0;;;;;;;;;;;0;1;0;0;;5;1;0;0;1;0;;;;0;0;7;0;1;1;4;1;;;1;1;1;1;;1;;0;0;;;0;1;1;1;;1;0;0;;1;;0.75;33;0.0303030303030303;20;32.7036260027671;noite
70000159;11000022;1000000371;700000212;2024;16;1;0;1;;00000085;00000005;00000014;00001222;1;0;1;;;;0;;;;;;0;0;1;0;0;;5;1;0;0;1;0;;;;0;0;7;0;1;1;4;1;;;1;1;1;1;;1;;0;0;;;0;1;1;1;;1;0;0;;1;;0.75;33;0.0303030303030303;20;32.7036260027671;noite
70000159;11000022;1000000851;700000449;2024;11;2;1;1;;00000206;00000001;00000016;00000120;1;0;0;0;;;;;;;;;;0;1;0;0;;5;1;0;0;1;0;;;;0;1;7;0;1;1;4;1;;;1;1;1;1;;1;;0;0;;;0;1;1;1;;1;0;0;;1;;0.75;33;0.0303030303030303;20;32.7036260027671;noite
70000159;11000022;1000001067;700000557;2024;17;2;1;1;;00004620;00000003;;;1;0;0;;;;;;;;;;;0;1;0;0;;5;1;0;0;1;0;;;;0;1;6;0;1;;4;1;;;1;1;1;1;;1;;0;0;;;0;1;1;1;;1;0;0;;1;;0.75;33;0.0303030303030303;20;32.7036260027671;noite
70000159;11000022;1000001344;700000750;2024;15;2;2;1;;00003042;00000001;;;1;0;0;;;;0;0;0;;;;;0;1;0;0;;5;1;0;0;1;0;;;;0;0;3;0;1;;4;1;;;1;1;1;1;;1;;0;0;;;0;1;1;1;;1;0;0;;1;;0.75;33;0.0303030303030303;20;32.7036260027671;noite
70000159;11000022;1000001351;700000756;2024;8;2;0;1;;00004926;00000009;00000013;00001336;2;0;0;;;;0;;;;;;;0;1;0;;;5;1;0;0;1;0;;;;0;0;3;0;1;;4;1;;;1;1;1;1;;1;;0;0;;;0;1;1;1;;1;0;0;;1;;0.75;33;0.0303030303030303;20;32.7036260027671;noite
70000159;11000022;1000001439;700000836;2024;14;2;3;1;;00004362;00000004;;00003204;1;0;1;;;;;;;;;0;;;1;0;0;;5;1;0;0;1;0;;;;0;0;2;0;1;;4;1;;;1;1;1;1;;1;;0;0;;;0;1;1;1;;1;0;0;;1;;0.75;33;0.0303030303030303;20;32.7036260027671;noite
70000159;11000022;1000001446;700000843;2024;4;1;1;1;;00003922;00000004;00000022;00001503;1;0;0;0;;;;;;;;;;0;1;0;0;;5;1;0;0;1;0;;;;0;0;1;0;1;1;4;1;;;1;1;1;1;;1;;0;0;;;0;1;1;1;;1;0;0;;1;;0.75;33;0.0303030303030303;20;32.7036260027671;noite
70000160;11000022;1000000160;700000089;2024;27;1;1;1;;00004424;00000001;;;1;0;1;;;;;0;;;;;;0;1;0;0;;2;1;0;0;1;0;;;;0;0;7;0;1;;4;1;;;1;1;1;1;;1;;0;0;;;0;1;1;1;;1;0;0;;1;;0.75;33;0.0303030303030303;;18.762978753075;
70000160;11000022;1000000228;700000131;2024;20;2;3;1;;00005172;00000002;00000018;;1;0;0;0;;;0;0;0;;0;;;0;1;;0;;2;1;0;0;1;0;;;;1;0;7;1;1;;4;1;;;1;1;1;1;;1;;0;0;;;0;1;1;1;;1;0;0;;1;;0.75;33;0.0303030303030303;;18.762978753075;
70000160;11000022;1000000496;700000265;2024;11;2;3;1;;00002083;00000005;00000027;;1;0;0;0;1;;;;;0;;;;0;1;0;0;;2;1;0;0;1;0;;;;0;0;7;0;1;;4;1;;;1;1;1;1;;1;;0;0;;;0;1;1;1;;1;0;0;;1;;0.75;33;0.0303030303030303;;18.762978753075;
70000160;11000022;1000000640;700000342;2024;18;2;1;1;;00005564;00000009;;00002612;2;0;1;;0;;;;;;;;;0;1;0;0;;2;1;0;0;1;0;;;;0;1;7;0;1;1;4;1;;;1;1;1;1;;1;;0;0;;;0;1;1;1;;1;0;0;;1;;0.75;33;0.0303030303030303;;18.762978753075;
70000160;11000022;1000000681;700000367;2024;25;1;3;1;;00003221;00000009;;00004883;1;0;0;;;0;;0;0;;;;;;1;0;0;;2;1;0;0;1;0;;;;1;1;7;1;1;1;4;1;;;1;1;1;1;;1;;0;0;;;0;1;1;1;;1;0;0;;1;;0.75;33;0.0303030303030303;;18.762978753075;
70000160;11000022;1000000856;700000452;2024;23;1;0;1;;00004694;00000003;;00003808;1;0;0;;;;;0;;;;0;0;0;1;0;0;;2;1;0;0;1;0;;;;0;0;7;0;1;1;4;1;;;1;1;1;1;;1;;0;0;;;0;1;1;1;;1;0;0;;1;;0.75;33;0.0303030303030303;;18.762978753075;
70000160;11000022;1000001470;700000865;2024;18;2;0;1;;00005367;00000004;00000022;00004122;1;0;0;;;;;0;0;;;;;0;1;0;;;2;1;0;0;1;0;;;;0;0;1;0;1;1;4;1;;;1;1;1;1;;1;;0;0;;;0;1;1;1;;1;0;0;;1;;0.75;33;0.0303030303030303;;18.762978753075;
70000161;11000022;1000000122;700000070;2024;23;1;0;1;;00003493;00000007;00000023;;2;0;0;;;;;;0;;;;;0;1;0;0;;5;1;0;0;1;0;;;;0;0;7;0;1;;4;1;;;1;1;1;1;;1;;0;0;;;0;1;1;1;;1;0;0;;1;;0.75;33;0.0303030303030303;7;32.7208456478547;manha
70000161;11000022;1000001309;700000726;2024;8;1;3;1;;00004828;00000001;00000009;;1;0;0;;1;;;0;0;0;;;;0;1;1;0;;5;1;0;0;1;0;;;;1;0;3;0;1;;4;1;;;1;1;1;1;;1;;0;0;;;0;1;1;1;;1;0;0;;1;;0.75;33;0.0303030303030303;7;32.7208456478547;manha
70000162;11000023;1000000291;700000170;2024;11;1;1;1;;00002955;00000002;00000011;;1;0;1;;;1;;;0;;;;0;0;1;0;0;72;1;1;0;0;1;0;;;;0;0;7;0;1;;4;2;;;;;;;0;;0;0;1;;;1;1;1;;;1;0;0;;0;1;0.625;33;0.0303030303030303;13;13.5787337919464;tarde
70000162;11000023;1000000875;700000462;2024;12;2;3;1;;00002137;00000007;00000009;00001454;1;0;0;;;;;0;;;;;;0;1;;0;72;1;1;0;0;1;0;;;;0;0;7;0;1;;4;2;;;;;;;0;;0;0;1;;;1;1;1;;;1;0;0;;0;1;0.625;33;0.0303030303030303;13;13.5787337919464;tarde
70000163;11000023;1000000444;700000245;2024;18;2;0;1;;00000567;00000001;00000009;00000142;1;0;0;;0;1;;;;0;;;;0;1;0;0;16;5;1;0;0;1;0;;10;1;1;0;7;0;1;;4;2;;;;;;;0;;0;0;1;;;1;1;1;;;1;0;0;;0;1;0.625;33;0.0303030303030303;14;3.29010194400325;tarde
70000163;11000023;1000001077;700000566;2024;18;1;3;1;;00002023;00000003;;00000922;1;0;0;;;;;0;;;;;;0;1;0;0;16;5;1;0;0;1;0;;10;1;1;0;6;0;1;;4;2;;;;;;;0;;0;0;1;;;1;1;1;;;1;0;0;;0;1;0.625;33;0.0303030303030303;14;3.29010194400325;tarde
70000163;11000023;1000001568;700000960;2024;6;1;3;1;;00003900;00000001;;00005466;1;0;1;;;;;;;;;;;0;1;0;0;16;5;1;0;0;1;0;;-2;0;0;0;0;;0;;4;2;;;;;;;0;;0;0;1;;;1;1;1;;;1;0;0;;0;1;0.625;33;0.0303030303030303;14;3.29010194400325;tarde
70000163;11000023;1000001596;700000988;2024;12;2;0;1;;00000586;00000008;00000016;00002868;1;0;1;0;;;;;;;0;;;0;1;1;0;16;5;1;0;0;1;0;;4;1;0;0;0;;0;;4;2;;;;;;;0;;0;0;1;;;1;1;1;;;1;0;0;;0;1;0.625;33;0.0303030303030303;14;3.29010194400325;tarde
70000164;11000023;1000000613;700000328;2024;16;2;1;1;;00001481;00000002;00000008;;2;1;0;;0;;0;0;0;;;;0;0;1;0;0;18;5;1;0;0;1;0;;6;1;0;0;7;0;1;;4;2;;;;;;;0;;0;0;1;;;1;1;1;;;1;0;0;;0;1;0.625;33;0.0303030303030303;8;12.3756700794911;manha
70000164;11000023;1000000647;700000346;2024;16;2;1;1;;00001542;00000002;00000008;;2;0;0;;;;;;;;;;0;0;1;0;0;18;5;1;0;0;1;0;;6;1;0;0;7;0;1;;4;2;;;;;;;0;;0;0;1;;;1;1;1;;;1;0;0;;0;1;0.625;33;0.0303030303030303;8;12.3756700794911;manha
70000164;11000023;1000001492;700000885;2024;7;2;3;1;;00005148;00000007;00000020;00000766;1;0;0;;0;;;;;;;0;;0;1;0;0;18;5;1;0;0;1;0;;-3;0;0;0;1;0;1;1;4;2;;;;;;;0;;0;0;1;;;1;1;1;;;1;0;0;;0;1;0.625;33;0.0303030303030303;8;12.3756700794911;manha
70000164;11000023;1000001567;700000959;2024;27;2;3;1;;00004972;00000008;00000011;00004669;1;0;0;;;;;0;;0;;;;0;1;0;0;18;5;1;0;0;1;0;;17;1;0;0;0;;0;;4;2;;;;;;;0;;0;0;1;;;1;1;1;;;1;0;0;;0;1;0.625;33;0.0303030303030303;8;12.3756700794911;manha
70000165;11000023;1000000463;700000252;2024;19;1;0;1;;00004408;00000001;00000010;;1;0;0;;;;0;;;;;;;0;1;0;0;1;5;1;0;0;1;0;;;;0;0;7;0;1;;4;2;;;;;;;0;;0;0;1;;;1;1;1;;;1;0;0;;0;1;0.625;33;0.0303030303030303;;26.81751925149;
70000165;11000023;1000000785;700000425;2024;19;2;1;1;;00005231;00000008;00000020;00005295;1;0;0;;;;0;;;;;;;0;1;0;0;1;5;1;0;0;1;0;;;;1;0;7;0;1;1;4;2;;;;;;;0;;0;0;1;;;1;1;1;;;1;0;0;;0;1;0.625;33;0.0303030303030303;;26.81751925149;
70000165;11000023;1000001086;700000572;2024;14;2;1;1;;00005371;00000006;;;1;0;0;;0;;;;;0;;;;0;1;0;0;1;5;1;0;0;1;0;;;;0;1;6;0;1;;4;2;;;;;;;0;;0;0;1;;;1;1;1;;;1;0;0;;0;1;0.625;33;0.0303030303030303;;26.81751925149;
70000165;11000023;1000001449;700000846;2024;58;1;1;1;;00003071;00000002;;00000991;1;1;1;;;;;;0;;;;;0;1;0;;1;5;1;0;0;1;0;;;;0;0;1;0;1;1;4;2;;;;;;;0;;0;0;1;;;1;1;1;;;1;0;0;;0;1;0.625;33;0.0303030303030303;;26.81751925149;
70000165;11000023;1000001488;700000881;2024;11;1;0;1;;00004176;00000002;;00000413;1;0;1;;;;0;;;;;;;0;1;0;0;1;5;1;0;0;1;0;;;;0;0;1;0;1;;4;2;;;;;;;0;;0;0;1;;;1;1;1;;;1;0;0;;0;1;0.625;33;0.0303030303030303;;26.81751925149;
70000166;11000023;1000000172;700000095;2024;22;1;3;1;;00003078;00000004;00000012;00002018;1;0;0;;;1;;;;;;0;0;0;1;0;0;19;5;1;0;0;1;0;;11;1;0;0;7;0;1;;4;2;;;;;;;0;;0;0;1;;;1;1;1;;;1;0;0;;0;1;0.625;33;0.0303030303030303;7;26.6511884180363;manha
70000166;11000023;1000000719;700000389;2024;12;2;1;1;;00002992;00000002;00000004;00003781;1;0;0;0;;;;;;0;;;;0;1;0;0;19;5;1;0;0;1;0;;1;0;0;0;7;0;1;1;4;2;;;;;;;0;;0;0;1;;;1;1;1;;;1;0;0;;0;1;0.625;33;0.0303030303030303;7;26.6511884180363;manha
70000166;11000023;1000001182;700000629;2024;18;1;0;1;;00000054;00000006;00000014;;1;0;0;0;;1;;;;;;;0;0;1;0;0;19;5;1;0;0;1;0;;7;1;0;0;5;0;1;;4;2;;;;;;;0;;0;0;1;;;1;1;1;;;1;0;0;;0;1;0.625;33;0.0303030303030303;7;26.6511884180363;manha
70000166;11000023;1000001576;700000968;2024;4;1;0;1;;00005513;00000004;;;1;0;1;;;;;;0;0;;;;0;1;0;0;19;5;1;0;0;1;0;;-7;0;0;0;0;;0;;4;2;;;;;;;0;;0;0;1;;;1;1;1;;;1;0;0;;0;1;0.625;33;0.0303030303030303;7;26.6511884180363;manha
70000167;11000023;1000000026;700000012;2024;22;2;3;1;;00001361;00000006;00000013;;1;0;0;0;;0;;;;0;;;;0;1;0;0;15;5;1;0;0;1;0;;15;1;0;0;7;0;1;;4;2;;;;;;;0;;0;0;1;;;1;1;1;;;1;0;0;;0;1;0.625;33;0.0303030303030303;10;17.3427813500166;manha
70000167;11000023;1000000696;700000378;2024;14;1;1;1;;00001497;00000001;00000020;;1;0;0;;;1;;;1;;;;;0;1;0;1;15;5;1;0;0;1;0;;7;1;0;0;7;0;1;;4;2;;;;;;;0;;0;0;1;;;1;1;1;;;1;0;0;;0;1;0.625;33;0.0303030303030303;10;17.3427813500166;manha
70000167;11000023;1000001034;700000537;2024;14;1;0;1;;00004464;00000005;00000016;00003284;1;0;0;0;;;;0;;;;;;0;1;0;0;15;5;1;0;0;1;0;;7;1;0;0;6;0;1;;4;2;;;;;;;0;;0;0;1;;;1;1;1;;;1;0;0;;0;1;0.625;33;0.0303030303030303;10;17.3427813500166;manha
70000167;11000023;1000001329;700000740;2024;7;1;3;1;;00001265;00000001;00000019;;1;0;0;;;;;;;;;;;;1;0;0;15;5;1;0;0;1;0;;0;0;0;1;3;0;1;;4;2;;;;;;;0;;0;0;1;;;1;1;1;;;1;0;0;;0;1;0.625;33;0.0303030303030303;10;17.3427813500166;manha
70000167;11000023;1000001589;700000981;2024;14;2;2;1;;00000079;00000006;00000001;;1;0;1;;;;;;;;;;;0;1;;0;15;5;1;0;0;1;0;;7;1;0;0;0;;0;;4;2;;;;;;;0;;0;0;1;;;1;1;1;;;1;0;0;;0;1;0.625;33;0.0303030303030303;10;17.3427813500166;manha
70000168;11000023;1000000056;700000029;2024;12;1;0;1;;00004859;00000008;;;1;0;0;;;;;;;;;;;0;1;0;0;2;1;1;0;0;1;0;;;;0;0;7;0;1;;4;2;;;;;;;0;;0;0;1;;;1;1;1;;;1;0;0;;0;1;0.625;33;0.0303030303030303;13;28.8135468983091;tarde
70000169;11000024;1000000940;700000494;2024;15;2;0;1;;;00000009;00000009;00000890;2;0;1;;;;0;0;;;;;;0;1;0;0;1;5;1;0;0;1;0;;;;0;0;7;0;1;1;3;1;;1;;;1;1;1;1;;;;1;1;;;1;0;0;1;2;0;;;;0.818181818181818;16;0.125;14;7.46214383572806;tarde
70000169;11000024;1000001152;700000607;2024;20;2;0;1;;00003940;00000008;00000010;;1;0;0;;0;;;;;;;;;0;1;0;0;1;5;1;0;0;1;0;;;;0;0;5;0;1;;3;1;;1;;;1;1;1;1;;;;1;1;;;1;0;0;1;2;0;;;;0.818181818181818;16;0.125;14;7.46214383572806;tarde
70000169;11000024;1000001494;700000887;2024;7;1;3;1;;00005101;00000001;00000002;00003376;1;0;1;;1;;;0;;;;0;;0;1;0;;1;5;1;0;0;1;0;;;;0;0;1;0;1;1;3;1;;1;;;1;1;1;1;;;;1;1;;;1;0;0;1;2;0;;;;0.818181818181818;16;0.125;14;7.46214383572806;tarde
70000170;11000024;1000001412;700000811;2024;6;2;3;1;;00003600;00000003;;00000829;1;0;0;0;;;;;;;;;;0;1;0;0;1;5;1;0;0;1;0;;;;0;0;2;0;1;1;3;1;;1;;;1;1;1;1;;;;1;1;;;1;0;0;1;2;0;;;;0.818181818181818;16;0.125;13;30.991624178132;tarde
70000171;11000024;1000000085;700000049;2024;23;1;0;1;;00003861;00000004;;;1;0;;;;;;;;;;;;0;1;0;0;25;5;1;0;0;1;0;;8;1;0;0;7;0;1;;3;1;;1;;;1;1;1;1;;;;1;1;;;1;0;0;1;2;0;;;;0.818181818181818;16;0.125;7;38.4923062953167;manha
70000171;11000024;1000001417;700000816;2024;9;2;3;1;;00004701;00000002;00000007;00005280;1;0;0;;;;0;;;;;;;0;1;0;0;25;5;1;0;0;1;0;;-6;0;0;0;2;0;1;;3;1;;1;;;1;1;1;1;;;;1;1;;;1;0;0;1;2;0;;;;0.818181818181818;16;0.125;7;38.4923062953167;manha
70000171;11000024;1000001555;700000947;2024;13;2;3;1;;00001477;00000001;00000012;00004951;1;0;0;0;0;1;;;;;;;;0;1;0;0;25;5;1;0;0;1;0;;-2;0;0;0;0;;0;;3;1;;1;;;1;1;1;1;;;;1;1;;;1;0;0;1;2;0;;;;0.818181818181818;16;0.125;7;38.4923062953167;manha
70000172;11000024;1000001416;700000815;2024;7;1;0;1;;00005084;00000002;;;1;0;0;;;;;0;;;;;;0;1;0;0;14;5;1;0;0;1;0;;1;0;0;0;2;0;1;;3;1;;1;;;1;1;1;1;;;;1;1;;;1;0;0;1;2;0;;;;0.818181818181818;16;0.125;7;13.5284675797448;manha
70000172;11000024;1000001491;700000884;2024;5;1;0;1;;00005218;00000002;;00003635;1;0;0;;;;;;;;;;0;0;1;0;;14;5;1;0;0;1;0;;-1;0;0;0;1;0;1;1;3;1;;1;;;1;1;1;1;;;;1;1;;;1;0;0;1;2;0;;;;0.818181818181818;16;0.125;7;13.5284675797448;manha
70000172;11000024;1000001562;700000954;2024;12;1;1;1;;00002665;00000005;00000005;00001798;1;0;0;;;;;;;;;;0;0;1;0;;14;5;1;0;0;1;0;;6;1;0;0;0;;0;;3;1;;1;;;1;1;1;1;;;;1;1;;;1;0;0;1;2;0;;;;0.818181818181818;16;0.125;7;13.5284675797448;manha
70000173;11000024;1000000067;700000035;2024;10;1;3;1;;00001958;00000006;00000006;00003087;1;0;0;;;;0;;;;;;;0;1;0;0;17;5;1;0;0;1;0;;1;0;0;0;7;0;1;1;3;1;;1;;;1;1;1;1;;;;1;1;;;1;0;0;1;2;0;;;;0.818181818181818;16;0.125;13;32.6353203423787;tarde
70000173;11000024;1000001297;700000717;2024;9;2;3;1;;00003515;00000003;00000022;00001583;1;0;0;;0;;;;;;;;;0;1;0;0;17;5;1;0;0;1;0;;0;0;0;0;3;0;1;1;3;1;;1;;;1;1;1;1;;;;1;1;;;1;0;0;1;2;0;;;;0.818181818181818;16;0.125;13;32.6353203423787;tarde
70000173;11000024;1000001559;700000951;2024;11;2;1;1;;00004810;00000001;00000004;00000045;2;0;0;;;1;;;;;;;;0;1;;0;17;5;1;0;0;1;0;;2;1;0;0;0;;0;;3;1;;1;;;1;1;1;1;;;;1;1;;;1;0;0;1;2;0;;;;0.818181818181818;16;0.125;13;32.6353203423787;tarde
70000174;11000024;1000000250;700000145;2024;16;1;1;1;;00002007;00000007;00000025;;2;0;0;;;;;0;;;;;;0;1;0;1;14;5;1;0;0;1;0;;10;1;0;0;7;0;1;;3;1;;1;;;1;1;1;1;;;;1;1;;;1;0;0;1;2;0;;;;0.818181818181818;16;0.125;12;9.9095198023133;tarde
70000174;11000024;1000001318;700000732;2024;9;1;0;1;;00000814;00000005;00000008;;1;1;0;;0;;;0;;;0;;;0;1;0;0;14;5;1;0;0;1;0;;3;1;0;0;3;0;1;;3;1;;1;;;1;1;1;1;;;;1;1;;;1;0;0;1;2;0;;;;0.818181818181818;16;0.125;12;9.9095198023133;tarde
70000176;11000025;1000000094;700000057;2024;8;2;3;1;;00000800;00000006;00000019;00002809;1;0;1;;;;;;;0;;0;0;0;1;;0;30;5;1;0;0;1;0;;-7;0;0;0;7;0;1;1;3;1;;;;1;0;;1;1;0;0;0;1;;0;;;;0;0;1;0;0;;;0.363636363636364;32;0.03125;13;16.0245084745111;tarde
70000176;11000025;1000000145;700000080;2024;24;2;3;1;;00003026;00000009;;00001451;1;0;0;;;0;;;;;;;;;1;0;0;30;5;1;0;0;1;0;;9;1;0;1;7;0;1;;3;1;;;;1;0;;1;1;0;0;0;1;;0;;;;0;0;1;0;0;;;0.363636363636364;32;0.03125;13;16.0245084745111;tarde
70000176;11000025;1000000819;700000437;2024;14;1;0;1;;00003598;00000008;00000027;;1;0;0;;;;;;;;;0;;0;1;0;0;30;5;1;0;0;1;0;;-1;0;1;0;7;0;1;;3;1;;;;1;0;;1;1;0;0;0;1;;0;;;;0;0;1;0;0;;;0.363636363636364;32;0.03125;13;16.0245084745111;tarde
70000176;11000025;1000001084;700000571;2024;19;1;1;1;;00002705;00000007;00000017;00000429;1;0;0;;;;;;;0;;;0;0;1;0;0;30;5;1;0;0;1;0;;4;1;0;0;6;0;1;;3;1;;;;1;0;;1;1;0;0;0;1;;0;;;;0;0;1;0;0;;;0.363636363636364;32;0.03125;13;16.0245084745111;tarde
70000176;11000025;1000001423;700000822;2024;16;2;3;1;;00005272;00000008;;00004205;1;0;0;0;;;;;;0;;;;0;1;;0;30;5;1;0;0;1;0;;1;0;0;0;2;0;1;1;3;1;;;;1;0;;1;1;0;0;0;1;;0;;;;0;0;1;0;0;;;0.363636363636364;32;0.03125;13;16.0245084745111;tarde
70000176;11000025;1000001577;700000969;2024;7;2;3;1;;00005525;00000009;00000012;00004684;1;0;0;;0;;;;;;;;;0;1;;0;30;5;1;0;0;1;0;;-8;0;0;0;0;;0;;3;1;;;;1;0;;1;1;0;0;0;1;;0;;;;0;0;1;0;0;;;0.363636363636364;32;0.03125;13;16.0245084745111;tarde
70000177;11000025;1000000255;700000150;2024;24;1;1;1;;00005300;00000004;;;1;0;0;;;;;;;;0;;;0;1;0;1;68;5;1;0;0;1;0;;;;0;0;7;0;1;;3;1;;;;1;0;;1;1;0;0;0;1;;0;;;;0;0;1;0;0;;;0.363636363636364;32;0.03125;7;13.7886413477827;manha
70000177;11000025;1000000571;700000307;2024;17;2;3;1;;00005211;00000008;00000005;00003143;1;0;0;;;;;0;;;;;;0;1;0;0;68;5;1;0;0;1;0;;;;0;0;7;0;1;;3;1;;;;1;0;;1;1;0;0;0;1;;0;;;;0;0;1;0;0;;;0.363636363636364;32;0.03125;7;13.7886413477827;manha
70000177;11000025;1000001177;700000624;2024;21;1;0;1;;00005168;00000007;;;2;0;0;;;;;;;;;;;0;1;0;0;68;5;1;0;0;1;0;;;;1;0;5;0;1;;3;1;;;;1;0;;1;1;0;0;0;1;;0;;;;0;0;1;0;0;;;0.363636363636364;32;0.03125;7;13.7886413477827;manha
70000177;11000025;1000001584;700000976;2024;14;2;3;1;;00003505;00000008;00000019;;1;0;0;;;1;;0;;;;0;;0;1;0;;68;5;1;0;0;1;0;;;;0;0;0;;0;;3;1;;;;1;0;;1;1;0;0;0;1;;0;;;;0;0;1;0;0;;;0.363636363636364;32;0.03125;7;13.7886413477827;manha
70000178;11000025;1000000397;700000221;2024;26;2;1;1;;00001598;00000006;00000022;00004648;1;0;0;;;;;;;;;;;;1;0;0;25;5;1;0;0;1;0;;11;1;0;0;7;0;1;;3;1;;;;1;0;;1;1;0;0;0;1;;0;;;;0;0;1;0;0;;;0.363636363636364;32;0.03125;10;23.6889431468444;manha
70000178;11000025;1000000429;700000238;2024;14;2;3;1;;00003532;00000005;;;1;0;0;;;;;;;;;;;;1;0;0;25;5;1;0;0;1;0;;-1;0;0;0;7;0;1;;3;1;;;;1;0;;1;1;0;0;0;1;;0;;;;0;0;1;0;0;;;0.363636363636364;32;0.03125;10;23.6889431468444;manha
70000178;11000025;1000000710;700000386;2024;9;2;1;1;;00000820;00000002;00000006;00000042;1;0;0;;;;;;;;0;;;0;1;0;0;25;5;1;0;0;1;0;;-6;0;1;1;7;0;1;1;3;1;;;;1;0;;1;1;0;0;0;1;;0;;;;0;0;1;0;0;;;0.363636363636364;32;0.03125;10;23.6889431468444;manha
70000178;11000025;1000000766;700000412;2024;8;2;3;1;;00004724;00000005;;;1;0;0;;;1;;0;;;0;;;0;1;0;0;25;5;1;0;0;1;0;;-7;0;0;0;7;0;1;;3;1;;;;1;0;;1;1;0;0;0;1;;0;;;;0;0;1;0;0;;;0.363636363636364;32;0.03125;10;23.6889431468444;manha
70000178;11000025;1000000914;700000483;2024;11;2;3;1;;00002268;00000005;00000026;00002075;1;0;0;;;;0;;1;;;;;0;1;;0;25;5;1;0;0;1;0;;-4;0;1;0;7;0;1;1;3;1;;;;1;0;;1;1;0;0;0;1;;0;;;;0;0;1;0;0;;;0.363636363636364;32;0.03125;10;23.6889431468444;manha
70000179;11000025;1000000724;700000390;2024;18;2;0;1;;00005390;00000003;00000025;00000863;2;0;1;0;;;;;;;;;;0;1;;0;1;5;1;0;0;1;0;;;;0;0;7;0;1;1;3;1;;;;1;0;;1;1;0;0;0;1;;0;;;;0;0;1;0;0;;;0.363636363636364;32;0.03125;7;34.9134967257269;manha
70000179;11000025;1000001000;700000523;2024;19;1;1;1;;00000932;00000001;00000012;00005099;1;0;0;0;;;;;;0;;;;0;1;0;;1;5;1;0;0;1;0;;;;1;0;6;0;1;1;3;1;;;;1;0;;1;1;0;0;0;1;;0;;;;0;0;1;0;0;;;0.363636363636364;32;0.03125;7;34.9134967257269;manha
70000179;11000025;1000001068;700000558;2024;17;2;1;1;;00001486;00000003;;00003850;1;0;0;;;;;;0;;;;;0;1;0;0;1;5;1;0;0;1;0;;;;0;0;6;0;1;1;3;1;;;;1;0;;1;1;0;0;0;1;;0;;;;0;0;1;0;0;;;0.363636363636364;32;0.03125;7;34.9134967257269;manha
70000180;11000025;1000000037;700000021;2024;17;1;3;1;;00001423;00000006;00000003;00002395;1;0;;;0;;;;;;0;;;;1;0;0;;5;1;0;0;1;0;;;;0;0;7;0;1;1;3;1;;;;1;0;;1;1;0;0;0;1;;0;;;;0;0;1;0;0;;;0.363636363636364;32;0.03125;7;27.798163164407;manha
70000180;11000025;1000001175;700000622;2024;8;2;3;1;;00003595;00000008;00000002;00000921;2;0;0;;;;;;;0;;;;0;1;1;0;;5;1;0;0;1;0;;;;0;1;5;0;1;1;3;1;;;;1;0;;1;1;0;0;0;1;;0;;;;0;0;1;0;0;;;0.363636363636364;32;0.03125;7;27.798163164407;manha
70000180;11000025;1000001359;700000763;2024;18;1;0;1;;00001465;00000006;00000021;;1;0;1;0;;1;;;;;;;;0;1;0;1;;5;1;0;0;1;0;;;;1;0;3;0;1;;3;1;;;;1;0;;1;1;0;0;0;1;;0;;;;0;0;1;0;0;;;0.363636363636364;32;0.03125;7;27.798163164407;manha
70000181;11000025;1000000606;700000323;2024;11;1;1;1;;00001787;00000009;;;1;0;0;;;1;;;;;;;;0;1;0;0;;2;1;0;0;1;0;;;;0;0;7;0;1;;3;1;;;;1;0;;1;1;0;0;0;1;;0;;;;0;0;1;0;0;;;0.363636363636364;32;0.03125;7;36.5138907860965;manha
70000181;11000025;1000001435;700000833;2024;43;2;1;1;;00002564;00000001;;;1;0;;;;;;;;;;;;0;1;0;0;;2;1;0;0;1;0;;;;0;0;2;0;1;;3;1;;;;1;0;;1;1;0;0;0;1;;0;;;;0;0;1;0;0;;;0.363636363636364;32;0.03125;7;36.5138907860965;manha
70000182;11000025;1000001333;700000743;2024;4;2;1;1;;00005046;00000006;00000027;00003398;1;0;0;;;;;;0;;;;;0;1;0;0;21;5;1;0;0;1;0;;-9;0;0;0;3;0;1;1;3;1;;;;1;0;;1;1;0;0;0;1;;0;;;;0;0;1;0;0;;;0.363636363636364;32;0.03125;13;31.118451221846;tarde
70000183;11000026;1000001178;700000625;2024;13;1;0;1;;00003022;00000009;;00001699;1;0;0;0;;;;;;;0;;0;0;1;0;0;41;5;1;0;0;1;0;;-1;0;0;0;5;0;1;;4;1;;;;1;1;1;1;;;;0;1;;1;;;;;0;0;0;0;;0;0.75;33;0;7;31.2886170466663;manha
70000183;11000026;1000001326;700000737;2024;22;2;1;1;;00001437;00000006;00000004;00001135;1;0;;;;;;;;0;;;;0;1;0;0;41;5;1;0;0;1;0;;8;1;0;0;3;0;1;1;4;1;;;;1;1;1;1;;;;0;1;;1;;;;;0;0;0;0;;0;0.75;33;0;7;31.2886170466663;manha
70000183;11000026;1000001461;700000857;2024;12;2;3;1;;00002119;00000005;00000004;00002992;1;0;0;0;;;;0;;;;1;;0;1;0;0;41;5;1;0;0;1;0;;-2;0;0;0;1;0;1;;4;1;;;;1;1;1;1;;;;0;1;;1;;;;;0;0;0;0;;0;0.75;33;0;7;31.2886170466663;manha
70000183;11000026;1000001548;700000940;2024;16;2;1;1;;00004076;00000006;00000012;;1;0;0;0;;;;0;;;;0;;0;1;;0;41;5;1;0;0;1;0;;2;1;0;0;0;;0;;4;1;;;;1;1;1;1;;;;0;1;;1;;;;;0;0;0;0;;0;0.75;33;0;7;31.2886170466663;manha
70000184;11000026;1000000638;700000341;2024;10;2;1;1;;00000837;00000005;;00003506;1;0;0;0;;;0;;;;;;0;0;1;0;0;16;5;1;0;0;1;0;;2;1;0;1;7;0;1;1;4;1;;;;1;1;1;1;;;;0;1;;1;;;;;0;0;0;0;;0;0.75;33;0;13;8.7705072760582;tarde
70000184;11000026;1000001213;700000648;2024;20;2;0;1;;00004337;00000004;00000020;00002566;2;0;0;;0;;;;;;;;;;1;0;0;16;5;1;0;0;1;0;;12;1;0;0;4;0;1;;4;1;;;;1;1;1;1;;;;0;1;;1;;;;;0;0;0;0;;0;0.75;33;0;13;8.7705072760582;tarde
70000184;11000026;1000001481;700000875;2024;4;2;3;1;;00004411;00000002;00000009;00002837;1;0;0;;;;;;;0;;;;0;1;0;0;16;5;1;0;0;1;0;;-4;0;0;0;1;0;1;1;4;1;;;;1;1;1;1;;;;0;1;;1;;;;;0;0;0;0;;0;0.75;33;0;13;8.7705072760582;tarde
70000185;11000026;1000000215;700000124;2024;10;1;3;1;;00002424;00000006;00000009;;1;0;0;;;;;;;;;;0;0;1;0;0;26;5;1;0;0;1;0;;-6;0;0;1;7;0;1;;4;1;;;;1;1;1;1;;;;0;1;;1;;;;;0;0;0;0;;0;0.75;33;0;7;8.79925415676553;manha
70000185;11000026;1000000513;700000273;2024;18;2;0;1;;00000582;00000001;00000025;00000344;2;0;0;;0;;;;;0;0;;;0;1;0;0;26;5;1;0;0;1;0;;2;1;0;0;7;0;1;;4;1;;;;1;1;1;1;;;;0;1;;1;;;;;0;0;0;0;;0;0.75;33;0;7;8.79925415676553;manha
70000185;11000026;1000000559;700000297;2024;11;2;1;1;;00001840;00000006;00000026;;2;0;0;;;;;;;0;;;;0;1;0;0;26;5;1;0;0;1;0;;-5;0;0;0;7;0;1;;4;1;;;;1;1;1;1;;;;0;1;;1;;;;;0;0;0;0;;0;0.75;33;0;7;8.79925415676553;manha
70000185;11000026;1000000884;700000466;2024;8;1;0;1;;00002318;00000006;00000005;;1;0;0;;;1;0;;;;0;;;0;1;0;0;26;5;1;0;0;1;0;;-8;0;0;0;7;0;1;;4;1;;;;1;1;1;1;;;;0;1;;1;;;;;0;0;0;0;;0;0.75;33;0;7;8.79925415676553;manha
70000186;11000026;1000000072;700000038;2024;17;2;3;1;;00005257;00000004;00000025;00002680;1;0;1;;;1;;;;;;;;0;1;0;0;27;5;1;0;0;1;0;;0;0;0;1;7;0;1;;4;1;;;;1;1;1;1;;;;0;1;;1;;;;;0;0;0;0;;0;0.75;33;0;7;32.1473043522565;manha
70000187;11000026;1000000005;700000003;2024;14;2;1;1;;00004568;00000008;00000007;;1;0;0;;0;;;;;;;;;0;1;0;0;14;5;1;0;0;1;0;;8;1;0;0;7;0;1;;4;1;;;;1;1;1;1;;;;0;1;;1;;;;;0;0;0;0;;0;0.75;33;0;7;26.2061381939566;manha
70000187;11000026;1000000006;700000004;2024;11;2;3;1;;00002431;00000005;;00001356;1;0;0;;;;;;;;;0;;;1;0;0;14;5;1;0;0;1;0;;5;1;0;0;7;0;1;1;4;1;;;;1;1;1;1;;;;0;1;;1;;;;;0;0;0;0;;0;0.75;33;0;7;26.2061381939566;manha
70000187;11000026;1000000078;700000043;2024;14;1;0;1;;00003303;00000007;00000021;00005413;1;0;0;0;;1;;;;;;;;0;1;0;0;14;5;1;0;0;1;0;;8;1;0;1;7;0;1;;4;1;;;;1;1;1;1;;;;0;1;;1;;;;;0;0;0;0;;0;0.75;33;0;7;26.2061381939566;manha
70000187;11000026;1000000124;700000071;2024;12;1;0;1;;00000060;00000001;00000011;00002179;1;1;1;;;;;;;;;;;0;1;0;0;14;5;1;0;0;1;0;;6;1;1;0;7;0;1;1;4;1;;;;1;1;1;1;;;;0;1;;1;;;;;0;0;0;0;;0;0.75;33;0;7;26.2061381939566;manha
70000187;11000026;1000001509;700000902;2024;17;1;0;1;;00003393;00000005;;;1;0;1;;;;;;;;;0;;0;1;;0;14;5;1;0;0;1;0;;11;1;0;0;1;0;1;;4;1;;;;1;1;1;1;;;;0;1;;1;;;;;0;0;0;0;;0;0.75;33;0;7;26.2061381939566;manha
70000188;11000026;1000000488;700000262;2024;19;2;3;1;;00005524;00000002;00000008;;1;0;0;;;;0;0;;;;;0;0;1;0;0;;5;1;0;0;1;0;;;;0;0;7;0;1;;4;1;;;;1;1;1;1;;;;0;1;;1;;;;;0;0;0;0;;0;0.75;33;0;7;10.4020710615441;manha
70000188;11000026;1000001150;700000605;2024;9;2;2;1;;00004147;00000005;00000026;00002483;1;0;1;;;;;;;;0;;0;0;1;;0;;5;1;0;0;1;0;;;;0;0;5;0;1;1;4;1;;;;1;1;1;1;;;;0;1;;1;;;;;0;0;0;0;;0;0.75;33;0;7;10.4020710615441;manha
70000188;11000026;1000001206;700000641;2024;14;1;3;1;;00002721;00000007;;;1;1;0;;0;;;;;;;;;;1;0;0;;5;1;0;0;1;0;;;;0;0;4;0;1;;4;1;;;;1;1;1;1;;;;0;1;;1;;;;;0;0;0;0;;0;0.75;33;0;7;10.4020710615441;manha
70000189;11000026;1000000294;700000172;2024;16;1;0;1;;00002907;00000009;00000015;00004377;1;0;0;;;;;0;;;0;0;;0;1;0;0;1;5;1;0;0;1;0;;;;0;0;7;0;1;;4;1;;;;1;1;1;1;;;;0;1;;1;;;;;0;0;0;0;;0;0.75;33;0;13;4.89655238343403;tarde
70000189;11000026;1000000792;700000428;2024;13;1;1;1;;00000336;00000007;00000023;;1;0;0;;;;0;0;0;;;;;0;1;0;0;1;5;1;0;0;1;0;;;;0;0;7;0;1;;4;1;;;;1;1;1;1;;;;0;1;;1;;;;;0;0;0;0;;0;0.75;33;0;13;4.89655238343403;tarde
70000189;11000026;1000000865;700000454;2024;10;1;0;1;;00002429;00000004;;00000901;1;0;0;0;;;0;;;;;;;0;1;0;;1;5;1;0;0;1;0;;;;0;0;7;0;1;;4;1;;;;1;1;1;1;;;;0;1;;1;;;;;0;0;0;0;;0;0.75;33;0;13;4.89655238343403;tarde
70000189;11000026;1000001228;700000660;2024;12;1;1;1;;00003154;00000006;00000011;00001929;1;0;0;;;;;;0;;;1;;0;1;0;0;1;5;1;0;0;1;0;;;;0;0;4;0;1;1;4;1;;;;1;1;1;1;;;;0;1;;1;;;;;0;0;0;0;;0;0.75;33;0;13;4.89655238343403;tarde
70000189;11000026;1000001365;700000769;2024;4;2;0;1;;00002328;00000002;;00004813;1;0;0;0;0;;;;;;;;;0;1;0;0;1;5;1;0;0;1;0;;;;0;0;2;0;1;;4;1;;;;1;1;1;1;;;;0;1;;1;;;;;0;0;0;0;;0;0.75;33;0;13;4.89655238343403;tarde
70000189;11000026;1000001404;700000804;2024;22;1;3;1;;00000599;00000009;00000006;00002021;1;0;0;;;;;0;;0;;;;0;1;0;0;1;5;1;0;0;1;0;;;;0;0;2;0;1;1;4;1;;;;1;1;1;1;;;;0;1;;1;;;;;0;0;0;0;;0;0.75;33;0;13;4.89655238343403;tarde
70000189;11000026;1000001451;700000848;2024;4;1;0;1;;00004180;00000002;;;1;0;0;;;;;;;;;;;0;1;0;0;1;5;1;0;0;1;0;;;;0;0;1;0;1;;4;1;;;;1;1;1;1;;;;0;1;;1;;;;;0;0;0;0;;0;0.75;33;0;13;4.89655238343403;tarde
70000189;11000026;1000001471;700000866;2024;9;2;0;1;;00002905;00000002;00000023;00001571;2;0;0;;;0;;;;;0;;;0;1;0;0;1;5;1;0;0;1;0;;;;0;0;1;0;1;1;4;1;;;;1;1;1;1;;;;0;1;;1;;;;;0;0;0;0;;0;0.75;33;0;13;4.89655238343403;tarde
70000190;11000027;1000000296;700000174;2024;11;1;2;1;;00003397;00000004;00000025;00000262;2;0;1;;;;;;;;;;;0;1;0;0;14;5;1;0;0;1;0;;5;1;0;1;7;0;1;1;4;1;;;0;;;0;0;;;0;0;1;;0;;0;0;0;;0;0;;;2;0.1;40;0.05;7;14.1452093771659;manha
70000190;11000027;1000000557;700000296;2024;18;1;3;1;;00004117;00000001;;;1;1;1;;;1;;;;0;;;;0;1;;0;14;5;1;0;0;1;0;;12;1;0;0;7;0;1;;4;1;;;0;;;0;0;;;0;0;1;;0;;0;0;0;;0;0;;;2;0.1;40;0.05;7;14.1452093771659;manha
70000190;11000027;1000000660;700000353;2024;11;1;1;1;;00000831;00000005;00000008;00001060;1;0;0;;0;;;;;;;;0;0;1;;0;14;5;1;0;0;1;0;;5;1;0;0;7;0;1;1;4;1;;;0;;;0;0;;;0;0;1;;0;;0;0;0;;0;0;;;2;0.1;40;0.05;7;14.1452093771659;manha
70000190;11000027;1000001031;700000534;2024;14;2;3;1;;00000290;00000005;00000002;;2;0;0;;;0;;;;;;;;0;1;0;0;14;5;1;0;0;1;0;;8;1;0;0;6;0;1;;4;1;;;0;;;0;0;;;0;0;1;;0;;0;0;0;;0;0;;;2;0.1;40;0.05;7;14.1452093771659;manha
70000190;11000027;1000001282;700000704;2024;18;1;3;1;;00001311;00000003;00000017;00001243;1;0;1;;;;;;;;0;0;;0;1;0;0;14;5;1;0;0;1;0;;12;1;0;1;3;0;1;;4;1;;;0;;;0;0;;;0;0;1;;0;;0;0;0;;0;0;;;2;0.1;40;0.05;7;14.1452093771659;manha
70000190;11000027;1000001334;700000744;2024;21;1;0;1;;00003854;00000003;00000003;00000725;1;0;0;;;;;;;;;;;0;1;0;0;14;5;1;0;0;1;0;;15;1;0;0;3;0;1;1;4;1;;;0;;;0;0;;;0;0;1;;0;;0;0;0;;0;0;;;2;0.1;40;0.05;7;14.1452093771659;manha
70000191;11000027;1000000944;700000497;2024;11;2;1;1;;00000065;00000003;;00004169;2;0;0;;;1;;;;;;;;0;1;0;0;19;5;1;0;0;1;0;;0;0;0;1;7;0;1;1;4;1;;;0;;;0;0;;;0;0;1;;0;;0;0;0;;0;0;;;2;0.1;40;0.05;18;8.79572103614919;noite
70000191;11000027;1000001463;700000859;2024;4;1;1;1;;00003679;00000007;00000011;;2;0;1;;0;;;;;;;;0;0;1;0;0;19;5;1;0;0;1;0;;-7;0;0;0;1;0;1;;4;1;;;0;;;0;0;;;0;0;1;;0;;0;0;0;;0;0;;;2;0.1;40;0.05;18;8.79572103614919;noite
70000192;11000027;1000000295;700000173;2024;19;2;1;1;;00002319;00000006;00000017;00003896;1;0;0;0;;;;;;;;;;0;1;0;0;1;5;1;0;0;1;0;;;;1;0;7;0;1;1;4;1;;;0;;;0;0;;;0;0;1;;0;;0;0;0;;0;0;;;2;0.1;40;0.05;15;26.1350430513266;tarde
70000192;11000027;1000000567;700000304;2024;17;2;0;1;;00001172;00000003;;;1;0;1;0;;1;;0;;;;;;0;1;0;0;1;5;1;0;0;1;0;;;;1;0;7;0;1;;4;1;;;0;;;0;0;;;0;0;1;;0;;0;0;0;;0;0;;;2;0.1;40;0.05;15;26.1350430513266;tarde
70000192;11000027;1000001142;700000601;2024;8;2;0;1;;00002135;00000003;00000020;00004321;1;0;0;;0;0;;;;;0;;;0;1;0;0;1;5;1;0;0;1;0;;;;0;0;5;0;1;;4;1;;;0;;;0;0;;;0;0;1;;0;;0;0;0;;0;0;;;2;0.1;40;0.05;15;26.1350430513266;tarde
70000192;11000027;1000001565;700000957;2024;16;1;1;1;;00004031;00000004;;;1;0;1;;;;0;;;;;;;0;1;0;0;1;5;1;0;0;1;0;;;;0;0;0;;0;;4;1;;;0;;;0;0;;;0;0;1;;0;;0;0;0;;0;0;;;2;0.1;40;0.05;15;26.1350430513266;tarde
70000193;11000027;1000000173;700000096;2024;15;2;0;1;;00000421;00000004;00000012;00003117;1;0;0;;1;;;;;;;0;;0;1;;0;16;5;1;0;0;1;0;;7;1;0;0;7;0;1;1;4;1;;;0;;;0;0;;;0;0;1;;0;;0;0;0;;0;0;;;2;0.1;40;0.05;13;5.30159558285959;tarde
70000193;11000027;1000000210;700000121;2024;14;2;3;1;;00001749;00000005;00000001;00000134;1;0;1;0;;;;0;0;;;0;;0;1;0;0;16;5;1;0;0;1;0;;6;1;0;1;7;0;1;1;4;1;;;0;;;0;0;;;0;0;1;;0;;0;0;0;;0;0;;;2;0.1;40;0.05;13;5.30159558285959;tarde
70000193;11000027;1000001185;700000631;2024;23;1;1;1;;00004380;00000008;00000026;;1;0;0;;0;;;;;;;0;;0;1;0;0;16;5;1;0;0;1;0;;15;1;0;0;5;0;1;;4;1;;;0;;;0;0;;;0;0;1;;0;;0;0;0;;0;0;;;2;0.1;40;0.05;13;5.30159558285959;tarde
70000193;11000027;1000001262;700000688;2024;8;1;3;1;;00000446;00000008;;;2;0;0;;;;0;;;;;;;0;1;1;0;16;5;1;0;0;1;0;;0;0;0;0;4;0;1;;4;1;;;0;;;0;0;;;0;0;1;;0;;0;0;0;;0;0;;;2;0.1;40;0.05;13;5.30159558285959;tarde
70000194;11000027;1000000695;700000377;2024;12;1;0;1;;00001815;00000004;00000013;;1;0;0;;;1;;;;;;;;0;1;0;0;2;5;1;0;0;1;0;;;;0;0;7;0;1;;4;1;;;0;;;0;0;;;0;0;1;;0;;0;0;0;;0;0;;;2;0.1;40;0.05;14;0.476517179049552;tarde
70000194;11000027;1000000831;700000441;2024;22;2;0;1;;00003950;00000004;00000006;;1;0;0;;;;;;;;0;;0;0;1;0;0;2;5;1;0;0;1;0;;;;0;0;7;0;1;;4;1;;;0;;;0;0;;;0;0;1;;0;;0;0;0;;0;0;;;2;0.1;40;0.05;14;0.476517179049552;tarde
70000194;11000027;1000000954;700000503;2024;22;2;1;1;;00002061;00000001;00000020;00001602;2;1;0;;;;;0;;;0;0;;0;1;0;0;2;5;1;0;0;1;0;;;;0;0;7;0;1;1;4;1;;;0;;;0;0;;;0;0;1;;0;;0;0;0;;0;0;;;2;0.1;40;0.05;14;0.476517179049552;tarde
70000195;11000027;1000000614;700000329;2024;10;2;1;1;;00002871;00000001;;00001439;1;0;0;0;;;;;0;;0;;;;1;0;0;14;2;1;0;0;1;0;;4;1;0;1;7;0;1;;4;1;;;0;;;0;0;;;0;0;1;;0;;0;0;0;;0;0;;;2;0.1;40;0.05;19;18.4922155417735;noite
70000195;11000027;1000000628;700000337;2024;12;2;3;1;;00000908;00000002;00000011;00002511;1;0;1;;;;;;0;;;;;0;1;0;0;14;2;1;0;0;1;0;;6;1;0;1;7;0;1;1;4;1;;;0;;;0;0;;;0;0;1;;0;;0;0;0;;0;0;;;2;0.1;40;0.05;19;18.4922155417735;noite
70000195;11000027;1000000826;700000440;2024;17;2;1;1;;00004434;00000007;00000025;;1;0;0;;;;0;0;0;;;;0;0;1;0;0;14;2;1;0;0;1;0;;11;1;1;0;7;0;1;;4;1;;;0;;;0;0;;;0;0;1;;0;;0;0;0;;0;0;;;2;0.1;40;0.05;19;18.4922155417735;noite
70000196;11000027;1000000029;700000015;2024;10;1;1;1;;00005459;00000008;00000006;;1;0;1;;;;;0;;;;;;0;1;0;0;;5;1;0;0;1;0;;;;0;0;7;0;1;;4;1;;;0;;;0;0;;;0;0;1;;0;;0;0;0;;0;0;;;2;0.1;40;0.05;18;2.34375920845196;noite
70000196;11000027;1000000150;700000082;2024;12;2;0;1;;00004584;00000003;00000013;;1;0;0;;;;;;;;;;;0;1;0;0;;5;1;0;0;1;0;;;;1;0;7;0;1;;4;1;;;0;;;0;0;;;0;0;1;;0;;0;0;0;;0;0;;;2;0.1;40;0.05;18;2.34375920845196;noite
70000196;11000027;1000000162;700000090;2024;23;1;0;1;;00002776;00000004;00000006;;1;0;0;;;;;;;;;;0;0;1;0;0;;5;1;0;0;1;0;;;;0;0;7;0;1;;4;1;;;0;;;0;0;;;0;0;1;;0;;0;0;0;;0;0;;;2;0.1;40;0.05;18;2.34375920845196;noite
70000196;11000027;1000000260;700000153;2024;12;1;3;1;;00003339;00000006;00000011;00003738;1;0;0;;0;;;;;;0;;0;0;1;0;;;5;1;0;0;1;0;;;;0;1;7;0;1;1;4;1;;;0;;;0;0;;;0;0;1;;0;;0;0;0;;0;0;;;2;0.1;40;0.05;18;2.34375920845196;noite
70000196;11000027;1000000605;700000322;2024;15;1;1;1;;00000472;00000005;00000008;;1;0;0;0;;;;0;0;0;;0;;0;1;0;0;;5;1;0;0;1;0;;;;0;0;7;0;1;;4;1;;;0;;;0;0;;;0;0;1;;0;;0;0;0;;0;0;;;2;0.1;40;0.05;18;2.34375920845196;noite
70000196;11000027;1000000781;700000421;2024;13;2;0;1;;00004324;00000001;;00000794;2;0;0;;0;;;;;;;0;;0;1;1;0;;5;1;0;0;1;0;;;;0;1;7;0;1;1;4;1;;;0;;;0;0;;;0;0;1;;0;;0;0;0;;0;0;;;2;0.1;40;0.05;18;2.34375920845196;noite
70000196;11000027;1000000847;700000447;2024;16;2;3;1;;00003242;00000008;;00000327;2;0;0;;;;;;;;;;;0;1;0;0;;5;1;0;0;1;0;;;;2;0;7;0;1;1;4;1;;;0;;;0;0;;;0;0;1;;0;;0;0;0;;0;0;;;2;0.1;40;0.05;18;2.34375920845196;noite
70000196;11000027;1000000976;700000513;2024;18;1;1;1;;00000903;00000009;00000023;00000283;2;0;0;0;0;;;;;0;;0;;0;1;0;0;;5;1;0;0;1;0;;;;0;0;7;0;1;;4;1;;;0;;;0;0;;;0;0;1;;0;;0;0;0;;0;0;;;2;0.1;40;0.05;18;2.34375920845196;noite
70000196;11000027;1000001594;700000986;2024;13;2;0;1;;00000491;00000001;;;2;0;0;0;1;;;;;;;0;;0;1;0;0;;5;1;0;0;1;0;;;;0;0;0;;0;;4;1;;;0;;;0;0;;;0;0;1;;0;;0;0;0;;0;0;;;2;0.1;40;0.05;18;2.34375920845196;noite
70000197;11000028;1000000591;700000315;2024;10;1;3;1;;00002808;00000001;00000004;00001860;1;0;0;;;;;;;;0;;;0;1;0;0;1;5;1;0;0;1;0;;;;0;0;7;0;1;1;3;2;;1;1;;;1;1;;1;0;0;;0;0;1;1;0;0;;0;0;;0;2;0.538461538461538;35;0.0571428571428571;18;7.73585214221384;noite
70000198;11000028;1000000778;700000419;2024;11;1;1;1;;00003543;00000006;00000024;00002649;1;0;0;;0;;;0;;;;;;0;1;0;0;18;5;1;0;0;1;0;;1;0;0;0;7;0;1;1;3;2;;1;1;;;1;1;;1;0;0;;0;0;1;1;0;0;;0;0;;0;2;0.538461538461538;35;0.0571428571428571;13;2.34100938541815;tarde
70000198;11000028;1000000791;700000427;2024;22;2;3;1;;00005163;00000003;00000021;00002595;1;0;0;0;0;1;;;;;;0;;0;1;0;0;18;5;1;0;0;1;0;;12;1;0;0;7;0;1;1;3;2;;1;1;;;1;1;;1;0;0;;0;0;1;1;0;0;;0;0;;0;2;0.538461538461538;35;0.0571428571428571;13;2.34100938541815;tarde
70000198;11000028;1000001249;700000677;2024;22;2;0;1;;00004921;00000004;00000002;00001450;1;1;0;;;;;;;;0;0;;0;1;0;0;18;5;1;0;0;1;0;;12;1;0;1;4;0;1;1;3;2;;1;1;;;1;1;;1;0;0;;0;0;1;1;0;0;;0;0;;0;2;0.538461538461538;35;0.0571428571428571;13;2.34100938541815;tarde
70000198;11000028;1000001267;700000692;2024;11;2;1;1;;00004155;00000007;;00002836;1;0;0;;;;;;;;;;;0;1;0;0;18;5;1;0;0;1;0;;1;0;0;0;4;0;1;1;3;2;;1;1;;;1;1;;1;0;0;;0;0;1;1;0;0;;0;0;;0;2;0.538461538461538;35;0.0571428571428571;13;2.34100938541815;tarde
70000198;11000028;1000001410;700000810;2024;18;1;3;1;;00002080;00000003;00000005;00000905;2;0;0;;;0;;1;;;;0;;0;1;0;0;18;5;1;0;0;1;0;;8;1;0;0;2;0;1;1;3;2;;1;1;;;1;1;;1;0;0;;0;0;1;1;0;0;;0;0;;0;2;0.538461538461538;35;0.0571428571428571;13;2.34100938541815;tarde
70000199;11000028;1000000055;700000028;2024;11;1;1;1;;00000434;00000008;;;1;0;0;0;;;0;;0;;0;;;0;1;0;0;25;5;1;0;0;1;0;;-4;0;0;1;7;0;1;;3;2;;1;1;;;1;1;;1;0;0;;0;0;1;1;0;0;;0;0;;0;2;0.538461538461538;35;0.0571428571428571;7;23.997265677317;manha
70000199;11000028;1000000163;700000091;2024;17;1;1;1;;00005463;00000005;00000016;00002007;1;0;0;0;;;;;;;;;;0;1;0;0;25;5;1;0;0;1;0;;2;1;1;0;7;0;1;1;3;2;;1;1;;;1;1;;1;0;0;;0;0;1;1;0;0;;0;0;;0;2;0.538461538461538;35;0.0571428571428571;7;23.997265677317;manha
70000199;11000028;1000000953;700000502;2024;11;1;0;1;;00002578;00000004;;;1;0;0;;;;;0;;0;;;;0;1;0;0;25;5;1;0;0;1;0;;-4;0;0;0;7;0;1;;3;2;;1;1;;;1;1;;1;0;0;;0;0;1;1;0;0;;0;0;;0;2;0.538461538461538;35;0.0571428571428571;7;23.997265677317;manha
70000199;11000028;1000001271;700000695;2024;12;2;1;1;;00003429;00000009;;00002211;1;0;0;;;;;;;;0;;;0;1;0;0;25;5;1;0;0;1;0;;-3;0;0;0;4;0;1;1;3;2;;1;1;;;1;1;;1;0;0;;0;0;1;1;0;0;;0;0;;0;2;0.538461538461538;35;0.0571428571428571;7;23.997265677317;manha
70000199;11000028;1000001382;700000784;2024;16;2;1;1;;00000806;00000004;00000005;00000051;1;1;0;;;0;0;;;;;;;0;1;0;0;25;5;1;0;0;1;0;;1;0;0;0;2;0;1;;3;2;;1;1;;;1;1;;1;0;0;;0;0;1;1;0;0;;0;0;;0;2;0.538461538461538;35;0.0571428571428571;7;23.997265677317;manha
70000199;11000028;1000001558;700000950;2024;11;2;1;1;;00000913;00000002;;00003394;1;0;0;;;;;;0;;;;;0;1;0;0;25;5;1;0;0;1;0;;-4;0;0;0;0;;0;;3;2;;1;1;;;1;1;;1;0;0;;0;0;1;1;0;0;;0;0;;0;2;0.538461538461538;35;0.0571428571428571;7;23.997265677317;manha
70000200;11000028;1000000957;700000506;2024;24;1;3;1;;00005491;00000008;;;2;0;1;;;;0;;;;;;;0;1;0;0;41;5;1;0;0;1;0;;10;1;0;0;7;0;1;;3;2;;1;1;;;1;1;;1;0;0;;0;0;1;1;0;0;;0;0;;0;2;0.538461538461538;35;0.0571428571428571;7;7.04235527548008;manha
70000200;11000028;1000001035;700000538;2024;14;2;0;1;;00003437;00000002;;;1;0;0;;;;0;;;;;;0;0;1;1;1;41;5;1;0;0;1;0;;0;0;0;0;6;0;1;;3;2;;1;1;;;1;1;;1;0;0;;0;0;1;1;0;0;;0;0;;0;2;0.538461538461538;35;0.0571428571428571;7;7.04235527548008;manha
70000200;11000028;1000001121;700000590;2024;8;2;1;3;;00002208;00000003;00000022;;1;0;0;;;;;0;;;;;;;1;;0;41;5;1;0;0;1;0;;-6;0;0;0;5;0;1;;3;2;;1;1;;;1;1;;1;0;0;;0;0;1;1;0;0;;0;0;;0;2;0.538461538461538;35;0.0571428571428571;7;7.04235527548008;manha
70000200;11000028;1000001498;700000891;2024;11;2;3;1;;00005104;00000004;;00002138;1;0;0;;;;;;;;;;;0;1;0;0;41;5;1;0;0;1;0;;-3;0;0;0;1;0;1;;3;2;;1;1;;;1;1;;1;0;0;;0;0;1;1;0;0;;0;0;;0;2;0.538461538461538;35;0.0571428571428571;7;7.04235527548008;manha
70000201;11000028;1000000086;700000050;2024;17;1;3;1;;00000552;00000004;00000023;;1;0;0;;;;0;;;;;;;0;1;0;0;;5;1;0;0;1;0;;;;1;0;7;0;1;;3;2;;1;1;;;1;1;;1;0;0;;0;0;1;1;0;0;;0;0;;0;2;0.538461538461538;35;0.0571428571428571;7;22.7985307265772;manha
70000201;11000028;1000000201;700000113;2024;14;1;3;1;;00001218;00000009;00000008;;1;0;0;;;;;0;;;0;;;0;1;0;0;;5;1;0;0;1;0;;;;0;0;7;0;1;;3;2;;1;1;;;1;1;;1;0;0;;0;0;1;1;0;0;;0;0;;0;2;0.538461538461538;35;0.0571428571428571;7;22.7985307265772;manha
70000201;11000028;1000000839;700000445;2024;20;2;3;1;;00003661;00000009;;00001078;2;0;0;;;;;;;;;0;;0;1;0;0;;5;1;0;0;1;0;;;;0;1;7;0;1;1;3;2;;1;1;;;1;1;;1;0;0;;0;0;1;1;0;0;;0;0;;0;2;0.538461538461538;35;0.0571428571428571;7;22.7985307265772;manha
70000201;11000028;1000001261;700000687;2024;15;1;3;1;;00000210;00000009;00000024;00004280;1;0;0;0;;;;;;;;0;;0;1;0;;;5;1;0;0;1;0;;;;0;0;4;0;1;1;3;2;;1;1;;;1;1;;1;0;0;;0;0;1;1;0;0;;0;0;;0;2;0.538461538461538;35;0.0571428571428571;7;22.7985307265772;manha
70000201;11000028;1000001354;700000758;2024;7;2;1;1;;00003132;00000003;00000011;;1;0;0;;;;;;0;;;;;0;1;0;0;;5;1;0;0;1;0;;;;0;0;3;0;1;;3;2;;1;1;;;1;1;;1;0;0;;0;0;1;1;0;0;;0;0;;0;2;0.538461538461538;35;0.0571428571428571;7;22.7985307265772;manha
70000201;11000028;1000001457;700000854;2024;9;2;1;1;;00003445;00000009;00000022;;2;0;0;;;;;;;;;;;0;1;0;0;;5;1;0;0;1;0;;;;0;0;1;0;1;;3;2;;1;1;;;1;1;;1;0;0;;0;0;1;1;0;0;;0;0;;0;2;0.538461538461538;35;0.0571428571428571;7;22.7985307265772;manha
70000202;11000028;1000000408;700000226;2024;19;2;0;1;;00004564;00000002;;;1;1;0;0;;;;;;;;;0;0;1;0;0;;5;1;0;0;1;0;;;;0;1;7;0;1;;3;2;;1;1;;;1;1;;1;0;0;;0;0;1;1;0;0;;0;0;;0;2;0.538461538461538;35;0.0571428571428571;13;17.9726612655213;tarde
70000203;11000028;1000000030;700000016;2024;11;2;0;1;;00001052;00000005;00000005;00002581;1;0;0;;;;;;;;0;;;0;1;0;0;1;5;1;0;0;1;0;;;;1;0;7;0;1;1;3;2;;1;1;;;1;1;;1;0;0;;0;0;1;1;0;0;;0;0;;0;2;0.538461538461538;35;0.0571428571428571;;30.3068333474221;
70000203;11000028;1000000183;700000101;2024;18;2;0;1;;00005158;00000001;00000002;;2;0;0;;;;;;;;;0;;0;1;0;1;1;5;1;0;0;1;0;;;;0;0;7;0;1;;3;2;;1;1;;;1;1;;1;0;0;;0;0;1;1;0;0;;0;0;;0;2;0.538461538461538;35;0.0571428571428571;;30.3068333474221;
70000203;11000028;1000000947;700000499;2024;12;1;0;1;;00003618;00000005;00000017;;1;0;0;;;;;;0;;;;;0;1;0;0;1;5;1;0;0;1;0;;;;0;0;7;0;1;;3;2;;1;1;;;1;1;;1;0;0;;0;0;1;1;0;0;;0;0;;0;2;0.538461538461538;35;0.0571428571428571;;30.3068333474221;
70000204;11000029;1000000717;700000388;2024;18;2;0;1;;00005532;00000004;00000014;00001445;1;0;0;;;;;;;;;;;0;1;0;0;18;5;1;0;0;1;0;;8;1;0;0;7;0;1;1;3;1;;1;0;1;;1;;;0;;;1;0;;;;0;1;1;0;;0;2;;0.6;34;0.0588235294117647;7;22.3138814442791;manha
70000204;11000029;1000000849;700000448;2024;21;2;1;1;;00001467;00000002;00000017;00001760;1;0;0;;;;;;;;;;0;0;1;0;0;18;5;1;0;0;1;0;;11;1;1;0;7;0;1;1;3;1;;1;0;1;;1;;;0;;;1;0;;;;0;1;1;0;;0;2;;0.6;34;0.0588235294117647;7;22.3138814442791;manha
70000204;11000029;1000001219;700000653;2024;10;2;1;1;;00003370;00000001;00000001;00002732;1;0;0;;0;;;0;;;;;;0;1;1;;18;5;1;0;0;1;0;;0;0;0;0;4;0;1;1;3;1;;1;0;1;;1;;;0;;;1;0;;;;0;1;1;0;;0;2;;0.6;34;0.0588235294117647;7;22.3138814442791;manha
70000204;11000029;1000001356;700000760;2024;6;2;1;1;;00001195;00000001;00000024;;1;0;0;;0;;;;0;;0;0;;0;1;0;0;18;5;1;0;0;1;0;;-4;0;0;0;3;0;1;;3;1;;1;0;1;;1;;;0;;;1;0;;;;0;1;1;0;;0;2;;0.6;34;0.0588235294117647;7;22.3138814442791;manha
70000204;11000029;1000001358;700000762;2024;20;1;3;1;;00003148;00000009;00000011;;1;0;0;;;;;;;;0;;;0;1;0;0;18;5;1;0;0;1;0;;10;1;0;0;3;0;1;;3;1;;1;0;1;;1;;;0;;;1;0;;;;0;1;1;0;;0;2;;0.6;34;0.0588235294117647;7;22.3138814442791;manha
70000205;11000029;1000000253;700000148;2024;14;2;3;1;;00001424;00000001;00000002;00004212;1;0;0;;;;;;0;0;;;;0;1;0;0;21;5;1;0;0;1;0;;1;0;0;0;7;0;1;1;3;1;;1;0;1;;1;;;0;;;1;0;;;;0;1;1;0;;0;2;;0.6;34;0.0588235294117647;7;30.3294864285272;manha
70000205;11000029;1000001507;700000900;2024;5;2;3;1;;00003536;00000005;00000012;;1;0;0;;;;0;;;;0;;;0;1;0;0;21;5;1;0;0;1;0;;-8;0;0;0;1;0;1;;3;1;;1;0;1;;1;;;0;;;1;0;;;;0;1;1;0;;0;2;;0.6;34;0.0588235294117647;7;30.3294864285272;manha
70000206;11000029;1000001066;700000556;2024;14;2;3;1;;00005337;00000002;00000012;;1;0;0;;;;;;;;;;;0;1;0;0;14;2;1;0;0;1;0;;8;1;0;0;6;0;1;;3;1;;1;0;1;;1;;;0;;;1;0;;;;0;1;1;0;;0;2;;0.6;34;0.0588235294117647;13;22.6052056037588;tarde
70000206;11000029;1000001248;700000676;2024;5;1;0;1;;00000376;00000007;00000026;00005226;1;0;0;;;;0;;;0;0;0;;0;1;0;1;14;2;1;0;0;1;0;;-1;0;0;0;4;0;1;1;3;1;;1;0;1;;1;;;0;;;1;0;;;;0;1;1;0;;0;2;;0.6;34;0.0588235294117647;13;22.6052056037588;tarde
70000207;11000029;1000000274;700000161;2024;9;1;1;1;;00004300;00000002;00000017;00001635;1;0;1;;0;;;;;0;;;0;0;1;0;0;21;5;1;0;0;1;0;;-4;0;0;0;7;0;1;;3;1;;1;0;1;;1;;;0;;;1;0;;;;0;1;1;0;;0;2;;0.6;34;0.0588235294117647;13;8.7074022582965;tarde
70000207;11000029;1000000353;700000199;2024;21;1;1;1;;00000647;00000001;00000016;;1;1;0;;;;;;;;;;;0;1;0;0;21;5;1;0;0;1;0;;8;1;0;0;7;0;1;;3;1;;1;0;1;;1;;;0;;;1;0;;;;0;1;1;0;;0;2;;0.6;34;0.0588235294117647;13;8.7074022582965;tarde
70000207;11000029;1000000543;700000292;2024;21;1;3;1;;00001241;00000003;00000013;00001247;1;0;0;;;;;;0;;;;;0;1;0;;21;5;1;0;0;1;0;;8;1;0;0;7;0;1;1;3;1;;1;0;1;;1;;;0;;;1;0;;;;0;1;1;0;;0;2;;0.6;34;0.0588235294117647;13;8.7074022582965;tarde
70000207;11000029;1000001070;700000560;2024;10;1;1;1;;00000042;00000004;;;2;0;0;0;0;0;;;0;;;;;0;1;0;0;21;5;1;0;0;1;0;;-3;0;0;0;6;0;1;;3;1;;1;0;1;;1;;;0;;;1;0;;;;0;1;1;0;;0;2;;0.6;34;0.0588235294117647;13;8.7074022582965;tarde
70000207;11000029;1000001573;700000965;2024;10;2;0;1;;00002193;00000003;;;1;0;0;;;;;;;;;;;0;1;0;0;21;5;1;0;0;1;0;;-3;0;0;0;0;;0;;3;1;;1;0;1;;1;;;0;;;1;0;;;;0;1;1;0;;0;2;;0.6;34;0.0588235294117647;13;8.7074022582965;tarde
70000208;11000029;1000000907;700000481;2024;17;2;0;1;;00003163;00000005;;00003084;1;0;1;;;;;;;0;;;;0;1;0;0;1;5;1;0;0;1;0;;;;0;0;7;0;1;;3;1;;1;0;1;;1;;;0;;;1;0;;;;0;1;1;0;;0;2;;0.6;34;0.0588235294117647;18;24.6513856045203;noite
70000208;11000029;1000001078;700000567;2024;27;1;0;1;;00005079;00000002;00000023;00001054;1;0;0;0;;1;;;;;0;;;0;1;0;0;1;5;1;0;0;1;0;;;;0;0;6;0;1;1;3;1;;1;0;1;;1;;;0;;;1;0;;;;0;1;1;0;;0;2;;0.6;34;0.0588235294117647;18;24.6513856045203;noite
70000209;11000029;1000000673;700000363;2024;22;2;1;1;;00002411;00000005;00000001;;1;0;0;;;;;;;;;;;0;1;0;0;21;5;1;0;0;1;0;;9;1;0;0;7;0;1;;3;1;;1;0;1;;1;;;0;;;1;0;;;;0;1;1;0;;0;2;;0.6;34;0.0588235294117647;13;42.354043239262;tarde
70000209;11000029;1000000678;700000364;2024;18;1;0;1;;00005187;00000009;00000003;;1;0;0;;;;;;;0;0;;;0;1;0;0;21;5;1;0;0;1;0;;5;1;1;0;7;0;1;;3;1;;1;0;1;;1;;;0;;;1;0;;;;0;1;1;0;;0;2;;0.6;34;0.0588235294117647;13;42.354043239262;tarde
70000209;11000029;1000000702;700000381;2024;17;2;1;1;;00002680;00000008;;;1;0;0;;;;;;;;;;0;0;1;0;0;21;5;1;0;0;1;0;;4;1;1;1;7;1;1;;3;1;;1;0;1;;1;;;0;;;1;0;;;;0;1;1;0;;0;2;;0.6;34;0.0588235294117647;13;42.354043239262;tarde
70000209;11000029;1000001207;700000642;2024;9;1;3;1;;00005388;00000007;00000025;;1;0;0;;;;;;;;;;;0;1;0;0;21;5;1;0;0;1;0;;-4;0;1;0;4;0;1;;3;1;;1;0;1;;1;;;0;;;1;0;;;;0;1;1;0;;0;2;;0.6;34;0.0588235294117647;13;42.354043239262;tarde
70000209;11000029;1000001413;700000812;2024;14;2;1;1;;00003047;00000003;00000024;00001181;1;0;0;;;;0;;;;;;;0;1;0;0;21;5;1;0;0;1;0;;1;0;0;0;2;0;1;;3;1;;1;0;1;;1;;;0;;;1;0;;;;0;1;1;0;;0;2;;0.6;34;0.0588235294117647;13;42.354043239262;tarde
70000209;11000029;1000001582;700000974;2024;4;2;3;1;;00004213;00000005;00000004;00004751;1;0;0;;;;;;;;;;;0;1;0;0;21;5;1;0;0;1;0;;-9;0;0;0;0;;0;;3;1;;1;0;1;;1;;;0;;;1;0;;;;0;1;1;0;;0;2;;0.6;34;0.0588235294117647;13;42.354043239262;tarde
70000210;11000029;1000000196;700000108;2024;14;2;3;1;;00000860;00000001;00000008;;1;0;0;;;1;;;;;;;;;1;0;0;17;5;1;0;0;1;0;;5;1;0;0;7;0;1;;3;1;;1;0;1;;1;;;0;;;1;0;;;;0;1;1;0;;0;2;;0.6;34;0.0588235294117647;7;18.1081025354797;manha
70000210;11000029;1000000251;700000146;2024;21;2;1;1;;00002251;00000004;;00002276;1;1;0;;;1;0;;;;0;;;;1;;0;17;5;1;0;0;1;0;;12;1;0;0;7;0;1;1;3;1;;1;0;1;;1;;;0;;;1;0;;;;0;1;1;0;;0;2;;0.6;34;0.0588235294117647;7;18.1081025354797;manha
70000210;11000029;1000000965;700000509;2024;9;1;1;1;;00002643;00000006;00000015;00001124;1;0;0;0;;;;0;;;;;;0;1;0;0;17;5;1;0;0;1;0;;0;0;0;0;7;0;1;1;3;1;;1;0;1;;1;;;0;;;1;0;;;;0;1;1;0;;0;2;;0.6;34;0.0588235294117647;7;18.1081025354797;manha
70000210;11000029;1000001433;700000831;2024;4;2;0;1;;00000387;00000001;;00002250;1;0;0;0;;;0;;;;;;;0;1;0;0;17;5;1;0;0;1;0;;-5;0;0;0;2;0;1;1;3;1;;1;0;1;;1;;;0;;;1;0;;;;0;1;1;0;;0;2;;0.6;34;0.0588235294117647;7;18.1081025354797;manha
70000210;11000029;1000001442;700000839;2024;12;1;1;1;;00003608;00000004;;00000939;1;0;0;;;0;;;0;;;;;;1;0;0;17;5;1;0;0;1;0;;3;1;0;0;1;0;1;1;3;1;;1;0;1;;1;;;0;;;1;0;;;;0;1;1;0;;0;2;;0.6;34;0.0588235294117647;7;18.1081025354797;manha
70000211;11000030;1000000575;700000309;2024;13;1;3;1;;00002820;00000005;00000026;00004703;1;0;0;;;;;;;;;;;0;1;0;0;16;5;1;0;0;1;0;;5;1;1;0;7;0;1;;3;1;;;1;1;0;;;0;0;0;0;1;;;1;;;;1;0;;0;0;1;0.5;31;0.032258064516129;7;4.89260861650109;manha
70000211;11000030;1000000672;700000362;2024;19;2;2;1;;00003082;00000005;;00000931;1;0;0;;;;;0;;;;;0;0;1;0;0;16;5;1;0;0;1;0;;11;1;0;0;7;0;1;;3;1;;;1;1;0;;;0;0;0;0;1;;;1;;;;1;0;;0;0;1;0.5;31;0.032258064516129;7;4.89260861650109;manha
70000211;11000030;1000001205;700000640;2024;12;2;0;1;;00003086;00000006;00000004;;1;0;1;;;;;;;;;;0;0;1;;0;16;5;1;0;0;1;0;;4;1;0;0;4;0;1;;3;1;;;1;1;0;;;0;0;0;0;1;;;1;;;;1;0;;0;0;1;0.5;31;0.032258064516129;7;4.89260861650109;manha
70000212;11000030;1000000066;700000034;2024;18;2;3;1;;00002121;00000006;;00001738;2;0;0;0;;;;;;;;;;0;1;0;0;18;3;1;0;0;1;0;;8;1;0;0;7;0;1;1;3;1;;;1;1;0;;;0;0;0;0;1;;;1;;;;1;0;;0;0;1;0.5;31;0.032258064516129;13;26.3373710151063;tarde
70000212;11000030;1000000820;700000438;2024;17;2;1;1;;00005001;00000002;00000020;;1;0;0;;;;;;;;;0;;0;1;0;0;18;3;1;0;0;1;0;;7;1;0;0;7;0;1;;3;1;;;1;1;0;;;0;0;0;0;1;;;1;;;;1;0;;0;0;1;0.5;31;0.032258064516129;13;26.3373710151063;tarde
70000212;11000030;1000000878;700000463;2024;8;1;0;1;;00005238;00000006;00000004;00002587;1;0;0;;0;;;;0;;;;;0;1;0;0;18;3;1;0;0;1;0;;-2;0;0;0;7;0;1;1;3;1;;;1;1;0;;;0;0;0;0;1;;;1;;;;1;0;;0;0;1;0.5;31;0.032258064516129;13;26.3373710151063;tarde
70000212;11000030;1000001127;700000594;2024;18;2;3;1;;00002934;00000001;;;1;0;0;0;;1;;;;;;;;0;1;0;;18;3;1;0;0;1;0;;8;1;0;1;5;0;1;;3;1;;;1;1;0;;;0;0;0;0;1;;;1;;;;1;0;;0;0;1;0.5;31;0.032258064516129;13;26.3373710151063;tarde
70000212;11000030;1000001173;700000620;2024;18;2;1;1;;00000572;00000001;;00004684;1;0;0;;;;;0;;;;;;0;1;0;;18;3;1;0;0;1;0;;8;1;0;0;5;0;1;;3;1;;;1;1;0;;;0;0;0;0;1;;;1;;;;1;0;;0;0;1;0.5;31;0.032258064516129;13;26.3373710151063;tarde
70000212;11000030;1000001409;700000809;2024;13;2;3;1;;00005058;00000006;00000003;;2;0;0;;;;;;;;;;;0;1;0;0;18;3;1;0;0;1;0;;3;1;0;0;2;0;1;;3;1;;;1;1;0;;;0;0;0;0;1;;;1;;;;1;0;;0;0;1;0.5;31;0.032258064516129;13;26.3373710151063;tarde
70000212;11000030;1000001583;700000975;2024;11;2;2;1;;00001014;00000007;00000026;00000209;1;0;0;;;0;;;;0;;1;;0;1;0;;18;3;1;0;0;1;0;;1;0;0;0;0;;0;;3;1;;;1;1;0;;;0;0;0;0;1;;;1;;;;1;0;;0;0;1;0.5;31;0.032258064516129;13;26.3373710151063;tarde
70000213;11000030;1000000036;700000020;2024;20;2;1;1;;00005385;00000009;00000001;00004668;2;0;0;;;;0;;;0;1;;;0;1;0;0;40;5;1;0;0;1;0;;;;0;0;7;0;1;1;3;1;;;1;1;0;;;0;0;0;0;1;;;1;;;;1;0;;0;0;1;0.5;31;0.032258064516129;7;20.584145380999;manha
70000213;11000030;1000000273;700000160;2024;21;2;0;1;;00000869;00000001;00000023;;1;0;0;;;;;;;;;;;0;1;0;0;40;5;1;0;0;1;0;;;;0;1;7;0;1;;3;1;;;1;1;0;;;0;0;0;0;1;;;1;;;;1;0;;0;0;1;0.5;31;0.032258064516129;7;20.584145380999;manha
70000213;11000030;1000000892;700000471;2024;13;1;1;1;;00000341;00000008;;;1;0;0;0;;;;0;;;;;;0;1;0;1;40;5;1;0;0;1;0;;;;0;0;7;0;1;;3;1;;;1;1;0;;;0;0;0;0;1;;;1;;;;1;0;;0;0;1;0.5;31;0.032258064516129;7;20.584145380999;manha
70000214;11000030;1000000779;700000420;2024;31;1;3;1;;00002257;00000005;00000027;00001191;1;1;0;;;;;;;;;;;0;1;0;0;;5;1;0;0;1;0;;;;1;0;7;1;1;1;3;1;;;1;1;0;;;0;0;0;0;1;;;1;;;;1;0;;0;0;1;0.5;31;0.032258064516129;7;14.2081442160998;manha
70000214;11000030;1000001181;700000628;2024;12;2;3;1;;00002224;00000005;00000018;00004369;1;0;0;0;;1;;;;0;;0;;0;1;0;0;;5;1;0;0;1;0;;;;0;0;5;0;1;1;3;1;;;1;1;0;;;0;0;0;0;1;;;1;;;;1;0;;0;0;1;0.5;31;0.032258064516129;7;14.2081442160998;manha
70000214;11000030;1000001401;700000801;2024;10;2;3;1;;00000145;00000002;00000014;00001638;1;0;0;;;1;0;;;;;;;0;1;0;0;;5;1;0;0;1;0;;;;0;0;2;0;1;;3;1;;;1;1;0;;;0;0;0;0;1;;;1;;;;1;0;;0;0;1;0.5;31;0.032258064516129;7;14.2081442160998;manha
70000214;11000030;1000001517;700000909;2024;10;2;1;1;;00005411;00000004;;00000663;2;0;1;;;1;;;;0;;;;0;1;0;0;;5;1;0;0;1;0;;;;0;0;1;0;1;1;3;1;;;1;1;0;;;0;0;0;0;1;;;1;;;;1;0;;0;0;1;0.5;31;0.032258064516129;7;14.2081442160998;manha
70000215;11000030;1000000050;700000026;2024;16;1;0;1;;00003113;00000006;;00005191;1;0;0;0;;;;;;;;;0;0;1;0;0;;5;1;0;0;1;0;;;;0;0;7;0;1;1;3;1;;;1;1;0;;;0;0;0;0;1;;;1;;;;1;0;;0;0;1;0.5;31;0.032258064516129;7;23.4434338106075;manha
70000215;11000030;1000001117;700000588;2024;11;1;1;1;;00004414;00000009;00000021;00004694;1;0;1;;;;;;0;0;;;;;1;0;0;;5;1;0;0;1;0;;;;0;0;5;0;1;;3;1;;;1;1;0;;;0;0;0;0;1;;;1;;;;1;0;;0;0;1;0.5;31;0.032258064516129;7;23.4434338106075;manha
70000215;11000030;1000001244;700000672;2024;21;2;1;1;;;00000006;;00000995;1;0;0;;0;;;;;;;;0;0;1;0;0;;5;1;0;0;1;0;;;;0;0;4;0;1;1;3;1;;;1;1;0;;;0;0;0;0;1;;;1;;;;1;0;;0;0;1;0.5;31;0.032258064516129;7;23.4434338106075;manha
70000215;11000030;1000001293;700000713;2024;17;1;1;1;;00003776;00000009;;00000557;1;0;0;;;1;0;;0;;0;;;0;1;0;0;;5;1;0;0;1;0;;;;0;0;3;0;1;1;3;1;;;1;1;0;;;0;0;0;0;1;;;1;;;;1;0;;0;0;1;0.5;31;0.032258064516129;7;23.4434338106075;manha
70000216;11000030;1000000350;700000198;2024;15;1;1;1;;00003945;00000003;00000010;00004963;1;0;0;;;1;0;;;;;;;0;1;;0;1;5;1;0;0;1;0;;;;0;0;7;0;1;1;3;1;;;1;1;0;;;0;0;0;0;1;;;1;;;;1;0;;0;0;1;0.5;31;0.032258064516129;7;9.19530541170388;manha
70000216;11000030;1000000972;700000511;2024;23;1;1;1;;00000337;00000007;00000010;;1;0;0;;;;;;;0;0;0;;0;1;0;0;1;5;1;0;0;1;0;;;;0;0;7;0;1;;3;1;;;1;1;0;;;0;0;0;0;1;;;1;;;;1;0;;0;0;1;0.5;31;0.032258064516129;7;9.19530541170388;manha
70000216;11000030;1000001107;700000581;2024;19;2;3;1;;00000208;00000001;00000010;00005097;1;0;0;;0;;;0;;;;0;;0;1;0;;1;5;1;0;0;1;0;;;;1;0;5;0;1;1;3;1;;;1;1;0;;;0;0;0;0;1;;;1;;;;1;0;;0;0;1;0.5;31;0.032258064516129;7;9.19530541170388;manha
70000217;11000030;1000000418;700000230;2024;22;1;3;1;;00000521;00000009;;;1;0;0;0;;0;;;;;0;;;0;1;0;0;16;5;1;0;0;1;0;;14;1;1;0;7;1;1;;3;1;;;1;1;0;;;0;0;0;0;1;;;1;;;;1;0;;0;0;1;0.5;31;0.032258064516129;7;27.0528724987526;manha
70000217;11000030;1000000440;700000244;2024;13;1;2;1;;00004730;00000004;;;1;0;0;;;;0;;;;;;;0;1;0;0;16;5;1;0;0;1;0;;5;1;0;0;7;0;1;;3;1;;;1;1;0;;;0;0;0;0;1;;;1;;;;1;0;;0;0;1;0.5;31;0.032258064516129;7;27.0528724987526;manha
70000217;11000030;1000000533;700000285;2024;13;1;3;1;;00000005;00000007;00000022;00003015;1;0;0;;;1;;;;;;;;0;1;0;0;16;5;1;0;0;1;0;;5;1;0;0;7;0;1;1;3;1;;;1;1;0;;;0;0;0;0;1;;;1;;;;1;0;;0;0;1;0.5;31;0.032258064516129;7;27.0528724987526;manha
70000217;11000030;1000000658;700000351;2024;15;2;0;1;;00005343;00000006;00000023;00002717;1;0;0;;;;0;;;;;;;0;1;0;0;16;5;1;0;0;1;0;;7;1;0;0;7;0;1;;3;1;;;1;1;0;;;0;0;0;0;1;;;1;;;;1;0;;0;0;1;0.5;31;0.032258064516129;7;27.0528724987526;manha
70000217;11000030;1000001325;700000736;2024;12;2;0;1;;00005382;00000005;;;1;0;0;;;1;;;;;;;;0;1;0;0;16;5;1;0;0;1;0;;4;1;0;0;3;0;1;;3;1;;;1;1;0;;;0;0;0;0;1;;;1;;;;1;0;;0;0;1;0.5;31;0.032258064516129;7;27.0528724987526;manha
