ID_TURMA;CO_ENTIDADE;CO_PESSOA_FISICA;ID_MATRICULA;NU_ANO;NU_IDADE_REFERENCIA;TP_SEXO;TP_COR_RACA;TP_NACIONALIDADE;CO_UF_NASC;CO_MUNICIPIO_NASC;CO_PAIS_RESIDENCIA;CO_UF_END;CO_MUNICIPIO_END;TP_ZONA_RESIDENCIAL;IN_NECESSIDADE_ESPECIAL;IN_TRANSPORTE_PUBLICO;IN_TRANSP_BICICLETA;IN_TRANSP_MICRO_ONIBUS;IN_TRANSP_ONIBUS;IN_TRANSP_TR_ANIMAL;IN_TRANSP_VANS_KOMBI;IN_TRANSP_OUTRO_VEICULO;IN_TRANSP_EMBAR_ATE5;IN_TRANSP_EMBAR_5A15;IN_TRANSP_EMBAR_15A35;IN_TRANSP_EMBAR_35;IN_ESPECIAL_EXCLUSIVA;IN_REGULAR;IN_EJA;IN_PROFISSIONALIZANTE;TP_ETAPA_ENSINO;NU_DIAS_ATIVIDADE;QT_ESCOLAS_ANO;IN_TRANSFERIDO;IN_CONCLUINTE_FINAL;N_MATRICULAS_REG;IN_TROCA_ESCOLA;evadiu;defasagem_idade_serie;flag_defasado;n_reprovacoes_prev;abandono_previo;anos_observados;reprovou_ano_ant;tem_historico;mudou_municipio;TP_DEPENDENCIA;TP_LOCALIZACAO;TP_CATEGORIA_ESCOLA_PRIVADA;IN_AGUA_POTAVEL;IN_AGUA_REDE_PUBLICA;IN_ENERGIA_REDE_PUBLICA;IN_ESGOTO_REDE_PUBLICA;IN_BANHEIRO;IN_BANHEIRO_PNE;IN_BIBLIOTECA_SALA_LEITURA;IN_LABORATORIO_CIENCIAS;IN_LABORATORIO_INFORMATICA;IN_QUADRA_ESPORTES;IN_COMPUTADOR;IN_EQUIP_MULTIMIDIA;IN_DESKTOP_ALUNO;IN_INTERNET;IN_BANDA_LARGA;IN_INTERNET_ALUNOS;IN_ACESSO_INTERNET_COMPUTADOR;IN_ALIMENTACAO;QT_PROF_COORDENADOR;QT_PROF_FONAUDIOLOGO;QT_PROF_NUTRICIONISTA;QT_PROF_PSICOLOGO;QT_PROF_PEDAGOGIA;indice_infra;tamanho_escola;apoio_por_aluno;TX_HR_INICIAL;tamanho_turma;turno
60000001;11000000;1000000496;600000293;2023;10;2;3;1;;00004162;00000009;00000019;00002155;1;0;0;;;;0;;;;1;0;;0;1;;0;70;4;1;1;0;1;0;0;;;0;0;6;0;1;;3;2;;1;1;;;1;0;0;0;0;;;;;1;1;0;0;1;0;0;;;2;0.5;33;0.0606060606060606;11;15.5198577325791;manha
60000002;11000000;1000000507;600000298;2023;20;1;3;1;;00001364;00000002;;;1;0;0;;;;;;0;0;;;;0;1;0;0;19;5;1;0;0;1;0;0;9;1;0;0;6;0;1;;3;2;;1;1;;;1;0;0;0;0;;;;;1;1;0;0;1;0;0;;;2;0.5;33;0.0606060606060606;13;0.237585254944861;tarde
60000002;11000000;1000000605;600000355;2023;14;1;1;1;;00001383;00000005;;;1;0;1;;;;;;;0;;;;0;1;0;0;19;5;1;0;0;1;0;0;3;1;0;0;6;0;1;;3;2;;1;1;;;1;0;0;0;0;;;;;1;1;0;0;1;0;0;;;2;0.5;33;0.0606060606060606;13;0.237585254944861;tarde
60000002;11000000;1000000727;600000431;2023;14;2;1;1;;00003883;00000002;00000025;00004459;1;0;0;;;;;;;;;;;0;1;0;0;19;5;1;0;0;1;0;0;3;1;0;0;6;0;1;;3;2;;1;1;;;1;0;0;0;0;;;;;1;1;0;0;1;0;0;;;2;0.5;33;0.0606060606060606;13;0.237585254944861;tarde
60000002;11000000;1000000828;600000491;2023;16;1;1;1;;00000429;00000004;00000008;00001145;1;0;1;;;1;;;;;;;;0;1;0;0;19;5;1;0;0;1;0;1;5;1;0;1;6;0;1;;3;2;;1;1;;;1;0;0;0;0;;;;;1;1;0;0;1;0;0;;;2;0.5;33;0.0606060606060606;13;0.237585254944861;tarde
60000002;11000000;1000001246;600000745;2023;10;2;3;1;;00003445;00000007;00000013;00003341;1;0;0;;;;;;;;;;;0;1;0;0;19;5;1;0;0;1;0;0;-1;0;0;0;3;0;1;1;3;2;;1;1;;;1;0;0;0;0;;;;;1;1;0;0;1;0;0;;;2;0.5;33;0.0606060606060606;13;0.237585254944861;tarde
60000002;11000000;1000001428;600000909;2023;18;2;3;1;;00004886;00000006;00000001;00004572;1;0;1;;;;;;;;0;;0;0;1;0;0;19;5;1;0;0;1;0;0;7;1;0;0;1;0;1;;3;2;;1;1;;;1;0;0;0;0;;;;;1;1;0;0;1;0;0;;;2;0.5;33;0.0606060606060606;13;0.237585254944861;tarde
60000003;11000000;1000000336;600000214;2023;13;1;0;1;;00002186;00000002;;;2;0;1;;0;;;;0;0;;;;0;1;0;0;1;2;1;0;0;1;0;0;;;0;0;6;0;1;;3;2;;1;1;;;1;0;0;0;0;;;;;1;1;0;0;1;0;0;;;2;0.5;33;0.0606060606060606;7;20.1846742833732;manha
60000003;11000000;1000000372;600000236;2023;10;1;0;1;;00004345;00000004;00000018;00000966;1;0;0;0;;1;0;;;;;;;0;1;;0;1;2;1;0;0;1;0;0;;;0;0;6;0;1;1;3;2;;1;1;;;1;0;0;0;0;;;;;1;1;0;0;1;0;0;;;2;0.5;33;0.0606060606060606;7;20.1846742833732;manha
60000003;11000000;1000000742;600000441;2023;13;2;3;1;;00001439;00000006;;00003746;1;0;0;;;;;;;;;0;;0;1;0;0;1;2;1;0;0;1;0;0;;;0;0;6;0;1;;3;2;;1;1;;;1;0;0;0;0;;;;;1;1;0;0;1;0;0;;;2;0.5;33;0.0606060606060606;7;20.1846742833732;manha
60000003;11000000;1000000792;600000470;2023;12;1;1;1;;00000620;00000007;00000003;;1;0;0;;;1;;;;;;;;0;1;0;0;1;2;1;1;0;1;0;0;;;0;0;6;0;1;;3;2;;1;1;;;1;0;0;0;0;;;;;1;1;0;0;1;0;0;;;2;0.5;33;0.0606060606060606;7;20.1846742833732;manha
60000003;11000000;1000000813;600000484;2023;12;1;3;1;;00000759;00000005;;;2;0;1;0;0;;;;;;;;;;1;0;0;1;2;1;0;0;1;0;0;;;0;0;6;0;1;;3;2;;1;1;;;1;0;0;0;0;;;;;1;1;0;0;1;0;0;;;2;0.5;33;0.0606060606060606;7;20.1846742833732;manha
60000003;11000000;1000001155;600000674;2023;19;1;1;1;;00001713;00000004;00000014;;1;0;0;;;;;;;;;;;0;1;0;0;1;2;1;0;0;1;0;0;;;0;0;4;0;1;;3;2;;1;1;;;1;0;0;0;0;;;;;1;1;0;0;1;0;0;;;2;0.5;33;0.0606060606060606;7;20.1846742833732;manha
60000004;11000000;1000000791;600000469;2023;21;2;3;1;;00004100;00000009;00000015;00001179;1;0;0;;;;;;;0;;;0;0;1;0;0;18;5;1;0;0;1;0;0;11;1;0;0;6;0;1;1;3;2;;1;1;;;1;0;0;0;0;;;;;1;1;0;0;1;0;0;;;2;0.5;33;0.0606060606060606;13;26.7859625781421;tarde
60000004;11000000;1000001281;600000775;2023;8;2;0;1;;00003959;00000005;00000008;;1;0;0;;;;;1;;;;;;0;1;0;0;18;5;1;0;0;1;0;0;-2;0;0;0;2;0;1;;3;2;;1;1;;;1;0;0;0;0;;;;;1;1;0;0;1;0;0;;;2;0.5;33;0.0606060606060606;13;26.7859625781421;tarde
60000005;11000000;1000000262;600000172;2023;17;1;1;1;;00001063;00000002;00000021;00005105;1;0;1;;;;;;;;;;;0;1;0;0;;5;1;0;0;1;0;0;;;0;0;6;0;1;1;3;2;;1;1;;;1;0;0;0;0;;;;;1;1;0;0;1;0;0;;;2;0.5;33;0.0606060606060606;13;28.9598789106822;tarde
60000006;11000000;1000000132;600000082;2023;12;1;0;1;;00004791;00000001;00000006;00000374;2;0;0;;0;;;;;;;;;0;1;0;0;14;2;1;0;0;1;0;0;6;1;0;0;6;0;1;1;3;2;;1;1;;;1;0;0;0;0;;;;;1;1;0;0;1;0;0;;;2;0.5;33;0.0606060606060606;7;32.3516440624371;manha
60000006;11000000;1000000200;600000127;2023;8;2;3;1;;00003703;00000003;00000004;;1;0;0;;;1;;;;;;;;0;1;;0;14;2;1;0;0;1;0;0;2;1;0;0;6;0;1;;3;2;;1;1;;;1;0;0;0;0;;;;;1;1;0;0;1;0;0;;;2;0.5;33;0.0606060606060606;7;32.3516440624371;manha
60000006;11000000;1000001205;600000710;2023;11;2;0;1;;00001762;00000008;00000009;00001481;1;1;0;;0;;;0;;0;;;;0;1;0;0;14;2;1;0;0;1;0;0;5;1;0;0;3;0;1;;3;2;;1;1;;;1;0;0;0;0;;;;;1;1;0;0;1;0;0;;;2;0.5;33;0.0606060606060606;7;32.3516440624371;manha
60000006;11000000;1000001335;600000821;2023;10;1;0;1;;00000593;00000001;;;1;0;0;;;;0;;;;;;0;0;1;;0;14;2;1;0;0;1;0;0;4;1;0;0;2;0;1;;3;2;;1;1;;;1;0;0;0;0;;;;;1;1;0;0;1;0;0;;;2;0.5;33;0.0606060606060606;7;32.3516440624371;manha
60000006;11000000;1000001360;600000844;2023;14;1;0;1;;00002925;00000009;00000015;;2;0;0;;;;;;;;;;;0;1;0;0;14;2;1;0;0;1;0;0;8;1;0;0;2;0;1;;3;2;;1;1;;;1;0;0;0;0;;;;;1;1;0;0;1;0;0;;;2;0.5;33;0.0606060606060606;7;32.3516440624371;manha
60000006;11000000;1000001398;600000880;2023;14;1;1;1;;00002065;00000005;;00004425;1;0;0;;;;0;;;;;;;0;1;0;0;14;2;1;0;0;1;0;1;8;1;0;0;1;0;1;1;3;2;;1;1;;;1;0;0;0;0;;;;;1;1;0;0;1;0;0;;;2;0.5;33;0.0606060606060606;7;32.3516440624371;manha
60000006;11000000;1000001456;600000935;2023;42;1;0;1;;00003744;00000002;00000005;00005272;1;0;1;;0;;;;;0;;0;;0;1;0;1;14;2;1;0;0;1;0;0;36;1;0;0;0;;0;;3;2;;1;1;;;1;0;0;0;0;;;;;1;1;0;0;1;0;0;;;2;0.5;33;0.0606060606060606;7;32.3516440624371;manha
60000007;11000000;1000000668;600000395;2023;9;2;1;1;;00004439;00000001;00000020;00000883;1;0;0;0;0;1;;;;;;;;0;1;;0;1;5;1;0;0;1;0;0;;;1;0;6;0;1;1;3;2;;1;1;;;1;0;0;0;0;;;;;1;1;0;0;1;0;0;;;2;0.5;33;0.0606060606060606;7;12.0414072915446;manha
60000007;11000000;1000000777;600000459;2023;8;1;1;1;;00001737;00000006;00000006;00002103;1;0;0;0;;;;;;;0;0;;0;1;;0;1;5;1;0;0;1;0;0;;;0;0;6;0;1;1;3;2;;1;1;;;1;0;0;0;0;;;;;1;1;0;0;1;0;0;;;2;0.5;33;0.0606060606060606;7;12.0414072915446;manha
60000007;11000000;1000000905;600000535;2023;28;2;0;1;;00004754;00000001;00000018;;1;0;0;;;;;;;;0;;;0;1;0;0;1;5;1;0;0;1;0;0;;;0;0;6;0;1;;3;2;;1;1;;;1;0;0;0;0;;;;;1;1;0;0;1;0;0;;;2;0.5;33;0.0606060606060606;7;12.0414072915446;manha
60000007;11000000;1000001442;600000921;2023;11;1;1;1;;00002693;00000004;00000011;00001971;1;0;1;;0;;;;0;;;;;0;1;0;0;1;5;1;0;0;1;0;0;;;0;0;0;;0;;3;2;;1;1;;;1;0;0;0;0;;;;;1;1;0;0;1;0;0;;;2;0.5;33;0.0606060606060606;7;12.0414072915446;manha
60000007;11000000;1000001505;600000984;2023;10;1;3;1;;00005311;00000008;00000011;00001597;1;0;0;0;1;;;0;;0;;;;0;1;0;0;1;5;1;0;0;1;0;0;;;0;0;0;;0;;3;2;;1;1;;;1;0;0;0;0;;;;;1;1;0;0;1;0;0;;;2;0.5;33;0.0606060606060606;7;12.0414072915446;manha
60000008;11000001;1000000001;600000001;2023;27;2;2;1;;00002641;00000009;00000014;;2;0;0;;;;;;0;;0;;;0;1;0;0;16;5;1;0;0;1;0;0;19;1;1;1;6;0;1;;4;2;;;1;1;0;1;;;0;;;1;0;0;1;;;9;;0;0;1;0;0;1.4;22;0.0454545454545455;7;26.7156881594565;manha
60000008;11000001;1000000273;600000178;2023;20;2;0;1;;00003018;00000009;00000017;00003907;1;0;0;;;0;0;0;;;;;;0;1;0;0;16;5;1;0;0;1;0;0;12;1;0;1;6;0;1;1;4;2;;;1;1;0;1;;;0;;;1;0;0;1;;;9;;0;0;1;0;0;1.4;22;0.0454545454545455;7;26.7156881594565;manha
60000008;11000001;1000000800;600000475;2023;25;2;0;1;;00005263;00000006;00000010;00002601;1;0;1;0;;;;;;;;0;;0;1;0;0;16;5;1;0;0;1;0;1;17;1;0;0;6;0;1;;4;2;;;1;1;0;1;;;0;;;1;0;0;1;;;9;;0;0;1;0;0;1.4;22;0.0454545454545455;7;26.7156881594565;manha
60000009;11000001;1000000203;600000129;2023;14;1;0;1;;00001168;00000004;;00002386;2;0;0;0;0;;;;;;;0;;0;1;0;0;2;5;1;0;0;1;0;0;;;1;0;6;0;1;1;4;2;;;1;1;0;1;;;0;;;1;0;0;1;;;9;;0;0;1;0;0;1.4;22;0.0454545454545455;7;42.7454335722141;manha
60000009;11000001;1000000566;600000334;2023;10;2;3;1;;00000855;00000001;00000016;00001269;1;0;0;0;;;;;;;;;;0;1;0;0;2;5;1;0;0;1;0;0;;;0;0;6;0;1;1;4;2;;;1;1;0;1;;;0;;;1;0;0;1;;;9;;0;0;1;0;0;1.4;22;0.0454545454545455;7;42.7454335722141;manha
60000009;11000001;1000000998;600000581;2023;14;2;0;1;;00003370;00000009;00000001;00003246;1;0;0;;;;;;;0;;0;;0;1;0;0;2;5;1;0;0;1;0;0;;;1;0;6;0;1;1;4;2;;;1;1;0;1;;;0;;;1;0;0;1;;;9;;0;0;1;0;0;1.4;22;0.0454545454545455;7;42.7454335722141;manha
60000009;11000001;1000001289;600000783;2023;9;2;0;1;;00003784;00000006;00000013;00005422;1;1;0;0;;;;;;;;;;0;1;0;;2;5;1;0;0;1;0;0;;;0;0;2;0;1;1;4;2;;;1;1;0;1;;;0;;;1;0;0;1;;;9;;0;0;1;0;0;1.4;22;0.0454545454545455;7;42.7454335722141;manha
60000010;11000001;1000000728;600000432;2023;21;1;1;1;;00001997;00000005;00000004;;1;0;0;;;;;;;;;;;0;1;;0;17;5;1;0;0;1;0;0;12;1;0;0;6;0;1;;4;2;;;1;1;0;1;;;0;;;1;0;0;1;;;9;;0;0;1;0;0;1.4;22;0.0454545454545455;6;22.652577109402;manha
60000010;11000001;1000001147;600000668;2023;18;2;1;1;;00004902;00000006;00000019;00004986;1;0;0;;1;;;0;;;1;;;0;1;0;0;17;5;1;0;0;1;0;0;9;1;0;0;4;0;1;1;4;2;;;1;1;0;1;;;0;;;1;0;0;1;;;9;;0;0;1;0;0;1.4;22;0.0454545454545455;6;22.652577109402;manha
60000010;11000001;1000001238;600000738;2023;14;1;0;1;;00000744;00000006;00000027;00003404;2;0;0;;;1;;;0;;;;;;1;0;0;17;5;1;0;0;1;0;0;5;1;1;0;3;0;1;;4;2;;;1;1;0;1;;;0;;;1;0;0;1;;;9;;0;0;1;0;0;1.4;22;0.0454545454545455;6;22.652577109402;manha
60000010;11000001;1000001377;600000859;2023;22;1;1;1;;00002271;00000009;00000002;00004581;1;0;0;;0;;;;;;;;;0;1;;0;17;5;1;0;0;1;0;0;13;1;0;0;1;0;1;1;4;2;;;1;1;0;1;;;0;;;1;0;0;1;;;9;;0;0;1;0;0;1.4;22;0.0454545454545455;6;22.652577109402;manha
60000011;11000001;1000000210;600000136;2023;13;2;3;1;;00004025;00000001;;00003506;1;0;0;;;;;;;0;;;;0;1;0;0;26;2;1;0;0;1;0;0;-3;0;0;1;6;0;1;;4;2;;;1;1;0;1;;;0;;;1;0;0;1;;;9;;0;0;1;0;0;1.4;22;0.0454545454545455;8;10.9009861515369;manha
60000011;11000001;1000000798;600000473;2023;9;2;0;1;;00000797;00000006;00000003;00004469;1;0;0;;;;;;;;0;0;;0;1;0;0;26;2;1;0;0;1;0;0;-7;0;0;0;6;0;1;;4;2;;;1;1;0;1;;;0;;;1;0;0;1;;;9;;0;0;1;0;0;1.4;22;0.0454545454545455;8;10.9009861515369;manha
60000011;11000001;1000001104;600000643;2023;12;2;1;1;;00002940;00000006;00000025;;1;0;0;;;;;;;;;;;0;1;0;0;26;2;1;0;0;1;0;0;-4;0;0;0;4;0;1;;4;2;;;1;1;0;1;;;0;;;1;0;0;1;;;9;;0;0;1;0;0;1.4;22;0.0454545454545455;8;10.9009861515369;manha
60000011;11000001;1000001262;600000759;2023;7;1;3;1;;00003329;00000005;;;1;0;0;;;;;;;;;0;;0;1;1;0;26;2;1;0;0;1;0;0;-9;0;0;0;3;0;1;;4;2;;;1;1;0;1;;;0;;;1;0;0;1;;;9;;0;0;1;0;0;1.4;22;0.0454545454545455;8;10.9009861515369;manha
60000012;11000001;1000000291;600000188;2023;10;1;1;1;;00001170;00000004;;00000926;1;0;0;;;;;;;0;;0;;0;1;0;0;15;1;1;0;0;1;0;0;3;1;0;0;6;0;1;;4;2;;;1;1;0;1;;;0;;;1;0;0;1;;;9;;0;0;1;0;0;1.4;22;0.0454545454545455;7;6.02568618138321;manha
60000012;11000001;1000000824;600000489;2023;19;2;1;1;;00004847;00000008;00000012;00002166;1;0;0;;;;0;0;;;0;0;;0;1;0;0;15;1;1;0;0;1;0;1;12;1;0;1;6;0;1;1;4;2;;;1;1;0;1;;;0;;;1;0;0;1;;;9;;0;0;1;0;0;1.4;22;0.0454545454545455;7;6.02568618138321;manha
60000013;11000001;1000000355;600000223;2023;14;1;1;1;;00000033;00000007;00000007;00002298;1;0;1;;;;0;;;;;0;;0;1;0;0;;5;1;0;0;1;0;0;;;1;0;6;0;1;;4;2;;;1;1;0;1;;;0;;;1;0;0;1;;;9;;0;0;1;0;0;1.4;22;0.0454545454545455;7;6.35140772326849;manha
60000013;11000001;1000000839;600000496;2023;19;2;3;1;;00004054;00000009;00000005;00003782;1;0;0;0;;;0;;;;;;;0;1;0;0;;5;1;0;0;1;0;0;;;0;1;6;0;1;1;4;2;;;1;1;0;1;;;0;;;1;0;0;1;;;9;;0;0;1;0;0;1.4;22;0.0454545454545455;7;6.35140772326849;manha
60000013;11000001;1000001455;600000934;2023;11;2;0;1;;00001909;00000002;;00001618;2;0;1;;;;;;;;;;;0;1;0;;;5;1;0;0;1;0;0;;;0;0;0;;0;;4;2;;;1;1;0;1;;;0;;;1;0;0;1;;;9;;0;0;1;0;0;1.4;22;0.0454545454545455;7;6.35140772326849;manha
60000014;11000001;1000000875;600000516;2023;11;2;3;1;;00003448;00000008;00000005;;1;0;1;0;;;;;0;;;0;;0;1;0;0;14;3;1;0;0;1;0;0;5;1;0;0;6;0;1;;4;2;;;1;1;0;1;;;0;;;1;0;0;1;;;9;;0;0;1;0;0;1.4;22;0.0454545454545455;13;22.2574846085627;tarde
60000015;11000002;1000001036;600000599;2023;9;2;1;1;;00003092;00000006;00000002;00003143;1;0;1;;;;0;;0;;;;;0;1;0;0;;5;1;1;0;1;0;0;;;1;0;5;1;1;1;4;1;;;;;0;;1;0;;0;;1;0;0;;0;;;;6;0;1;;3;0.25;28;0.357142857142857;8;29.9560880661011;manha
60000015;11000002;1000001247;600000746;2023;18;2;1;1;;00005046;00000001;00000025;00000279;1;0;0;;;;;0;;;;;;0;1;0;0;;5;1;0;0;1;0;0;;;0;0;3;0;1;;4;1;;;;;0;;1;0;;0;;1;0;0;;0;;;;6;0;1;;3;0.25;28;0.357142857142857;8;29.9560880661011;manha
60000015;11000002;1000001250;600000749;2023;10;2;0;1;;00003944;00000004;;00001472;1;0;;0;;;;;;0;0;;;0;1;0;0;;5;1;0;0;1;0;0;;;0;0;3;0;1;;4;1;;;;;0;;1;0;;0;;1;0;0;;0;;;;6;0;1;;3;0.25;28;0.357142857142857;8;29.9560880661011;manha
60000016;11000002;1000001039;600000601;2023;17;2;1;1;;00005551;00000001;00000018;00002710;1;0;0;;;;;;;;;0;;0;1;0;0;17;1;1;0;0;1;0;0;8;1;0;0;5;0;1;;4;1;;;;;0;;1;0;;0;;1;0;0;;0;;;;6;0;1;;3;0.25;28;0.357142857142857;13;5.19589469768107;tarde
60000016;11000002;1000001181;600000695;2023;11;2;3;1;;00000104;00000004;;00000380;1;0;0;;;;;0;;;;;;0;1;0;0;17;1;1;0;0;1;0;0;2;1;0;0;4;0;1;1;4;1;;;;;0;;1;0;;0;;1;0;0;;0;;;;6;0;1;;3;0.25;28;0.357142857142857;13;5.19589469768107;tarde
60000016;11000002;1000001416;600000897;2023;6;1;0;1;;00004281;00000007;00000027;00005430;1;0;0;;;;;0;;;;0;;0;1;0;0;17;1;1;0;0;1;0;0;-3;0;0;0;1;0;1;1;4;1;;;;;0;;1;0;;0;;1;0;0;;0;;;;6;0;1;;3;0.25;28;0.357142857142857;13;5.19589469768107;tarde
60000017;11000002;1000000135;600000085;2023;22;1;0;1;;00002464;00000005;;00001355;1;0;0;;;;;;;;;;;0;1;0;1;69;5;1;0;0;1;0;1;;;1;0;6;0;1;1;4;1;;;;;0;;1;0;;0;;1;0;0;;0;;;;6;0;1;;3;0.25;28;0.357142857142857;7;15.1779742981307;manha
60000017;11000002;1000000405;600000249;2023;18;2;3;1;;00005413;00000004;00000027;00000873;2;0;0;;;;;;;;;;;0;1;0;0;69;5;1;0;0;1;0;0;;;0;0;6;0;1;1;4;1;;;;;0;;1;0;;0;;1;0;0;;0;;;;6;0;1;;3;0.25;28;0.357142857142857;7;15.1779742981307;manha
60000017;11000002;1000000524;600000308;2023;12;2;1;1;;00005355;00000006;;00003631;1;0;0;0;;;;;0;;0;;;0;1;;0;69;5;1;0;0;1;0;0;;;0;0;6;0;1;;4;1;;;;;0;;1;0;;0;;1;0;0;;0;;;;6;0;1;;3;0.25;28;0.357142857142857;7;15.1779742981307;manha
60000017;11000002;1000000671;600000396;2023;23;1;3;1;;00002923;00000006;00000026;;1;0;0;;;;;;1;;;0;;0;1;0;1;69;5;1;0;0;1;0;0;;;1;0;6;0;1;;4;1;;;;;0;;1;0;;0;;1;0;0;;0;;;;6;0;1;;3;0.25;28;0.357142857142857;7;15.1779742981307;manha
60000017;11000002;1000001062;600000615;2023;12;2;5;1;;00004628;00000006;00000023;00002894;1;0;0;;;;;;;0;;;;0;1;0;;69;5;1;0;0;1;0;0;;;0;0;5;0;1;;4;1;;;;;0;;1;0;;0;;1;0;0;;0;;;;6;0;1;;3;0.25;28;0.357142857142857;7;15.1779742981307;manha
60000017;11000002;1000001301;600000795;2023;18;2;3;1;;00000011;00000008;00000020;;1;0;0;;;;;0;;;0;0;;0;1;0;0;69;5;1;0;0;1;0;0;;;0;0;2;0;1;;4;1;;;;;0;;1;0;;0;;1;0;0;;0;;;;6;0;1;;3;0.25;28;0.357142857142857;7;15.1779742981307;manha
60000018;11000002;1000000890;600000525;2023;17;1;0;1;;00002133;00000003;;00005186;1;0;0;;;0;;0;;;0;;;0;1;0;0;19;1;1;0;0;1;0;0;6;1;0;0;6;0;1;;4;1;;;;;0;;1;0;;0;;1;0;0;;0;;;;6;0;1;;3;0.25;28;0.357142857142857;7;4.89821767900139;manha
60000018;11000002;1000001187;600000699;2023;8;2;1;1;;00003897;00000007;00000002;;1;1;1;;;;;;;0;;;;0;1;0;0;19;1;1;0;0;1;0;0;-3;0;0;1;4;0;1;;4;1;;;;;0;;1;0;;0;;1;0;0;;0;;;;6;0;1;;3;0.25;28;0.357142857142857;7;4.89821767900139;manha
60000019;11000002;1000000693;600000411;2023;9;1;0;1;;00004544;00000006;00000014;00005307;1;0;1;;;;;;;;;;;0;1;0;0;1;5;1;0;0;1;0;0;;;0;0;6;0;1;1;4;1;;;;;0;;1;0;;0;;1;0;0;;0;;;;6;0;1;;3;0.25;28;0.357142857142857;13;29.918374196277;tarde
60000019;11000002;1000000831;600000492;2023;21;2;0;1;;00000261;00000003;00000015;00003650;1;0;0;;;;;;;;;;;0;1;0;0;1;5;1;0;0;1;0;0;;;0;0;6;0;1;1;4;1;;;;;0;;1;0;;0;;1;0;0;;0;;;;6;0;1;;3;0.25;28;0.357142857142857;13;29.918374196277;tarde
60000019;11000002;1000000931;600000549;2023;30;2;0;1;;00000716;00000008;00000021;;1;0;1;;0;1;0;;;;;0;;0;1;0;1;1;5;1;0;0;1;0;0;;;0;0;6;0;1;;4;1;;;;;0;;1;0;;0;;1;0;0;;0;;;;6;0;1;;3;0.25;28;0.357142857142857;13;29.918374196277;tarde
60000019;11000002;1000000934;600000551;2023;10;2;1;1;;00005396;00000007;;00003589;2;0;0;;;;;0;;;;0;;0;1;0;0;1;5;1;0;0;1;0;0;;;2;0;6;1;1;;4;1;;;;;0;;1;0;;0;;1;0;0;;0;;;;6;0;1;;3;0.25;28;0.357142857142857;13;29.918374196277;tarde
60000021;11000002;1000000297;600000193;2023;22;1;1;1;;00004704;00000007;;;2;0;0;;;;;;;;;0;0;0;1;0;0;;5;1;0;0;1;0;0;;;0;0;6;0;1;;4;1;;;;;0;;1;0;;0;;1;0;0;;0;;;;6;0;1;;3;0.25;28;0.357142857142857;13;17.1149889053777;tarde
60000021;11000002;1000001292;600000786;2023;13;1;3;1;;00001988;00000001;00000014;;1;0;0;;;;;;;;;0;0;0;1;0;1;;5;1;0;0;1;0;0;;;0;0;2;0;1;;4;1;;;;;0;;1;0;;0;;1;0;0;;0;;;;6;0;1;;3;0.25;28;0.357142857142857;13;17.1149889053777;tarde
60000021;11000002;1000001431;600000911;2023;4;2;3;1;;00001533;00000004;00000011;00001833;1;0;0;;;;;;;;;;;0;1;0;0;;5;1;0;0;1;0;0;;;0;0;1;0;1;1;4;1;;;;;0;;1;0;;0;;1;0;0;;0;;;;6;0;1;;3;0.25;28;0.357142857142857;13;17.1149889053777;tarde
60000021;11000002;1000001499;600000978;2023;12;2;3;1;;00005010;00000001;00000019;;1;0;1;;;;;;;;0;;;0;1;0;0;;5;1;0;0;1;0;0;;;0;0;0;;0;;4;1;;;;;0;;1;0;;0;;1;0;0;;0;;;;6;0;1;;3;0.25;28;0.357142857142857;13;17.1149889053777;tarde
60000022;11000003;1000000066;600000037;2023;17;2;3;1;;00003151;00000007;;00000307;2;0;0;;;;0;;;;;;0;0;1;0;0;70;5;1;0;0;1;0;0;;;0;0;6;0;1;;3;1;;1;0;;1;;0;0;;;;1;;1;;1;0;0;1;0;0;1;0;1;0.545454545454545;37;0.0540540540540541;8;8.32310576923192;manha
60000022;11000003;1000000110;600000073;2023;22;1;3;1;;00002238;00000009;00000004;00005089;1;0;1;;;1;0;0;;;;;;0;1;1;0;70;5;1;0;0;1;0;1;;;0;1;6;0;1;1;3;1;;1;0;;1;;0;0;;;;1;;1;;1;0;0;1;0;0;1;0;1;0.545454545454545;37;0.0540540540540541;8;8.32310576923192;manha
60000022;11000003;1000000381;600000241;2023;14;2;1;1;;00004012;00000005;;;1;0;0;;;;;;;;;;;0;1;0;0;70;5;1;0;0;1;0;0;;;1;0;6;0;1;;3;1;;1;0;;1;;0;0;;;;1;;1;;1;0;0;1;0;0;1;0;1;0.545454545454545;37;0.0540540540540541;8;8.32310576923192;manha
60000022;11000003;1000000979;600000574;2023;18;2;0;1;;00000138;00000006;;00000167;1;0;0;;0;1;;;;;;;;;1;0;0;70;5;1;0;0;1;0;0;;;0;0;6;0;1;1;3;1;;1;0;;1;;0;0;;;;1;;1;;1;0;0;1;0;0;1;0;1;0.545454545454545;37;0.0540540540540541;8;8.32310576923192;manha
60000022;11000003;1000001318;600000808;2023;8;1;0;1;;00002747;00000002;00000004;;1;0;0;0;;;;;;;;;;0;1;0;0;70;5;1;0;0;1;0;0;;;0;0;2;0;1;;3;1;;1;0;;1;;0;0;;;;1;;1;;1;0;0;1;0;0;1;0;1;0.545454545454545;37;0.0540540540540541;8;8.32310576923192;manha
60000022;11000003;1000001406;600000888;2023;17;2;1;1;;00004852;00000004;00000001;00000990;1;0;1;;0;;;;;;;;;0;1;0;0;70;5;1;0;0;1;0;0;;;0;0;1;0;1;;3;1;;1;0;;1;;0;0;;;;1;;1;;1;0;0;1;0;0;1;0;1;0.545454545454545;37;0.0540540540540541;8;8.32310576923192;manha
60000023;11000003;1000000488;600000288;2023;18;2;3;1;;00000621;00000001;00000002;00004522;1;0;0;;;;;;;;;;;0;1;0;0;25;5;1;0;0;1;0;0;3;1;0;0;6;0;1;;3;1;;1;0;;1;;0;0;;;;1;;1;;1;0;0;1;0;0;1;0;1;0.545454545454545;37;0.0540540540540541;16;0.0763643346726894;tarde
60000023;11000003;1000000637;600000373;2023;13;1;3;1;;00002297;00000008;00000012;00001192;1;0;0;0;;;0;;0;0;0;;;0;1;0;0;25;5;1;0;0;1;0;0;-2;0;0;0;6;0;1;1;3;1;;1;0;;1;;0;0;;;;1;;1;;1;0;0;1;0;0;1;0;1;0.545454545454545;37;0.0540540540540541;16;0.0763643346726894;tarde
60000023;11000003;1000000808;600000479;2023;17;1;1;1;;00002957;00000003;00000010;00004161;2;0;0;0;;;;;;;0;;;0;1;0;1;25;5;1;0;0;1;0;1;2;1;2;0;6;0;1;;3;1;;1;0;;1;;0;0;;;;1;;1;;1;0;0;1;0;0;1;0;1;0.545454545454545;37;0.0540540540540541;16;0.0763643346726894;tarde
60000023;11000003;1000001031;600000594;2023;13;2;3;1;;00005111;00000007;;00004067;1;0;0;;;;;;;;;;;0;1;0;1;25;5;1;0;0;1;0;0;-2;0;0;0;5;0;1;1;3;1;;1;0;;1;;0;0;;;;1;;1;;1;0;0;1;0;0;1;0;1;0.545454545454545;37;0.0540540540540541;16;0.0763643346726894;tarde
60000023;11000003;1000001095;600000639;2023;22;1;3;1;;00003708;00000007;00000016;00004835;1;0;0;;;;;;;;;;;0;1;;0;25;5;1;0;0;1;0;0;7;1;0;0;5;0;1;;3;1;;1;0;;1;;0;0;;;;1;;1;;1;0;0;1;0;0;1;0;1;0.545454545454545;37;0.0540540540540541;16;0.0763643346726894;tarde
60000023;11000003;1000001430;600000910;2023;18;2;3;1;;00005113;00000002;;;1;0;0;;;;;;;;;;;0;1;0;0;25;5;1;0;0;1;0;0;3;1;0;0;1;0;1;;3;1;;1;0;;1;;0;0;;;;1;;1;;1;0;0;1;0;0;1;0;1;0.545454545454545;37;0.0540540540540541;16;0.0763643346726894;tarde
60000024;11000003;1000000659;600000387;2023;17;1;1;1;;00005479;00000008;;;2;0;0;;0;;;;;;;;;0;1;0;0;;5;1;0;0;1;0;0;;;0;0;6;0;1;;3;1;;1;0;;1;;0;0;;;;1;;1;;1;0;0;1;0;0;1;0;1;0.545454545454545;37;0.0540540540540541;7;6.07566502992995;manha
60000025;11000003;1000000439;600000267;2023;14;1;1;1;;00000695;00000006;00000001;;1;0;0;;;;0;;;;0;0;0;0;1;;0;21;5;1;0;0;1;0;0;1;0;0;0;6;0;1;;3;1;;1;0;;1;;0;0;;;;1;;1;;1;0;0;1;0;0;1;0;1;0.545454545454545;37;0.0540540540540541;13;4.84011217486113;tarde
60000025;11000003;1000000559;600000328;2023;10;2;1;1;;00001937;00000008;;00003007;1;0;0;;;;0;;;;;;0;0;1;0;0;21;5;1;0;0;1;0;0;-3;0;0;0;6;0;1;1;3;1;;1;0;;1;;0;0;;;;1;;1;;1;0;0;1;0;0;1;0;1;0.545454545454545;37;0.0540540540540541;13;4.84011217486113;tarde
60000025;11000003;1000000773;600000456;2023;16;1;2;1;;00003197;00000001;;00005433;1;0;0;;;;;;0;;;0;0;0;1;0;0;21;5;1;0;0;1;0;0;3;1;0;1;6;0;1;1;3;1;;1;0;;1;;0;0;;;;1;;1;;1;0;0;1;0;0;1;0;1;0.545454545454545;37;0.0540540540540541;13;4.84011217486113;tarde
60000026;11000003;1000000276;600000180;2023;15;2;0;1;;00001130;00000007;00000022;;1;0;0;;0;;;;;;;;;0;1;0;0;41;5;1;0;0;1;0;0;1;0;1;0;6;0;1;;3;1;;1;0;;1;;0;0;;;;1;;1;;1;0;0;1;0;0;1;0;1;0.545454545454545;37;0.0540540540540541;13;31.9220307294745;tarde
60000026;11000003;1000000408;600000250;2023;18;2;0;1;;00004496;00000005;00000003;00004164;1;0;0;;;1;0;0;;;;;0;0;1;0;0;41;5;1;0;0;1;0;0;4;1;0;1;6;0;1;1;3;1;;1;0;;1;;0;0;;;;1;;1;;1;0;0;1;0;0;1;0;1;0.545454545454545;37;0.0540540540540541;13;31.9220307294745;tarde
60000026;11000003;1000000546;600000325;2023;12;2;1;1;;00005033;00000001;00000026;00003450;1;0;1;;0;;;;;;;;;0;1;0;0;41;5;1;0;0;1;0;0;-2;0;0;0;6;0;1;1;3;1;;1;0;;1;;0;0;;;;1;;1;;1;0;0;1;0;0;1;0;1;0.545454545454545;37;0.0540540540540541;13;31.9220307294745;tarde
60000026;11000003;1000001027;600000593;2023;21;2;0;1;;00002279;00000001;00000024;;1;0;0;0;;;;;;0;0;;;0;1;0;0;41;5;1;0;0;1;0;0;7;1;0;0;5;0;1;;3;1;;1;0;;1;;0;0;;;;1;;1;;1;0;0;1;0;0;1;0;1;0.545454545454545;37;0.0540540540540541;13;31.9220307294745;tarde
60000026;11000003;1000001298;600000792;2023;19;1;3;1;;00002752;00000004;00000018;;1;1;0;;;;0;;;;;;;;1;0;0;41;5;1;0;0;1;0;1;5;1;0;0;2;0;1;;3;1;;1;0;;1;;0;0;;;;1;;1;;1;0;0;1;0;0;1;0;1;0.545454545454545;37;0.0540540540540541;13;31.9220307294745;tarde
60000027;11000003;1000000173;600000110;2023;14;2;0;1;;00004958;00000008;00000020;00000317;1;0;0;;;;;;;;;;;0;1;0;0;1;5;1;0;0;1;0;0;;;0;0;6;0;1;;3;1;;1;0;;1;;0;0;;;;1;;1;;1;0;0;1;0;0;1;0;1;0.545454545454545;37;0.0540540540540541;13;31.4493332372513;tarde
60000027;11000003;1000000679;600000400;2023;15;2;1;1;;00002155;00000008;;00003668;1;1;;;0;;;;0;;0;;;;1;1;0;1;5;1;0;0;1;0;0;;;2;0;6;0;1;1;3;1;;1;0;;1;;0;0;;;;1;;1;;1;0;0;1;0;0;1;0;1;0.545454545454545;37;0.0540540540540541;13;31.4493332372513;tarde
60000027;11000003;1000000684;600000404;2023;15;1;3;1;;00005564;00000001;00000023;;2;0;0;;;;;;;;;;;0;1;0;0;1;5;1;0;0;1;0;0;;;0;0;6;0;1;;3;1;;1;0;;1;;0;0;;;;1;;1;;1;0;0;1;0;0;1;0;1;0.545454545454545;37;0.0540540540540541;13;31.4493332372513;tarde
60000027;11000003;1000001167;600000683;2023;18;1;0;1;;00005163;00000007;00000023;00005469;2;0;1;;;1;0;0;;;;;;0;1;1;0;1;5;1;0;0;1;0;0;;;0;0;4;0;1;1;3;1;;1;0;;1;;0;0;;;;1;;1;;1;0;0;1;0;0;1;0;1;0.545454545454545;37;0.0540540540540541;13;31.4493332372513;tarde
60000027;11000003;1000001436;600000916;2023;17;1;1;1;;00000983;00000007;;00004072;1;0;0;;;;;;0;;;;0;0;1;0;0;1;5;1;0;0;1;0;0;;;0;0;1;0;1;1;3;1;;1;0;;1;;0;0;;;;1;;1;;1;0;0;1;0;0;1;0;1;0.545454545454545;37;0.0540540540540541;13;31.4493332372513;tarde
60000028;11000003;1000000695;600000413;2023;11;1;0;1;;00001922;00000008;;;1;0;0;0;;;;;;0;;;;0;1;0;0;27;5;1;0;0;1;0;0;-6;0;0;0;6;0;1;;3;1;;1;0;;1;;0;0;;;;1;;1;;1;0;0;1;0;0;1;0;1;0.545454545454545;37;0.0540540540540541;7;16.6988048760686;manha
60000028;11000003;1000001283;600000777;2023;16;2;3;1;;00000880;00000009;;;2;0;0;0;;;;0;;;0;;;0;1;1;0;27;5;1;0;1;1;0;;-1;0;0;0;2;0;1;;3;1;;1;0;;1;;0;0;;;;1;;1;;1;0;0;1;0;0;1;0;1;0.545454545454545;37;0.0540540540540541;7;16.6988048760686;manha
60000028;11000003;1000001348;600000833;2023;5;1;0;1;;00003802;00000003;00000021;00000923;1;0;0;0;;;;;;;;;0;0;1;0;0;27;5;1;0;0;1;0;0;-12;0;0;0;2;0;1;1;3;1;;1;0;;1;;0;0;;;;1;;1;;1;0;0;1;0;0;1;0;1;0.545454545454545;37;0.0540540540540541;7;16.6988048760686;manha
60000028;11000003;1000001350;600000835;2023;4;1;0;1;;00002387;00000003;;00001626;1;0;0;;;;;0;0;;;;;0;1;;0;27;5;1;0;0;1;0;0;-13;0;0;0;2;0;1;1;3;1;;1;0;;1;;0;0;;;;1;;1;;1;0;0;1;0;0;1;0;1;0.545454545454545;37;0.0540540540540541;7;16.6988048760686;manha
60000028;11000003;1000001358;600000842;2023;19;1;3;1;;00001675;00000007;00000011;00002789;1;0;1;0;;;;;;;;;;0;1;0;0;27;5;1;0;0;1;0;0;2;1;0;0;2;0;1;1;3;1;;1;0;;1;;0;0;;;;1;;1;;1;0;0;1;0;0;1;0;1;0.545454545454545;37;0.0540540540540541;7;16.6988048760686;manha
60000028;11000003;1000001497;600000976;2023;14;2;3;1;;00003685;00000007;;00002877;1;0;0;;;;;;0;;;;;0;1;0;0;27;5;1;0;0;1;0;0;-3;0;0;0;0;;0;;3;1;;1;0;;1;;0;0;;;;1;;1;;1;0;0;1;0;0;1;0;1;0.545454545454545;37;0.0540540540540541;7;16.6988048760686;manha
60000029;11000004;1000000898;600000530;2023;11;1;0;1;;00001036;00000001;00000024;;1;0;0;;;;;;0;;;;;0;1;0;0;18;5;1;0;0;1;0;1;1;0;0;1;6;0;1;;3;2;;1;1;1;;;1;;0;;1;;1;1;;1;0;0;;;;;;;0.727272727272727;37;0;7;28.5779145499691;manha
60000029;11000004;1000001182;600000696;2023;17;1;0;1;;00002802;00000009;;;1;0;0;;0;;;;;;;;;0;1;0;0;18;5;1;0;0;1;0;0;7;1;0;0;4;0;1;;3;2;;1;1;1;;;1;;0;;1;;1;1;;1;0;0;;;;;;;0.727272727272727;37;0;7;28.5779145499691;manha
60000030;11000004;1000000091;600000059;2023;19;2;3;1;;00005227;00000009;00000016;00001179;1;0;0;;0;0;;;;;;;;0;1;0;0;18;5;1;0;0;1;0;0;9;1;1;0;6;0;1;1;3;2;;1;1;1;;;1;;0;;1;;1;1;;1;0;0;;;;;;;0.727272727272727;37;0;7;21.8588536290918;manha
60000030;11000004;1000000422;600000257;2023;41;1;3;1;;00005277;00000008;;;1;0;0;;;;;;;;0;;;0;1;0;0;18;5;1;0;0;1;0;0;31;1;0;0;6;0;1;;3;2;;1;1;1;;;1;;0;;1;;1;1;;1;0;0;;;;;;;0.727272727272727;37;0;7;21.8588536290918;manha
60000030;11000004;1000000805;600000478;2023;20;1;1;1;;00002626;00000004;00000027;00003180;1;0;;;;;0;0;;;;0;0;0;1;0;0;18;5;1;0;0;1;0;0;10;1;0;0;6;0;1;1;3;2;;1;1;1;;;1;;0;;1;;1;1;;1;0;0;;;;;;;0.727272727272727;37;0;7;21.8588536290918;manha
60000030;11000004;1000000940;600000552;2023;14;2;0;1;;00002154;00000009;;00001207;1;0;0;;;;;;;;;;;0;1;0;;18;5;1;0;0;1;0;0;4;1;0;0;6;0;1;1;3;2;;1;1;1;;;1;;0;;1;;1;1;;1;0;0;;;;;;;0.727272727272727;37;0;7;21.8588536290918;manha
60000030;11000004;1000001512;600000991;2023;19;1;0;1;;00004321;00000008;;;1;0;1;;;;;;;;;;;0;1;0;0;18;5;1;0;0;1;0;0;9;1;0;0;0;;0;;3;2;;1;1;1;;;1;;0;;1;;1;1;;1;0;0;;;;;;;0.727272727272727;37;0;7;21.8588536290918;manha
60000031;11000004;1000000285;600000184;2023;20;2;2;1;;00000432;00000006;00000018;;1;1;0;;;1;0;0;;;;;;;1;0;0;70;;1;0;0;1;0;0;;;0;0;6;0;1;;3;2;;1;1;1;;;1;;0;;1;;1;1;;1;0;0;;;;;;;0.727272727272727;37;0;13;34.8641627272591;tarde
60000031;11000004;1000000729;600000433;2023;22;2;1;1;;00005140;00000001;00000022;00003564;1;0;0;;;;;;;0;;;0;0;1;;0;70;;1;0;0;1;0;0;;;0;0;6;0;1;1;3;2;;1;1;1;;;1;;0;;1;;1;1;;1;0;0;;;;;;;0.727272727272727;37;0;13;34.8641627272591;tarde
60000031;11000004;1000001374;600000856;2023;7;2;1;1;;00000350;00000009;00000016;00002248;2;0;0;;;;;;0;;;0;;0;1;1;0;70;;1;0;0;1;0;0;;;0;0;1;0;1;;3;2;;1;1;1;;;1;;0;;1;;1;1;;1;0;0;;;;;;;0.727272727272727;37;0;13;34.8641627272591;tarde
60000031;11000004;1000001402;600000884;2023;9;1;0;1;;00004495;00000005;00000007;00001620;1;0;0;;0;0;;;1;;;;;0;1;0;0;70;;1;0;0;1;0;0;;;0;0;1;0;1;1;3;2;;1;1;1;;;1;;0;;1;;1;1;;1;0;0;;;;;;;0.727272727272727;37;0;13;34.8641627272591;tarde
60000031;11000004;1000001516;600000995;2023;17;2;3;1;;00005555;00000005;;;1;0;0;;;;;;;0;0;;0;0;1;0;0;70;;1;0;0;1;0;0;;;0;0;0;;0;;3;2;;1;1;1;;;1;;0;;1;;1;1;;1;0;0;;;;;;;0.727272727272727;37;0;13;34.8641627272591;tarde
60000032;11000004;1000000169;600000106;2023;20;1;1;1;;00004250;00000005;;;1;0;1;0;;1;;;;0;;;;0;1;0;0;18;5;1;0;0;1;0;1;10;1;1;0;6;0;1;;3;2;;1;1;1;;;1;;0;;1;;1;1;;1;0;0;;;;;;;0.727272727272727;37;0;6;8.35868855589069;manha
60000032;11000004;1000001448;600000927;2023;18;2;0;1;;00003388;00000003;00000012;;1;0;0;;;;;;;0;0;;;0;1;0;0;18;5;1;0;0;1;0;0;8;1;0;0;0;;0;;3;2;;1;1;1;;;1;;0;;1;;1;1;;1;0;0;;;;;;;0.727272727272727;37;0;6;8.35868855589069;manha
60000033;11000004;1000000304;600000197;2023;24;1;3;1;;00005371;00000002;;00003234;1;0;0;;;;;;;;;;;0;1;0;0;18;5;1;0;0;1;0;0;14;1;0;0;6;0;1;1;3;2;;1;1;1;;;1;;0;;1;;1;1;;1;0;0;;;;;;;0.727272727272727;37;0;7;11.8662647681776;manha
60000033;11000004;1000000570;600000337;2023;12;1;0;1;;00004306;00000009;00000025;00004899;1;1;0;;;;;;;0;;;0;0;1;0;0;18;5;1;0;0;1;0;0;2;1;0;0;6;0;1;;3;2;;1;1;1;;;1;;0;;1;;1;1;;1;0;0;;;;;;;0.727272727272727;37;0;7;11.8662647681776;manha
60000033;11000004;1000000896;600000528;2023;21;2;3;1;;00004776;00000002;00000008;00003623;1;0;0;0;;;;;;;0;;;0;1;;0;18;5;1;0;0;1;0;0;11;1;1;0;6;0;1;1;3;2;;1;1;1;;;1;;0;;1;;1;1;;1;0;0;;;;;;;0.727272727272727;37;0;7;11.8662647681776;manha
60000033;11000004;1000001483;600000962;2023;16;1;1;1;;00004339;00000006;00000026;00002264;1;0;0;;;;;;;0;;;;0;1;0;0;18;5;1;0;0;1;0;1;6;1;0;0;0;;0;;3;2;;1;1;1;;;1;;0;;1;;1;1;;1;0;0;;;;;;;0.727272727272727;37;0;7;11.8662647681776;manha
60000034;11000004;1000000238;600000151;2023;13;2;3;1;;00001799;00000006;00000004;00002239;1;0;0;;0;1;;;;;;;;0;1;1;0;15;5;1;0;0;1;0;1;6;1;1;1;6;0;1;;3;2;;1;1;1;;;1;;0;;1;;1;1;;1;0;0;;;;;;;0.727272727272727;37;0;7;19.7601841145661;manha
60000034;11000004;1000000867;600000510;2023;20;2;1;1;;00002075;00000009;00000011;;1;0;0;;;0;;;;0;;;0;0;1;0;0;15;5;1;0;0;1;0;0;13;1;0;0;6;0;1;;3;2;;1;1;1;;;1;;0;;1;;1;1;;1;0;0;;;;;;;0.727272727272727;37;0;7;19.7601841145661;manha
60000034;11000004;1000001218;600000722;2023;19;1;3;1;;00000385;00000004;00000006;00000767;1;0;1;;;;;;;0;;;;;1;;0;15;5;1;0;0;1;0;0;12;1;0;0;3;0;1;;3;2;;1;1;1;;;1;;0;;1;;1;1;;1;0;0;;;;;;;0.727272727272727;37;0;7;19.7601841145661;manha
60000034;11000004;1000001444;600000923;2023;4;1;1;1;;00001928;00000005;00000010;00003446;1;0;0;;;1;;;;;;;;0;1;1;0;15;5;1;0;0;1;0;0;-3;0;0;0;0;;0;;3;2;;1;1;1;;;1;;0;;1;;1;1;;1;0;0;;;;;;;0.727272727272727;37;0;7;19.7601841145661;manha
60000035;11000004;1000000378;600000239;2023;19;2;0;1;;00004514;00000006;00000026;00004810;1;0;0;;;;;;;;;0;;0;1;0;0;71;1;1;0;0;1;0;0;;;0;0;6;0;1;;3;2;;1;1;1;;;1;;0;;1;;1;1;;1;0;0;;;;;;;0.727272727272727;37;0;7;30.7818763435353;manha
60000035;11000004;1000000409;600000251;2023;21;1;3;1;;00004076;00000007;00000022;00003533;2;0;0;;;;;;0;0;;;0;0;1;0;0;71;1;1;0;0;1;0;0;;;1;0;6;0;1;1;3;2;;1;1;1;;;1;;0;;1;;1;1;;1;0;0;;;;;;;0.727272727272727;37;0;7;30.7818763435353;manha
60000035;11000004;1000000642;600000376;2023;22;1;1;1;;00002563;00000001;00000014;;1;0;0;;;;;0;;;;;;0;1;0;0;71;1;1;0;0;1;0;1;;;0;1;6;0;1;;3;2;;1;1;1;;;1;;0;;1;;1;1;;1;0;0;;;;;;;0.727272727272727;37;0;7;30.7818763435353;manha
60000035;11000004;1000000781;600000463;2023;12;2;0;1;;00003586;00000004;00000003;00001518;1;0;0;;;;;0;;;;;;0;1;0;0;71;1;1;0;0;1;0;0;;;0;1;6;0;1;1;3;2;;1;1;1;;;1;;0;;1;;1;1;;1;0;0;;;;;;;0.727272727272727;37;0;7;30.7818763435353;manha
60000035;11000004;1000000854;600000504;2023;12;2;1;1;;00002241;00000004;00000022;;1;0;0;;;;;;;;;;0;0;1;0;0;71;1;1;0;0;1;0;0;;;2;0;6;0;1;;3;2;;1;1;1;;;1;;0;;1;;1;1;;1;0;0;;;;;;;0.727272727272727;37;0;7;30.7818763435353;manha
60000035;11000004;1000001000;600000583;2023;18;1;1;1;;00001794;00000008;;00005472;1;0;0;;;;;;;;;;;0;1;0;0;71;1;1;0;0;1;0;0;;;1;0;5;0;1;;3;2;;1;1;1;;;1;;0;;1;;1;1;;1;0;0;;;;;;;0.727272727272727;37;0;7;30.7818763435353;manha
60000035;11000004;1000001188;600000700;2023;5;2;1;1;;00005452;00000005;00000022;;1;0;0;;;;;;;;;;;0;1;0;0;71;1;1;1;0;1;0;0;;;0;0;3;0;1;;3;2;;1;1;1;;;1;;0;;1;;1;1;;1;0;0;;;;;;;0.727272727272727;37;0;7;30.7818763435353;manha
60000036;11000005;1000000186;600000118;2023;7;1;0;1;;00001692;00000006;;00003804;1;0;1;;0;0;;;;;0;;;0;1;0;0;15;5;1;0;0;1;0;0;0;0;0;0;6;0;1;;4;1;;1;;1;1;;;;0;;1;1;0;;;1;1;;;;;0;;1;0.777777777777778;40;0.025;13;11.9427573250141;tarde
60000036;11000005;1000001114;600000650;2023;7;2;3;1;;00001819;00000004;00000024;00001722;2;0;0;;;1;;;;0;0;0;0;0;1;0;0;15;5;1;0;0;1;0;0;0;0;0;0;4;0;1;;4;1;;1;;1;1;;;;0;;1;1;0;;;1;1;;;;;0;;1;0.777777777777778;40;0.025;13;11.9427573250141;tarde
60000036;11000005;1000001363;600000847;2023;13;1;3;1;;00000254;00000001;00000005;00001037;1;0;0;;;;;;;;0;;;0;1;0;0;15;5;1;0;0;1;0;0;6;1;0;0;2;0;1;1;4;1;;1;;1;1;;;;0;;1;1;0;;;1;1;;;;;0;;1;0.777777777777778;40;0.025;13;11.9427573250141;tarde
60000037;11000005;1000000330;600000210;2023;7;2;1;1;;00004203;00000002;;00004791;2;0;0;;;0;;;;;;;0;0;1;0;0;17;5;1;0;0;1;0;0;-2;0;0;1;6;0;1;1;4;1;;1;;1;1;;;;0;;1;1;0;;;1;1;;;;;0;;1;0.777777777777778;40;0.025;7;32.075915458845;manha
60000037;11000005;1000000526;600000310;2023;19;2;3;1;;00000600;00000002;00000019;00004943;1;0;0;;;;;;;0;;;;0;1;0;0;17;5;1;0;0;1;0;0;10;1;0;0;6;0;1;1;4;1;;1;;1;1;;;;0;;1;1;0;;;1;1;;;;;0;;1;0.777777777777778;40;0.025;7;32.075915458845;manha
60000037;11000005;1000001057;600000611;2023;13;2;0;1;;00004293;00000006;;00003480;1;0;0;;;;;;;0;;;;0;1;0;0;17;5;1;0;0;1;0;0;4;1;0;1;5;0;1;1;4;1;;1;;1;1;;;;0;;1;1;0;;;1;1;;;;;0;;1;0.777777777777778;40;0.025;7;32.075915458845;manha
60000037;11000005;1000001315;600000806;2023;7;1;3;1;;00005468;00000004;00000018;00000168;1;0;1;;1;;;0;;;;;0;0;1;0;0;17;5;1;0;0;1;0;0;-2;0;0;0;2;0;1;;4;1;;1;;1;1;;;;0;;1;1;0;;;1;1;;;;;0;;1;0.777777777777778;40;0.025;7;32.075915458845;manha
60000037;11000005;1000001329;600000816;2023;6;1;3;1;;00000159;00000009;00000002;;1;0;0;;;;;;;;;;;;1;0;0;17;5;1;0;0;1;0;0;-3;0;0;1;2;0;1;;4;1;;1;;1;1;;;;0;;1;1;0;;;1;1;;;;;0;;1;0.777777777777778;40;0.025;7;32.075915458845;manha
60000037;11000005;1000001331;600000817;2023;10;1;1;1;;00004305;00000002;;00001684;1;0;0;;;;;;;;0;;;0;1;0;0;17;5;1;0;0;1;0;0;1;0;0;0;2;0;1;1;4;1;;1;;1;1;;;;0;;1;1;0;;;1;1;;;;;0;;1;0.777777777777778;40;0.025;7;32.075915458845;manha
60000037;11000005;1000001438;600000917;2023;15;1;0;1;;00002451;00000003;00000019;00003733;1;1;0;;;;0;;;0;;;;0;1;0;0;17;5;1;0;0;1;0;0;6;1;0;0;1;0;1;;4;1;;1;;1;1;;;;0;;1;1;0;;;1;1;;;;;0;;1;0.777777777777778;40;0.025;7;32.075915458845;manha
60000038;11000005;1000000620;600000365;2023;14;1;1;1;;00000203;00000007;00000006;00005061;1;1;0;;;;;;0;;0;;;0;1;0;0;17;5;1;0;0;1;0;0;5;1;0;0;6;0;1;1;4;1;;1;;1;1;;;;0;;1;1;0;;;1;1;;;;;0;;1;0.777777777777778;40;0.025;7;23.8488878594944;manha
60000038;11000005;1000000763;600000450;2023;19;2;1;1;;00000160;00000004;;00000991;1;0;;;;;;;;;;;;0;1;;0;17;5;1;0;0;1;0;0;10;1;0;0;6;0;1;;4;1;;1;;1;1;;;;0;;1;1;0;;;1;1;;;;;0;;1;0.777777777777778;40;0.025;7;23.8488878594944;manha
60000038;11000005;1000001048;600000606;2023;8;1;0;1;;00004580;00000004;;00000283;1;0;0;;0;1;;;;;;0;;0;1;0;0;17;5;1;0;0;1;0;0;-1;0;0;0;5;0;1;1;4;1;;1;;1;1;;;;0;;1;1;0;;;1;1;;;;;0;;1;0.777777777777778;40;0.025;7;23.8488878594944;manha
60000038;11000005;1000001162;600000678;2023;15;2;0;1;;00004830;00000004;00000012;;1;0;0;;;;;;0;;0;;;0;1;0;0;17;5;1;0;0;1;0;0;6;1;0;0;4;0;1;;4;1;;1;;1;1;;;;0;;1;1;0;;;1;1;;;;;0;;1;0.777777777777778;40;0.025;7;23.8488878594944;manha
60000038;11000005;1000001236;600000736;2023;13;1;3;1;;00000514;00000006;00000003;;1;0;0;;;;;;;;;;;0;1;0;0;17;5;1;0;0;1;0;0;4;1;0;1;3;0;1;;4;1;;1;;1;1;;;;0;;1;1;0;;;1;1;;;;;0;;1;0.777777777777778;40;0.025;7;23.8488878594944;manha
60000038;11000005;1000001245;600000744;2023;11;2;0;1;;00002492;00000003;;00005122;1;0;1;0;;1;;;;;0;;0;;1;1;0;17;5;1;0;0;1;0;0;2;1;0;0;3;0;1;1;4;1;;1;;1;1;;;;0;;1;1;0;;;1;1;;;;;0;;1;0.777777777777778;40;0.025;7;23.8488878594944;manha
60000038;11000005;1000001520;600000999;2023;5;2;3;1;;00003608;00000009;00000008;00003335;2;1;1;;;;;;0;;0;0;0;;1;0;0;17;5;1;0;0;1;0;0;-4;0;0;0;0;;0;;4;1;;1;;1;1;;;;0;;1;1;0;;;1;1;;;;;0;;1;0.777777777777778;40;0.025;7;23.8488878594944;manha
60000039;11000005;1000000206;600000132;2023;36;1;3;1;;00004151;00000001;00000023;00002119;1;0;0;;0;;;0;;;;;;0;1;0;0;19;5;1;0;0;1;0;0;25;1;1;0;6;0;1;1;4;1;;1;;1;1;;;;0;;1;1;0;;;1;1;;;;;0;;1;0.777777777777778;40;0.025;7;16.7893320508301;manha
60000039;11000005;1000000339;600000215;2023;17;2;3;1;;00002672;00000006;00000011;;1;1;0;;;;;;0;;;;;0;1;0;0;19;5;1;0;0;1;0;0;6;1;1;0;6;1;1;;4;1;;1;;1;1;;;;0;;1;1;0;;;1;1;;;;;0;;1;0.777777777777778;40;0.025;7;16.7893320508301;manha
60000039;11000005;1000000536;600000317;2023;19;1;3;1;;00003802;00000006;00000014;00003993;1;0;;;;1;;;;;;0;;0;1;0;0;19;5;1;1;0;1;0;0;8;1;0;0;6;0;1;;4;1;;1;;1;1;;;;0;;1;1;0;;;1;1;;;;;0;;1;0.777777777777778;40;0.025;7;16.7893320508301;manha
60000039;11000005;1000000591;600000347;2023;9;1;3;1;;00000610;00000004;;00004797;1;0;1;;1;;;;0;0;;;0;0;1;0;0;19;5;1;0;0;1;0;0;-2;0;0;0;6;0;1;;4;1;;1;;1;1;;;;0;;1;1;0;;;1;1;;;;;0;;1;0.777777777777778;40;0.025;7;16.7893320508301;manha
60000039;11000005;1000001052;600000609;2023;14;2;1;1;;00002160;00000005;;00002628;1;0;0;;;;;;;;;;0;0;1;0;0;19;5;1;0;0;1;0;0;3;1;0;0;5;0;1;;4;1;;1;;1;1;;;;0;;1;1;0;;;1;1;;;;;0;;1;0.777777777777778;40;0.025;7;16.7893320508301;manha
60000039;11000005;1000001241;600000740;2023;7;2;3;1;;00002087;00000006;00000021;00003126;2;0;;;;;;;0;;;;;0;1;0;0;19;5;1;0;0;1;0;0;-4;0;0;0;3;0;1;1;4;1;;1;;1;1;;;;0;;1;1;0;;;1;1;;;;;0;;1;0.777777777777778;40;0.025;7;16.7893320508301;manha
60000039;11000005;1000001510;600000989;2023;16;1;3;1;;00000138;00000002;00000020;00002534;1;1;0;;1;;;;0;;0;;;0;1;;0;19;5;1;0;0;1;0;1;5;1;0;0;0;;0;;4;1;;1;;1;1;;;;0;;1;1;0;;;1;1;;;;;0;;1;0.777777777777778;40;0.025;7;16.7893320508301;manha
60000040;11000005;1000000029;600000017;2023;9;1;1;1;;00005232;00000008;00000001;00004239;1;0;0;;;;;;;;0;;;0;1;0;1;18;5;1;0;0;1;0;0;-1;0;0;0;6;0;1;1;4;1;;1;;1;1;;;;0;;1;1;0;;;1;1;;;;;0;;1;0.777777777777778;40;0.025;14;7.2251939564012;tarde
60000040;11000005;1000000046;600000026;2023;8;1;0;1;;00003455;00000005;00000011;;1;0;1;;;;;;;;0;;0;0;1;0;0;18;5;1;0;0;1;0;0;-2;0;0;0;6;0;1;;4;1;;1;;1;1;;;;0;;1;1;0;;;1;1;;;;;0;;1;0.777777777777778;40;0.025;14;7.2251939564012;tarde
60000041;11000005;1000000489;600000289;2023;19;1;0;1;;00004769;00000009;;00002982;1;0;0;;0;;;;;0;;0;;0;1;0;0;41;5;1;0;0;1;0;1;5;1;0;0;6;0;1;1;4;1;;1;;1;1;;;;0;;1;1;0;;;1;1;;;;;0;;1;0.777777777777778;40;0.025;7;2.50062386970967;manha
60000041;11000005;1000001217;600000721;2023;6;2;1;1;;00004299;00000005;00000025;00004403;1;0;0;;;;0;0;;0;;;;0;1;0;0;41;5;1;0;0;1;0;0;-8;0;0;0;3;0;1;1;4;1;;1;;1;1;;;;0;;1;1;0;;;1;1;;;;;0;;1;0.777777777777778;40;0.025;7;2.50062386970967;manha
60000041;11000005;1000001446;600000925;2023;4;1;1;1;;00002484;00000004;00000007;00001744;1;0;;;0;;;;;0;;;;0;1;0;0;41;5;1;0;0;1;0;0;-10;0;0;0;0;;0;;4;1;;1;;1;1;;;;0;;1;1;0;;;1;1;;;;;0;;1;0.777777777777778;40;0.025;7;2.50062386970967;manha
60000042;11000005;1000000037;600000023;2023;16;1;3;1;;00004346;00000009;00000003;00002117;1;0;1;;;;;;;;;;;0;1;0;0;2;5;1;0;0;1;0;0;;;0;0;6;0;1;1;4;1;;1;;1;1;;;;0;;1;1;0;;;1;1;;;;;0;;1;0.777777777777778;40;0.025;19;17.4677516124211;noite
60000042;11000005;1000000047;600000027;2023;12;2;1;1;;00002409;00000008;;00001015;1;0;0;;;0;;0;;;;;;0;1;0;0;2;5;1;0;0;1;0;0;;;0;0;6;0;1;;4;1;;1;;1;1;;;;0;;1;1;0;;;1;1;;;;;0;;1;0.777777777777778;40;0.025;19;17.4677516124211;noite
60000042;11000005;1000000071;600000042;2023;20;2;0;1;;00000911;00000008;;00000717;1;0;0;;;;;;0;;;;;0;1;0;0;2;5;1;0;0;1;0;1;;;0;0;6;0;1;1;4;1;;1;;1;1;;;;0;;1;1;0;;;1;1;;;;;0;;1;0.777777777777778;40;0.025;19;17.4677516124211;noite
60000042;11000005;1000000402;600000248;2023;12;1;1;1;;00003816;00000006;00000013;;1;0;0;;0;1;;;;;;;0;0;1;0;0;2;5;1;0;0;1;0;0;;;0;0;6;0;1;;4;1;;1;;1;1;;;;0;;1;1;0;;;1;1;;;;;0;;1;0.777777777777778;40;0.025;19;17.4677516124211;noite
60000044;11000006;1000000793;600000471;2023;19;2;3;1;;00003125;00000008;;00000484;1;0;0;;;;;0;0;;;;;0;1;0;;;5;1;0;0;1;0;1;;;0;0;6;0;1;1;3;2;;1;1;1;1;1;0;0;1;;1;1;0;1;1;1;0;;;;;;0;6;0.733333333333333;33;0.181818181818182;7;32.9643808305264;manha
60000044;11000006;1000001070;600000622;2023;9;1;1;1;;00000184;00000004;00000002;00002592;1;0;;0;;;0;;;0;;;0;0;1;0;0;;5;1;0;0;1;0;0;;;0;0;5;0;1;;3;2;;1;1;1;1;1;0;0;1;;1;1;0;1;1;1;0;;;;;;0;6;0.733333333333333;33;0.181818181818182;7;32.9643808305264;manha
60000044;11000006;1000001170;600000684;2023;15;1;1;1;;00005127;00000005;00000021;00002984;1;0;0;;;0;;;;;;0;;0;1;0;0;;5;1;0;0;1;0;0;;;0;0;4;0;1;1;3;2;;1;1;1;1;1;0;0;1;;1;1;0;1;1;1;0;;;;;;0;6;0.733333333333333;33;0.181818181818182;7;32.9643808305264;manha
60000045;11000006;1000000201;600000128;2023;13;1;3;1;;00005516;00000003;;00000132;1;0;0;;0;;0;;;;;;;0;1;;0;1;5;1;0;0;1;0;0;;;0;0;6;0;1;;3;2;;1;1;1;1;1;0;0;1;;1;1;0;1;1;1;0;;;;;;0;6;0.733333333333333;33;0.181818181818182;13;37.9726865878329;tarde
60000045;11000006;1000000480;600000284;2023;16;1;0;1;;00002356;00000003;00000003;00005351;2;0;1;;;;0;;;;0;;;0;1;0;0;1;5;1;0;0;1;0;0;;;1;0;6;0;1;;3;2;;1;1;1;1;1;0;0;1;;1;1;0;1;1;1;0;;;;;;0;6;0.733333333333333;33;0.181818181818182;13;37.9726865878329;tarde
60000045;11000006;1000000719;600000428;2023;11;2;1;1;;00002381;00000008;00000026;00004586;1;0;0;0;;;;;;;;;;0;1;0;0;1;5;1;0;0;1;0;0;;;0;0;6;0;1;1;3;2;;1;1;1;1;1;0;0;1;;1;1;0;1;1;1;0;;;;;;0;6;0.733333333333333;33;0.181818181818182;13;37.9726865878329;tarde
60000045;11000006;1000000961;600000566;2023;12;1;3;1;;00000720;00000007;;;1;0;0;0;;;;;0;;0;;;0;1;0;0;1;5;1;0;0;1;0;0;;;0;1;6;0;1;;3;2;;1;1;1;1;1;0;0;1;;1;1;0;1;1;1;0;;;;;;0;6;0.733333333333333;33;0.181818181818182;13;37.9726865878329;tarde
60000045;11000006;1000001288;600000782;2023;14;1;0;1;;00004040;00000003;00000021;;1;0;0;;;;;;;;0;;;;1;0;0;1;5;1;0;0;1;0;0;;;0;0;2;0;1;;3;2;;1;1;1;1;1;0;0;1;;1;1;0;1;1;1;0;;;;;;0;6;0.733333333333333;33;0.181818181818182;13;37.9726865878329;tarde
60000045;11000006;1000001347;600000832;2023;14;1;0;1;;00002167;00000002;00000019;00003863;1;0;0;;;;;;;;;;;0;1;0;0;1;5;1;0;0;1;0;0;;;0;0;2;0;1;;3;2;;1;1;1;1;1;0;0;1;;1;1;0;1;1;1;0;;;;;;0;6;0.733333333333333;33;0.181818181818182;13;37.9726865878329;tarde
60000046;11000006;1000000146;600000092;2023;20;2;0;1;;00000187;00000007;;00002825;1;0;0;;0;;;;;;;;0;0;1;0;0;1;5;1;0;0;1;0;0;;;0;0;6;0;1;1;3;2;;1;1;1;1;1;0;0;1;;1;1;0;1;1;1;0;;;;;;0;6;0.733333333333333;33;0.181818181818182;7;25.8487214404158;manha
60000046;11000006;1000000316;600000201;2023;17;1;0;1;;00004519;00000001;00000022;;1;0;0;;;;;;;;;;;;1;1;0;1;5;1;0;0;1;0;0;;;1;0;6;0;1;;3;2;;1;1;1;1;1;0;0;1;;1;1;0;1;1;1;0;;;;;;0;6;0.733333333333333;33;0.181818181818182;7;25.8487214404158;manha
60000046;11000006;1000000468;600000279;2023;21;1;0;1;;00000676;00000007;00000026;00000590;1;0;0;0;;;;;;;;;;0;1;0;;1;5;1;0;0;1;0;1;;;1;1;6;0;1;1;3;2;;1;1;1;1;1;0;0;1;;1;1;0;1;1;1;0;;;;;;0;6;0.733333333333333;33;0.181818181818182;7;25.8487214404158;manha
60000046;11000006;1000001020;600000589;2023;11;2;0;1;;00001861;00000005;00000026;00000032;1;0;0;;;;0;;;;;;;;1;0;0;1;5;1;0;0;1;0;0;;;0;0;5;0;1;;3;2;;1;1;1;1;1;0;0;1;;1;1;0;1;1;1;0;;;;;;0;6;0.733333333333333;33;0.181818181818182;7;25.8487214404158;manha
60000046;11000006;1000001083;600000632;2023;7;1;2;1;;00004585;00000002;;00004006;2;0;0;;0;;0;;;0;0;;;0;1;0;0;1;5;1;0;0;1;0;0;;;0;0;5;0;1;;3;2;;1;1;1;1;1;0;0;1;;1;1;0;1;1;1;0;;;;;;0;6;0.733333333333333;33;0.181818181818182;7;25.8487214404158;manha
60000046;11000006;1000001134;600000660;2023;19;1;1;1;;00003663;00000005;;00001429;1;0;1;;;1;;;1;;;;;0;1;1;0;1;5;1;0;0;1;0;0;;;0;1;4;0;1;;3;2;;1;1;1;1;1;0;0;1;;1;1;0;1;1;1;0;;;;;;0;6;0.733333333333333;33;0.181818181818182;7;25.8487214404158;manha
60000046;11000006;1000001485;600000964;2023;10;2;3;1;;00005538;00000004;00000010;00001225;1;0;0;;;;;;;0;0;;;0;1;;0;1;5;1;0;0;1;0;0;;;0;0;0;;0;;3;2;;1;1;1;1;1;0;0;1;;1;1;0;1;1;1;0;;;;;;0;6;0.733333333333333;33;0.181818181818182;7;25.8487214404158;manha
60000047;11000006;1000000120;600000077;2023;15;2;3;1;;00002860;00000004;00000001;00003998;1;0;0;;;;0;0;;;;;;0;1;0;0;17;5;1;0;0;1;0;0;6;1;0;0;6;0;1;;3;2;;1;1;1;1;1;0;0;1;;1;1;0;1;1;1;0;;;;;;0;6;0.733333333333333;33;0.181818181818182;7;4.00325316935778;manha
60000047;11000006;1000000252;600000164;2023;17;2;0;1;;00003168;00000002;00000011;;1;0;0;;;;;;;;;;;;1;0;0;17;5;1;0;0;1;0;0;8;1;0;0;6;0;1;;3;2;;1;1;1;1;1;0;0;1;;1;1;0;1;1;1;0;;;;;;0;6;0.733333333333333;33;0.181818181818182;7;4.00325316935778;manha
60000047;11000006;1000000354;600000222;2023;10;2;1;1;;00004754;00000001;00000019;00002317;2;0;0;0;;;;;;;0;0;;0;1;0;0;17;5;1;0;0;1;0;0;1;0;1;1;6;0;1;;3;2;;1;1;1;1;1;0;0;1;;1;1;0;1;1;1;0;;;;;;0;6;0.733333333333333;33;0.181818181818182;7;4.00325316935778;manha
60000047;11000006;1000000401;600000247;2023;13;2;2;1;;00000888;00000003;00000016;00004973;2;0;1;;;;;;;;0;0;0;0;1;0;0;17;5;1;0;0;1;0;0;4;1;0;0;6;0;1;1;3;2;;1;1;1;1;1;0;0;1;;1;1;0;1;1;1;0;;;;;;0;6;0.733333333333333;33;0.181818181818182;7;4.00325316935778;manha
60000048;11000006;1000000491;600000290;2023;14;2;1;1;;00001490;00000004;00000015;00003334;2;1;0;;;;;;;;0;;0;0;1;0;0;26;5;1;0;0;1;0;0;-2;0;0;0;6;0;1;;3;2;;1;1;1;1;1;0;0;1;;1;1;0;1;1;1;0;;;;;;0;6;0.733333333333333;33;0.181818181818182;7;31.8100022553699;manha
60000048;11000006;1000000584;600000344;2023;16;1;0;1;;00000563;00000005;00000020;00000433;1;0;0;;;;;;;;;0;;0;1;0;0;26;5;1;0;0;1;0;1;0;0;0;1;6;0;1;;3;2;;1;1;1;1;1;0;0;1;;1;1;0;1;1;1;0;;;;;;0;6;0.733333333333333;33;0.181818181818182;7;31.8100022553699;manha
60000048;11000006;1000001050;600000607;2023;13;1;3;1;;00003282;00000004;00000022;00003149;1;0;0;;;1;;;0;;;0;;0;1;0;0;26;5;1;0;0;1;0;0;-3;0;0;0;5;0;1;;3;2;;1;1;1;1;1;0;0;1;;1;1;0;1;1;1;0;;;;;;0;6;0.733333333333333;33;0.181818181818182;7;31.8100022553699;manha
60000049;11000006;1000000776;600000458;2023;7;2;3;1;;00002820;00000007;00000008;00001581;1;0;0;0;1;;;0;;;;;;0;1;0;0;;5;1;0;0;1;0;0;;;0;0;6;0;1;1;3;2;;1;1;1;1;1;0;0;1;;1;1;0;1;1;1;0;;;;;;0;6;0.733333333333333;33;0.181818181818182;6;16.3321755768266;manha
60000049;11000006;1000001460;600000939;2023;18;2;0;1;;00005079;00000001;00000005;00004747;1;0;1;;;;;;;;;0;;0;1;0;0;;5;1;0;0;1;0;1;;;0;0;0;;0;;3;2;;1;1;1;1;1;0;0;1;;1;1;0;1;1;1;0;;;;;;0;6;0.733333333333333;33;0.181818181818182;6;16.3321755768266;manha
60000050;11000007;1000000019;600000011;2023;22;1;1;1;;00005509;00000002;00000027;00002006;1;0;0;;;;;;;;;0;;0;1;0;0;14;1;1;0;0;1;0;1;16;1;0;0;6;0;1;1;2;2;;;;;;;0;1;0;;;;1;1;1;;1;;1;1;0;;0;88888;0.75;35;2539.68571428571;7;14.1432189953048;manha
60000050;11000007;1000000035;600000021;2023;9;2;1;1;;00004920;00000002;;00002521;1;0;0;0;;;;;;0;;;0;0;1;0;0;14;1;1;0;0;1;0;0;3;1;1;0;6;0;1;;2;2;;;;;;;0;1;0;;;;1;1;1;;1;;1;1;0;;0;88888;0.75;35;2539.68571428571;7;14.1432189953048;manha
60000050;11000007;1000000073;600000044;2023;14;1;3;1;;00002485;00000002;00000010;;1;0;0;;0;;;;;;;;;0;1;0;0;14;1;1;0;0;1;0;0;8;1;0;0;6;0;1;;2;2;;;;;;;0;1;0;;;;1;1;1;;1;;1;1;0;;0;88888;0.75;35;2539.68571428571;7;14.1432189953048;manha
60000050;11000007;1000000165;600000104;2023;20;2;0;1;;00005538;00000002;;;1;0;0;;;;0;;;;0;;0;;1;0;0;14;1;1;0;0;1;0;0;14;1;0;0;6;0;1;;2;2;;;;;;;0;1;0;;;;1;1;1;;1;;1;1;0;;0;88888;0.75;35;2539.68571428571;7;14.1432189953048;manha
60000050;11000007;1000001042;600000603;2023;14;1;0;1;;00001257;00000004;00000019;00000728;1;0;0;;;;;;;0;;;;0;1;0;0;14;1;1;0;0;1;0;0;8;1;0;0;5;0;1;;2;2;;;;;;;0;1;0;;;;1;1;1;;1;;1;1;0;;0;88888;0.75;35;2539.68571428571;7;14.1432189953048;manha
60000050;11000007;1000001423;600000904;2023;15;2;3;1;;00004163;00000009;00000009;00001774;1;0;1;;;;0;;;;;0;;0;1;0;0;14;1;1;0;0;1;0;0;9;1;0;0;1;0;1;1;2;2;;;;;;;0;1;0;;;;1;1;1;;1;;1;1;0;;0;88888;0.75;35;2539.68571428571;7;14.1432189953048;manha
60000051;11000007;1000000229;600000147;2023;16;2;0;1;;00002209;00000004;00000026;00004035;1;0;0;;0;;;;;;0;;;0;1;0;0;16;5;1;0;0;1;0;0;8;1;1;0;6;1;1;1;2;2;;;;;;;0;1;0;;;;1;1;1;;1;;1;1;0;;0;88888;0.75;35;2539.68571428571;12;13.811953557888;tarde
60000051;11000007;1000000240;600000153;2023;18;2;1;1;;00000431;00000005;00000019;00004861;1;0;0;;;1;0;;;;;;;0;1;0;0;16;5;1;0;0;1;0;0;10;1;0;0;6;0;1;1;2;2;;;;;;;0;1;0;;;;1;1;1;;1;;1;1;0;;0;88888;0.75;35;2539.68571428571;12;13.811953557888;tarde
60000051;11000007;1000000681;600000402;2023;24;1;3;1;;00002903;00000005;;00004033;1;0;1;;0;;;0;0;;;;;0;1;0;0;16;5;1;0;0;1;0;0;16;1;0;1;6;0;1;1;2;2;;;;;;;0;1;0;;;;1;1;1;;1;;1;1;0;;0;88888;0.75;35;2539.68571428571;12;13.811953557888;tarde
60000051;11000007;1000001175;600000689;2023;7;2;3;1;;00001058;00000004;;00002203;1;0;0;;;;;;;;;;;0;1;0;0;16;5;1;0;0;1;0;0;-1;0;0;1;4;0;1;;2;2;;;;;;;0;1;0;;;;1;1;1;;1;;1;1;0;;0;88888;0.75;35;2539.68571428571;12;13.811953557888;tarde
60000051;11000007;1000001410;600000892;2023;17;1;3;1;;00001548;00000009;00000002;00005371;1;0;0;0;;;;0;;;0;0;;0;1;0;0;16;5;1;0;0;1;0;0;9;1;0;0;1;0;1;1;2;2;;;;;;;0;1;0;;;;1;1;1;;1;;1;1;0;;0;88888;0.75;35;2539.68571428571;12;13.811953557888;tarde
60000052;11000007;1000000049;600000028;2023;12;1;1;1;;00003014;00000002;;00003009;1;0;1;;;;;0;;;;;;0;1;0;;;5;1;0;0;1;0;0;;;0;0;6;0;1;1;2;2;;;;;;;0;1;0;;;;1;1;1;;1;;1;1;0;;0;88888;0.75;35;2539.68571428571;7;6.32171759614721;manha
60000052;11000007;1000000164;600000103;2023;13;2;3;1;;00003597;00000006;00000013;00004979;1;0;1;;1;;;;;;;0;;0;1;0;0;;5;1;0;0;1;0;0;;;0;0;6;0;1;1;2;2;;;;;;;0;1;0;;;;1;1;1;;1;;1;1;0;;0;88888;0.75;35;2539.68571428571;7;6.32171759614721;manha
60000052;11000007;1000000782;600000464;2023;21;1;3;1;;00001685;00000003;00000017;;2;0;0;;;;;1;;;;0;;;1;;0;;5;1;0;0;1;0;0;;;0;0;6;0;1;;2;2;;;;;;;0;1;0;;;;1;1;1;;1;;1;1;0;;0;88888;0.75;35;2539.68571428571;7;6.32171759614721;manha
60000053;11000007;1000000050;600000029;2023;15;1;0;1;;00000678;00000004;;00002037;2;0;0;0;;;;;;;;;;0;1;1;0;1;5;1;0;0;1;0;0;;;0;0;6;0;1;1;2;2;;;;;;;0;1;0;;;;1;1;1;;1;;1;1;0;;0;88888;0.75;35;2539.68571428571;13;25.3247583378106;tarde
60000053;11000007;1000000183;600000115;2023;17;2;0;1;;00002698;00000009;;00001197;1;0;1;0;0;;;;;;;;;0;1;1;0;1;5;1;0;0;1;0;0;;;0;0;6;0;1;;2;2;;;;;;;0;1;0;;;;1;1;1;;1;;1;1;0;;0;88888;0.75;35;2539.68571428571;13;25.3247583378106;tarde
60000053;11000007;1000000563;600000331;2023;19;1;1;1;;00000901;00000008;;00004283;1;0;1;;;;;;;;0;;;0;1;0;0;1;5;1;0;0;1;0;0;;;1;0;6;0;1;;2;2;;;;;;;0;1;0;;;;1;1;1;;1;;1;1;0;;0;88888;0.75;35;2539.68571428571;13;25.3247583378106;tarde
60000053;11000007;1000000774;600000457;2023;10;2;0;1;;00003849;00000001;00000012;00001946;1;0;0;;0;;;;;;;;;0;1;0;0;1;5;1;0;0;1;0;0;;;0;0;6;0;1;1;2;2;;;;;;;0;1;0;;;;1;1;1;;1;;1;1;0;;0;88888;0.75;35;2539.68571428571;13;25.3247583378106;tarde
60000053;11000007;1000000849;600000500;2023;20;2;1;1;;00001230;00000002;00000005;00001589;1;0;1;;;;;;;;;;;0;1;;;1;5;1;0;0;1;0;0;;;1;0;6;0;1;;2;2;;;;;;;0;1;0;;;;1;1;1;;1;;1;1;0;;0;88888;0.75;35;2539.68571428571;13;25.3247583378106;tarde
60000053;11000007;1000001413;600000894;2023;13;2;1;1;;00001315;00000006;00000020;;1;0;;;;;;;0;;;;;0;1;0;0;1;5;1;0;0;1;0;0;;;0;0;1;0;1;;2;2;;;;;;;0;1;0;;;;1;1;1;;1;;1;1;0;;0;88888;0.75;35;2539.68571428571;13;25.3247583378106;tarde
60000054;11000007;1000000057;600000033;2023;20;2;3;1;;00001039;00000002;00000013;;1;0;0;;;;;;0;;;;;0;1;0;0;15;5;1;0;0;1;0;0;13;1;0;0;6;0;1;;2;2;;;;;;;0;1;0;;;;1;1;1;;1;;1;1;0;;0;88888;0.75;35;2539.68571428571;13;5.90101143345237;tarde
60000054;11000007;1000000088;600000057;2023;18;1;3;1;;00001152;00000001;;;2;0;0;0;;;;;;0;;0;;0;1;0;0;15;5;1;0;0;1;0;0;11;1;0;0;6;0;1;;2;2;;;;;;;0;1;0;;;;1;1;1;;1;;1;1;0;;0;88888;0.75;35;2539.68571428571;13;5.90101143345237;tarde
60000054;11000007;1000001127;600000659;2023;17;2;3;1;;00004747;00000005;;00002024;2;0;0;;;;0;;;;;0;;0;1;;0;15;5;1;0;0;1;0;0;10;1;0;0;4;0;1;;2;2;;;;;;;0;1;0;;;;1;1;1;;1;;1;1;0;;0;88888;0.75;35;2539.68571428571;13;5.90101143345237;tarde
60000054;11000007;1000001222;600000725;2023;21;1;1;1;;00001649;00000007;00000022;00002811;1;0;0;;;1;0;;;;;;0;0;1;0;0;15;5;1;0;0;1;0;0;14;1;0;0;3;0;1;1;2;2;;;;;;;0;1;0;;;;1;1;1;;1;;1;1;0;;0;88888;0.75;35;2539.68571428571;13;5.90101143345237;tarde
60000054;11000007;1000001285;600000779;2023;20;1;0;1;;00002863;00000005;;;1;0;1;;0;;;;;0;;;;0;1;0;0;15;5;1;0;0;1;0;0;13;1;0;0;2;0;1;;2;2;;;;;;;0;1;0;;;;1;1;1;;1;;1;1;0;;0;88888;0.75;35;2539.68571428571;13;5.90101143345237;tarde
60000054;11000007;1000001403;600000885;2023;35;2;3;1;;00001265;00000002;00000007;00005335;1;0;0;;;;;;;0;0;;;0;1;0;0;15;5;1;0;0;1;0;0;28;1;0;0;1;0;1;1;2;2;;;;;;;0;1;0;;;;1;1;1;;1;;1;1;0;;0;88888;0.75;35;2539.68571428571;13;5.90101143345237;tarde
60000055;11000007;1000000074;600000045;2023;16;2;0;1;;00003494;00000004;;;1;0;0;;;;;;;;;;;0;1;0;0;26;5;1;0;0;1;0;0;0;0;0;0;6;0;1;;2;2;;;;;;;0;1;0;;;;1;1;1;;1;;1;1;0;;0;88888;0.75;35;2539.68571428571;13;19.6556039620191;tarde
60000055;11000007;1000000847;600000499;2023;15;2;3;1;;00004858;00000006;;00001292;1;0;0;;;0;;;;;;;;0;1;0;0;26;5;1;0;0;1;0;0;-1;0;2;0;6;1;1;;2;2;;;;;;;0;1;0;;;;1;1;1;;1;;1;1;0;;0;88888;0.75;35;2539.68571428571;13;19.6556039620191;tarde
60000056;11000007;1000000645;600000379;2023;11;1;3;1;;00005320;00000005;00000020;00000812;1;0;0;0;;;;;;;;;;0;1;0;0;18;5;1;0;0;1;0;0;1;0;0;0;6;0;1;1;2;2;;;;;;;0;1;0;;;;1;1;1;;1;;1;1;0;;0;88888;0.75;35;2539.68571428571;7;24.52961155097;manha
60000056;11000007;1000001161;600000677;2023;11;1;3;1;;00002524;00000001;00000026;;2;0;0;;;;;0;;;;;;0;1;0;0;18;5;1;0;0;1;0;0;1;0;0;1;4;0;1;;2;2;;;;;;;0;1;0;;;;1;1;1;;1;;1;1;0;;0;88888;0.75;35;2539.68571428571;7;24.52961155097;manha
60000057;11000008;1000000545;600000324;2023;10;1;3;1;;00005451;00000001;00000021;;2;0;0;;;;;;0;;;0;;0;1;0;0;71;5;1;0;0;1;0;0;;;0;0;6;0;1;;3;2;;;1;1;;1;0;0;0;0;1;1;;;1;;;0;1;0;;;0;;0.583333333333333;35;0;7;30.9593558363849;manha
60000057;11000008;1000000667;600000394;2023;21;1;0;1;;00000873;00000001;00000023;;1;0;0;;;1;;;;0;;;;0;1;0;0;71;5;1;0;0;1;0;0;;;0;1;6;0;1;;3;2;;;1;1;;1;0;0;0;0;1;1;;;1;;;0;1;0;;;0;;0.583333333333333;35;0;7;30.9593558363849;manha
60000057;11000008;1000000945;600000557;2023;21;1;1;1;;00000733;00000005;00000002;00001802;1;0;;;;;;;;0;;0;;0;1;0;0;71;5;1;0;0;1;0;0;;;0;0;6;0;1;;3;2;;;1;1;;1;0;0;0;0;1;1;;;1;;;0;1;0;;;0;;0.583333333333333;35;0;7;30.9593558363849;manha
60000057;11000008;1000001092;600000638;2023;18;1;3;1;;00001791;00000005;00000018;00003103;2;0;0;;;;;;;;;0;;0;1;0;0;71;5;1;0;0;1;0;0;;;0;1;5;0;1;1;3;2;;;1;1;;1;0;0;0;0;1;1;;;1;;;0;1;0;;;0;;0.583333333333333;35;0;7;30.9593558363849;manha
60000057;11000008;1000001216;600000720;2023;20;2;3;1;;00000183;00000002;;00001051;1;0;0;;;;;;;0;;;;0;1;0;0;71;5;1;0;0;1;0;0;;;0;0;3;0;1;;3;2;;;1;1;;1;0;0;0;0;1;1;;;1;;;0;1;0;;;0;;0.583333333333333;35;0;7;30.9593558363849;manha
60000058;11000008;1000000272;600000177;2023;14;1;3;1;;00003206;00000004;00000004;00003850;1;0;0;;0;;;;;;0;;;0;1;;0;15;5;1;0;0;1;0;0;7;1;0;1;6;0;1;;3;2;;;1;1;;1;0;0;0;0;1;1;;;1;;;0;1;0;;;0;;0.583333333333333;35;0;7;6.98534190538339;manha
60000058;11000008;1000000600;600000352;2023;14;1;0;1;;00005323;00000004;00000019;00004975;1;0;1;;;;;0;;;;;0;0;1;0;0;15;5;1;0;0;1;0;0;7;1;0;1;6;0;1;1;3;2;;;1;1;;1;0;0;0;0;1;1;;;1;;;0;1;0;;;0;;0.583333333333333;35;0;7;6.98534190538339;manha
60000058;11000008;1000001176;600000690;2023;8;1;0;1;;00002830;00000009;00000007;00004000;1;0;0;;;;;0;0;0;;;;0;1;0;0;15;5;1;0;0;1;0;0;1;0;0;0;4;0;1;1;3;2;;;1;1;;1;0;0;0;0;1;1;;;1;;;0;1;0;;;0;;0.583333333333333;35;0;7;6.98534190538339;manha
60000058;11000008;1000001267;600000763;2023;10;2;1;1;;00001791;00000009;00000020;00004004;1;0;0;;0;;;;;;0;;;0;1;0;0;15;5;1;0;0;1;0;0;3;1;0;0;3;0;1;1;3;2;;;1;1;;1;0;0;0;0;1;1;;;1;;;0;1;0;;;0;;0.583333333333333;35;0;7;6.98534190538339;manha
60000059;11000008;1000000248;600000160;2023;13;2;3;1;;00002509;00000007;00000005;00001106;1;0;1;;;;0;;;;0;;;0;1;1;0;1;5;1;0;0;1;0;0;;;1;0;6;0;1;1;3;2;;;1;1;;1;0;0;0;0;1;1;;;1;;;0;1;0;;;0;;0.583333333333333;35;0;7;14.1507150174584;manha
60000059;11000008;1000000394;600000244;2023;11;2;1;1;;00002395;00000009;00000007;00003646;1;0;0;;;;;;0;0;;;0;0;1;0;0;1;5;1;0;0;1;0;0;;;1;0;6;0;1;1;3;2;;;1;1;;1;0;0;0;0;1;1;;;1;;;0;1;0;;;0;;0.583333333333333;35;0;7;14.1507150174584;manha
60000059;11000008;1000001476;600000955;2023;7;2;1;1;;00002089;00000007;00000025;00000906;1;0;0;0;;;;;0;;;;;0;1;0;0;1;5;1;0;0;1;0;0;;;0;0;0;;0;;3;2;;;1;1;;1;0;0;0;0;1;1;;;1;;;0;1;0;;;0;;0.583333333333333;35;0;7;14.1507150174584;manha
60000060;11000008;1000000715;600000426;2023;10;1;1;1;;00001133;00000005;00000006;;1;0;0;;;;;;;;;;0;0;1;0;;18;5;1;0;0;1;0;1;0;0;1;0;6;0;1;;3;2;;;1;1;;1;0;0;0;0;1;1;;;1;;;0;1;0;;;0;;0.583333333333333;35;0;12;35.5107982750051;tarde
60000060;11000008;1000001086;600000634;2023;13;2;1;1;;00001473;00000009;00000016;00002135;1;0;0;;0;;;;;0;;;0;0;1;0;0;18;5;1;0;0;1;0;0;3;1;0;1;5;0;1;;3;2;;;1;1;;1;0;0;0;0;1;1;;;1;;;0;1;0;;;0;;0.583333333333333;35;0;12;35.5107982750051;tarde
60000060;11000008;1000001165;600000681;2023;19;1;0;1;;00002277;00000006;00000023;00005153;2;0;0;0;;;;;;;0;;;0;1;0;0;18;5;1;0;0;1;0;0;9;1;0;0;4;0;1;1;3;2;;;1;1;;1;0;0;0;0;1;1;;;1;;;0;1;0;;;0;;0.583333333333333;35;0;12;35.5107982750051;tarde
60000061;11000008;1000000446;600000270;2023;20;2;0;1;;00002612;00000009;00000004;00002545;1;0;0;;;;;;;;;;;0;1;0;0;16;5;1;0;0;1;0;0;12;1;0;0;6;0;1;1;3;2;;;1;1;;1;0;0;0;0;1;1;;;1;;;0;1;0;;;0;;0.583333333333333;35;0;19;42.2763320375234;noite
60000061;11000008;1000000557;600000327;2023;17;1;3;1;;00004452;00000001;00000025;00002022;2;0;0;;;;;;;;0;;;0;1;0;0;16;5;1;0;0;1;0;0;9;1;0;0;6;0;1;1;3;2;;;1;1;;1;0;0;0;0;1;1;;;1;;;0;1;0;;;0;;0.583333333333333;35;0;19;42.2763320375234;noite
60000061;11000008;1000001213;600000718;2023;19;2;0;1;;00003605;00000007;;;1;0;0;;;;;;;0;;0;;0;1;0;0;16;5;1;0;0;1;0;0;11;1;0;0;3;0;1;;3;2;;;1;1;;1;0;0;0;0;1;1;;;1;;;0;1;0;;;0;;0.583333333333333;35;0;19;42.2763320375234;noite
60000061;11000008;1000001237;600000737;2023;9;2;3;1;;00005544;00000008;00000006;00000904;1;0;1;;;;;;;;0;;0;0;1;0;0;16;5;1;0;0;1;0;0;1;0;0;0;3;0;1;;3;2;;;1;1;;1;0;0;0;0;1;1;;;1;;;0;1;0;;;0;;0.583333333333333;35;0;19;42.2763320375234;noite
60000061;11000008;1000001361;600000845;2023;13;2;1;1;;00004553;00000004;00000019;00004315;1;0;0;0;;;;0;;;;;;0;1;0;0;16;5;1;0;0;1;0;0;5;1;0;0;2;0;1;1;3;2;;;1;1;;1;0;0;0;0;1;1;;;1;;;0;1;0;;;0;;0.583333333333333;35;0;19;42.2763320375234;noite
60000062;11000008;1000000419;600000255;2023;19;2;3;1;;00003865;00000002;;;2;0;0;;;;;;;;;;;;1;0;0;;5;1;0;0;1;0;0;;;1;1;6;0;1;;3;2;;;1;1;;1;0;0;0;0;1;1;;;1;;;0;1;0;;;0;;0.583333333333333;35;0;13;27.2188781556906;tarde
60000062;11000008;1000000462;600000275;2023;9;1;3;1;;00005056;00000003;00000017;00002183;1;0;0;;;;;;;;;;;0;1;0;0;;5;1;0;0;1;0;0;;;0;0;6;0;1;1;3;2;;;1;1;;1;0;0;0;0;1;1;;;1;;;0;1;0;;;0;;0.583333333333333;35;0;13;27.2188781556906;tarde
60000062;11000008;1000000884;600000521;2023;7;1;0;1;;00001274;00000008;;00002466;1;0;0;;;;;;;;;;;0;1;0;0;;5;1;0;0;1;0;0;;;0;0;6;0;1;1;3;2;;;1;1;;1;0;0;0;0;1;1;;;1;;;0;1;0;;;0;;0.583333333333333;35;0;13;27.2188781556906;tarde
60000062;11000008;1000001075;600000626;2023;9;1;1;1;;00002860;00000009;00000027;;2;0;0;0;;;;;;;;;;0;1;0;0;;5;1;0;0;1;0;0;;;0;0;5;0;1;;3;2;;;1;1;;1;0;0;0;0;1;1;;;1;;;0;1;0;;;0;;0.583333333333333;35;0;13;27.2188781556906;tarde
60000062;11000008;1000001136;600000662;2023;13;1;3;1;;00000763;00000002;;;1;0;0;;;0;;;;;;;0;;1;0;0;;5;1;0;0;1;0;0;;;0;0;4;0;1;;3;2;;;1;1;;1;0;0;0;0;1;1;;;1;;;0;1;0;;;0;;0.583333333333333;35;0;13;27.2188781556906;tarde
60000062;11000008;1000001300;600000794;2023;14;1;1;1;;00004635;00000002;00000008;00004455;1;0;0;;;;;;;;;;;0;1;0;0;;5;1;0;0;1;0;0;;;0;0;2;0;1;;3;2;;;1;1;;1;0;0;0;0;1;1;;;1;;;0;1;0;;;0;;0.583333333333333;35;0;13;27.2188781556906;tarde
60000062;11000008;1000001311;600000803;2023;15;1;1;1;;00000437;00000006;00000012;;2;0;0;0;;;;;0;;;0;;0;1;0;0;;5;1;0;0;1;0;0;;;0;0;2;0;1;;3;2;;;1;1;;1;0;0;0;0;1;1;;;1;;;0;1;0;;;0;;0.583333333333333;35;0;13;27.2188781556906;tarde
60000064;11000009;1000000657;600000385;2023;18;2;0;1;;00000417;00000002;;00001556;1;0;0;0;0;;;;;;;;;0;1;0;0;38;5;1;0;0;1;0;0;0;0;1;1;6;0;1;1;2;1;1;1;1;1;0;;1;1;1;;0;1;;1;1;1;0;;1;0;0;;0;0;0.785714285714286;22;0;7;8.37165261385962;manha
60000064;11000009;1000001255;600000753;2023;20;2;3;1;;00004478;00000008;;;1;1;0;;;;;;0;0;;0;0;0;1;0;0;38;5;1;0;1;1;0;;2;1;0;0;3;0;1;;2;1;1;1;1;1;0;;1;1;1;;0;1;;1;1;1;0;;1;0;0;;0;0;0.785714285714286;22;0;7;8.37165261385962;manha
60000065;11000009;1000000482;600000286;2023;9;2;1;1;;00002211;00000003;00000023;00001552;2;0;0;;;;;;;;;;;0;1;0;0;;5;1;0;0;1;0;0;;;0;0;6;0;1;1;2;1;1;1;1;1;0;;1;1;1;;0;1;;1;1;1;0;;1;0;0;;0;0;0.785714285714286;22;0;7;10.8522227371577;manha
60000066;11000009;1000001249;600000748;2023;21;2;0;1;;00001630;00000008;00000014;00000823;1;0;0;;;;;0;;;;;0;0;1;0;0;;5;1;0;0;1;0;0;;;0;0;3;0;1;1;2;1;1;1;1;1;0;;1;1;1;;0;1;;1;1;1;0;;1;0;0;;0;0;0.785714285714286;22;0;;29.4458026945358;
60000066;11000009;1000001412;600000893;2023;5;2;3;1;;00004546;00000005;00000014;00001798;1;0;0;0;1;;0;;;;;;;0;1;0;0;;5;1;0;0;1;0;0;;;0;0;1;0;1;;2;1;1;1;1;1;0;;1;1;1;;0;1;;1;1;1;0;;1;0;0;;0;0;0.785714285714286;22;0;;29.4458026945358;
60000067;11000009;1000000627;600000369;2023;21;1;0;1;;00005269;00000005;00000015;00000799;2;0;1;0;;;;;;;;;;0;1;0;1;2;5;1;0;0;1;0;0;;;0;0;6;0;1;;2;1;1;1;1;1;0;;1;1;1;;0;1;;1;1;1;0;;1;0;0;;0;0;0.785714285714286;22;0;7;25.0868187140441;manha
60000067;11000009;1000001065;600000617;2023;14;2;3;1;;00004166;00000006;00000026;00004342;1;0;1;;;;;;;;;;;0;1;0;1;2;5;1;0;0;1;0;0;;;0;0;5;0;1;1;2;1;1;1;1;1;0;;1;1;1;;0;1;;1;1;1;0;;1;0;0;;0;0;0.785714285714286;22;0;7;25.0868187140441;manha
60000067;11000009;1000001163;600000679;2023;17;2;3;1;;00003991;00000008;;00001607;1;0;0;;;;;;;;;;;0;1;0;;2;5;1;0;0;1;0;1;;;0;0;4;0;1;1;2;1;1;1;1;1;0;;1;1;1;;0;1;;1;1;1;0;;1;0;0;;0;0;0.785714285714286;22;0;7;25.0868187140441;manha
60000067;11000009;1000001172;600000686;2023;17;1;0;1;;00003616;00000004;;;2;1;0;;;;;;;;;;;0;1;0;1;2;5;1;0;0;1;0;0;;;1;1;4;0;1;;2;1;1;1;1;1;0;;1;1;1;;0;1;;1;1;1;0;;1;0;0;;0;0;0.785714285714286;22;0;7;25.0868187140441;manha
60000067;11000009;1000001463;600000942;2023;4;1;1;1;;00000634;00000007;;;1;0;0;;;;0;;;;0;0;;0;1;0;0;2;5;1;0;0;1;0;0;;;0;0;0;;0;;2;1;1;1;1;1;0;;1;1;1;;0;1;;1;1;1;0;;1;0;0;;0;0;0.785714285714286;22;0;7;25.0868187140441;manha
60000068;11000009;1000000027;600000015;2023;25;2;0;1;;00002176;00000002;00000007;;1;0;0;0;0;;;;0;0;0;;0;0;1;0;0;20;5;1;0;0;1;0;0;13;1;0;0;6;0;1;;2;1;1;1;1;1;0;;1;1;1;;0;1;;1;1;1;0;;1;0;0;;0;0;0.785714285714286;22;0;15;31.6427469090559;tarde
60000068;11000009;1000000261;600000171;2023;18;2;0;1;;00001125;00000005;;00000172;1;0;0;;;;0;;;;;;0;0;1;0;0;20;5;1;0;0;1;0;0;6;1;0;0;6;0;1;1;2;1;1;1;1;1;0;;1;1;1;;0;1;;1;1;1;0;;1;0;0;;0;0;0.785714285714286;22;0;15;31.6427469090559;tarde
60000068;11000009;1000000427;600000261;2023;15;2;3;1;;00002568;00000001;00000022;00003929;1;0;1;;;1;;;0;;0;;;0;1;0;0;20;5;1;0;0;1;0;0;3;1;0;0;6;0;1;;2;1;1;1;1;1;0;;1;1;1;;0;1;;1;1;1;0;;1;0;0;;0;0;0.785714285714286;22;0;15;31.6427469090559;tarde
60000068;11000009;1000000505;600000297;2023;8;1;3;1;;00000754;00000001;00000009;00002157;1;0;0;;;;;0;;;0;0;;0;1;0;;20;5;1;0;0;1;0;0;-4;0;1;1;6;0;1;1;2;1;1;1;1;1;0;;1;1;1;;0;1;;1;1;1;0;;1;0;0;;0;0;0.785714285714286;22;0;15;31.6427469090559;tarde
60000068;11000009;1000000542;600000322;2023;13;1;1;1;;00001081;00000004;;00000974;1;0;0;0;0;;;;;;;0;;;1;0;0;20;5;1;0;0;1;0;0;1;0;0;1;6;0;1;1;2;1;1;1;1;1;0;;1;1;1;;0;1;;1;1;1;0;;1;0;0;;0;0;0.785714285714286;22;0;15;31.6427469090559;tarde
60000068;11000009;1000000785;600000467;2023;18;2;1;1;;00004898;00000007;00000024;00004657;1;0;0;;;;;;;;;;;0;1;0;0;20;5;1;0;0;1;0;0;6;1;1;0;6;0;1;1;2;1;1;1;1;1;0;;1;1;1;;0;1;;1;1;1;0;;1;0;0;;0;0;0.785714285714286;22;0;15;31.6427469090559;tarde
60000069;11000009;1000000163;600000102;2023;16;1;1;1;;00005275;00000008;00000005;00000653;1;0;0;;;;0;;;;;;;;1;1;0;21;5;1;0;0;1;0;0;3;1;1;0;6;0;1;1;2;1;1;1;1;1;0;;1;1;1;;0;1;;1;1;1;0;;1;0;0;;0;0;0.785714285714286;22;0;10;27.806636466994;manha
60000070;11000009;1000000170;600000107;2023;10;1;1;1;;00002910;00000006;00000018;00000304;1;1;0;;;;;0;;;0;0;;0;1;0;0;25;4;1;1;0;1;0;1;-5;0;0;0;6;0;1;1;2;1;1;1;1;1;0;;1;1;1;;0;1;;1;1;1;0;;1;0;0;;0;0;0.785714285714286;22;0;7;15.8552265458275;manha
60000071;11000010;1000000032;600000019;2023;21;2;0;1;;00005406;00000006;;00005428;1;0;1;;;;;;;;;;;0;1;0;0;1;5;1;0;0;1;0;0;;;0;1;6;0;1;1;3;2;;;;;0;1;1;0;0;;1;;;;;1;1;0;;;0;0;;;0.555555555555556;29;0;14;45.6168758533895;tarde
60000071;11000010;1000000573;600000339;2023;19;1;1;1;;00002554;00000001;;00002492;2;0;0;;;;0;;;0;;;;0;1;0;0;1;5;1;0;0;1;0;0;;;0;0;6;0;1;;3;2;;;;;0;1;1;0;0;;1;;;;;1;1;0;;;0;0;;;0.555555555555556;29;0;14;45.6168758533895;tarde
60000071;11000010;1000001200;600000706;2023;36;1;3;1;;00000916;00000006;00000014;00002301;1;1;0;;;;;;;;;;0;0;1;1;1;1;5;1;0;0;1;0;0;;;0;0;3;0;1;1;3;2;;;;;0;1;1;0;0;;1;;;;;1;1;0;;;0;0;;;0.555555555555556;29;0;14;45.6168758533895;tarde
60000072;11000010;1000000006;600000004;2023;10;2;3;1;;00002429;00000001;00000023;00005364;1;0;0;;0;1;;;;0;;;;0;1;0;0;16;2;1;0;0;1;0;0;2;1;0;0;6;0;1;1;3;2;;;;;0;1;1;0;0;;1;;;;;1;1;0;;;0;0;;;0.555555555555556;29;0;7;1.60209564026445;manha
60000072;11000010;1000000172;600000109;2023;21;1;3;1;;00004950;00000002;00000007;;1;0;1;;;;;;;;;0;;0;1;0;0;16;2;1;0;0;1;0;0;13;1;0;0;6;0;1;;3;2;;;;;0;1;1;0;0;;1;;;;;1;1;0;;;0;0;;;0.555555555555556;29;0;7;1.60209564026445;manha
60000072;11000010;1000000530;600000312;2023;9;1;0;1;;00003937;00000003;00000007;00003525;1;0;0;;;;;;;;;;;0;1;0;0;16;2;1;0;0;1;0;0;1;0;0;0;6;0;1;1;3;2;;;;;0;1;1;0;0;;1;;;;;1;1;0;;;0;0;;;0.555555555555556;29;0;7;1.60209564026445;manha
60000072;11000010;1000000851;600000502;2023;10;2;1;1;;00001473;00000009;00000021;00001414;1;0;0;0;;;;;;;;;;0;1;0;0;16;2;1;0;0;1;0;0;2;1;0;1;6;0;1;1;3;2;;;;;0;1;1;0;0;;1;;;;;1;1;0;;;0;0;;;0.555555555555556;29;0;7;1.60209564026445;manha
60000072;11000010;1000000930;600000548;2023;14;2;5;1;;00001759;00000006;00000004;;1;0;0;;0;;;;;;;;;0;1;0;;16;2;1;0;0;1;0;0;6;1;0;1;6;0;1;;3;2;;;;;0;1;1;0;0;;1;;;;;1;1;0;;;0;0;;;0.555555555555556;29;0;7;1.60209564026445;manha
60000072;11000010;1000001209;600000714;2023;7;1;3;1;;00001513;00000008;;00004534;1;0;0;0;;;;0;;0;;;;0;1;0;0;16;2;1;0;0;1;0;0;-1;0;0;0;3;0;1;1;3;2;;;;;0;1;1;0;0;;1;;;;;1;1;0;;;0;0;;;0.555555555555556;29;0;7;1.60209564026445;manha
60000073;11000010;1000000036;600000022;2023;19;2;1;1;;00002841;00000001;00000024;00003016;1;0;0;;;;;;;;;;;0;1;0;0;2;5;1;0;0;1;0;0;;;0;0;6;0;1;1;3;2;;;;;0;1;1;0;0;;1;;;;;1;1;0;;;0;0;;;0.555555555555556;29;0;7;45.7685132152401;manha
60000073;11000010;1000000068;600000039;2023;11;2;0;1;;00004259;00000001;00000003;;1;0;0;0;0;;;;;;0;;;0;1;0;0;2;5;1;0;0;1;0;1;;;0;0;6;0;1;;3;2;;;;;0;1;1;0;0;;1;;;;;1;1;0;;;0;0;;;0.555555555555556;29;0;7;45.7685132152401;manha
60000073;11000010;1000001351;600000836;2023;7;2;0;1;;00001021;00000005;00000009;;1;0;0;;;;;;;;;;0;0;1;;0;2;5;1;0;0;1;0;0;;;0;0;2;0;1;;3;2;;;;;0;1;1;0;0;;1;;;;;1;1;0;;;0;0;;;0.555555555555556;29;0;7;45.7685132152401;manha
60000074;11000010;1000000065;600000036;2023;20;1;3;1;;00005401;00000008;;;1;0;0;;;;;;;;;;;0;1;0;0;19;1;1;0;0;1;0;0;9;1;0;0;6;0;1;;3;2;;;;;0;1;1;0;0;;1;;;;;1;1;0;;;0;0;;;0.555555555555556;29;0;14;7.85668602446094;tarde
60000074;11000010;1000000153;600000095;2023;21;1;1;1;;00001544;00000003;;;1;0;;;;;0;1;;0;0;;;0;1;0;0;19;1;1;0;0;1;0;0;10;1;1;0;6;0;1;;3;2;;;;;0;1;1;0;0;;1;;;;;1;1;0;;;0;0;;;0.555555555555556;29;0;14;7.85668602446094;tarde
60000074;11000010;1000000176;600000112;2023;9;2;1;1;;00005007;00000009;;00005117;1;0;0;0;0;;;;;0;;;;0;1;0;0;19;1;1;0;0;1;0;0;-2;0;0;0;6;0;1;1;3;2;;;;;0;1;1;0;0;;1;;;;;1;1;0;;;0;0;;;0.555555555555556;29;0;14;7.85668602446094;tarde
60000074;11000010;1000000665;600000392;2023;10;1;3;1;;00000030;00000009;;00001668;1;0;0;;;;;1;;;;;;0;1;0;0;19;1;1;0;0;1;0;0;-1;0;0;0;6;0;1;1;3;2;;;;;0;1;1;0;0;;1;;;;;1;1;0;;;0;0;;;0.555555555555556;29;0;14;7.85668602446094;tarde
60000074;11000010;1000001327;600000814;2023;16;1;0;1;;00002178;00000001;;00003019;1;0;0;0;0;;0;;;;;;;0;1;;0;19;1;1;0;0;1;0;0;5;1;0;0;2;0;1;1;3;2;;;;;0;1;1;0;0;;1;;;;;1;1;0;;;0;0;;;0.555555555555556;29;0;14;7.85668602446094;tarde
60000075;11000010;1000000661;600000389;2023;8;2;2;1;;00001118;00000006;00000011;00004917;1;0;0;0;;;;1;;0;;;;0;1;0;0;25;5;1;0;0;1;0;0;-7;0;0;0;6;0;1;;3;2;;;;;0;1;1;0;0;;1;;;;;1;1;0;;;0;0;;;0.555555555555556;29;0;7;17.2608332394157;manha
60000075;11000010;1000001084;600000633;2023;18;1;1;1;;00005304;00000001;;;2;0;0;;;;;0;;;;;;0;1;;0;25;5;1;0;0;1;0;0;3;1;0;0;5;0;1;;3;2;;;;;0;1;1;0;0;;1;;;;;1;1;0;;;0;0;;;0.555555555555556;29;0;7;17.2608332394157;manha
60000076;11000010;1000000369;600000233;2023;17;1;3;1;;00001588;00000008;00000009;;1;0;0;;;;;;1;;;;;0;1;0;0;20;5;1;0;0;1;0;0;5;1;0;0;6;0;1;;3;2;;;;;0;1;1;0;0;;1;;;;;1;1;0;;;0;0;;;0.555555555555556;29;0;14;24.5815907442011;tarde
60000076;11000010;1000001082;600000631;2023;12;1;2;1;;00000795;00000002;00000015;00000705;1;0;1;;;;;;;;;;;0;1;0;0;20;5;1;0;0;1;0;0;0;0;0;0;5;0;1;1;3;2;;;;;0;1;1;0;0;;1;;;;;1;1;0;;;0;0;;;0.555555555555556;29;0;14;24.5815907442011;tarde
60000076;11000010;1000001116;600000652;2023;14;2;0;1;;00000141;00000003;;00003165;1;1;0;;;;;0;;;;;;0;1;0;0;20;5;1;0;0;1;0;0;2;1;0;0;4;0;1;;3;2;;;;;0;1;1;0;0;;1;;;;;1;1;0;;;0;0;;;0.555555555555556;29;0;14;24.5815907442011;tarde
60000077;11000010;1000000254;600000166;2023;19;2;0;1;;00001943;00000006;00000022;00004013;1;0;1;;;;;;;;;;;0;1;0;0;2;5;1;0;0;1;0;0;;;0;0;6;0;1;1;3;2;;;;;0;1;1;0;0;;1;;;;;1;1;0;;;0;0;;;0.555555555555556;29;0;7;8.69738351088017;manha
60000077;11000010;1000000309;600000199;2023;17;1;1;1;;00001744;00000003;;00001395;1;0;0;0;0;;;;1;;0;;0;0;1;0;0;2;5;1;0;0;1;0;1;;;0;1;6;0;1;1;3;2;;;;;0;1;1;0;0;;1;;;;;1;1;0;;;0;0;;;0.555555555555556;29;0;7;8.69738351088017;manha
60000077;11000010;1000001012;600000587;2023;18;1;1;1;;00005038;00000007;00000012;;1;0;0;;;;;;0;;;;;0;1;0;0;2;5;1;0;0;1;0;0;;;1;0;5;0;1;;3;2;;;;;0;1;1;0;0;;1;;;;;1;1;0;;;0;0;;;0.555555555555556;29;0;7;8.69738351088017;manha
60000078;11000011;1000000039;600000025;2023;22;1;1;1;;00000699;00000003;;00001753;1;0;0;;;;;;;;0;0;;0;1;0;0;22;5;1;0;0;1;0;0;;;0;0;6;0;1;1;2;1;;1;;1;;1;1;1;0;1;0;1;1;;1;1;1;;;0;0;0;;1;0.846153846153846;25;0.04;13;24.5654743822524;tarde
60000078;11000011;1000000424;600000259;2023;13;2;1;1;;00001699;00000008;;00003535;1;0;0;;;;0;;;;0;;;0;1;0;0;22;5;1;0;0;1;0;0;;;0;0;6;0;1;1;2;1;;1;;1;;1;1;1;0;1;0;1;1;;1;1;1;;;0;0;0;;1;0.846153846153846;25;0.04;13;24.5654743822524;tarde
60000078;11000011;1000000771;600000455;2023;18;1;1;1;;00001536;00000003;;00002369;1;0;0;;;;;;;;;;0;0;1;0;0;22;5;1;0;0;1;0;1;;;0;0;6;0;1;1;2;1;;1;;1;;1;1;1;0;1;0;1;1;;1;1;1;;;0;0;0;;1;0.846153846153846;25;0.04;13;24.5654743822524;tarde
60000078;11000011;1000001464;600000943;2023;17;1;1;1;;00000604;00000007;00000027;00004844;1;0;0;0;0;1;;;;;;0;0;0;1;0;0;22;5;1;0;0;1;0;0;;;0;0;0;;0;;2;1;;1;;1;;1;1;1;0;1;0;1;1;;1;1;1;;;0;0;0;;1;0.846153846153846;25;0.04;13;24.5654743822524;tarde
60000079;11000011;1000000465;600000277;2023;12;1;3;1;;00001339;00000008;00000023;00000333;1;0;0;;;;;;;;;;;0;1;0;0;16;5;1;0;0;1;0;0;4;1;0;1;6;0;1;1;2;1;;1;;1;;1;1;1;0;1;0;1;1;;1;1;1;;;0;0;0;;1;0.846153846153846;25;0.04;7;15.7260283140931;manha
60000079;11000011;1000000603;600000353;2023;17;2;3;1;;00004808;00000008;00000026;00001376;1;0;0;0;0;;0;;0;;;;;0;1;0;0;16;5;1;0;0;1;0;0;9;1;1;0;6;0;1;;2;1;;1;;1;;1;1;1;0;1;0;1;1;;1;1;1;;;0;0;0;;1;0.846153846153846;25;0.04;7;15.7260283140931;manha
60000079;11000011;1000000754;600000445;2023;20;1;3;1;;00003651;00000002;00000018;00004035;1;0;0;;0;;;;;;;;0;;1;0;0;16;5;1;0;0;1;0;0;12;1;0;0;6;0;1;;2;1;;1;;1;;1;1;1;0;1;0;1;1;;1;1;1;;;0;0;0;;1;0.846153846153846;25;0.04;7;15.7260283140931;manha
60000081;11000011;1000001248;600000747;2023;4;1;0;1;;00002994;00000001;00000005;00004945;1;0;0;;;;;0;;;0;;;0;1;0;0;14;3;1;0;0;1;0;0;-2;0;0;0;3;0;1;1;2;1;;1;;1;;1;1;1;0;1;0;1;1;;1;1;1;;;0;0;0;;1;0.846153846153846;25;0.04;13;9.1560905741062;tarde
60000081;11000011;1000001349;600000834;2023;31;2;0;1;;00001068;00000009;00000024;00005138;1;0;1;;0;1;;;;0;;;;0;1;0;0;14;3;1;0;0;1;0;0;25;1;0;0;2;0;1;;2;1;;1;;1;;1;1;1;0;1;0;1;1;;1;1;1;;;0;0;0;;1;0.846153846153846;25;0.04;13;9.1560905741062;tarde
60000081;11000011;1000001372;600000854;2023;17;2;3;1;;00002073;00000009;;;1;0;0;0;0;1;;;;;;;;0;1;0;0;14;3;1;0;0;1;0;0;11;1;1;0;1;1;1;;2;1;;1;;1;;1;1;1;0;1;0;1;1;;1;1;1;;;0;0;0;;1;0.846153846153846;25;0.04;13;9.1560905741062;tarde
60000081;11000011;1000001472;600000951;2023;14;1;0;1;;00003256;00000009;00000010;00000665;2;0;1;;1;;;;;;;;;0;1;;0;14;3;1;0;0;1;0;1;8;1;0;0;0;;0;;2;1;;1;;1;;1;1;1;0;1;0;1;1;;1;1;1;;;0;0;0;;1;0.846153846153846;25;0.04;13;9.1560905741062;tarde
60000082;11000011;1000000543;600000323;2023;20;1;3;1;;00004224;00000005;;00000814;1;0;0;;;;;;1;0;;;;0;1;0;0;71;5;1;0;0;1;0;0;;;0;0;6;0;1;1;2;1;;1;;1;;1;1;1;0;1;0;1;1;;1;1;1;;;0;0;0;;1;0.846153846153846;25;0.04;7;22.4862621666398;manha
60000082;11000011;1000000822;600000488;2023;15;1;3;1;;00000290;00000003;;00003129;1;0;0;0;;;0;;0;;;;;;1;0;0;71;5;1;0;0;1;0;0;;;0;0;6;0;1;;2;1;;1;;1;;1;1;1;0;1;0;1;1;;1;1;1;;;0;0;0;;1;0.846153846153846;25;0.04;7;22.4862621666398;manha
60000083;11000011;1000000484;600000287;2023;8;1;1;1;;00005403;00000008;00000010;00004040;2;0;1;;;;0;;;;;;;0;1;0;1;30;5;1;0;0;1;0;0;-7;0;1;0;6;0;1;1;2;1;;1;;1;;1;1;1;0;1;0;1;1;;1;1;1;;;0;0;0;;1;0.846153846153846;25;0.04;13;0.140335340984166;tarde
60000083;11000011;1000001194;600000703;2023;20;1;3;1;;00002296;00000007;00000009;;1;0;0;;;;;;;;;;;;1;;1;30;5;1;0;0;1;0;1;5;1;0;0;3;0;1;;2;1;;1;;1;;1;1;1;0;1;0;1;1;;1;1;1;;;0;0;0;;1;0.846153846153846;25;0.04;13;0.140335340984166;tarde
60000084;11000011;1000000086;600000055;2023;16;1;3;1;;00001070;00000006;;00003065;1;0;0;;;;;;;;0;0;;0;1;;0;18;5;1;0;0;1;0;0;6;1;1;0;6;0;1;1;2;1;;1;;1;;1;1;1;0;1;0;1;1;;1;1;1;;;0;0;0;;1;0.846153846153846;25;0.04;7;7.82318689045496;manha
60000084;11000011;1000001103;600000642;2023;7;2;1;1;;00004471;00000005;00000024;00004226;1;0;0;;;1;;;;;;0;;0;1;0;0;18;5;1;0;0;1;0;0;-3;0;0;0;4;0;1;1;2;1;;1;;1;;1;1;1;0;1;0;1;1;;1;1;1;;;0;0;0;;1;0.846153846153846;25;0.04;7;7.82318689045496;manha
60000084;11000011;1000001286;600000780;2023;13;2;1;1;;00001145;00000001;00000019;;1;0;0;;;0;;0;0;;;;;0;1;0;0;18;5;1;0;0;1;0;0;3;1;0;0;2;0;1;;2;1;;1;;1;;1;1;1;0;1;0;1;1;;1;1;1;;;0;0;0;;1;0.846153846153846;25;0.04;7;7.82318689045496;manha
60000084;11000011;1000001333;600000819;2023;4;2;1;1;;00003521;00000009;00000025;00000114;1;0;0;;;;;;;;;0;;0;1;0;0;18;5;1;0;0;1;0;0;-6;0;0;0;2;0;1;;2;1;;1;;1;;1;1;1;0;1;0;1;1;;1;1;1;;;0;0;0;;1;0.846153846153846;25;0.04;7;7.82318689045496;manha
60000084;11000011;1000001495;600000974;2023;19;1;3;1;;00004151;00000008;00000003;00004958;1;0;0;;;;0;;;;;0;;0;1;0;0;18;5;1;0;0;1;0;0;9;1;0;0;0;;0;;2;1;;1;;1;;1;1;1;0;1;0;1;1;;1;1;1;;;0;0;0;;1;0.846153846153846;25;0.04;7;7.82318689045496;manha
60000085;11000012;1000000268;600000175;2023;7;2;3;1;;00002227;00000005;;00002366;2;0;0;0;;;0;0;;;0;;;0;1;0;0;15;5;1;0;0;1;0;0;0;0;0;0;6;0;1;;3;2;;1;1;1;;1;0;0;0;;1;1;;0;1;;;;1;0;0;;0;1;0.666666666666667;37;0.027027027027027;13;21.9300610583741;tarde
60000085;11000012;1000000511;600000300;2023;10;2;3;1;;00000215;00000007;00000012;;1;0;1;;;1;;;0;;;;;0;1;0;0;15;5;1;0;0;1;0;0;3;1;1;0;6;0;1;;3;2;;1;1;1;;1;0;0;0;;1;1;;0;1;;;;1;0;0;;0;1;0.666666666666667;37;0.027027027027027;13;21.9300610583741;tarde
60000085;11000012;1000000853;600000503;2023;21;1;1;1;;00000786;00000009;;00001035;1;0;0;;;;;;;;;;0;0;1;0;0;15;5;1;0;0;1;0;0;14;1;1;0;6;0;1;;3;2;;1;1;1;;1;0;0;0;;1;1;;0;1;;;;1;0;0;;0;1;0.666666666666667;37;0.027027027027027;13;21.9300610583741;tarde
60000085;11000012;1000001422;600000903;2023;4;2;1;1;;00004220;00000002;00000020;;1;0;0;;;;0;;;;;;;0;1;0;0;15;5;1;0;0;1;0;0;-3;0;0;0;1;0;1;;3;2;;1;1;1;;1;0;0;0;;1;1;;0;1;;;;1;0;0;;0;1;0.666666666666667;37;0.027027027027027;13;21.9300610583741;tarde
60000086;11000012;1000000143;600000089;2023;23;1;2;1;;00003666;00000007;00000012;00001253;1;0;0;0;;;;;;;;;;0;1;0;0;2;5;1;0;0;1;0;0;;;0;0;6;0;1;1;3;2;;1;1;1;;1;0;0;0;;1;1;;0;1;;;;1;0;0;;0;1;0.666666666666667;37;0.027027027027027;13;12.0006353303324;tarde
60000086;11000012;1000000227;600000145;2023;20;1;3;1;;00001714;00000004;00000013;00005381;1;0;0;0;;1;;;;;;0;;0;1;0;0;2;5;1;0;0;1;0;0;;;0;1;6;0;1;1;3;2;;1;1;1;;1;0;0;0;;1;1;;0;1;;;;1;0;0;;0;1;0.666666666666667;37;0.027027027027027;13;12.0006353303324;tarde
60000086;11000012;1000000539;600000319;2023;16;2;0;1;;00005418;00000009;00000004;;1;0;0;;0;;;;0;;;0;;0;1;0;0;2;5;1;0;0;1;0;0;;;1;0;6;0;1;;3;2;;1;1;1;;1;0;0;0;;1;1;;0;1;;;;1;0;0;;0;1;0.666666666666667;37;0.027027027027027;13;12.0006353303324;tarde
60000086;11000012;1000000612;600000360;2023;11;2;3;1;;00001988;00000008;;;1;0;0;;0;;;0;;;;;;0;1;0;0;2;5;1;0;0;1;0;0;;;0;0;6;0;1;;3;2;;1;1;1;;1;0;0;0;;1;1;;0;1;;;;1;0;0;;0;1;0.666666666666667;37;0.027027027027027;13;12.0006353303324;tarde
60000086;11000012;1000000794;600000472;2023;22;1;1;1;;00004273;00000005;00000017;;1;0;1;0;;;;;;;;;;;1;1;0;2;5;1;0;0;1;0;1;;;0;0;6;0;1;;3;2;;1;1;1;;1;0;0;0;;1;1;;0;1;;;;1;0;0;;0;1;0.666666666666667;37;0.027027027027027;13;12.0006353303324;tarde
60000086;11000012;1000000892;600000526;2023;12;1;1;1;;00003547;00000001;;;1;0;0;0;;;0;;;0;;;;0;1;0;0;2;5;1;0;0;1;0;0;;;0;0;6;0;1;;3;2;;1;1;1;;1;0;0;0;;1;1;;0;1;;;;1;0;0;;0;1;0.666666666666667;37;0.027027027027027;13;12.0006353303324;tarde
60000086;11000012;1000001356;600000840;2023;5;2;1;1;;00000286;00000006;00000026;00004146;1;0;0;;;;;0;0;;;0;;0;1;0;0;2;5;1;0;0;1;0;0;;;0;0;2;0;1;;3;2;;1;1;1;;1;0;0;0;;1;1;;0;1;;;;1;0;0;;0;1;0.666666666666667;37;0.027027027027027;13;12.0006353303324;tarde
60000086;11000012;1000001454;600000933;2023;8;2;0;1;;00003553;00000002;;;1;0;0;;;;;0;;;;;;0;1;0;0;2;5;1;0;0;1;0;0;;;0;0;0;;0;;3;2;;1;1;1;;1;0;0;0;;1;1;;0;1;;;;1;0;0;;0;1;0.666666666666667;37;0.027027027027027;13;12.0006353303324;tarde
60000087;11000012;1000000077;600000047;2023;15;1;0;1;;00002768;00000006;00000015;00000879;1;0;0;;;;;;0;;;;0;0;1;0;0;21;5;1;0;0;1;0;0;2;1;0;0;6;0;1;;3;2;;1;1;1;;1;0;0;0;;1;1;;0;1;;;;1;0;0;;0;1;0.666666666666667;37;0.027027027027027;13;26.478124675923;tarde
60000087;11000012;1000000628;600000370;2023;11;2;3;1;;00002193;00000005;00000023;00000469;1;0;0;0;0;;0;;;;0;;;0;1;0;0;21;5;1;0;0;1;0;0;-2;0;0;1;6;0;1;1;3;2;;1;1;1;;1;0;0;0;;1;1;;0;1;;;;1;0;0;;0;1;0.666666666666667;37;0.027027027027027;13;26.478124675923;tarde
60000088;11000012;1000000334;600000213;2023;11;2;1;1;;00003225;00000008;00000025;00000067;2;0;0;0;;;;;;;;;;0;1;0;1;2;5;1;0;0;1;0;0;;;0;1;6;0;1;1;3;2;;1;1;1;;1;0;0;0;;1;1;;0;1;;;;1;0;0;;0;1;0.666666666666667;37;0.027027027027027;16;31.3946385896998;tarde
60000088;11000012;1000000662;600000390;2023;15;2;1;1;;00001869;00000004;00000021;00000718;1;0;0;;;;;;;;;;;;1;0;0;2;5;1;0;0;1;0;0;;;0;0;6;0;1;;3;2;;1;1;1;;1;0;0;0;;1;1;;0;1;;;;1;0;0;;0;1;0.666666666666667;37;0.027027027027027;16;31.3946385896998;tarde
60000089;11000012;1000000629;600000371;2023;14;2;0;1;;00000154;00000008;00000027;00000437;1;0;0;;;;;0;;;;0;;0;1;0;1;14;5;1;0;0;1;0;0;8;1;0;1;6;0;1;1;3;2;;1;1;1;;1;0;0;0;;1;1;;0;1;;;;1;0;0;;0;1;0.666666666666667;37;0.027027027027027;13;16.1962563567795;tarde
60000089;11000012;1000000678;600000399;2023;17;1;0;1;;00004105;00000002;00000024;00000186;2;0;0;0;0;;;;;;;;;0;1;;;14;5;1;1;0;1;0;0;11;1;1;0;6;0;1;1;3;2;;1;1;1;;1;0;0;0;;1;1;;0;1;;;;1;0;0;;0;1;0.666666666666667;37;0.027027027027027;13;16.1962563567795;tarde
60000089;11000012;1000000713;600000425;2023;10;2;3;1;;00000417;00000005;00000004;00001238;2;0;0;0;;;;;;;;;;0;1;0;0;14;5;1;0;0;1;0;0;4;1;0;0;6;0;1;;3;2;;1;1;1;;1;0;0;0;;1;1;;0;1;;;;1;0;0;;0;1;0.666666666666667;37;0.027027027027027;13;16.1962563567795;tarde
60000089;11000012;1000001022;600000590;2023;14;2;3;1;;00001153;00000007;00000019;00002763;2;0;1;0;0;;0;;;;;;;0;1;0;0;14;5;1;0;0;1;0;0;8;1;0;0;5;0;1;1;3;2;;1;1;1;;1;0;0;0;;1;1;;0;1;;;;1;0;0;;0;1;0.666666666666667;37;0.027027027027027;13;16.1962563567795;tarde
60000089;11000012;1000001230;600000732;2023;10;1;1;1;;00001221;00000004;00000010;00001008;1;0;0;;0;;;;0;;0;;;0;1;0;0;14;5;1;0;0;1;0;0;4;1;0;0;3;0;1;1;3;2;;1;1;1;;1;0;0;0;;1;1;;0;1;;;;1;0;0;;0;1;0.666666666666667;37;0.027027027027027;13;16.1962563567795;tarde
60000089;11000012;1000001337;600000823;2023;23;1;1;1;;00000209;00000003;;00004205;1;0;0;0;;;;;;;;0;0;0;1;0;0;14;5;1;0;0;1;0;1;17;1;0;0;2;0;1;1;3;2;;1;1;1;;1;0;0;0;;1;1;;0;1;;;;1;0;0;;0;1;0.666666666666667;37;0.027027027027027;13;16.1962563567795;tarde
60000089;11000012;1000001500;600000979;2023;14;2;1;1;;00001230;00000006;00000025;;2;0;0;;0;;;;;;;;;0;1;0;0;14;5;1;0;0;1;0;0;8;1;0;0;0;;0;;3;2;;1;1;1;;1;0;0;0;;1;1;;0;1;;;;1;0;0;;0;1;0.666666666666667;37;0.027027027027027;13;16.1962563567795;tarde
60000090;11000012;1000000820;600000486;2023;16;2;1;1;;00000193;00000001;00000004;;1;0;0;;;;;;;;;;0;0;1;0;0;27;5;1;0;0;1;0;0;-1;0;0;0;6;0;1;;3;2;;1;1;1;;1;0;0;0;;1;1;;0;1;;;;1;0;0;;0;1;0.666666666666667;37;0.027027027027027;13;20.7277838001028;tarde
60000090;11000012;1000001368;600000852;2023;14;2;1;1;;00003795;00000002;00000018;00000084;1;0;;0;;;;;;0;;;0;0;1;0;0;27;5;1;0;0;1;0;0;-3;0;0;0;1;0;1;1;3;2;;1;1;1;;1;0;0;0;;1;1;;0;1;;;;1;0;0;;0;1;0.666666666666667;37;0.027027027027027;13;20.7277838001028;tarde
60000091;11000012;1000000102;600000068;2023;16;2;0;1;;00002320;00000009;00000013;00003508;1;0;0;0;;;;0;;0;0;;0;0;1;0;0;1;5;1;0;0;1;0;0;;;0;0;6;0;1;1;3;2;;1;1;1;;1;0;0;0;;1;1;;0;1;;;;1;0;0;;0;1;0.666666666666667;37;0.027027027027027;13;13.4311369841453;tarde
60000091;11000012;1000000392;600000243;2023;12;2;3;1;;00000971;00000001;;00005262;1;1;0;0;;;;;;;;0;;0;1;0;0;1;5;1;0;0;1;0;1;;;0;0;6;0;1;;3;2;;1;1;1;;1;0;0;0;;1;1;;0;1;;;;1;0;0;;0;1;0.666666666666667;37;0.027027027027027;13;13.4311369841453;tarde
60000091;11000012;1000000756;600000447;2023;13;2;0;1;;00003008;00000004;00000019;00004809;1;0;0;;;;;;;;;;0;0;1;0;0;1;5;1;0;0;1;0;0;;;1;0;6;0;1;1;3;2;;1;1;1;;1;0;0;0;;1;1;;0;1;;;;1;0;0;;0;1;0.666666666666667;37;0.027027027027027;13;13.4311369841453;tarde
60000091;11000012;1000001073;600000625;2023;8;1;3;1;;00001106;00000006;;;1;0;0;;;;;;;;;;;0;1;0;0;1;5;1;0;0;1;0;0;;;1;0;5;0;1;;3;2;;1;1;1;;1;0;0;0;;1;1;;0;1;;;;1;0;0;;0;1;0.666666666666667;37;0.027027027027027;13;13.4311369841453;tarde
60000091;11000012;1000001087;600000635;2023;9;2;1;1;;00001978;00000005;00000026;;1;0;0;;;;;;;;;;;0;1;1;0;1;5;1;0;0;1;0;1;;;0;0;5;0;1;;3;2;;1;1;1;;1;0;0;0;;1;1;;0;1;;;;1;0;0;;0;1;0.666666666666667;37;0.027027027027027;13;13.4311369841453;tarde
60000091;11000012;1000001401;600000883;2023;9;2;3;1;;00005429;00000004;;;1;0;1;;1;;0;;;;;;;0;1;0;0;1;5;1;0;0;1;0;0;;;0;0;1;0;1;;3;2;;1;1;1;;1;0;0;0;;1;1;;0;1;;;;1;0;0;;0;1;0.666666666666667;37;0.027027027027027;13;13.4311369841453;tarde
60000091;11000012;1000001453;600000932;2023;5;1;1;1;;00003542;00000009;;00000206;1;0;0;;;;;;0;0;;;;0;1;0;0;1;5;1;0;0;1;0;0;;;0;0;0;;0;;3;2;;1;1;1;;1;0;0;0;;1;1;;0;1;;;;1;0;0;;0;1;0.666666666666667;37;0.027027027027027;13;13.4311369841453;tarde
60000092;11000013;1000000008;600000006;2023;12;1;3;1;;00003743;00000001;;00000120;1;0;0;;;1;;;;;;0;;0;1;0;0;1;5;1;0;0;1;0;0;;;0;0;6;0;1;1;4;2;;1;;;0;;0;0;1;1;0;;0;;;;1;0;;;0;;0;;0.4;40;0;8;8.85406432673335;manha
60000092;11000013;1000000780;600000462;2023;12;1;0;1;;00001904;00000002;;00002864;2;0;1;0;;;;;0;;;;;0;1;0;0;1;5;1;0;0;1;0;1;;;0;1;6;0;1;;4;2;;1;;;0;;0;0;1;1;0;;0;;;;1;0;;;0;;0;;0.4;40;0;8;8.85406432673335;manha
60000092;11000013;1000001051;600000608;2023;19;1;1;1;;00004087;00000001;00000001;;1;1;0;0;;;;;;;;0;0;0;1;0;0;1;5;1;0;0;1;0;0;;;0;1;5;0;1;;4;2;;1;;;0;;0;0;1;1;0;;0;;;;1;0;;;0;;0;;0.4;40;0;8;8.85406432673335;manha
60000092;11000013;1000001432;600000912;2023;11;2;3;1;;00001441;00000006;00000011;00004981;1;0;1;;1;;0;;;;0;0;;0;1;0;0;1;5;1;0;0;1;0;0;;;0;0;1;0;1;1;4;2;;1;;;0;;0;0;1;1;0;;0;;;;1;0;;;0;;0;;0.4;40;0;8;8.85406432673335;manha
60000092;11000013;1000001469;600000948;2023;16;2;3;1;;00005558;00000004;00000015;;1;0;1;0;;;0;;;;;0;;0;1;0;0;1;5;1;0;0;1;0;1;;;0;0;0;;0;;4;2;;1;;;0;;0;0;1;1;0;;0;;;;1;0;;;0;;0;;0.4;40;0;8;8.85406432673335;manha
60000093;11000013;1000000531;600000313;2023;16;2;3;1;;00003069;00000002;;;1;0;0;0;;;0;;0;;;;;0;1;0;0;41;;1;0;0;1;0;0;2;1;1;0;6;1;1;;4;2;;1;;;0;;0;0;1;1;0;;0;;;;1;0;;;0;;0;;0.4;40;0;7;20.1464407274034;manha
60000093;11000013;1000000689;600000409;2023;13;2;0;1;;00004694;00000007;;;1;0;0;;;0;;;;;;;;;1;0;0;41;;1;0;0;1;0;1;-1;0;2;0;6;0;1;;4;2;;1;;;0;;0;0;1;1;0;;0;;;;1;0;;;0;;0;;0.4;40;0;7;20.1464407274034;manha
60000093;11000013;1000000894;600000527;2023;21;1;1;1;;00003112;00000008;00000027;00000268;1;0;0;;0;;;0;0;;;0;;;1;0;0;41;;1;0;0;1;0;0;7;1;0;0;6;0;1;1;4;2;;1;;;0;;0;0;1;1;0;;0;;;;1;0;;;0;;0;;0.4;40;0;7;20.1464407274034;manha
60000093;11000013;1000001449;600000928;2023;57;1;1;1;;00004970;00000008;00000013;00004725;1;0;1;;;1;0;;;;0;0;;0;1;0;1;41;;1;0;0;1;0;0;43;1;0;0;0;;0;;4;2;;1;;;0;;0;0;1;1;0;;0;;;;1;0;;;0;;0;;0.4;40;0;7;20.1464407274034;manha
60000093;11000013;1000001462;600000941;2023;12;1;3;1;;00001865;00000004;00000027;00004677;1;0;0;;;;0;;;;;;;0;1;0;1;41;;1;0;0;1;0;0;-2;0;0;0;0;;0;;4;2;;1;;;0;;0;0;1;1;0;;0;;;;1;0;;;0;;0;;0.4;40;0;7;20.1464407274034;manha
60000093;11000013;1000001517;600000996;2023;9;2;1;1;;00001163;00000001;;00005325;2;0;0;0;;;;;;;;;;0;1;0;0;41;;1;0;0;1;0;0;-5;0;0;0;0;;0;;4;2;;1;;;0;;0;0;1;1;0;;0;;;;1;0;;;0;;0;;0.4;40;0;7;20.1464407274034;manha
60000094;11000013;1000000162;600000101;2023;22;1;0;1;;00001443;00000001;00000017;00001065;1;0;0;;;1;;;;0;;;;0;1;0;0;27;5;1;0;0;1;0;0;5;1;0;0;6;0;1;;4;2;;1;;;0;;0;0;1;1;0;;0;;;;1;0;;;0;;0;;0.4;40;0;13;6.85891716158949;tarde
60000094;11000013;1000000538;600000318;2023;13;2;1;1;;00000118;00000003;;00003024;1;0;1;;;1;;;;0;0;1;;0;1;0;;27;5;1;0;0;1;0;0;-4;0;0;0;6;0;1;;4;2;;1;;;0;;0;0;1;1;0;;0;;;;1;0;;;0;;0;;0.4;40;0;13;6.85891716158949;tarde
60000094;11000013;1000001341;600000826;2023;12;2;1;1;;00002695;00000009;;;1;0;0;;;;;;;;;;;0;1;0;0;27;5;1;0;0;1;0;0;-5;0;0;0;2;0;1;;4;2;;1;;;0;;0;0;1;1;0;;0;;;;1;0;;;0;;0;;0.4;40;0;13;6.85891716158949;tarde
60000094;11000013;1000001443;600000922;2023;13;1;3;1;;00002563;00000002;00000022;00005046;2;0;0;;;;;;;;;;0;0;1;1;0;27;5;1;0;0;1;0;0;-4;0;0;0;0;;0;;4;2;;1;;;0;;0;0;1;1;0;;0;;;;1;0;;;0;;0;;0.4;40;0;13;6.85891716158949;tarde
60000094;11000013;1000001461;600000940;2023;11;2;3;1;;00004433;00000001;00000009;;1;0;1;;;;;;;0;;;;0;1;0;0;27;5;1;0;0;1;0;0;-6;0;0;0;0;;0;;4;2;;1;;;0;;0;0;1;1;0;;0;;;;1;0;;;0;;0;;0.4;40;0;13;6.85891716158949;tarde
60000095;11000013;1000000801;600000476;2023;8;1;3;1;;00001019;00000009;00000016;00003205;1;0;1;;;;0;0;0;0;0;0;;0;1;0;0;;5;1;0;0;1;0;0;;;1;0;6;1;1;1;4;2;;1;;;0;;0;0;1;1;0;;0;;;;1;0;;;0;;0;;0.4;40;0;13;8.59276698902249;tarde
60000095;11000013;1000000944;600000556;2023;10;2;1;1;;00003792;00000005;;00002435;1;0;1;;;1;;0;;0;;;;0;1;0;0;;5;1;0;0;1;0;0;;;0;1;6;0;1;1;4;2;;1;;;0;;0;0;1;1;0;;0;;;;1;0;;;0;;0;;0.4;40;0;13;8.59276698902249;tarde
60000095;11000013;1000001102;600000641;2023;8;2;3;1;;00004215;00000001;00000021;;1;0;0;;1;;0;;;;;;;0;1;0;0;;5;1;0;0;1;0;0;;;0;0;4;0;1;;4;2;;1;;;0;;0;0;1;1;0;;0;;;;1;0;;;0;;0;;0.4;40;0;13;8.59276698902249;tarde
60000095;11000013;1000001121;600000655;2023;7;2;1;3;;00003235;00000006;00000007;00003169;1;0;0;;;;;;;;0;;;0;1;0;0;;5;1;0;0;1;0;0;;;0;0;4;0;1;1;4;2;;1;;;0;;0;0;1;1;0;;0;;;;1;0;;;0;;0;;0.4;40;0;13;8.59276698902249;tarde
60000095;11000013;1000001212;600000717;2023;12;1;1;1;;00003302;00000007;;;1;0;0;0;;1;0;;0;;0;0;;0;1;0;0;;5;1;0;0;1;0;0;;;0;0;3;0;1;;4;2;;1;;;0;;0;0;1;1;0;;0;;;;1;0;;;0;;0;;0.4;40;0;13;8.59276698902249;tarde
60000095;11000013;1000001392;600000874;2023;5;1;1;1;;00001853;00000003;;00000504;1;0;0;;;;;;;;;;;0;1;0;;;5;1;0;0;1;0;0;;;0;0;1;0;1;;4;2;;1;;;0;;0;0;1;1;0;;0;;;;1;0;;;0;;0;;0.4;40;0;13;8.59276698902249;tarde
60000095;11000013;1000001506;600000985;2023;9;1;1;1;;00004299;00000002;00000020;;1;1;0;;;;;0;;;;;;0;1;1;;;5;1;0;0;1;0;0;;;0;0;0;;0;;4;2;;1;;;0;;0;0;1;1;0;;0;;;;1;0;;;0;;0;;0.4;40;0;13;8.59276698902249;tarde
60000096;11000013;1000000177;600000113;2023;22;1;1;1;;00004201;00000009;00000015;00004638;1;0;0;;;1;;;;0;;;;0;1;0;;;1;1;0;0;1;0;0;;;0;0;6;0;1;1;4;2;;1;;;0;;0;0;1;1;0;;0;;;;1;0;;;0;;0;;0.4;40;0;13;30.6319877144415;tarde
60000096;11000013;1000001140;600000665;2023;19;1;1;1;;00004422;00000009;00000009;00004572;1;0;1;;;;;;;;;;;1;1;0;0;;1;1;0;0;1;0;0;;;0;0;4;0;1;;4;2;;1;;;0;;0;0;1;1;0;;0;;;;1;0;;;0;;0;;0.4;40;0;13;30.6319877144415;tarde
60000097;11000013;1000000107;600000070;2023;10;2;0;1;;00005179;00000001;00000026;00005170;1;0;0;;;;;;;;;;;0;1;0;0;15;6;1;0;0;1;0;1;3;1;1;0;6;0;1;1;4;2;;1;;;0;;0;0;1;1;0;;0;;;;1;0;;;0;;0;;0.4;40;0;13;14.4833687960636;tarde
60000097;11000013;1000000219;600000142;2023;8;2;3;1;;00004148;00000009;00000020;00000207;1;0;0;;0;;0;;;;;0;;0;1;0;0;15;6;1;0;0;1;0;0;1;0;0;0;6;0;1;1;4;2;;1;;;0;;0;0;1;1;0;;0;;;;1;0;;;0;;0;;0.4;40;0;13;14.4833687960636;tarde
60000097;11000013;1000000882;600000520;2023;12;1;1;1;;00002134;00000006;00000008;00003326;1;0;0;0;;;;;0;0;;0;;0;1;0;;15;6;1;0;0;1;0;0;5;1;0;0;6;0;1;1;4;2;;1;;;0;;0;0;1;1;0;;0;;;;1;0;;;0;;0;;0.4;40;0;13;14.4833687960636;tarde
60000097;11000013;1000001043;600000604;2023;12;1;3;1;;00005136;00000002;00000025;;1;0;0;;;;0;;;0;;;;0;1;0;0;15;6;1;0;0;1;0;0;5;1;0;0;5;0;1;;4;2;;1;;;0;;0;0;1;1;0;;0;;;;1;0;;;0;;0;;0.4;40;0;13;14.4833687960636;tarde
60000097;11000013;1000001204;600000709;2023;5;1;3;1;;00001666;00000001;;00005058;1;0;0;;;1;;;;;0;;0;0;1;0;0;15;6;1;0;0;1;0;0;-2;0;0;0;3;0;1;1;4;2;;1;;;0;;0;0;1;1;0;;0;;;;1;0;;;0;;0;;0.4;40;0;13;14.4833687960636;tarde
60000097;11000013;1000001507;600000986;2023;4;2;3;1;;00003662;00000002;00000015;;2;0;0;0;;;;;;;;;;0;1;0;0;15;6;1;0;0;1;0;0;-3;0;0;0;0;;0;;4;2;;1;;;0;;0;0;1;1;0;;0;;;;1;0;;;0;;0;;0.4;40;0;13;14.4833687960636;tarde
60000098;11000013;1000000778;600000460;2023;10;1;1;1;;00003937;00000003;;00003550;1;0;0;;1;;;;;;;0;;0;1;0;0;27;6;1;0;0;1;0;0;-7;0;0;0;6;0;1;1;4;2;;1;;;0;;0;0;1;1;0;;0;;;;1;0;;;0;;0;;0.4;40;0;13;0.669661383144558;tarde
60000098;11000013;1000001166;600000682;2023;9;1;1;1;;00002031;00000003;00000020;;1;0;0;;;;;;;;;;;0;1;0;0;27;6;1;0;0;1;0;0;-8;0;0;0;4;0;1;;4;2;;1;;;0;;0;0;1;1;0;;0;;;;1;0;;;0;;0;;0.4;40;0;13;0.669661383144558;tarde
60000098;11000013;1000001519;600000998;2023;22;1;3;1;;00001904;00000008;00000020;00002892;1;0;0;;;1;;0;;;;;;0;1;0;0;27;6;1;0;1;1;0;;5;1;0;0;0;;0;;4;2;;1;;;0;;0;0;1;1;0;;0;;;;1;0;;;0;;0;;0.4;40;0;13;0.669661383144558;tarde
60000099;11000014;1000001521;600001000;2023;4;2;1;1;;00003704;00000001;00000014;;1;0;0;;;0;;;;;0;;;0;1;0;0;1;5;1;0;0;1;0;0;;;0;0;0;;0;;4;2;;;1;1;0;;;;0;0;;0;;0;1;1;0;0;;0;0;0;;6;0.363636363636364;21;0.285714285714286;7;27.7345024666283;manha
60000100;11000014;1000001231;600000733;2023;9;1;0;1;;00000315;00000009;00000019;00002804;1;0;0;0;;;;0;;;;;;0;1;0;0;20;5;1;0;0;1;0;0;-3;0;0;0;3;0;1;1;4;2;;;1;1;0;;;;0;0;;0;;0;1;1;0;0;;0;0;0;;6;0.363636363636364;21;0.285714285714286;7;0.114473300054669;manha
60000101;11000014;1000001425;600000906;2023;9;1;0;1;;00000168;00000002;00000018;00005308;1;0;0;;;;;;;;;;;;1;0;0;15;5;1;0;0;1;0;0;2;1;0;0;1;0;1;;4;2;;;1;1;0;;;;0;0;;0;;0;1;1;0;0;;0;0;0;;6;0.363636363636364;21;0.285714285714286;9;33.1468987152912;manha
60000102;11000014;1000000787;600000468;2023;12;1;2;1;;00001890;00000004;;;1;0;0;0;;;;;;;;;;0;1;0;0;;5;1;0;0;1;0;0;;;1;0;6;1;1;;4;2;;;1;1;0;;;;0;0;;0;;0;1;1;0;0;;0;0;0;;6;0.363636363636364;21;0.285714285714286;19;28.7559330550721;noite
60000102;11000014;1000000948;600000559;2023;13;2;3;1;;00004936;00000008;00000027;00004101;1;0;0;;;;0;;;;;;;0;1;0;0;;5;1;0;0;1;0;0;;;0;0;6;0;1;1;4;2;;;1;1;0;;;;0;0;;0;;0;1;1;0;0;;0;0;0;;6;0.363636363636364;21;0.285714285714286;19;28.7559330550721;noite
60000102;11000014;1000001203;600000708;2023;16;1;0;1;;00000346;00000005;00000002;;1;0;0;;;;;;;;;;;0;1;0;0;;5;1;0;0;1;0;1;;;0;0;3;0;1;;4;2;;;1;1;0;;;;0;0;;0;;0;1;1;0;0;;0;0;0;;6;0.363636363636364;21;0.285714285714286;19;28.7559330550721;noite
60000102;11000014;1000001258;600000756;2023;7;2;3;1;;00002128;00000008;00000023;00002941;1;1;0;;;;;;;0;;;;0;1;0;0;;5;1;0;0;1;0;0;;;0;0;3;0;1;;4;2;;;1;1;0;;;;0;0;;0;;0;1;1;0;0;;0;0;0;;6;0.363636363636364;21;0.285714285714286;19;28.7559330550721;noite
60000103;11000014;1000000609;600000358;2023;13;1;0;1;;00001161;00000005;00000016;00004084;2;1;0;;;;;;;;;;;0;1;0;1;2;5;1;0;0;1;0;0;;;0;1;6;0;1;1;4;2;;;1;1;0;;;;0;0;;0;;0;1;1;0;0;;0;0;0;;6;0.363636363636364;21;0.285714285714286;7;1.24343023169786;manha
60000103;11000014;1000001484;600000963;2023;7;1;3;1;;00001398;00000003;;00004577;1;0;0;;0;;;;;;0;;;0;1;0;0;2;5;1;0;0;1;0;0;;;0;0;0;;0;;4;2;;;1;1;0;;;;0;0;;0;;0;1;1;0;0;;0;0;0;;6;0.363636363636364;21;0.285714285714286;7;1.24343023169786;manha
60000104;11000014;1000000256;600000168;2023;18;1;0;1;;00001170;00000007;;00004065;1;0;0;;;;0;;;;0;;;0;1;;0;1;5;1;0;0;1;0;0;;;0;0;6;0;1;1;4;2;;;1;1;0;;;;0;0;;0;;0;1;1;0;0;;0;0;0;;6;0.363636363636364;21;0.285714285714286;13;24.394582027453;tarde
60000104;11000014;1000000321;600000204;2023;21;1;3;1;;00004521;00000001;;;1;0;0;;;;;0;;0;;;;0;1;0;0;1;5;1;0;0;1;0;0;;;1;0;6;1;1;;4;2;;;1;1;0;;;;0;0;;0;;0;1;1;0;0;;0;0;0;;6;0.363636363636364;21;0.285714285714286;13;24.394582027453;tarde
60000104;11000014;1000000361;600000227;2023;12;1;0;1;;00002120;00000009;00000014;00002419;1;0;0;;;;;;;0;;;;0;1;0;0;1;5;1;0;0;1;0;0;;;0;0;6;0;1;1;4;2;;;1;1;0;;;;0;0;;0;;0;1;1;0;0;;0;0;0;;6;0.363636363636364;21;0.285714285714286;13;24.394582027453;tarde
60000104;11000014;1000000415;600000253;2023;20;1;1;1;;00001598;00000008;;00002410;1;0;0;;;;;;;;;;0;0;1;0;0;1;5;1;0;0;1;0;0;;;0;0;6;0;1;;4;2;;;1;1;0;;;;0;0;;0;;0;1;1;0;0;;0;0;0;;6;0.363636363636364;21;0.285714285714286;13;24.394582027453;tarde
60000104;11000014;1000000927;600000545;2023;15;1;1;1;;00001012;00000002;00000021;00000967;1;0;1;;;;0;;;0;;0;0;0;1;0;0;1;5;1;0;0;1;0;1;;;0;1;6;0;1;1;4;2;;;1;1;0;;;;0;0;;0;;0;1;1;0;0;;0;0;0;;6;0.363636363636364;21;0.285714285714286;13;24.394582027453;tarde
60000104;11000014;1000001211;600000716;2023;8;2;1;1;;00000780;00000008;;;1;0;0;;;;;;;0;;0;0;0;1;0;0;1;5;1;0;0;1;0;0;;;1;0;3;0;1;;4;2;;;1;1;0;;;;0;0;;0;;0;1;1;0;0;;0;0;0;;6;0.363636363636364;21;0.285714285714286;13;24.394582027453;tarde
60000104;11000014;1000001366;600000850;2023;4;1;0;1;;00003644;00000009;00000016;;1;0;0;;;;;;;;;;0;0;1;0;0;1;5;1;0;0;1;0;0;;;0;0;1;0;1;;4;2;;;1;1;0;;;;0;0;;0;;0;1;1;0;0;;0;0;0;;6;0.363636363636364;21;0.285714285714286;13;24.394582027453;tarde
60000105;11000014;1000000151;600000094;2023;15;2;1;1;;00004710;00000002;;00004165;1;0;1;;;;;;;;;;;0;1;1;0;;5;1;0;0;1;0;0;;;0;0;6;0;1;1;4;2;;;1;1;0;;;;0;0;;0;;0;1;1;0;0;;0;0;0;;6;0.363636363636364;21;0.285714285714286;13;24.3436155328527;tarde
60000105;11000014;1000001339;600000824;2023;14;1;1;1;;00003806;00000004;00000012;;1;0;0;;;;;;;;;0;;;1;0;0;;5;1;0;0;1;0;1;;;0;0;2;0;1;;4;2;;;1;1;0;;;;0;0;;0;;0;1;1;0;0;;0;0;0;;6;0.363636363636364;21;0.285714285714286;13;24.3436155328527;tarde
60000105;11000014;1000001479;600000958;2023;9;2;1;1;;00002170;00000007;;;1;0;0;;;1;;;;;0;0;;0;1;0;0;;5;1;0;0;1;0;0;;;0;0;0;;0;;4;2;;;1;1;0;;;;0;0;;0;;0;1;1;0;0;;0;0;0;;6;0.363636363636364;21;0.285714285714286;13;24.3436155328527;tarde
60000106;11000015;1000000017;600000010;2023;18;1;0;1;;00001680;00000003;00000002;00004580;1;0;0;;0;1;0;;;;;0;0;0;1;0;1;41;5;1;0;0;1;0;0;4;1;0;0;6;0;1;1;2;1;;1;1;1;;1;0;;;1;0;1;0;;1;;;;;2;0;1;0;;0.7;26;0.115384615384615;11;6.08283969340846;manha
60000106;11000015;1000000083;600000052;2023;12;2;0;1;;00003740;00000002;00000004;;1;0;0;;1;;;0;;;;0;;0;1;0;0;41;5;1;0;0;1;0;0;-2;0;0;0;6;0;1;;2;1;;1;1;1;;1;0;;;1;0;1;0;;1;;;;;2;0;1;0;;0.7;26;0.115384615384615;11;6.08283969340846;manha
60000107;11000015;1000000259;600000169;2023;12;1;1;1;;00002035;00000006;;00001176;1;0;1;;;;0;;;;;;0;0;1;0;0;14;5;1;0;0;1;0;0;6;1;0;0;6;0;1;;2;1;;1;1;1;;1;0;;;1;0;1;0;;1;;;;;2;0;1;0;;0.7;26;0.115384615384615;13;20.243180313264;tarde
60000108;11000015;1000000190;600000120;2023;16;1;3;1;;00002115;00000001;00000020;00005070;1;0;0;;;1;;;0;;;;0;0;1;0;0;19;5;1;0;0;1;0;0;5;1;0;0;6;0;1;1;2;1;;1;1;1;;1;0;;;1;0;1;0;;1;;;;;2;0;1;0;;0.7;26;0.115384615384615;13;21.5745391184464;tarde
60000108;11000015;1000001375;600000857;2023;8;2;1;1;;00000286;00000006;00000022;;1;0;1;;0;;;;;;;;;0;1;0;;19;5;1;0;0;1;0;0;-3;0;0;0;1;0;1;;2;1;;1;1;1;;1;0;;;1;0;1;0;;1;;;;;2;0;1;0;;0.7;26;0.115384615384615;13;21.5745391184464;tarde
60000108;11000015;1000001450;600000929;2023;53;1;3;1;;00003436;00000006;;00000736;2;0;1;;;;;0;;;;;;0;1;1;0;19;5;1;0;0;1;0;0;42;1;0;0;0;;0;;2;1;;1;1;1;;1;0;;;1;0;1;0;;1;;;;;2;0;1;0;;0.7;26;0.115384615384615;13;21.5745391184464;tarde
60000108;11000015;1000001471;600000950;2023;8;2;0;1;;00001946;00000002;;00000166;1;0;0;;;;;;;;;;;0;1;0;0;19;5;1;0;0;1;0;0;-3;0;0;0;0;;0;;2;1;;1;1;1;;1;0;;;1;0;1;0;;1;;;;;2;0;1;0;;0.7;26;0.115384615384615;13;21.5745391184464;tarde
60000109;11000015;1000000430;600000263;2023;13;2;1;1;;00003093;00000007;00000018;00004078;1;0;0;;;1;;;0;;;;;0;1;0;0;;5;1;0;0;1;0;0;;;0;0;6;0;1;1;2;1;;1;1;1;;1;0;;;1;0;1;0;;1;;;;;2;0;1;0;;0.7;26;0.115384615384615;7;22.4747504049446;manha
60000109;11000015;1000000784;600000466;2023;11;2;1;1;;00004318;00000007;00000025;;1;0;0;0;;;;;;;;;0;;1;0;;;5;1;0;0;1;0;0;;;0;0;6;0;1;;2;1;;1;1;1;;1;0;;;1;0;1;0;;1;;;;;2;0;1;0;;0.7;26;0.115384615384615;7;22.4747504049446;manha
60000109;11000015;1000001067;600000619;2023;16;2;1;1;;00005201;00000004;00000002;;2;0;0;;;;;;;;;;;;1;1;;;5;1;0;0;1;0;0;;;0;1;5;0;1;;2;1;;1;1;1;;1;0;;;1;0;1;0;;1;;;;;2;0;1;0;;0.7;26;0.115384615384615;7;22.4747504049446;manha
60000109;11000015;1000001234;600000734;2023;10;2;1;1;;00000746;00000002;00000027;00002021;1;0;0;0;;;;;;;;;;0;1;0;0;;5;1;0;0;1;0;1;;;0;0;3;0;1;;2;1;;1;1;1;;1;0;;;1;0;1;0;;1;;;;;2;0;1;0;;0.7;26;0.115384615384615;7;22.4747504049446;manha
60000109;11000015;1000001332;600000818;2023;17;1;1;1;;00001643;00000005;00000020;;1;0;;;0;;;;;;0;;0;0;1;0;0;;5;1;0;0;1;0;0;;;0;0;2;0;1;;2;1;;1;1;1;;1;0;;;1;0;1;0;;1;;;;;2;0;1;0;;0.7;26;0.115384615384615;7;22.4747504049446;manha
60000110;11000015;1000000279;600000182;2023;15;2;1;1;;00001185;00000006;;00001068;1;0;0;;;;;;;;;;0;0;1;0;0;15;5;1;0;0;1;0;0;8;1;0;0;6;0;1;1;2;1;;1;1;1;;1;0;;;1;0;1;0;;1;;;;;2;0;1;0;;0.7;26;0.115384615384615;7;11.041351252934;manha
60000110;11000015;1000000757;600000448;2023;20;2;1;1;;00004304;00000002;;00004724;1;0;0;;;;;;;;;0;0;0;1;0;1;15;5;1;0;0;1;0;0;13;1;0;0;6;0;1;1;2;1;;1;1;1;;1;0;;;1;0;1;0;;1;;;;;2;0;1;0;;0.7;26;0.115384615384615;7;11.041351252934;manha
60000110;11000015;1000001477;600000956;2023;9;2;0;1;;00003843;00000004;00000015;00000886;1;0;0;;;;;;0;;;;;0;1;0;;15;5;1;0;0;1;0;0;2;1;0;0;0;;0;;2;1;;1;1;1;;1;0;;;1;0;1;0;;1;;;;;2;0;1;0;;0.7;26;0.115384615384615;7;11.041351252934;manha
60000111;11000015;1000000228;600000146;2023;19;2;3;1;;00005295;00000007;00000015;;2;0;1;;;;0;;;;;;;0;1;0;0;20;5;1;0;0;1;0;0;7;1;0;0;6;0;1;;2;1;;1;1;1;;1;0;;;1;0;1;0;;1;;;;;2;0;1;0;;0.7;26;0.115384615384615;7;44.5306905838661;manha
60000111;11000015;1000000296;600000192;2023;10;1;2;1;;00004116;00000003;00000027;00003124;2;0;0;;;;;;;0;0;;;0;1;0;0;20;5;1;0;0;1;0;0;-2;0;0;1;6;0;1;1;2;1;;1;1;1;;1;0;;;1;0;1;0;;1;;;;;2;0;1;0;;0.7;26;0.115384615384615;7;44.5306905838661;manha
60000111;11000015;1000000929;600000547;2023;14;2;3;1;;00001065;00000008;00000026;00003801;2;0;0;;;0;;;0;;0;;;;1;0;0;20;5;1;0;0;1;0;0;2;1;0;1;6;0;1;1;2;1;;1;1;1;;1;0;;;1;0;1;0;;1;;;;;2;0;1;0;;0.7;26;0.115384615384615;7;44.5306905838661;manha
60000112;11000015;1000000199;600000126;2023;10;2;1;1;;00000166;00000004;00000023;00002115;1;0;0;;;;;;;;;;;;1;0;0;41;5;1;0;0;1;0;0;-4;0;0;0;6;0;1;1;2;1;;1;1;1;;1;0;;;1;0;1;0;;1;;;;;2;0;1;0;;0.7;26;0.115384615384615;7;35.2357016517781;manha
60000112;11000015;1000001064;600000616;2023;13;2;3;1;;00004717;00000004;00000005;;1;0;0;;;;0;0;;;;;;0;1;;0;41;5;1;0;0;1;0;0;-1;0;0;0;5;0;1;;2;1;;1;1;1;;1;0;;;1;0;1;0;;1;;;;;2;0;1;0;;0.7;26;0.115384615384615;7;35.2357016517781;manha
60000112;11000015;1000001482;600000961;2023;12;2;2;1;;00000122;00000005;00000022;;1;0;0;;1;;;;;;0;;0;0;1;0;0;41;5;1;0;0;1;0;0;-2;0;0;0;0;;0;;2;1;;1;1;1;;1;0;;;1;0;1;0;;1;;;;;2;0;1;0;;0.7;26;0.115384615384615;7;35.2357016517781;manha
60000113;11000016;1000000178;600000114;2023;23;2;0;1;;00005004;00000001;00000022;;2;0;0;;;;0;0;;;;;;0;1;0;0;;5;1;0;0;1;0;0;;;1;0;6;0;1;;3;2;;1;1;;0;;1;0;;;;1;;1;;1;0;1;1;0;0;;1;1;0.727272727272727;34;0.0588235294117647;7;17.8967743506655;manha
60000113;11000016;1000000736;600000437;2023;15;2;0;1;;00001366;00000007;00000018;;1;0;0;0;;;0;;;;;;;0;1;0;;;5;1;0;0;1;0;0;;;2;1;6;1;1;;3;2;;1;1;;0;;1;0;;;;1;;1;;1;0;1;1;0;0;;1;1;0.727272727272727;34;0.0588235294117647;7;17.8967743506655;manha
60000113;11000016;1000001399;600000881;2023;16;1;1;1;;00000566;00000002;00000017;00002711;1;0;0;;;;;;0;;;;0;0;1;0;0;;5;1;0;0;1;0;0;;;0;0;1;0;1;;3;2;;1;1;;0;;1;0;;;;1;;1;;1;0;1;1;0;0;;1;1;0.727272727272727;34;0.0588235294117647;7;17.8967743506655;manha
60000113;11000016;1000001501;600000980;2023;16;1;3;1;;00000573;00000009;00000020;;1;0;0;;;;;;0;;;;;0;1;;0;;5;1;0;0;1;0;0;;;0;0;0;;0;;3;2;;1;1;;0;;1;0;;;;1;;1;;1;0;1;1;0;0;;1;1;0.727272727272727;34;0.0588235294117647;7;17.8967743506655;manha
60000114;11000016;1000000748;600000443;2023;7;1;0;1;;00002791;00000003;00000004;00005418;1;1;1;;;1;0;;0;;;;;0;1;0;0;2;5;1;0;0;1;0;0;;;0;0;6;0;1;;3;2;;1;1;;0;;1;0;;;;1;;1;;1;0;1;1;0;0;;1;1;0.727272727272727;34;0.0588235294117647;18;9.08155083656311;noite
60000114;11000016;1000000766;600000452;2023;7;2;3;1;;00001433;00000005;00000005;;1;0;0;;;;;;;;;;;0;1;0;0;2;5;1;0;0;1;0;0;;;0;0;6;0;1;;3;2;;1;1;;0;;1;0;;;;1;;1;;1;0;1;1;0;0;;1;1;0.727272727272727;34;0.0588235294117647;18;9.08155083656311;noite
60000114;11000016;1000000881;600000519;2023;10;2;0;1;;00001582;00000006;00000006;00001704;1;0;1;;0;;;;;0;0;;;0;1;0;0;2;5;1;0;0;1;0;0;;;0;0;6;0;1;;3;2;;1;1;;0;;1;0;;;;1;;1;;1;0;1;1;0;0;;1;1;0.727272727272727;34;0.0588235294117647;18;9.08155083656311;noite
60000114;11000016;1000001077;600000628;2023;17;1;3;1;;00004421;00000008;00000007;;1;0;0;;;;;;;0;;;;0;1;0;0;2;5;1;0;0;1;0;0;;;1;0;5;0;1;;3;2;;1;1;;0;;1;0;;;;1;;1;;1;0;1;1;0;0;;1;1;0.727272727272727;34;0.0588235294117647;18;9.08155083656311;noite
60000114;11000016;1000001091;600000637;2023;17;1;3;1;;00005141;00000008;00000017;00003201;1;0;0;;;1;;;0;0;;;;0;1;0;;2;5;1;0;0;1;0;0;;;0;0;5;0;1;;3;2;;1;1;;0;;1;0;;;;1;;1;;1;0;1;1;0;0;;1;1;0.727272727272727;34;0.0588235294117647;18;9.08155083656311;noite
60000114;11000016;1000001189;600000701;2023;13;1;1;1;;00004312;00000008;00000004;;1;0;0;;;;;;0;;;;;0;1;0;0;2;5;1;1;0;1;0;0;;;1;0;3;0;1;;3;2;;1;1;;0;;1;0;;;;1;;1;;1;0;1;1;0;0;;1;1;0.727272727272727;34;0.0588235294117647;18;9.08155083656311;noite
60000114;11000016;1000001202;600000707;2023;10;2;0;1;;00001175;00000005;00000027;00004585;1;0;1;;;0;;;;;;0;0;0;1;0;0;2;5;1;0;0;1;0;0;;;0;0;3;0;1;;3;2;;1;1;;0;;1;0;;;;1;;1;;1;0;1;1;0;0;;1;1;0.727272727272727;34;0.0588235294117647;18;9.08155083656311;noite
60000115;11000016;1000000650;600000383;2023;16;1;0;1;;00000984;00000005;;00005376;1;0;0;;0;;;;;;;;;0;1;0;;31;4;1;0;0;1;0;0;0;0;0;0;6;0;1;1;3;2;;1;1;;0;;1;0;;;;1;;1;;1;0;1;1;0;0;;1;1;0.727272727272727;34;0.0588235294117647;15;13.7851040426176;tarde
60000115;11000016;1000000726;600000430;2023;15;1;3;1;;00000799;00000005;00000005;00003630;1;0;0;;;;;0;;;0;;;0;1;0;0;31;4;1;0;0;1;0;0;-1;0;0;1;6;0;1;1;3;2;;1;1;;0;;1;0;;;;1;;1;;1;0;1;1;0;0;;1;1;0.727272727272727;34;0.0588235294117647;15;13.7851040426176;tarde
60000116;11000016;1000000113;600000075;2023;14;2;3;1;;00002990;00000001;00000013;;1;0;0;;;1;;;;0;;;;;1;0;0;;5;1;0;0;1;0;0;;;0;0;6;0;1;;3;2;;1;1;;0;;1;0;;;;1;;1;;1;0;1;1;0;0;;1;1;0.727272727272727;34;0.0588235294117647;7;9.62602933286689;manha
60000116;11000016;1000000247;600000159;2023;20;1;0;1;;00002529;00000007;00000005;00004385;1;0;1;;;;;0;0;;;0;;0;1;1;0;;5;1;0;0;1;0;0;;;0;0;6;0;1;;3;2;;1;1;;0;;1;0;;;;1;;1;;1;0;1;1;0;0;;1;1;0.727272727272727;34;0.0588235294117647;7;9.62602933286689;manha
60000116;11000016;1000000371;600000235;2023;15;1;0;1;;00004521;00000002;00000023;00004229;1;0;0;;1;;;0;;;;;;;1;0;0;;5;1;0;0;1;0;0;;;0;0;6;0;1;;3;2;;1;1;;0;;1;0;;;;1;;1;;1;0;1;1;0;0;;1;1;0.727272727272727;34;0.0588235294117647;7;9.62602933286689;manha
60000116;11000016;1000001359;600000843;2023;17;1;0;1;;00002226;00000009;00000025;;1;0;1;0;;;;;;;;;;0;1;0;0;;5;1;0;0;1;0;0;;;1;0;2;0;1;;3;2;;1;1;;0;;1;0;;;;1;;1;;1;0;1;1;0;0;;1;1;0.727272727272727;34;0.0588235294117647;7;9.62602933286689;manha
60000117;11000016;1000000004;600000002;2023;12;1;3;1;;00004923;00000004;00000026;;1;0;0;;;;0;;0;;;;;0;1;0;0;41;5;1;0;0;1;0;0;-2;0;0;0;6;0;1;;3;2;;1;1;;0;;1;0;;;;1;;1;;1;0;1;1;0;0;;1;1;0.727272727272727;34;0.0588235294117647;13;19.0734335768502;tarde
60000117;11000016;1000000124;600000079;2023;11;1;0;1;;00003352;00000007;00000013;00004808;1;0;0;;;;0;;;0;0;;;;1;0;0;41;5;1;1;0;1;0;0;-3;0;1;0;6;0;1;1;3;2;;1;1;;0;;1;0;;;;1;;1;;1;0;1;1;0;0;;1;1;0.727272727272727;34;0.0588235294117647;13;19.0734335768502;tarde
60000117;11000016;1000000171;600000108;2023;21;1;0;1;;00002705;00000009;00000019;00003279;1;0;0;;;;;;;;0;;;0;1;0;0;41;5;1;0;0;1;0;1;7;1;0;0;6;0;1;1;3;2;;1;1;;0;;1;0;;;;1;;1;;1;0;1;1;0;0;;1;1;0.727272727272727;34;0.0588235294117647;13;19.0734335768502;tarde
60000117;11000016;1000000353;600000221;2023;20;1;1;1;;00002018;00000001;00000006;00001181;1;0;0;;1;1;;;;;1;;;0;1;0;0;41;5;1;0;0;1;0;0;6;1;0;0;6;0;1;1;3;2;;1;1;;0;;1;0;;;;1;;1;;1;0;1;1;0;0;;1;1;0.727272727272727;34;0.0588235294117647;13;19.0734335768502;tarde
60000117;11000016;1000000368;600000232;2023;21;2;1;1;;00002440;00000009;00000015;00002087;1;0;0;;;1;0;0;;;;0;;0;1;0;0;41;5;1;0;0;1;0;0;7;1;0;0;6;0;1;1;3;2;;1;1;;0;;1;0;;;;1;;1;;1;0;1;1;0;0;;1;1;0.727272727272727;34;0.0588235294117647;13;19.0734335768502;tarde
60000117;11000016;1000001110;600000648;2023;15;1;3;1;;00000762;00000003;00000012;00001202;1;0;0;;;;;1;;;;;;0;1;0;0;41;5;1;0;0;1;0;0;1;0;0;0;4;0;1;;3;2;;1;1;;0;;1;0;;;;1;;1;;1;0;1;1;0;0;;1;1;0.727272727272727;34;0.0588235294117647;13;19.0734335768502;tarde
60000118;11000016;1000000765;600000451;2023;11;2;3;1;;00002090;00000003;00000002;00001967;1;0;0;;;;;;0;;;;;0;1;0;0;27;4;1;0;0;1;0;0;-6;0;1;0;6;0;1;1;3;2;;1;1;;0;;1;0;;;;1;;1;;1;0;1;1;0;0;;1;1;0.727272727272727;34;0.0588235294117647;13;23.6648655333556;tarde
60000118;11000016;1000001243;600000742;2023;18;2;3;1;;00003224;00000002;00000014;00000804;1;0;0;;;1;0;;0;;;;;;1;0;0;27;4;1;0;0;1;0;0;1;0;0;0;3;0;1;1;3;2;;1;1;;0;;1;0;;;;1;;1;;1;0;1;1;0;0;;1;1;0.727272727272727;34;0.0588235294117647;13;23.6648655333556;tarde
60000118;11000016;1000001400;600000882;2023;9;2;0;1;;00004825;00000007;00000008;00003911;1;0;0;;;;;;1;;;;;0;1;0;0;27;4;1;0;1;1;0;;-8;0;0;0;1;0;1;1;3;2;;1;1;;0;;1;0;;;;1;;1;;1;0;1;1;0;0;;1;1;0.727272727272727;34;0.0588235294117647;13;23.6648655333556;tarde
60000118;11000016;1000001439;600000918;2023;13;2;3;1;;00000270;00000003;;;1;0;0;;;;;;;;;;;0;1;0;0;27;4;1;0;0;1;0;0;-4;0;0;0;1;0;1;;3;2;;1;1;;0;;1;0;;;;1;;1;;1;0;1;1;0;0;;1;1;0.727272727272727;34;0.0588235294117647;13;23.6648655333556;tarde
60000119;11000016;1000000734;600000435;2023;18;1;3;1;;00002606;00000003;00000024;00004027;2;1;0;;;;;;;;;;;0;1;0;1;14;5;1;0;0;1;0;0;12;1;0;0;6;0;1;;3;2;;1;1;;0;;1;0;;;;1;;1;;1;0;1;1;0;0;;1;1;0.727272727272727;34;0.0588235294117647;13;25.8302169345552;tarde
60000119;11000016;1000000768;600000454;2023;21;1;0;1;;00004344;00000004;00000014;;1;0;1;;;;;;;;;;;0;1;0;0;14;5;1;0;0;1;0;0;15;1;1;0;6;0;1;;3;2;;1;1;;0;;1;0;;;;1;;1;;1;0;1;1;0;0;;1;1;0.727272727272727;34;0.0588235294117647;13;25.8302169345552;tarde
60000119;11000016;1000000889;600000524;2023;23;2;3;1;;00004389;00000004;;;1;0;;;;;;;;;;;;0;1;0;0;14;5;1;0;0;1;0;0;17;1;0;0;6;0;1;;3;2;;1;1;;0;;1;0;;;;1;;1;;1;0;1;1;0;0;;1;1;0.727272727272727;34;0.0588235294117647;13;25.8302169345552;tarde
60000119;11000016;1000001265;600000762;2023;17;2;3;1;;00004720;00000002;00000021;00004060;1;0;0;0;;;;;;0;;;;0;1;0;0;14;5;1;0;0;1;0;0;11;1;0;0;3;0;1;;3;2;;1;1;;0;;1;0;;;;1;;1;;1;0;1;1;0;0;;1;1;0.727272727272727;34;0.0588235294117647;13;25.8302169345552;tarde
60000120;11000017;1000000209;600000135;2023;17;2;0;1;;00004312;00000002;00000009;00002157;1;0;0;;;;;;;0;;;;0;1;0;0;16;5;1;0;0;1;0;0;9;1;0;0;6;0;1;1;3;1;;0;0;1;;;;1;;;1;;;1;1;;1;;1;;0;0;0;;0.777777777777778;36;0;9;28.5831867484376;manha
60000120;11000017;1000000246;600000158;2023;20;1;1;1;;00003640;00000002;00000003;00003818;1;0;0;0;;;0;;0;;0;;;0;1;0;1;16;5;1;0;0;1;0;0;12;1;0;0;6;0;1;1;3;1;;0;0;1;;;;1;;;1;;;1;1;;1;;1;;0;0;0;;0.777777777777778;36;0;9;28.5831867484376;manha
60000120;11000017;1000000318;600000202;2023;8;1;2;1;;00005330;00000006;00000005;00000462;1;0;0;;0;;;0;;;;;;0;1;0;0;16;5;1;0;0;1;0;0;0;0;0;0;6;0;1;1;3;1;;0;0;1;;;;1;;;1;;;1;1;;1;;1;;0;0;0;;0.777777777777778;36;0;9;28.5831867484376;manha
60000120;11000017;1000000472;600000282;2023;25;1;3;1;;00000226;00000005;00000025;;1;0;0;;;1;0;;;;;;;0;1;0;0;16;5;1;0;0;1;0;0;17;1;0;0;6;0;1;;3;1;;0;0;1;;;;1;;;1;;;1;1;;1;;1;;0;0;0;;0.777777777777778;36;0;9;28.5831867484376;manha
60000120;11000017;1000000564;600000332;2023;17;2;3;1;;00002643;00000008;00000019;;1;0;0;;;1;;;;;;;;0;1;0;0;16;5;1;0;0;1;0;0;9;1;1;0;6;0;1;;3;1;;0;0;1;;;;1;;;1;;;1;1;;1;;1;;0;0;0;;0.777777777777778;36;0;9;28.5831867484376;manha
60000120;11000017;1000000767;600000453;2023;21;1;1;1;;00001329;00000006;;;1;0;0;;;1;;;;;;;0;0;1;;0;16;5;1;0;0;1;0;0;13;1;0;0;6;0;1;;3;1;;0;0;1;;;;1;;;1;;;1;1;;1;;1;;0;0;0;;0.777777777777778;36;0;9;28.5831867484376;manha
60000120;11000017;1000001257;600000755;2023;6;1;5;1;;00000668;00000005;00000005;;1;0;1;0;;;;;0;;;;0;0;1;;0;16;5;1;0;0;1;0;0;-2;0;0;0;3;0;1;;3;1;;0;0;1;;;;1;;;1;;;1;1;;1;;1;;0;0;0;;0.777777777777778;36;0;9;28.5831867484376;manha
60000120;11000017;1000001405;600000887;2023;8;1;3;1;;00004727;00000003;00000007;;1;0;0;;;;0;;;0;;;;0;1;0;0;16;5;1;0;0;1;0;0;0;0;0;0;1;0;1;;3;1;;0;0;1;;;;1;;;1;;;1;1;;1;;1;;0;0;0;;0.777777777777778;36;0;9;28.5831867484376;manha
60000121;11000017;1000001179;600000693;2023;20;1;1;1;;00001942;00000001;00000011;00004960;1;0;0;;0;;;;1;;0;;0;0;1;0;0;;2;1;0;0;1;0;0;;;0;0;4;0;1;1;3;1;;0;0;1;;;;1;;;1;;;1;1;;1;;1;;0;0;0;;0.777777777777778;36;0;7;6.89853580901399;manha
60000122;11000017;1000000028;600000016;2023;14;1;1;1;;00005195;00000004;;;1;0;1;;1;;0;;;;0;;;0;1;0;1;25;2;1;0;0;1;0;0;-1;0;0;0;6;0;1;;3;1;;0;0;1;;;;1;;;1;;;1;1;;1;;1;;0;0;0;;0.777777777777778;36;0;13;25.9922207100317;tarde
60000122;11000017;1000000159;600000099;2023;11;1;3;1;;00004971;00000004;00000005;00004779;1;0;1;;;1;;;;;;0;;0;1;0;0;25;2;1;0;0;1;0;0;-4;0;0;0;6;0;1;;3;1;;0;0;1;;;;1;;;1;;;1;1;;1;;1;;0;0;0;;0.777777777777778;36;0;13;25.9922207100317;tarde
60000122;11000017;1000000298;600000194;2023;20;1;0;1;;00001357;00000009;;00000044;1;0;0;;;;;;;;;;0;0;1;1;0;25;2;1;0;0;1;0;0;5;1;0;0;6;0;1;1;3;1;;0;0;1;;;;1;;;1;;;1;1;;1;;1;;0;0;0;;0.777777777777778;36;0;13;25.9922207100317;tarde
60000122;11000017;1000001381;600000863;2023;16;1;3;1;;00001271;00000001;00000019;00000131;1;0;0;;;;;0;;;0;;;0;1;0;0;25;2;1;0;0;1;0;0;1;0;0;1;1;0;1;1;3;1;;0;0;1;;;;1;;;1;;;1;1;;1;;1;;0;0;0;;0.777777777777778;36;0;13;25.9922207100317;tarde
60000122;11000017;1000001391;600000873;2023;9;2;3;1;;00003121;00000009;;;1;0;0;;1;1;;;;0;0;;;0;1;0;0;25;2;1;0;0;1;0;0;-6;0;0;0;1;0;1;;3;1;;0;0;1;;;;1;;;1;;;1;1;;1;;1;;0;0;0;;0.777777777777778;36;0;13;25.9922207100317;tarde
60000122;11000017;1000001511;600000990;2023;19;2;3;1;;00001638;00000004;;;2;0;0;;;;;0;;;0;;;0;1;0;0;25;2;1;0;0;1;0;0;4;1;0;0;0;;0;;3;1;;0;0;1;;;;1;;;1;;;1;1;;1;;1;;0;0;0;;0.777777777777778;36;0;13;25.9922207100317;tarde
60000123;11000017;1000000494;600000292;2023;14;1;0;1;;00004703;00000008;00000025;;1;0;0;;;0;;;;;;;0;0;1;0;0;18;5;1;0;0;1;0;0;4;1;0;0;6;0;1;;3;1;;0;0;1;;;;1;;;1;;;1;1;;1;;1;;0;0;0;;0.777777777777778;36;0;7;8.95582500612363;manha
60000123;11000017;1000000660;600000388;2023;10;1;1;1;;00003555;00000004;00000015;00000072;1;0;0;;0;;;;;;;;;0;1;0;0;18;5;1;0;0;1;0;0;0;0;0;0;6;0;1;;3;1;;0;0;1;;;;1;;;1;;;1;1;;1;;1;;0;0;0;;0.777777777777778;36;0;7;8.95582500612363;manha
60000123;11000017;1000000976;600000572;2023;17;1;1;1;;00003286;00000007;00000001;;1;0;0;;;;;;;;;;;0;1;1;;18;5;1;0;0;1;0;0;7;1;0;0;6;0;1;;3;1;;0;0;1;;;;1;;;1;;;1;1;;1;;1;;0;0;0;;0.777777777777778;36;0;7;8.95582500612363;manha
60000123;11000017;1000001058;600000612;2023;25;2;0;1;;00001584;00000002;;00004985;1;0;0;;;;;0;;;;;;0;1;0;0;18;5;1;0;0;1;0;0;15;1;1;0;5;1;1;1;3;1;;0;0;1;;;;1;;;1;;;1;1;;1;;1;;0;0;0;;0.777777777777778;36;0;7;8.95582500612363;manha
60000124;11000017;1000000344;600000218;2023;19;1;3;1;;00004328;00000007;;00001626;1;0;1;;;;0;;;0;;0;;;1;0;1;2;5;1;0;0;1;0;0;;;1;1;6;0;1;;3;1;;0;0;1;;;;1;;;1;;;1;1;;1;;1;;0;0;0;;0.777777777777778;36;0;7;3.07206534314901;manha
60000124;11000017;1000000533;600000314;2023;12;1;3;1;;00004238;00000007;00000018;00004303;1;0;0;;;;0;;;;;;;0;1;0;0;2;5;1;0;0;1;0;0;;;0;0;6;0;1;1;3;1;;0;0;1;;;;1;;;1;;;1;1;;1;;1;;0;0;0;;0.777777777777778;36;0;7;3.07206534314901;manha
60000124;11000017;1000000606;600000356;2023;10;1;1;1;;00000030;00000005;00000024;00000203;1;0;0;;;;;;0;;;;;0;1;;;2;5;1;0;0;1;0;0;;;0;0;6;0;1;1;3;1;;0;0;1;;;;1;;;1;;;1;1;;1;;1;;0;0;0;;0.777777777777778;36;0;7;3.07206534314901;manha
60000124;11000017;1000000701;600000417;2023;13;2;1;1;;00002209;00000002;;;1;0;0;;;;0;;0;0;0;;;0;1;0;0;2;5;1;0;0;1;0;0;;;0;0;6;0;1;;3;1;;0;0;1;;;;1;;;1;;;1;1;;1;;1;;0;0;0;;0.777777777777778;36;0;7;3.07206534314901;manha
60000124;11000017;1000000943;600000555;2023;15;1;0;1;;00001456;00000002;;;1;0;0;;1;;;;;;;;;0;1;0;0;2;5;1;0;0;1;0;0;;;0;0;6;0;1;;3;1;;0;0;1;;;;1;;;1;;;1;1;;1;;1;;0;0;0;;0.777777777777778;36;0;7;3.07206534314901;manha
60000125;11000017;1000001354;600000838;2023;6;2;1;1;;00005540;00000006;;00005145;1;0;0;;;;;;;;;;;0;1;0;0;27;5;1;0;0;1;0;0;-11;0;0;0;2;0;1;;3;1;;0;0;1;;;;1;;;1;;;1;1;;1;;1;;0;0;0;;0.777777777777778;36;0;13;12.4226246692706;tarde
60000126;11000017;1000000222;600000143;2023;13;2;3;1;;00005258;00000002;00000006;00003191;2;0;0;;;;;;;0;;0;;0;1;0;0;19;5;1;0;0;1;0;0;2;1;0;0;6;0;1;;3;1;;0;0;1;;;;1;;;1;;;1;1;;1;;1;;0;0;0;;0.777777777777778;36;0;7;26.5277862269431;manha
60000126;11000017;1000000290;600000187;2023;24;2;0;1;;00003795;00000003;;00005252;1;0;1;;;;;;;;;;0;0;1;;0;19;5;1;0;0;1;0;0;13;1;0;0;6;0;1;1;3;1;;0;0;1;;;;1;;;1;;;1;1;;1;;1;;0;0;0;;0.777777777777778;36;0;7;26.5277862269431;manha
60000126;11000017;1000000433;600000264;2023;18;1;0;1;;00005377;00000004;;00002041;1;0;1;;;;;;;0;;;;0;1;0;0;19;5;1;0;0;1;0;0;7;1;1;0;6;0;1;;3;1;;0;0;1;;;;1;;;1;;;1;1;;1;;1;;0;0;0;;0.777777777777778;36;0;7;26.5277862269431;manha
60000126;11000017;1000000779;600000461;2023;30;1;3;1;;00005378;00000001;00000024;00000619;1;0;0;;;1;;;;;;;;0;1;0;0;19;5;1;0;0;1;0;0;19;1;0;0;6;0;1;1;3;1;;0;0;1;;;;1;;;1;;;1;1;;1;;1;;0;0;0;;0.777777777777778;36;0;7;26.5277862269431;manha
60000126;11000017;1000000865;600000508;2023;9;1;0;1;;00003058;00000005;00000021;;2;0;0;;;;;;;;;;;0;1;0;0;19;5;1;0;0;1;0;0;-2;0;0;0;6;0;1;;3;1;;0;0;1;;;;1;;;1;;;1;1;;1;;1;;0;0;0;;0.777777777777778;36;0;7;26.5277862269431;manha
60000127;11000018;1000000811;600000482;2023;7;1;0;1;;00004043;00000001;;;1;0;1;;;;;;;;;;;0;1;0;0;16;5;1;0;0;1;0;0;-1;0;2;0;6;0;1;;2;2;1;;;1;1;1;;0;0;0;1;;1;;;;1;0;;;;1;0;2;0.6;36;0.0833333333333333;7;27.2690299496753;manha
60000127;11000018;1000000871;600000513;2023;24;1;1;1;;00004024;00000006;00000012;00004121;1;1;0;;;1;;;0;;;;0;0;1;0;0;16;5;1;0;0;1;0;0;16;1;0;0;6;0;1;1;2;2;1;;;1;1;1;;0;0;0;1;;1;;;;1;0;;;;1;0;2;0.6;36;0.0833333333333333;7;27.2690299496753;manha
60000127;11000018;1000001041;600000602;2023;12;1;1;1;;00003935;00000009;;00001800;2;0;0;0;;;;;;;0;0;;;1;0;0;16;5;1;0;0;1;0;1;4;1;0;1;5;0;1;1;2;2;1;;;1;1;1;;0;0;0;1;;1;;;;1;0;;;;1;0;2;0.6;36;0.0833333333333333;7;27.2690299496753;manha
60000127;11000018;1000001321;600000810;2023;16;2;0;1;;00005335;00000001;00000013;;1;0;0;;0;1;;;0;;0;;;;1;0;0;16;5;1;0;0;1;0;0;8;1;0;0;2;0;1;;2;2;1;;;1;1;1;;0;0;0;1;;1;;;;1;0;;;;1;0;2;0.6;36;0.0833333333333333;7;27.2690299496753;manha
60000127;11000018;1000001344;600000829;2023;14;2;2;1;;00005505;00000005;00000023;00005363;1;0;1;;;;;;;0;;;;0;1;0;0;16;5;1;0;0;1;0;0;6;1;0;0;2;0;1;1;2;2;1;;;1;1;1;;0;0;0;1;;1;;;;1;0;;;;1;0;2;0.6;36;0.0833333333333333;7;27.2690299496753;manha
60000127;11000018;1000001371;600000853;2023;6;1;0;1;;00001718;00000004;00000001;00002587;1;0;0;0;;0;;;;0;0;;;0;1;0;0;16;5;1;0;0;1;0;0;-2;0;0;0;1;0;1;1;2;2;1;;;1;1;1;;0;0;0;1;;1;;;;1;0;;;;1;0;2;0.6;36;0.0833333333333333;7;27.2690299496753;manha
60000128;11000018;1000000072;600000043;2023;16;2;3;1;;00002673;00000008;00000016;;1;0;0;;;;;;;;;;;0;1;0;0;2;5;1;0;0;1;0;0;;;0;1;6;0;1;;2;2;1;;;1;1;1;;0;0;0;1;;1;;;;1;0;;;;1;0;2;0.6;36;0.0833333333333333;7;22.794630030985;manha
60000128;11000018;1000000080;600000050;2023;22;1;3;1;;00002423;00000001;;00003982;1;0;0;;;;;;;;0;;;0;1;0;0;2;5;1;0;0;1;0;0;;;0;0;6;0;1;;2;2;1;;;1;1;1;;0;0;0;1;;1;;;;1;0;;;;1;0;2;0.6;36;0.0833333333333333;7;22.794630030985;manha
60000128;11000018;1000000513;600000301;2023;17;2;0;1;;00001162;00000003;00000011;;1;0;0;;;1;;;;;0;;;0;1;0;;2;5;1;0;0;1;0;0;;;0;0;6;0;1;;2;2;1;;;1;1;1;;0;0;0;1;;1;;;;1;0;;;;1;0;2;0.6;36;0.0833333333333333;7;22.794630030985;manha
60000129;11000018;1000000809;600000480;2023;13;1;1;1;;00003292;00000005;;;1;0;0;;;;;;;;;0;;0;1;0;0;21;5;1;0;0;1;0;0;0;0;0;0;6;0;1;;2;2;1;;;1;1;1;;0;0;0;1;;1;;;;1;0;;;;1;0;2;0.6;36;0.0833333333333333;15;15.512513902504;tarde
60000129;11000018;1000001105;600000644;2023;21;2;3;1;;00004374;00000007;;00001065;2;0;0;;;;;;;;;;;;1;0;;21;5;1;0;0;1;0;0;8;1;0;0;4;0;1;1;2;2;1;;;1;1;1;;0;0;0;1;;1;;;;1;0;;;;1;0;2;0.6;36;0.0833333333333333;15;15.512513902504;tarde
60000129;11000018;1000001125;600000657;2023;5;1;3;1;;00005128;00000005;00000006;00001381;1;0;0;;0;1;;;;;;;;0;1;0;0;21;5;1;0;0;1;0;0;-8;0;0;0;4;0;1;1;2;2;1;;;1;1;1;;0;0;0;1;;1;;;;1;0;;;;1;0;2;0.6;36;0.0833333333333333;15;15.512513902504;tarde
60000129;11000018;1000001185;600000698;2023;22;1;1;1;;00003128;00000005;00000015;;1;0;0;;;;;;;;;;0;;1;0;0;21;5;1;0;0;1;0;0;9;1;0;0;4;0;1;;2;2;1;;;1;1;1;;0;0;0;1;;1;;;;1;0;;;;1;0;2;0.6;36;0.0833333333333333;15;15.512513902504;tarde
60000130;11000018;1000000287;600000185;2023;19;1;1;1;;00003874;00000003;00000002;00005154;1;0;0;0;;;0;;;;;;;0;1;0;0;15;5;1;0;0;1;0;0;12;1;0;0;6;0;1;1;2;2;1;;;1;1;1;;0;0;0;1;;1;;;;1;0;;;;1;0;2;0.6;36;0.0833333333333333;19;38.9775698133744;noite
60000130;11000018;1000000624;600000368;2023;20;2;3;1;;00000711;00000007;;00003583;1;0;1;;;;0;;;;;;;0;1;0;0;15;5;1;0;0;1;0;0;13;1;0;1;6;0;1;;2;2;1;;;1;1;1;;0;0;0;1;;1;;;;1;0;;;;1;0;2;0.6;36;0.0833333333333333;19;38.9775698133744;noite
60000131;11000018;1000000009;600000007;2023;11;1;0;1;;00004867;00000008;00000002;;2;0;0;;;;;;;;0;0;;0;1;0;0;17;5;1;0;0;1;0;0;2;1;0;1;6;0;1;;2;2;1;;;1;1;1;;0;0;0;1;;1;;;;1;0;;;;1;0;2;0.6;36;0.0833333333333333;13;23.9584952732548;tarde
60000131;11000018;1000000098;600000066;2023;10;1;1;1;;00000703;00000004;00000018;00004654;1;1;1;;1;;;;;;;;;0;1;0;0;17;5;1;0;0;1;0;0;1;0;0;1;6;0;1;1;2;2;1;;;1;1;1;;0;0;0;1;;1;;;;1;0;;;;1;0;2;0.6;36;0.0833333333333333;13;23.9584952732548;tarde
60000131;11000018;1000000185;600000117;2023;10;2;2;1;;00004396;00000005;00000020;00003404;1;0;0;;;;;;;0;;0;;0;1;0;0;17;5;1;0;0;1;0;0;1;0;0;1;6;0;1;1;2;2;1;;;1;1;1;;0;0;0;1;;1;;;;1;0;;;;1;0;2;0.6;36;0.0833333333333333;13;23.9584952732548;tarde
60000131;11000018;1000001272;600000767;2023;18;2;2;1;;00005320;00000004;00000016;00001386;1;1;0;;;1;;;0;;0;;;0;1;0;0;17;5;1;0;0;1;0;0;9;1;0;0;3;0;1;1;2;2;1;;;1;1;1;;0;0;0;1;;1;;;;1;0;;;;1;0;2;0.6;36;0.0833333333333333;13;23.9584952732548;tarde
60000131;11000018;1000001389;600000871;2023;4;1;0;1;;00004420;00000004;;00002776;2;0;0;;0;;;;0;0;;;;0;1;0;0;17;5;1;0;0;1;0;0;-5;0;0;0;1;0;1;;2;2;1;;;1;1;1;;0;0;0;1;;1;;;;1;0;;;;1;0;2;0.6;36;0.0833333333333333;13;23.9584952732548;tarde
60000131;11000018;1000001487;600000966;2023;4;2;5;1;;00000969;00000005;;00005186;1;0;0;;;;;;;0;;;;0;1;0;1;17;5;1;1;0;1;0;0;-5;0;0;0;0;;0;;2;2;1;;;1;1;1;;0;0;0;1;;1;;;;1;0;;;;1;0;2;0.6;36;0.0833333333333333;13;23.9584952732548;tarde
60000131;11000018;1000001489;600000968;2023;15;2;3;1;;00002780;00000004;;;1;0;1;0;;;;;0;;;;;0;1;0;0;17;5;1;0;0;1;0;0;6;1;0;0;0;;0;;2;2;1;;;1;1;1;;0;0;0;1;;1;;;;1;0;;;;1;0;2;0.6;36;0.0833333333333333;13;23.9584952732548;tarde
60000132;11000018;1000000023;600000013;2023;29;1;1;1;;00001085;00000002;00000021;;1;0;1;;0;;;;;;0;;0;0;1;0;0;22;5;1;0;0;1;0;1;;;0;0;6;0;1;;2;2;1;;;1;1;1;;0;0;0;1;;1;;;;1;0;;;;1;0;2;0.6;36;0.0833333333333333;7;27.3999979638029;manha
60000132;11000018;1000000093;600000061;2023;26;1;3;1;;00001952;00000003;;;1;0;0;;;;;;0;;;0;;0;1;0;0;22;5;1;0;0;1;0;0;;;0;0;6;0;1;;2;2;1;;;1;1;1;;0;0;0;1;;1;;;;1;0;;;;1;0;2;0.6;36;0.0833333333333333;7;27.3999979638029;manha
60000132;11000018;1000000614;600000362;2023;9;2;1;1;;00000154;00000003;00000015;;2;0;;0;;;0;;;;;;0;0;1;0;1;22;5;1;0;0;1;0;0;;;0;1;6;0;1;;2;2;1;;;1;1;1;;0;0;0;1;;1;;;;1;0;;;;1;0;2;0.6;36;0.0833333333333333;7;27.3999979638029;manha
60000132;11000018;1000000673;600000398;2023;21;2;1;1;;00002779;00000002;00000002;;1;0;0;0;;;;0;;;;;;0;1;0;0;22;5;1;0;0;1;0;0;;;0;0;6;0;1;;2;2;1;;;1;1;1;;0;0;0;1;;1;;;;1;0;;;;1;0;2;0.6;36;0.0833333333333333;7;27.3999979638029;manha
60000133;11000018;1000000560;600000329;2023;23;2;3;1;;00003344;00000003;;;1;0;1;;;1;;;;;;;;0;1;1;0;16;6;1;0;0;1;0;0;15;1;0;0;6;0;1;;2;2;1;;;1;1;1;;0;0;0;1;;1;;;;1;0;;;;1;0;2;0.6;36;0.0833333333333333;7;6.66001398814842;manha
60000133;11000018;1000001111;600000649;2023;13;1;1;1;;00001667;00000005;00000017;00002969;1;0;0;;;;;;;;;;;0;1;0;0;16;6;1;0;0;1;0;0;5;1;0;0;4;0;1;;2;2;1;;;1;1;1;;0;0;0;1;;1;;;;1;0;;;;1;0;2;0.6;36;0.0833333333333333;7;6.66001398814842;manha
60000133;11000018;1000001180;600000694;2023;11;2;0;1;;00003708;00000005;00000021;00001043;1;0;0;;;;;;;;;;;0;1;0;0;16;6;1;0;0;1;0;0;3;1;0;0;4;0;1;1;2;2;1;;;1;1;1;;0;0;0;1;;1;;;;1;0;;;;1;0;2;0.6;36;0.0833333333333333;7;6.66001398814842;manha
60000133;11000018;1000001208;600000713;2023;17;1;1;1;;00001194;00000001;;;1;0;0;;;;;;0;0;;0;;0;1;0;0;16;6;1;0;0;1;0;0;9;1;0;0;3;0;1;;2;2;1;;;1;1;1;;0;0;0;1;;1;;;;1;0;;;;1;0;2;0.6;36;0.0833333333333333;7;6.66001398814842;manha
60000133;11000018;1000001440;600000919;2023;16;2;2;1;;00004809;00000004;00000023;00001218;1;0;0;;;1;0;;;;;;;0;1;0;0;16;6;1;0;0;1;0;0;8;1;0;1;1;0;1;;2;2;1;;;1;1;1;;0;0;0;1;;1;;;;1;0;;;;1;0;2;0.6;36;0.0833333333333333;7;6.66001398814842;manha
60000134;11000019;1000000429;600000262;2023;13;2;3;1;;00001205;00000001;00000005;00003660;2;0;0;;0;;;;;;;;0;0;1;0;0;2;5;1;0;0;1;0;0;;;0;0;6;0;1;1;3;1;1;1;0;1;;;;;0;;1;1;;;1;;0;;1;2;;0;1;2;0.666666666666667;35;0.142857142857143;7;19.3116174556781;manha
60000134;11000019;1000001210;600000715;2023;14;1;1;1;;00000856;00000009;00000016;00004827;1;0;0;;;;;;0;0;;;;0;1;0;0;2;5;1;0;0;1;0;0;;;0;0;3;0;1;1;3;1;1;1;0;1;;;;;0;;1;1;;;1;;0;;1;2;;0;1;2;0.666666666666667;35;0.142857142857143;7;19.3116174556781;manha
60000134;11000019;1000001395;600000877;2023;37;1;1;1;;00001730;00000002;;;1;0;1;;;;;;;;;;0;0;1;0;0;2;5;1;0;0;1;0;1;;;0;0;1;0;1;;3;1;1;1;0;1;;;;;0;;1;1;;;1;;0;;1;2;;0;1;2;0.666666666666667;35;0.142857142857143;7;19.3116174556781;manha
60000135;11000019;1000000119;600000076;2023;9;1;1;1;;00001972;00000006;00000009;00000648;2;0;0;;;;;;1;0;;;;0;1;;0;2;5;1;0;0;1;0;0;;;0;0;6;0;1;1;3;1;1;1;0;1;;;;;0;;1;1;;;1;;0;;1;2;;0;1;2;0.666666666666667;35;0.142857142857143;7;39.6437900480814;manha
60000135;11000019;1000000541;600000321;2023;33;2;3;1;;00000677;00000001;00000009;00003688;1;0;0;;;1;;;1;;;;0;0;1;0;0;2;5;1;0;0;1;0;1;;;0;1;6;0;1;1;3;1;1;1;0;1;;;;;0;;1;1;;;1;;0;;1;2;;0;1;2;0.666666666666667;35;0.142857142857143;7;39.6437900480814;manha
60000135;11000019;1000000613;600000361;2023;15;2;1;1;;00001278;00000001;00000010;;1;1;0;;;;;;;;0;;;0;1;1;0;2;5;1;0;0;1;0;0;;;0;0;6;0;1;;3;1;1;1;0;1;;;;;0;;1;1;;;1;;0;;1;2;;0;1;2;0.666666666666667;35;0.142857142857143;7;39.6437900480814;manha
60000135;11000019;1000000738;600000439;2023;12;2;1;1;;00003711;00000004;;00000832;1;0;0;;0;;0;;;;;;;0;1;0;0;2;5;1;0;0;1;0;0;;;0;0;6;0;1;1;3;1;1;1;0;1;;;;;0;;1;1;;;1;;0;;1;2;;0;1;2;0.666666666666667;35;0.142857142857143;7;39.6437900480814;manha
60000135;11000019;1000000819;600000485;2023;13;1;0;1;;00001990;00000003;00000025;00004598;1;0;0;;;;;;;;;0;0;0;1;0;;2;5;1;0;0;1;0;0;;;1;0;6;0;1;;3;1;1;1;0;1;;;;;0;;1;1;;;1;;0;;1;2;;0;1;2;0.666666666666667;35;0.142857142857143;7;39.6437900480814;manha
60000135;11000019;1000001297;600000791;2023;8;2;3;1;;00002497;00000001;00000019;00003496;2;0;0;;;;0;0;;;;;;;1;0;0;2;5;1;0;0;1;0;0;;;0;0;2;0;1;1;3;1;1;1;0;1;;;;;0;;1;1;;;1;;0;;1;2;;0;1;2;0.666666666666667;35;0.142857142857143;7;39.6437900480814;manha
60000135;11000019;1000001493;600000972;2023;6;1;3;1;;00001863;00000002;00000013;00001834;1;0;0;0;;;;;;;;;;0;1;0;0;2;5;1;0;0;1;0;0;;;0;0;0;;0;;3;1;1;1;0;1;;;;;0;;1;1;;;1;;0;;1;2;;0;1;2;0.666666666666667;35;0.142857142857143;7;39.6437900480814;manha
60000136;11000019;1000000516;600000304;2023;20;2;1;1;;00001815;00000002;00000016;00003373;1;0;0;;;1;0;;;;0;;0;0;1;0;0;14;5;1;0;0;1;0;0;14;1;0;1;6;0;1;1;3;1;1;1;0;1;;;;;0;;1;1;;;1;;0;;1;2;;0;1;2;0.666666666666667;35;0.142857142857143;13;8.99717508698814;tarde
60000136;11000019;1000000717;600000427;2023;17;2;0;1;;00002285;00000003;00000013;00001589;2;0;0;0;;;;;;;;;;0;1;0;0;14;5;1;0;0;1;0;0;11;1;0;0;6;0;1;1;3;1;1;1;0;1;;;;;0;;1;1;;;1;;0;;1;2;;0;1;2;0.666666666666667;35;0.142857142857143;13;8.99717508698814;tarde
60000136;11000019;1000001149;600000669;2023;14;2;0;1;;00000214;00000004;00000005;;1;0;0;;;;;;;0;;;;0;1;0;0;14;5;1;0;0;1;0;0;8;1;1;0;4;1;1;;3;1;1;1;0;1;;;;;0;;1;1;;;1;;0;;1;2;;0;1;2;0.666666666666667;35;0.142857142857143;13;8.99717508698814;tarde
60000136;11000019;1000001239;600000739;2023;12;2;1;1;;00003382;00000003;00000018;;2;0;0;;0;;0;0;0;;;;;0;1;0;;14;5;1;0;0;1;0;0;6;1;0;0;3;0;1;;3;1;1;1;0;1;;;;;0;;1;1;;;1;;0;;1;2;;0;1;2;0.666666666666667;35;0.142857142857143;13;8.99717508698814;tarde
60000136;11000019;1000001268;600000764;2023;9;1;0;1;;00000901;00000009;00000014;00001830;1;0;0;;;1;;;;;;0;;0;1;0;0;14;5;1;0;0;1;0;0;3;1;0;0;3;0;1;;3;1;1;1;0;1;;;;;0;;1;1;;;1;;0;;1;2;;0;1;2;0.666666666666667;35;0.142857142857143;13;8.99717508698814;tarde
60000136;11000019;1000001345;600000830;2023;20;2;3;1;;00001517;00000001;00000020;;1;0;0;;;;;;;;0;;;0;1;0;0;14;5;1;0;0;1;0;0;14;1;0;1;2;0;1;;3;1;1;1;0;1;;;;;0;;1;1;;;1;;0;;1;2;;0;1;2;0.666666666666667;35;0.142857142857143;13;8.99717508698814;tarde
60000136;11000019;1000001502;600000981;2023;9;2;3;1;;00004075;00000001;;00001319;2;0;0;;;1;;0;0;;;;;;1;0;0;14;5;1;0;0;1;0;0;3;1;0;0;0;;0;;3;1;1;1;0;1;;;;;0;;1;1;;;1;;0;;1;2;;0;1;2;0.666666666666667;35;0.142857142857143;13;8.99717508698814;tarde
60000137;11000019;1000000106;600000069;2023;10;1;1;1;;00001127;00000004;00000015;00002902;1;0;0;0;;;;;;;;;;0;1;0;0;2;5;1;0;0;1;0;0;;;0;0;6;0;1;;3;1;1;1;0;1;;;;;0;;1;1;;;1;;0;;1;2;;0;1;2;0.666666666666667;35;0.142857142857143;15;10.3790726978332;tarde
60000137;11000019;1000000737;600000438;2023;11;2;1;1;;00000023;00000009;;00005247;1;0;1;;;;;;0;;;;;0;1;0;;2;5;1;0;0;1;0;0;;;0;0;6;0;1;;3;1;1;1;0;1;;;;;0;;1;1;;;1;;0;;1;2;;0;1;2;0.666666666666667;35;0.142857142857143;15;10.3790726978332;tarde
60000137;11000019;1000001038;600000600;2023;17;2;0;1;;00003914;00000005;;;1;0;0;;;;0;;;0;0;;;0;1;0;0;2;5;1;0;0;1;0;0;;;1;0;5;0;1;;3;1;1;1;0;1;;;;;0;;1;1;;;1;;0;;1;2;;0;1;2;0.666666666666667;35;0.142857142857143;15;10.3790726978332;tarde
60000137;11000019;1000001259;600000757;2023;9;1;3;1;;00005012;00000004;;00003054;1;0;0;;;;;;;;;;;0;1;0;0;2;5;1;0;0;1;0;0;;;0;0;3;0;1;1;3;1;1;1;0;1;;;;;0;;1;1;;;1;;0;;1;2;;0;1;2;0.666666666666667;35;0.142857142857143;15;10.3790726978332;tarde
60000137;11000019;1000001334;600000820;2023;20;1;0;1;;00003885;00000003;00000008;00002265;2;0;0;;;1;;;;;;;;0;1;0;;2;5;1;0;0;1;0;0;;;0;0;2;0;1;1;3;1;1;1;0;1;;;;;0;;1;1;;;1;;0;;1;2;;0;1;2;0.666666666666667;35;0.142857142857143;15;10.3790726978332;tarde
60000138;11000019;1000000274;600000179;2023;8;1;1;1;;00003195;00000006;;;2;0;0;;;;;;0;;;;;;1;0;0;16;5;1;0;0;1;0;0;0;0;0;0;6;0;1;;3;1;1;1;0;1;;;;;0;;1;1;;;1;;0;;1;2;;0;1;2;0.666666666666667;35;0.142857142857143;13;11.3016157934908;tarde
60000138;11000019;1000001256;600000754;2023;11;1;3;1;;00002891;00000005;;00003430;2;0;0;;0;;0;0;;0;;;;0;1;0;0;16;5;1;0;0;1;0;0;3;1;0;0;3;0;1;;3;1;1;1;0;1;;;;;0;;1;1;;;1;;0;;1;2;;0;1;2;0.666666666666667;35;0.142857142857143;13;11.3016157934908;tarde
60000139;11000019;1000000157;600000098;2023;19;2;0;1;;00001730;00000005;;00003497;1;0;0;;;;;;;;;;;0;1;0;0;2;5;1;0;0;1;0;0;;;0;0;6;0;1;;3;1;1;1;0;1;;;;;0;;1;1;;;1;;0;;1;2;;0;1;2;0.666666666666667;35;0.142857142857143;7;9.82628709403798;manha
60000139;11000019;1000000435;600000265;2023;19;2;0;1;;00001590;00000001;;;1;0;0;0;;;;;;;0;;;0;1;0;0;2;5;1;0;0;1;0;0;;;0;0;6;0;1;;3;1;1;1;0;1;;;;;0;;1;1;;;1;;0;;1;2;;0;1;2;0.666666666666667;35;0.142857142857143;7;9.82628709403798;manha
60000139;11000019;1000001024;600000591;2023;10;1;3;1;;00005298;00000007;00000007;00002365;2;0;0;;;;;;0;;;;;0;1;0;0;2;5;1;1;0;1;0;0;;;0;0;5;0;1;1;3;1;1;1;0;1;;;;;0;;1;1;;;1;;0;;1;2;;0;1;2;0.666666666666667;35;0.142857142857143;7;9.82628709403798;manha
60000140;11000019;1000000069;600000040;2023;16;1;0;1;;00003104;00000009;00000027;00004628;1;0;0;;1;;;0;;;;0;;0;1;0;0;1;5;1;0;0;1;0;0;;;0;0;6;0;1;;3;1;1;1;0;1;;;;;0;;1;1;;;1;;0;;1;2;;0;1;2;0.666666666666667;35;0.142857142857143;13;17.1234380919486;tarde
60000140;11000019;1000000249;600000161;2023;27;2;0;1;;00002481;00000004;;;1;0;0;;;;0;;0;;;;;0;1;0;0;1;5;1;0;0;1;0;0;;;0;0;6;0;1;;3;1;1;1;0;1;;;;;0;;1;1;;;1;;0;;1;2;;0;1;2;0.666666666666667;35;0.142857142857143;13;17.1234380919486;tarde
60000140;11000019;1000001421;600000902;2023;18;2;1;1;;00000906;00000004;;00003056;1;0;;0;;;;;;;;;;0;1;0;0;1;5;1;0;0;1;0;0;;;0;0;1;0;1;1;3;1;1;1;0;1;;;;;0;;1;1;;;1;;0;;1;2;;0;1;2;0.666666666666667;35;0.142857142857143;13;17.1234380919486;tarde
60000141;11000020;1000000092;600000060;2023;16;1;3;1;;00002538;00000007;00000007;00002144;1;0;0;;;1;0;;0;;;0;;0;1;;0;1;5;1;0;0;1;0;0;;;0;0;6;0;1;1;4;1;;1;1;1;1;1;;;;1;;;1;;1;1;1;;0;1;0;0;0;;0.909090909090909;37;0.027027027027027;7;3.29155564773828;manha
60000141;11000020;1000000208;600000134;2023;16;2;3;1;;00003898;00000002;00000018;;1;0;0;;;;;;;0;;;;0;1;0;0;1;5;1;0;0;1;0;0;;;0;1;6;0;1;;4;1;;1;1;1;1;1;;;;1;;;1;;1;1;1;;0;1;0;0;0;;0.909090909090909;37;0.027027027027027;7;3.29155564773828;manha
60000141;11000020;1000000510;600000299;2023;20;2;1;1;;00005254;00000005;00000004;00003126;1;0;0;0;;;;;;;;;;0;1;0;0;1;5;1;0;0;1;0;0;;;1;0;6;0;1;;4;1;;1;1;1;1;1;;;;1;;;1;;1;1;1;;0;1;0;0;0;;0.909090909090909;37;0.027027027027027;7;3.29155564773828;manha
60000141;11000020;1000000917;600000541;2023;22;2;1;1;;00005282;00000001;00000027;00005226;1;0;1;;;;;;;;;;1;0;1;1;0;1;5;1;0;0;1;0;0;;;0;0;6;0;1;1;4;1;;1;1;1;1;1;;;;1;;;1;;1;1;1;;0;1;0;0;0;;0.909090909090909;37;0.027027027027027;7;3.29155564773828;manha
60000141;11000020;1000000999;600000582;2023;19;1;3;1;;00005022;00000005;00000010;00000563;1;0;0;;;0;0;;;;0;;;0;1;0;0;1;5;1;1;0;1;0;0;;;0;0;6;0;1;1;4;1;;1;1;1;1;1;;;;1;;;1;;1;1;1;;0;1;0;0;0;;0.909090909090909;37;0.027027027027027;7;3.29155564773828;manha
60000141;11000020;1000001282;600000776;2023;17;1;3;1;;00001152;00000003;00000010;;1;0;0;;0;;;;;;;0;;0;1;0;0;1;5;1;0;0;1;0;0;;;0;1;2;0;1;;4;1;;1;1;1;1;1;;;;1;;;1;;1;1;1;;0;1;0;0;0;;0.909090909090909;37;0.027027027027027;7;3.29155564773828;manha
60000142;11000020;1000000108;600000071;2023;13;1;5;1;;00002214;00000008;;00004456;1;0;0;;0;;;0;;;;;0;0;1;0;1;;1;1;0;0;1;0;0;;;0;0;6;0;1;1;4;1;;1;1;1;1;1;;;;1;;;1;;1;1;1;;0;1;0;0;0;;0.909090909090909;37;0.027027027027027;18;12.6988567959052;noite
60000142;11000020;1000000328;600000208;2023;11;1;1;1;;00001571;00000008;;;1;0;1;0;;;;;0;;;;;0;1;0;0;;1;1;0;0;1;0;0;;;0;0;6;0;1;;4;1;;1;1;1;1;1;;;;1;;;1;;1;1;1;;0;1;0;0;0;;0.909090909090909;37;0.027027027027027;18;12.6988567959052;noite
60000142;11000020;1000001365;600000849;2023;4;2;0;1;;00003393;00000001;00000014;;1;0;0;;;;;;0;;;0;;0;1;0;0;;1;1;0;0;1;0;0;;;0;0;1;0;1;;4;1;;1;1;1;1;1;;;;1;;;1;;1;1;1;;0;1;0;0;0;;0.909090909090909;37;0.027027027027027;18;12.6988567959052;noite
60000143;11000020;1000000055;600000031;2023;10;1;1;1;;00001502;00000006;00000014;00004886;2;0;0;;;;;0;0;;;;;0;1;0;0;69;5;1;0;0;1;0;0;;;0;1;6;0;1;;4;1;;1;1;1;1;1;;;;1;;;1;;1;1;1;;0;1;0;0;0;;0.909090909090909;37;0.027027027027027;13;28.7283528532134;tarde
60000143;11000020;1000000215;600000139;2023;9;1;3;1;;00004119;00000001;;00001430;1;0;0;;;;;;;;;0;;0;1;0;0;69;5;1;0;0;1;0;0;;;0;0;6;0;1;;4;1;;1;1;1;1;1;;;;1;;;1;;1;1;1;;0;1;0;0;0;;0.909090909090909;37;0.027027027027027;13;28.7283528532134;tarde
60000143;11000020;1000000365;600000231;2023;22;2;1;1;;00004270;00000006;00000020;;1;0;1;;;;;;0;;;;;0;1;0;0;69;5;1;0;0;1;0;0;;;0;0;6;0;1;;4;1;;1;1;1;1;1;;;;1;;;1;;1;1;1;;0;1;0;0;0;;0.909090909090909;37;0.027027027027027;13;28.7283528532134;tarde
60000143;11000020;1000000750;600000444;2023;16;2;1;1;;00004581;00000001;00000023;;1;0;0;;0;;;;;;;;;0;1;0;0;69;5;1;0;0;1;0;0;;;0;1;6;0;1;;4;1;;1;1;1;1;1;;;;1;;;1;;1;1;1;;0;1;0;0;0;;0.909090909090909;37;0.027027027027027;13;28.7283528532134;tarde
60000143;11000020;1000000799;600000474;2023;20;1;1;1;;00000725;00000002;00000005;;1;0;0;;;;;0;;;;;;0;1;0;0;69;5;1;0;0;1;0;0;;;0;0;6;0;1;;4;1;;1;1;1;1;1;;;;1;;;1;;1;1;1;;0;1;0;0;0;;0.909090909090909;37;0.027027027027027;13;28.7283528532134;tarde
60000143;11000020;1000001151;600000671;2023;12;2;0;1;;00003970;00000003;;;1;0;0;0;;;;;0;0;;;;0;1;0;0;69;5;1;0;0;1;0;0;;;0;0;4;0;1;;4;1;;1;1;1;1;1;;;;1;;;1;;1;1;1;;0;1;0;0;0;;0.909090909090909;37;0.027027027027027;13;28.7283528532134;tarde
60000143;11000020;1000001277;600000771;2023;17;2;0;1;;00000142;00000006;00000011;00002437;1;0;1;;;0;;;;0;;;;0;1;0;0;69;5;1;0;0;1;0;0;;;0;0;2;0;1;1;4;1;;1;1;1;1;1;;;;1;;;1;;1;1;1;;0;1;0;0;0;;0.909090909090909;37;0.027027027027027;13;28.7283528532134;tarde
60000143;11000020;1000001279;600000773;2023;16;2;0;1;;00003972;00000008;;00003008;2;0;1;;;;;;0;;;0;;1;1;0;0;69;5;1;0;0;1;0;0;;;0;0;2;0;1;1;4;1;;1;1;1;1;1;;;;1;;;1;;1;1;1;;0;1;0;0;0;;0.909090909090909;37;0.027027027027027;13;28.7283528532134;tarde
60000143;11000020;1000001290;600000784;2023;10;1;0;1;;00003621;00000002;00000019;;2;0;0;;;;0;;;;;0;;0;1;0;0;69;5;1;0;0;1;0;0;;;0;0;2;0;1;;4;1;;1;1;1;1;1;;;;1;;;1;;1;1;1;;0;1;0;0;0;;0.909090909090909;37;0.027027027027027;13;28.7283528532134;tarde
60000143;11000020;1000001291;600000785;2023;11;1;0;1;;00001274;00000009;00000026;00001644;2;0;0;;;;0;;;;;;;0;1;0;0;69;5;1;0;0;1;0;0;;;0;0;2;0;1;1;4;1;;1;1;1;1;1;;;;1;;;1;;1;1;1;;0;1;0;0;0;;0.909090909090909;37;0.027027027027027;13;28.7283528532134;tarde
60000144;11000020;1000000375;600000238;2023;36;1;3;1;;00003427;00000001;;;1;0;0;;;;;;;;;;;0;1;0;0;19;1;1;0;0;1;0;0;25;1;0;1;6;0;1;;4;1;;1;1;1;1;1;;;;1;;;1;;1;1;1;;0;1;0;0;0;;0.909090909090909;37;0.027027027027027;15;10.2360039297491;tarde
60000144;11000020;1000000688;600000408;2023;10;1;3;1;;00000886;00000007;00000009;00001676;1;0;0;;;;;;;;;;;0;1;0;0;19;1;1;0;0;1;0;0;-1;0;0;0;6;0;1;;4;1;;1;1;1;1;1;;;;1;;;1;;1;1;1;;0;1;0;0;0;;0.909090909090909;37;0.027027027027027;15;10.2360039297491;tarde
60000144;11000020;1000001409;600000891;2023;12;2;3;1;;00001718;00000005;00000007;;1;0;1;;;;;;0;;;;0;0;1;0;0;19;1;1;0;0;1;0;0;1;0;0;0;1;0;1;;4;1;;1;1;1;1;1;;;;1;;;1;;1;1;1;;0;1;0;0;0;;0.909090909090909;37;0.027027027027027;15;10.2360039297491;tarde
60000145;11000020;1000000535;600000316;2023;18;2;3;1;;00005344;00000006;;;1;1;0;;;;;;;;;;;0;1;0;0;2;5;1;0;0;1;0;0;;;0;0;6;0;1;;4;1;;1;1;1;1;1;;;;1;;;1;;1;1;1;;0;1;0;0;0;;0.909090909090909;37;0.027027027027027;7;44.2306601945311;manha
60000145;11000020;1000000826;600000490;2023;16;2;1;1;;00003320;00000002;;;1;0;0;;0;0;;;;;;;;0;1;0;0;2;5;1;0;0;1;0;0;;;1;0;6;0;1;;4;1;;1;1;1;1;1;;;;1;;;1;;1;1;1;;0;1;0;0;0;;0.909090909090909;37;0.027027027027027;7;44.2306601945311;manha
60000145;11000020;1000000942;600000554;2023;18;2;0;1;;00005339;00000004;00000022;00000828;1;0;;;;1;;0;;;;;;0;1;0;0;2;5;1;0;0;1;0;1;;;0;0;6;0;1;1;4;1;;1;1;1;1;1;;;;1;;;1;;1;1;1;;0;1;0;0;0;;0.909090909090909;37;0.027027027027027;7;44.2306601945311;manha
60000145;11000020;1000001254;600000752;2023;15;2;3;1;;00000905;00000004;;00001520;1;1;0;0;;;;;;;;;;0;1;0;0;2;5;1;0;0;1;0;0;;;0;0;3;0;1;;4;1;;1;1;1;1;1;;;;1;;;1;;1;1;1;;0;1;0;0;0;;0.909090909090909;37;0.027027027027027;7;44.2306601945311;manha
60000145;11000020;1000001404;600000886;2023;21;1;3;1;;00004777;00000008;00000010;00005059;1;0;1;;;;0;;;;;0;0;0;1;0;0;2;5;1;0;0;1;0;0;;;0;0;1;0;1;;4;1;;1;1;1;1;1;;;;1;;;1;;1;1;1;;0;1;0;0;0;;0.909090909090909;37;0.027027027027027;7;44.2306601945311;manha
60000147;11000020;1000001115;600000651;2023;13;1;0;1;;00001808;00000009;;;1;0;0;;;;;;;;0;;;0;1;0;0;20;5;1;0;0;1;0;0;1;0;0;0;4;0;1;;4;1;;1;1;1;1;1;;;;1;;;1;;1;1;1;;0;1;0;0;0;;0.909090909090909;37;0.027027027027027;7;13.5374388890341;manha
60000147;11000020;1000001420;600000901;2023;8;1;2;1;;00001108;00000003;00000024;;1;0;0;;;1;;;0;;;;;0;1;0;0;20;5;1;0;0;1;0;0;-4;0;0;0;1;0;1;;4;1;;1;1;1;1;1;;;;1;;;1;;1;1;1;;0;1;0;0;0;;0.909090909090909;37;0.027027027027027;7;13.5374388890341;manha
60000147;11000020;1000001486;600000965;2023;16;2;3;1;;00001165;00000007;00000015;00002772;1;0;1;;;0;;;;;;;;0;1;0;;20;5;1;0;0;1;0;0;4;1;0;0;0;;0;;4;1;;1;1;1;1;1;;;;1;;;1;;1;1;1;;0;1;0;0;0;;0.909090909090909;37;0.027027027027027;7;13.5374388890341;manha
60000148;11000021;1000001397;600000879;2023;10;1;3;1;;00000939;00000007;;00000087;1;0;0;;;;0;;;;;;;0;1;0;0;20;5;1;0;0;1;0;0;-2;0;0;0;1;0;1;1;4;2;;;1;;1;1;;;0;1;;;;1;;1;;0;1;4;0;0;0;1;0.777777777777778;31;0.161290322580645;9;6.28912880318239;manha
60000149;11000021;1000000236;600000150;2023;18;1;1;1;;00003448;00000002;00000006;;1;0;0;;;;;;0;0;;;;0;1;0;0;14;5;1;0;0;1;0;0;12;1;0;1;6;0;1;;4;2;;;1;;1;1;;;0;1;;;;1;;1;;0;1;4;0;0;0;1;0.777777777777778;31;0.161290322580645;19;20.7749030145351;noite
60000149;11000021;1000000580;600000341;2023;16;2;0;1;;00003486;00000001;00000020;00003205;2;0;0;;;;;0;;;;;;0;1;0;0;14;5;1;0;0;1;0;0;10;1;1;0;6;1;1;1;4;2;;;1;;1;1;;;0;1;;;;1;;1;;0;1;4;0;0;0;1;0.777777777777778;31;0.161290322580645;19;20.7749030145351;noite
60000149;11000021;1000000608;600000357;2023;14;1;3;1;;00000740;00000004;00000010;00003250;1;0;0;;;;;;;;;;;0;1;0;0;14;5;1;0;0;1;0;0;8;1;0;0;6;0;1;1;4;2;;;1;;1;1;;;0;1;;;;1;;1;;0;1;4;0;0;0;1;0.777777777777778;31;0.161290322580645;19;20.7749030145351;noite
60000149;11000021;1000001447;600000926;2023;12;1;3;1;;00003630;00000001;00000021;00001270;1;0;0;;;0;;;0;;;;;0;1;0;0;14;5;1;0;0;1;0;0;6;1;0;0;0;;0;;4;2;;;1;;1;1;;;0;1;;;;1;;1;;0;1;4;0;0;0;1;0.777777777777778;31;0.161290322580645;19;20.7749030145351;noite
60000150;11000021;1000000373;600000237;2023;18;1;1;1;;00003467;00000006;;00003066;1;0;;;;;;0;;0;;;0;0;1;0;0;25;5;1;0;0;1;0;0;3;1;0;0;6;0;1;1;4;2;;;1;;1;1;;;0;1;;;;1;;1;;0;1;4;0;0;0;1;0.777777777777778;31;0.161290322580645;7;14.0309842559509;manha
60000150;11000021;1000001219;600000723;2023;9;2;1;1;;00000315;00000007;00000003;00004085;1;0;0;;;;;;;;;;0;0;1;0;0;25;5;1;0;0;1;0;0;-6;0;0;0;3;0;1;1;4;2;;;1;;1;1;;;0;1;;;;1;;1;;0;1;4;0;0;0;1;0.777777777777778;31;0.161290322580645;7;14.0309842559509;manha
60000150;11000021;1000001225;600000727;2023;8;2;3;1;;00003984;00000007;00000016;00003331;1;0;1;;;;0;;;;;;;0;1;0;0;25;5;1;0;0;1;0;0;-7;0;0;0;3;0;1;;4;2;;;1;;1;1;;;0;1;;;;1;;1;;0;1;4;0;0;0;1;0.777777777777778;31;0.161290322580645;7;14.0309842559509;manha
60000150;11000021;1000001312;600000804;2023;10;2;0;1;;00004475;00000007;00000006;00002506;1;0;0;;;;0;;;;;;;0;1;0;0;25;5;1;0;0;1;0;1;-5;0;0;0;2;0;1;1;4;2;;;1;;1;1;;;0;1;;;;1;;1;;0;1;4;0;0;0;1;0.777777777777778;31;0.161290322580645;7;14.0309842559509;manha
60000150;11000021;1000001322;600000811;2023;11;2;0;1;;00004485;00000008;00000025;00001332;1;0;0;;;;;;;;;0;;0;1;0;0;25;5;1;0;0;1;0;0;-4;0;1;0;2;1;1;1;4;2;;;1;;1;1;;;0;1;;;;1;;1;;0;1;4;0;0;0;1;0.777777777777778;31;0.161290322580645;7;14.0309842559509;manha
60000150;11000021;1000001394;600000876;2023;16;1;3;1;;00000696;00000009;00000019;;1;0;0;;;0;;;;;;;;0;1;0;0;25;5;1;0;0;1;0;0;1;0;0;0;1;0;1;;4;2;;;1;;1;1;;;0;1;;;;1;;1;;0;1;4;0;0;0;1;0.777777777777778;31;0.161290322580645;7;14.0309842559509;manha
60000151;11000021;1000001244;600000743;2023;20;2;1;1;;00003838;00000003;00000021;00001610;1;0;0;0;;;;;;;;;;0;1;0;0;2;5;1;0;0;1;0;0;;;0;0;3;0;1;;4;2;;;1;;1;1;;;0;1;;;;1;;1;;0;1;4;0;0;0;1;0.777777777777778;31;0.161290322580645;13;20.0383543327916;tarde
60000152;11000021;1000000515;600000303;2023;15;1;1;1;;00002342;00000007;00000018;00000193;2;0;0;0;;1;;0;0;;;;;0;1;0;0;2;5;1;0;0;1;0;0;;;1;0;6;0;1;1;4;2;;;1;;1;1;;;0;1;;;;1;;1;;0;1;4;0;0;0;1;0.777777777777778;31;0.161290322580645;13;28.0005503777647;tarde
60000152;11000021;1000001251;600000750;2023;11;1;0;1;;00000953;00000007;;00002359;1;0;0;0;;1;;;;;0;;;0;1;0;0;2;5;1;0;0;1;0;0;;;0;1;3;0;1;1;4;2;;;1;;1;1;;;0;1;;;;1;;1;;0;1;4;0;0;0;1;0.777777777777778;31;0.161290322580645;13;28.0005503777647;tarde
60000152;11000021;1000001353;600000837;2023;7;2;1;1;;00002107;00000003;00000021;;1;0;1;;;;;;;0;;;;0;1;0;0;2;5;1;0;0;1;0;0;;;1;0;2;0;1;;4;2;;;1;;1;1;;;0;1;;;;1;;1;;0;1;4;0;0;0;1;0.777777777777778;31;0.161290322580645;13;28.0005503777647;tarde
60000152;11000021;1000001407;600000889;2023;16;2;1;1;;00001919;00000001;00000014;;2;0;0;;;;0;;;;;;0;0;1;0;0;2;5;1;0;0;1;0;0;;;0;0;1;0;1;;4;2;;;1;;1;1;;;0;1;;;;1;;1;;0;1;4;0;0;0;1;0.777777777777778;31;0.161290322580645;13;28.0005503777647;tarde
60000153;11000021;1000000265;600000174;2023;20;2;0;1;;00003151;00000005;00000003;00003406;1;0;0;0;;0;0;;0;;;;;0;1;0;0;14;5;1;0;0;1;0;0;14;1;0;0;6;0;1;1;4;2;;;1;;1;1;;;0;1;;;;1;;1;;0;1;4;0;0;0;1;0.777777777777778;31;0.161290322580645;7;20.0063741498161;manha
60000153;11000021;1000000886;600000522;2023;16;1;1;1;;00002747;00000005;;;1;0;0;;0;;;;;;;;;0;1;0;0;14;5;1;0;0;1;0;0;10;1;0;0;6;0;1;;4;2;;;1;;1;1;;;0;1;;;;1;;1;;0;1;4;0;0;0;1;0.777777777777778;31;0.161290322580645;7;20.0063741498161;manha
60000153;11000021;1000001044;600000605;2023;30;1;1;1;;00005192;00000006;00000005;00001656;1;0;0;;;;;;;0;;;;0;1;0;1;14;5;1;1;0;1;0;0;24;1;0;0;5;0;1;1;4;2;;;1;;1;1;;;0;1;;;;1;;1;;0;1;4;0;0;0;1;0.777777777777778;31;0.161290322580645;7;20.0063741498161;manha
60000154;11000021;1000000010;600000008;2023;14;2;1;1;;00000308;00000009;00000025;;1;0;1;;;;0;;;;;;;0;1;0;0;;5;1;0;0;1;0;0;;;2;0;6;1;1;;4;2;;;1;;1;1;;;0;1;;;;1;;1;;0;1;4;0;0;0;1;0.777777777777778;31;0.161290322580645;13;28.138890863047;tarde
60000154;11000021;1000000347;600000219;2023;15;2;1;1;;00004358;00000007;00000017;;1;0;0;;;;;;;0;;;0;0;1;0;0;;5;1;0;0;1;0;0;;;0;0;6;0;1;;4;2;;;1;;1;1;;;0;1;;;;1;;1;;0;1;4;0;0;0;1;0.777777777777778;31;0.161290322580645;13;28.138890863047;tarde
60000154;11000021;1000000872;600000514;2023;19;1;1;1;;00000005;00000004;00000005;00002183;1;0;1;;;;;;;;;0;;0;1;0;0;;5;1;0;0;1;0;0;;;0;0;6;0;1;1;4;2;;;1;;1;1;;;0;1;;;;1;;1;;0;1;4;0;0;0;1;0.777777777777778;31;0.161290322580645;13;28.138890863047;tarde
60000154;11000021;1000001183;600000697;2023;9;1;3;1;;00003937;00000005;;00003311;2;0;0;;0;;;;;;;0;;0;1;;0;;5;1;0;0;1;0;0;;;1;0;4;0;1;1;4;2;;;1;;1;1;;;0;1;;;;1;;1;;0;1;4;0;0;0;1;0.777777777777778;31;0.161290322580645;13;28.138890863047;tarde
60000154;11000021;1000001346;600000831;2023;23;2;3;1;;00004699;00000003;;00001081;2;0;1;;;;;;;;;;;0;1;0;0;;5;1;0;0;1;0;1;;;0;0;2;0;1;1;4;2;;;1;;1;1;;;0;1;;;;1;;1;;0;1;4;0;0;0;1;0.777777777777778;31;0.161290322580645;13;28.138890863047;tarde
60000155;11000022;1000000498;600000294;2023;20;1;1;1;;00004789;00000004;00000025;00005313;1;0;1;;;1;;;;;;;;0;1;0;0;;5;1;0;0;1;0;0;;;0;0;6;0;1;1;3;1;;;1;1;;1;0;1;;;1;1;0;0;;1;0;;1;1;;0;0;1;0.666666666666667;32;0.0625;7;26.0956729098689;manha
60000156;11000022;1000000064;600000035;2023;9;1;3;1;;00000155;00000007;;00000974;1;0;0;;;;;;;0;0;;;0;1;0;0;29;5;1;0;0;1;0;0;;;1;0;6;1;1;1;3;1;;;1;1;;1;0;1;;;1;1;0;0;;1;0;;1;1;;0;0;1;0.666666666666667;32;0.0625;7;22.252325907466;manha
60000156;11000022;1000000094;600000062;2023;7;2;3;1;;00001148;00000008;00000015;00002563;1;0;0;;;;;;0;;;;;0;1;0;0;29;5;1;0;0;1;0;0;;;0;0;6;0;1;;3;1;;;1;1;;1;0;1;;;1;1;0;0;;1;0;;1;1;;0;0;1;0.666666666666667;32;0.0625;7;22.252325907466;manha
60000156;11000022;1000000126;600000080;2023;7;2;0;1;;00005204;00000001;00000027;;1;0;0;;0;;;;;;;0;;0;1;0;0;29;5;1;0;1;1;0;;;;0;0;6;0;1;;3;1;;;1;1;;1;0;1;;;1;1;0;0;;1;0;;1;1;;0;0;1;0.666666666666667;32;0.0625;7;22.252325907466;manha
60000156;11000022;1000001107;600000646;2023;18;2;3;1;;00001823;00000006;00000022;00002842;1;0;1;;;;;;;;;0;;0;1;0;0;29;5;1;0;1;1;0;;;;1;0;4;1;1;1;3;1;;;1;1;;1;0;1;;;1;1;0;0;;1;0;;1;1;;0;0;1;0.666666666666667;32;0.0625;7;22.252325907466;manha
60000157;11000022;1000000972;600000570;2023;22;1;1;1;;00003373;00000008;00000003;00001128;1;1;1;0;1;;;;;;;;;0;1;0;;25;1;1;0;0;1;0;0;7;1;0;0;6;0;1;1;3;1;;;1;1;;1;0;1;;;1;1;0;0;;1;0;;1;1;;0;0;1;0.666666666666667;32;0.0625;7;18.9441535447259;manha
60000158;11000022;1000000082;600000051;2023;15;2;3;1;;00004545;00000006;00000016;;1;0;0;0;0;;0;;;;;;;0;1;0;0;18;5;1;0;0;1;0;0;5;1;1;0;6;0;1;;3;1;;;1;1;;1;0;1;;;1;1;0;0;;1;0;;1;1;;0;0;1;0.666666666666667;32;0.0625;7;37.5524519258179;manha
60000159;11000022;1000000953;600000561;2023;10;1;0;1;;00000144;00000006;00000024;00004938;1;0;0;;0;;;;;0;;;;0;1;0;0;2;5;1;0;0;1;0;0;;;0;0;6;0;1;1;3;1;;;1;1;;1;0;1;;;1;1;0;0;;1;0;;1;1;;0;0;1;0.666666666666667;32;0.0625;7;16.8357801751699;manha
60000159;11000022;1000000965;600000568;2023;8;1;1;1;;00000114;00000007;00000005;00005241;1;0;0;;;;;;;;;;;0;1;0;0;2;5;1;0;0;1;0;0;;;0;0;6;0;1;1;3;1;;;1;1;;1;0;1;;;1;1;0;0;;1;0;;1;1;;0;0;1;0.666666666666667;32;0.0625;7;16.8357801751699;manha
60000159;11000022;1000001242;600000741;2023;13;1;0;1;;00002944;00000007;;;1;0;1;0;;;;;;;;;;0;1;0;0;2;5;1;1;0;1;0;0;;;0;0;3;0;1;;3;1;;;1;1;;1;0;1;;;1;1;0;0;;1;0;;1;1;;0;0;1;0.666666666666667;32;0.0625;7;16.8357801751699;manha
60000159;11000022;1000001317;600000807;2023;8;1;1;1;;00005211;00000005;;;2;0;0;;;;;;;0;0;0;;0;1;0;0;2;5;1;0;0;1;0;0;;;0;0;2;0;1;;3;1;;;1;1;;1;0;1;;;1;1;0;0;;1;0;;1;1;;0;0;1;0.666666666666667;32;0.0625;7;16.8357801751699;manha
60000159;11000022;1000001387;600000869;2023;14;1;1;1;;00003691;00000006;00000005;00004096;1;0;0;0;;;0;0;;0;;;0;;1;0;0;2;5;1;0;0;1;0;0;;;1;0;1;1;1;;3;1;;;1;1;;1;0;1;;;1;1;0;0;;1;0;;1;1;;0;0;1;0.666666666666667;32;0.0625;7;16.8357801751699;manha
60000159;11000022;1000001467;600000946;2023;5;1;0;1;;00004361;00000001;00000009;00003554;1;0;0;0;;;;;;;;;0;0;1;1;0;2;5;1;0;0;1;0;0;;;0;0;0;;0;;3;1;;;1;1;;1;0;1;;;1;1;0;0;;1;0;;1;1;;0;0;1;0.666666666666667;32;0.0625;7;16.8357801751699;manha
60000160;11000022;1000000271;600000176;2023;23;2;0;1;;00004882;00000003;;00001790;1;0;0;;0;;;0;;;;;;;1;0;0;2;5;1;0;0;1;0;1;;;1;0;6;0;1;1;3;1;;;1;1;;1;0;1;;;1;1;0;0;;1;0;;1;1;;0;0;1;0.666666666666667;32;0.0625;7;19.0838239376899;manha
60000160;11000022;1000000529;600000311;2023;17;1;3;1;;00000414;00000004;00000011;;1;1;0;;0;;;1;;;;0;;0;1;0;0;2;5;1;0;0;1;0;0;;;0;0;6;0;1;;3;1;;;1;1;;1;0;1;;;1;1;0;0;;1;0;;1;1;;0;0;1;0.666666666666667;32;0.0625;7;19.0838239376899;manha
60000160;11000022;1000001061;600000614;2023;21;1;1;1;;00004062;00000004;00000025;;1;0;0;;0;;;;;;;;;0;1;0;0;2;5;1;0;0;1;0;0;;;0;0;5;0;1;;3;1;;;1;1;;1;0;1;;;1;1;0;0;;1;0;;1;1;;0;0;1;0.666666666666667;32;0.0625;7;19.0838239376899;manha
60000160;11000022;1000001069;600000621;2023;22;2;0;1;;00002531;00000003;;00005389;1;0;0;;;1;;;;;;;;0;1;;0;2;5;1;0;0;1;0;0;;;1;0;5;0;1;;3;1;;;1;1;;1;0;1;;;1;1;0;0;;1;0;;1;1;;0;0;1;0.666666666666667;32;0.0625;7;19.0838239376899;manha
60000160;11000022;1000001508;600000987;2023;9;1;1;1;;00003537;00000002;;00003601;1;0;1;;;1;;;;0;;;0;0;1;0;0;2;5;1;0;0;1;0;0;;;0;0;0;;0;;3;1;;;1;1;;1;0;1;;;1;1;0;0;;1;0;;1;1;;0;0;1;0.666666666666667;32;0.0625;7;19.0838239376899;manha
60000161;11000022;1000000060;600000034;2023;11;1;1;1;;00003452;00000002;00000024;;1;0;0;;;;;;;;;;;;1;0;1;23;5;1;0;0;1;0;0;;;0;0;6;0;1;;3;1;;;1;1;;1;0;1;;;1;1;0;0;;1;0;;1;1;;0;0;1;0.666666666666667;32;0.0625;7;17.0115335611627;manha
60000161;11000022;1000000212;600000137;2023;15;2;1;1;;00002865;00000002;;00001639;1;0;0;;;;0;;;0;0;;;0;1;;0;23;5;1;0;0;1;0;0;;;1;0;6;0;1;;3;1;;;1;1;;1;0;1;;;1;1;0;0;;1;0;;1;1;;0;0;1;0.666666666666667;32;0.0625;7;17.0115335611627;manha
60000161;11000022;1000000239;600000152;2023;21;1;3;1;;00004460;00000002;;00000842;1;0;0;;;;;;;;;0;;0;1;0;0;23;5;1;0;0;1;0;1;;;0;0;6;0;1;1;3;1;;;1;1;;1;0;1;;;1;1;0;0;;1;0;;1;1;;0;0;1;0.666666666666667;32;0.0625;7;17.0115335611627;manha
60000161;11000022;1000000383;600000242;2023;17;1;3;1;;00004609;00000002;00000002;00001458;1;0;1;;;;;;;;;0;0;0;1;0;0;23;5;1;0;0;1;0;0;;;0;0;6;0;1;;3;1;;;1;1;;1;0;1;;;1;1;0;0;;1;0;;1;1;;0;0;1;0.666666666666667;32;0.0625;7;17.0115335611627;manha
60000161;11000022;1000000870;600000512;2023;23;2;2;1;;00000504;00000004;00000026;00000504;1;0;0;;;;0;0;;;;;;0;1;0;0;23;5;1;0;0;1;0;0;;;0;0;6;0;1;1;3;1;;;1;1;;1;0;1;;;1;1;0;0;;1;0;;1;1;;0;0;1;0.666666666666667;32;0.0625;7;17.0115335611627;manha
60000161;11000022;1000001287;600000781;2023;18;1;3;1;;00003663;00000003;;00003499;2;0;0;;;;;;;;;;;0;1;0;0;23;5;1;0;0;1;0;1;;;0;0;2;0;1;1;3;1;;;1;1;;1;0;1;;;1;1;0;0;;1;0;;1;1;;0;0;1;0.666666666666667;32;0.0625;7;17.0115335611627;manha
60000161;11000022;1000001445;600000924;2023;15;2;1;1;;00002182;00000006;00000027;00001201;1;0;0;;;;0;;;;;;;0;1;0;0;23;5;1;0;0;1;0;0;;;0;0;0;;0;;3;1;;;1;1;;1;0;1;;;1;1;0;0;;1;0;;1;1;;0;0;1;0.666666666666667;32;0.0625;7;17.0115335611627;manha
60000161;11000022;1000001518;600000997;2023;11;2;1;1;;00002591;00000009;00000008;00004127;2;0;0;;;;0;;;;;;0;0;1;0;0;23;5;1;0;0;1;0;0;;;0;0;0;;0;;3;1;;;1;1;;1;0;1;;;1;1;0;0;;1;0;;1;1;;0;0;1;0.666666666666667;32;0.0625;7;17.0115335611627;manha
60000162;11000023;1000000954;600000562;2023;21;2;1;1;;00002142;00000008;00000007;00001843;1;0;0;;;;;;;;;;0;0;1;0;0;;5;1;0;0;1;0;0;;;0;0;6;0;1;;4;2;;1;1;;;;1;;;;1;1;0;0;;;;;1;2;;;0;;0.75;32;0.0625;14;32.7910544077167;tarde
60000162;11000023;1000001192;600000702;2023;10;2;3;1;;00000502;00000003;00000015;00000924;1;0;0;0;;;;;;;;;;0;1;0;0;;5;1;0;0;1;0;0;;;0;0;3;0;1;;4;2;;1;1;;;;1;;;;1;1;0;0;;;;;1;2;;;0;;0.75;32;0.0625;14;32.7910544077167;tarde
60000163;11000023;1000000324;600000206;2023;22;2;0;1;;00005028;00000002;00000024;00000002;1;0;0;;;;;;;;;;1;0;1;0;0;1;5;1;0;0;1;0;1;;;0;0;6;0;1;1;4;2;;1;1;;;;1;;;;1;1;0;0;;;;;1;2;;;0;;0.75;32;0.0625;15;16.9298300310038;tarde
60000163;11000023;1000001174;600000688;2023;9;1;3;1;;00000086;00000006;00000022;00000517;1;0;0;;;;;0;;;;;0;0;1;0;0;1;5;1;0;0;1;0;0;;;1;0;4;0;1;;4;2;;1;1;;;;1;;;;1;1;0;0;;;;;1;2;;;0;;0.75;32;0.0625;15;16.9298300310038;tarde
60000163;11000023;1000001342;600000827;2023;14;1;3;1;;00002425;00000002;00000006;00001589;1;0;0;;;;;;;;;;;0;1;0;0;1;5;1;0;0;1;0;0;;;0;0;2;0;1;1;4;2;;1;1;;;;1;;;;1;1;0;0;;;;;1;2;;;0;;0.75;32;0.0625;15;16.9298300310038;tarde
60000164;11000023;1000000167;600000105;2023;17;1;3;1;;00000126;00000005;00000024;00003656;1;0;0;;;;;;;;0;0;;0;1;0;0;17;5;1;0;0;1;0;0;8;1;0;0;6;0;1;;4;2;;1;1;;;;1;;;;1;1;0;0;;;;;1;2;;;0;;0.75;32;0.0625;7;26.1116445378866;manha
60000164;11000023;1000000217;600000140;2023;15;2;3;1;;00000084;00000001;;00004932;1;0;0;;0;1;;;;0;0;;;0;1;0;0;17;5;1;0;0;1;0;0;6;1;1;1;6;0;1;1;4;2;;1;1;;;;1;;;;1;1;0;0;;;;;1;2;;;0;;0.75;32;0.0625;7;26.1116445378866;manha
60000164;11000023;1000000941;600000553;2023;13;2;1;1;;00003444;00000009;;00002393;1;0;0;;;;;;;;;;;0;1;0;0;17;5;1;0;0;1;0;0;4;1;0;0;6;0;1;;4;2;;1;1;;;;1;;;;1;1;0;0;;;;;1;2;;;0;;0.75;32;0.0625;7;26.1116445378866;manha
60000164;11000023;1000001076;600000627;2023;18;1;3;1;;00003379;00000003;00000011;00000742;1;0;0;0;;;;;;;;;;0;1;0;;17;5;1;0;0;1;0;0;9;1;0;0;5;0;1;;4;2;;1;1;;;;1;;;;1;1;0;0;;;;;1;2;;;0;;0.75;32;0.0625;7;26.1116445378866;manha
60000165;11000023;1000000085;600000054;2023;22;1;0;1;;00001520;00000008;;;2;0;0;;;;;;0;;0;;;0;1;0;1;25;5;1;0;0;1;0;0;7;1;0;0;6;0;1;;4;2;;1;1;;;;1;;;;1;1;0;0;;;;;1;2;;;0;;0.75;32;0.0625;14;23.2542874250794;tarde
60000165;11000023;1000000141;600000088;2023;18;1;1;1;;00004228;00000009;00000023;;1;0;0;;;;;;;;0;;;0;1;0;;25;5;1;0;0;1;0;1;3;1;2;0;6;0;1;;4;2;;1;1;;;;1;;;;1;1;0;0;;;;;1;2;;;0;;0.75;32;0.0625;14;23.2542874250794;tarde
60000165;11000023;1000001384;600000866;2023;14;1;3;1;;00002553;00000006;;;1;0;0;0;0;;;1;;;;;;0;1;0;0;25;5;1;0;0;1;0;0;-1;0;0;0;1;0;1;;4;2;;1;1;;;;1;;;;1;1;0;0;;;;;1;2;;;0;;0.75;32;0.0625;14;23.2542874250794;tarde
60000165;11000023;1000001396;600000878;2023;45;1;0;1;;00000156;00000007;00000025;00003243;1;0;0;;;0;;;;0;;;;0;1;0;0;25;5;1;0;0;1;0;0;30;1;0;0;1;0;1;1;4;2;;1;1;;;;1;;;;1;1;0;0;;;;;1;2;;;0;;0.75;32;0.0625;14;23.2542874250794;tarde
60000165;11000023;1000001458;600000937;2023;12;1;3;1;;00001139;00000002;00000021;;1;0;0;0;;;;0;;;0;;;0;1;1;0;25;5;1;1;0;1;0;0;-3;0;0;0;0;;0;;4;2;;1;1;;;;1;;;;1;1;0;0;;;;;1;2;;;0;;0.75;32;0.0625;14;23.2542874250794;tarde
60000166;11000023;1000000156;600000097;2023;20;1;0;1;;00000762;00000003;;00004114;1;0;0;;;;;;;;;;;0;1;0;0;69;5;1;0;0;1;0;0;;;0;0;6;0;1;1;4;2;;1;1;;;;1;;;;1;1;0;0;;;;;1;2;;;0;;0.75;32;0.0625;7;24.2004586395342;manha
60000166;11000023;1000000278;600000181;2023;14;2;2;1;;00003705;00000004;00000021;00000632;1;0;0;0;;;;;;;;;0;0;1;0;0;69;5;1;0;0;1;0;0;;;0;0;6;0;1;;4;2;;1;1;;;;1;;;;1;1;0;0;;;;;1;2;;;0;;0.75;32;0.0625;7;24.2004586395342;manha
60000166;11000023;1000000567;600000335;2023;16;2;0;1;;00005521;00000002;;00003522;1;0;1;;0;;;0;;;;;;0;1;0;0;69;5;1;0;0;1;0;0;;;1;0;6;0;1;1;4;2;;1;1;;;;1;;;;1;1;0;0;;;;;1;2;;;0;;0.75;32;0.0625;7;24.2004586395342;manha
60000166;11000023;1000000596;600000350;2023;13;1;3;1;;00005046;00000009;;00000874;1;0;0;;0;;;;;0;;;0;0;1;0;0;69;5;1;0;0;1;0;0;;;0;0;6;0;1;1;4;2;;1;1;;;;1;;;;1;1;0;0;;;;;1;2;;;0;;0.75;32;0.0625;7;24.2004586395342;manha
60000166;11000023;1000000694;600000412;2023;19;1;1;1;;00000686;00000007;;;1;0;;;;;;;0;;;;;0;1;0;0;69;5;1;0;0;1;0;0;;;0;0;6;0;1;;4;2;;1;1;;;;1;;;;1;1;0;0;;;;;1;2;;;0;;0.75;32;0.0625;7;24.2004586395342;manha
60000166;11000023;1000001198;600000705;2023;11;2;0;1;;00005192;00000004;;;2;0;1;0;;1;;;1;;;;;0;1;0;0;69;5;1;0;0;1;0;0;;;0;0;3;0;1;;4;2;;1;1;;;;1;;;;1;1;0;0;;;;;1;2;;;0;;0.75;32;0.0625;7;24.2004586395342;manha
60000166;11000023;1000001408;600000890;2023;12;1;0;1;;00004242;00000005;;00004885;1;0;0;0;;;;;;;;;;0;1;0;;69;5;1;0;0;1;0;0;;;0;0;1;0;1;1;4;2;;1;1;;;;1;;;;1;1;0;0;;;;;1;2;;;0;;0.75;32;0.0625;7;24.2004586395342;manha
60000167;11000023;1000000859;600000506;2023;27;2;0;1;;00002883;00000005;00000022;;1;0;0;;0;1;;0;;;0;0;;0;1;0;0;;5;1;0;0;1;0;1;;;0;0;6;0;1;;4;2;;1;1;;;;1;;;;1;1;0;0;;;;;1;2;;;0;;0.75;32;0.0625;7;12.5028749019839;manha
60000167;11000023;1000001367;600000851;2023;7;2;3;1;;00000383;00000006;00000022;00001466;2;0;0;0;0;;;;;;;;;0;1;0;0;;5;1;0;0;1;0;0;;;0;0;1;0;1;1;4;2;;1;1;;;;1;;;;1;1;0;0;;;;;1;2;;;0;;0.75;32;0.0625;7;12.5028749019839;manha
60000168;11000023;1000000280;600000183;2023;14;2;3;1;;00002520;00000004;00000019;00001621;1;0;0;;;1;0;;;;;;0;0;1;0;1;;5;1;0;0;1;0;0;;;0;0;6;0;1;1;4;2;;1;1;;;;1;;;;1;1;0;0;;;;;1;2;;;0;;0.75;32;0.0625;7;23.8361205591355;manha
60000168;11000023;1000000804;600000477;2023;13;2;1;1;;00003962;00000001;00000009;00000332;1;0;0;;;;;0;;;;;;0;1;0;;;5;1;0;0;1;0;0;;;0;0;6;0;1;1;4;2;;1;1;;;;1;;;;1;1;0;0;;;;;1;2;;;0;;0.75;32;0.0625;7;23.8361205591355;manha
60000168;11000023;1000000955;600000563;2023;12;2;0;1;;00004134;00000007;00000015;;1;0;0;;;;;;;;;0;;0;1;0;0;;5;1;0;0;1;0;0;;;0;0;6;0;1;;4;2;;1;1;;;;1;;;;1;1;0;0;;;;;1;2;;;0;;0.75;32;0.0625;7;23.8361205591355;manha
60000168;11000023;1000001304;600000797;2023;5;2;0;1;;00000774;00000009;00000014;00000748;1;0;0;;;;;;;;;;0;0;1;0;0;;5;1;0;0;1;0;0;;;0;0;2;0;1;;4;2;;1;1;;;;1;;;;1;1;0;0;;;;;1;2;;;0;;0.75;32;0.0625;7;23.8361205591355;manha
60000168;11000023;1000001357;600000841;2023;18;1;0;1;;00002259;00000004;00000020;00002778;1;0;0;;;;;;;0;;;;0;1;;0;;5;1;0;0;1;0;0;;;0;0;2;0;1;;4;2;;1;1;;;;1;;;;1;1;0;0;;;;;1;2;;;0;;0.75;32;0.0625;7;23.8361205591355;manha
60000169;11000024;1000000687;600000407;2023;18;2;1;1;;00000763;00000008;;00001629;1;0;0;;0;;;;;;;;;0;1;0;0;1;5;1;0;0;1;0;0;;;0;0;6;0;1;1;3;1;1;1;1;1;1;;;0;;;0;;;0;1;0;;1;1;;0;;;1;0.636363636363636;31;0.032258064516129;13;26.1830897070467;tarde
60000169;11000024;1000001343;600000828;2023;13;2;3;1;;00001466;00000005;00000016;;2;0;0;;;;;;;;;;;0;1;;0;1;5;1;0;0;1;0;0;;;0;0;2;0;1;;3;1;1;1;1;1;1;;;0;;;0;;;0;1;0;;1;1;;0;;;1;0.636363636363636;31;0.032258064516129;13;26.1830897070467;tarde
60000170;11000024;1000000295;600000191;2023;18;2;1;1;;00003635;00000009;00000027;00001309;1;0;0;0;0;;;0;;;;;;0;1;0;;;5;1;0;0;1;0;0;;;1;0;6;1;1;1;3;1;1;1;1;1;1;;;0;;;0;;;0;1;0;;1;1;;0;;;1;0.636363636363636;31;0.032258064516129;7;41.8553496957757;manha
60000170;11000024;1000000356;600000224;2023;11;1;1;1;;00000413;00000003;00000027;;1;0;1;0;1;;;;;;;;;1;1;0;1;;5;1;0;0;1;0;0;;;0;0;6;0;1;;3;1;1;1;1;1;1;;;0;;;0;;;0;1;0;;1;1;;0;;;1;0.636363636363636;31;0.032258064516129;7;41.8553496957757;manha
60000170;11000024;1000001364;600000848;2023;20;2;1;1;;00000441;00000004;;00004869;1;0;0;;;;;;;;;;0;0;1;0;0;;5;1;0;0;1;0;0;;;0;0;2;0;1;1;3;1;1;1;1;1;1;;;0;;;0;;;0;1;0;;1;1;;0;;;1;0.636363636363636;31;0.032258064516129;7;41.8553496957757;manha
60000170;11000024;1000001481;600000960;2023;4;2;3;1;;00001205;00000001;;00003479;1;0;0;;;;;;0;0;;;;0;1;0;0;;5;1;0;0;1;0;0;;;0;0;0;;0;;3;1;1;1;1;1;1;;;0;;;0;;;0;1;0;;1;1;;0;;;1;0.636363636363636;31;0.032258064516129;7;41.8553496957757;manha
60000171;11000024;1000000007;600000005;2023;20;2;3;1;;00000642;00000006;00000012;;1;0;0;;0;;;;;;;;;0;1;0;0;21;5;1;0;0;1;0;0;7;1;0;0;6;0;1;;3;1;1;1;1;1;1;;;0;;;0;;;0;1;0;;1;1;;0;;;1;0.636363636363636;31;0.032258064516129;7;0.144871235825121;manha
60000171;11000024;1000000067;600000038;2023;9;1;3;1;;00000861;00000001;00000002;00004310;1;0;0;0;;;;;;0;0;;;0;1;0;0;21;5;1;0;0;1;0;0;-4;0;0;0;6;0;1;;3;1;1;1;1;1;1;;;0;;;0;;;0;1;0;;1;1;;0;;;1;0.636363636363636;31;0.032258064516129;7;0.144871235825121;manha
60000171;11000024;1000000144;600000090;2023;10;2;1;1;;00004648;00000009;;00004352;1;0;1;;0;;;;;;0;;0;0;1;0;0;21;5;1;0;0;1;0;0;-3;0;0;0;6;0;1;1;3;1;1;1;1;1;1;;;0;;;0;;;0;1;0;;1;1;;0;;;1;0.636363636363636;31;0.032258064516129;7;0.144871235825121;manha
60000171;11000024;1000000731;600000434;2023;32;1;2;1;;00004497;00000003;;;1;0;0;;;;0;;;;;;;0;1;1;;21;5;1;0;0;1;0;1;19;1;0;0;6;0;1;;3;1;1;1;1;1;1;;;0;;;0;;;0;1;0;;1;1;;0;;;1;0.636363636363636;31;0.032258064516129;7;0.144871235825121;manha
60000171;11000024;1000001108;600000647;2023;20;2;0;1;;00003896;00000008;;00000692;1;1;0;0;;;;0;;;;0;;0;1;0;0;21;5;1;0;0;1;0;0;7;1;0;1;4;0;1;1;3;1;1;1;1;1;1;;;0;;;0;;;0;1;0;;1;1;;0;;;1;0.636363636363636;31;0.032258064516129;7;0.144871235825121;manha
60000171;11000024;1000001150;600000670;2023;8;2;2;1;;00003770;00000009;00000024;00000091;1;0;0;0;;;;;;;;;0;0;1;1;0;21;5;1;0;0;1;0;0;-5;0;0;0;4;0;1;;3;1;1;1;1;1;1;;;0;;;0;;;0;1;0;;1;1;;0;;;1;0.636363636363636;31;0.032258064516129;7;0.144871235825121;manha
60000172;11000024;1000000026;600000014;2023;21;2;3;1;;00000864;00000004;00000011;;1;0;0;;;;;;;;;;;0;1;0;1;41;5;1;0;0;1;0;0;7;1;0;0;6;0;1;;3;1;1;1;1;1;1;;;0;;;0;;;0;1;0;;1;1;;0;;;1;0.636363636363636;31;0.032258064516129;13;11.9917038735002;tarde
60000172;11000024;1000000761;600000449;2023;11;1;3;1;;00000749;00000007;00000014;00002884;1;0;0;;;;;;;;;;;0;1;0;0;41;5;1;0;0;1;0;0;-3;0;0;0;6;0;1;1;3;1;1;1;1;1;1;;;0;;;0;;;0;1;0;;1;1;;0;;;1;0.636363636363636;31;0.032258064516129;13;11.9917038735002;tarde
60000172;11000024;1000001496;600000975;2023;14;2;3;1;;00000232;00000005;00000010;00002178;1;0;0;0;0;;;;;0;;;;0;1;0;0;41;5;1;0;0;1;0;0;0;0;0;0;0;;0;;3;1;1;1;1;1;1;;;0;;;0;;;0;1;0;;1;1;;0;;;1;0.636363636363636;31;0.032258064516129;13;11.9917038735002;tarde
60000173;11000024;1000000250;600000162;2023;15;1;1;1;;00000673;00000006;00000005;00003913;1;0;0;;;;;;;;;;;0;1;0;0;40;5;1;0;0;1;0;0;;;0;0;6;0;1;;3;1;1;1;1;1;1;;;0;;;0;;;0;1;0;;1;1;;0;;;1;0.636363636363636;31;0.032258064516129;7;9.31023556157015;manha
60000173;11000024;1000000350;600000220;2023;14;1;1;1;;00002641;00000001;00000011;00005139;1;0;0;0;;;;0;;;;;;0;1;0;;40;5;1;0;0;1;0;0;;;0;0;6;0;1;1;3;1;1;1;1;1;1;;;0;;;0;;;0;1;0;;1;1;;0;;;1;0.636363636363636;31;0.032258064516129;7;9.31023556157015;manha
60000173;11000024;1000001415;600000896;2023;7;1;1;1;;00000103;00000004;00000022;;1;0;0;;;;;;;;0;;;0;1;0;0;40;5;1;0;0;1;0;0;;;0;0;1;0;1;;3;1;1;1;1;1;1;;;0;;;0;;;0;1;0;;1;1;;0;;;1;0.636363636363636;31;0.032258064516129;7;9.31023556157015;manha
60000174;11000024;1000000982;600000575;2023;14;1;0;1;;;00000005;00000024;;1;0;0;;0;;;0;;;;;;0;1;0;0;;5;1;0;0;1;0;0;;;0;0;6;0;1;;3;1;1;1;1;1;1;;;0;;;0;;;0;1;0;;1;1;;0;;;1;0.636363636363636;31;0.032258064516129;7;23.7024525500601;manha
60000174;11000024;1000001417;600000898;2023;8;2;3;1;;00001543;00000008;00000007;;1;0;0;;1;1;;;0;;;;;0;1;0;0;;5;1;0;0;1;0;0;;;0;0;1;0;1;;3;1;1;1;1;1;1;;;0;;;0;;;0;1;0;;1;1;;0;;;1;0.636363636363636;31;0.032258064516129;7;23.7024525500601;manha
60000174;11000024;1000001513;600000992;2023;6;1;0;1;;00001629;00000008;;00002086;1;1;0;0;0;;;0;;;;;;0;1;0;0;;5;1;0;0;1;0;0;;;0;0;0;;0;;3;1;1;1;1;1;1;;;0;;;0;;;0;1;0;;1;1;;0;;;1;0.636363636363636;31;0.032258064516129;7;23.7024525500601;manha
60000175;11000024;1000000255;600000167;2023;23;1;1;1;;00004154;00000009;00000024;;1;0;0;;;;;;;;;;;0;1;0;0;;5;1;0;0;1;0;0;;;0;0;6;0;1;;3;1;1;1;1;1;1;;;0;;;0;;;0;1;0;;1;1;;0;;;1;0.636363636363636;31;0.032258064516129;7;2.09765408188105;manha
60000175;11000024;1000000398;600000246;2023;13;1;1;1;;00001199;00000008;;00005285;1;0;0;;0;1;;;;;;;0;0;1;0;0;;5;1;0;0;1;0;0;;;0;0;6;0;1;1;3;1;1;1;1;1;1;;;0;;;0;;;0;1;0;;1;1;;0;;;1;0.636363636363636;31;0.032258064516129;7;2.09765408188105;manha
60000175;11000024;1000000747;600000442;2023;23;1;0;1;;00003222;00000001;00000013;00002905;2;0;0;;;0;;;;;0;;;0;1;0;0;;5;1;0;0;1;0;0;;;0;0;6;0;1;;3;1;1;1;1;1;1;;;0;;;0;;;0;1;0;;1;1;;0;;;1;0.636363636363636;31;0.032258064516129;7;2.09765408188105;manha
60000175;11000024;1000001019;600000588;2023;30;2;0;1;;00002098;00000008;00000016;;1;0;1;0;;0;0;;;;;;;0;1;;0;;5;1;0;0;1;0;0;;;0;0;5;0;1;;3;1;1;1;1;1;1;;;0;;;0;;;0;1;0;;1;1;;0;;;1;0.636363636363636;31;0.032258064516129;7;2.09765408188105;manha
60000175;11000024;1000001504;600000983;2023;11;2;2;1;;00003224;00000002;;00004996;1;0;1;;;;;;;;;;;0;1;0;0;;5;1;0;0;1;0;0;;;0;0;0;;0;;3;1;1;1;1;1;1;;;0;;;0;;;0;1;0;;1;1;;0;;;1;0.636363636363636;31;0.032258064516129;7;2.09765408188105;manha
60000176;11000025;1000000005;600000003;2023;13;2;1;1;;00000324;00000001;00000009;00000927;1;0;0;;0;;;;;;;;;0;1;0;0;25;5;1;0;0;1;0;0;-2;0;0;0;6;0;1;1;3;1;;1;1;;;1;;1;0;1;0;;;;1;1;1;0;1;;0;0;0;0;0.75;36;0;13;22.5835119496333;tarde
60000176;11000025;1000000184;600000116;2023;10;1;3;1;;00001150;00000003;;00002658;1;0;1;;0;;;;;;;;;0;1;0;0;25;5;1;0;0;1;0;0;-5;0;0;0;6;0;1;1;3;1;;1;1;;;1;;1;0;1;0;;;;1;1;1;0;1;;0;0;0;0;0.75;36;0;13;22.5835119496333;tarde
60000176;11000025;1000000370;600000234;2023;18;2;3;1;;00001015;00000001;;;1;0;0;;;;;;;;;0;;0;1;0;0;25;5;1;0;0;1;0;0;3;1;0;0;6;0;1;;3;1;;1;1;;;1;;1;0;1;0;;;;1;1;1;0;1;;0;0;0;0;0.75;36;0;13;22.5835119496333;tarde
60000177;11000025;1000000604;600000354;2023;13;1;3;1;;00000075;00000002;;00002083;1;0;0;;;;;;;;;;;0;1;0;0;20;5;1;0;0;1;0;0;1;0;1;0;6;1;1;1;3;1;;1;1;;;1;;1;0;1;0;;;;1;1;1;0;1;;0;0;0;0;0.75;36;0;8;14.5215274149086;manha
60000177;11000025;1000001490;600000969;2023;14;2;3;1;;00005220;00000003;;00002800;1;0;0;;;;0;;0;;;;;0;1;0;0;20;5;1;0;0;1;0;0;2;1;0;0;0;;0;;3;1;;1;1;;;1;;1;0;1;0;;;;1;1;1;0;1;;0;0;0;0;0.75;36;0;8;14.5215274149086;manha
60000178;11000025;1000000305;600000198;2023;26;1;1;1;;00003121;00000003;;00002581;1;0;0;0;;;;;0;;0;;;0;1;0;0;21;5;1;0;0;1;0;1;13;1;1;0;6;0;1;1;3;1;;1;1;;;1;;1;0;1;0;;;;1;1;1;0;1;;0;0;0;0;0.75;36;0;7;14.5637834933586;manha
60000178;11000025;1000001101;600000640;2023;19;1;0;1;;00000929;00000002;00000026;00005036;1;0;0;;;;;;0;;;;;0;1;0;;21;5;1;0;0;1;0;1;6;1;0;0;4;0;1;;3;1;;1;1;;;1;;1;0;1;0;;;;1;1;1;0;1;;0;0;0;0;0.75;36;0;7;14.5637834933586;manha
60000179;11000025;1000000084;600000053;2023;23;1;3;1;;00000138;00000003;00000003;00004580;1;0;0;;;1;;;;;;;;0;1;0;0;21;5;1;0;0;1;0;0;10;1;1;1;6;0;1;1;3;1;;1;1;;;1;;1;0;1;0;;;;1;1;1;0;1;;0;0;0;0;0.75;36;0;8;3.18435610737652;manha
60000179;11000025;1000000133;600000083;2023;27;1;2;1;;00003391;00000001;00000001;;2;0;1;;;;0;;0;;0;;;0;1;;;21;5;1;0;0;1;0;1;14;1;0;0;6;0;1;;3;1;;1;1;;;1;;1;0;1;0;;;;1;1;1;0;1;;0;0;0;0;0.75;36;0;8;3.18435610737652;manha
60000179;11000025;1000000191;600000121;2023;23;1;0;1;;00002461;00000002;;00005426;1;0;0;0;;0;0;;;;0;;;0;1;0;0;21;5;1;0;0;1;0;1;10;1;0;1;6;0;1;1;3;1;;1;1;;;1;;1;0;1;0;;;;1;1;1;0;1;;0;0;0;0;0.75;36;0;8;3.18435610737652;manha
60000179;11000025;1000001293;600000787;2023;16;1;1;1;;00002500;00000008;00000002;00002804;1;0;0;;;;0;;;0;;;;0;1;0;0;21;5;1;0;0;1;0;0;3;1;0;0;2;0;1;;3;1;;1;1;;;1;;1;0;1;0;;;;1;1;1;0;1;;0;0;0;0;0.75;36;0;8;3.18435610737652;manha
60000179;11000025;1000001295;600000789;2023;7;2;0;1;;00002595;00000001;00000004;00001892;1;0;0;;0;;;;;;;;;0;1;0;0;21;5;1;0;0;1;0;0;-6;0;0;0;2;0;1;;3;1;;1;1;;;1;;1;0;1;0;;;;1;1;1;0;1;;0;0;0;0;0.75;36;0;8;3.18435610737652;manha
60000179;11000025;1000001473;600000952;2023;8;1;3;1;;00002935;00000008;00000013;00002540;2;0;0;0;;1;;0;;;;;0;0;1;0;0;21;5;1;0;0;1;0;0;-5;0;0;0;0;;0;;3;1;;1;1;;;1;;1;0;1;0;;;;1;1;1;0;1;;0;0;0;0;0.75;36;0;8;3.18435610737652;manha
60000180;11000025;1000000139;600000087;2023;12;2;3;1;;00005463;00000006;00000013;00000671;1;1;0;;;0;;;;;;;;0;1;0;0;2;5;1;0;0;1;0;0;;;0;0;6;0;1;1;3;1;;1;1;;;1;;1;0;1;0;;;;1;1;1;0;1;;0;0;0;0;0.75;36;0;8;13.1845498306211;manha
60000180;11000025;1000000471;600000281;2023;19;2;3;1;;00000826;00000004;00000004;00005387;2;0;0;;;;;0;;;;;;;1;0;0;2;5;1;0;0;1;0;0;;;0;0;6;0;1;;3;1;;1;1;;;1;;1;0;1;0;;;;1;1;1;0;1;;0;0;0;0;0.75;36;0;8;13.1845498306211;manha
60000180;11000025;1000000901;600000532;2023;19;1;2;1;;00004155;00000007;00000009;00004680;1;0;1;;;0;;;;;;;;0;1;0;1;2;5;1;1;0;1;0;0;;;0;0;6;0;1;1;3;1;;1;1;;;1;;1;0;1;0;;;;1;1;1;0;1;;0;0;0;0;0.75;36;0;8;13.1845498306211;manha
60000180;11000025;1000000906;600000536;2023;15;1;1;1;;00004322;00000004;00000013;;1;0;0;;;;;;;;;;;0;1;0;0;2;5;1;0;0;1;0;0;;;0;0;6;0;1;;3;1;;1;1;;;1;;1;0;1;0;;;;1;1;1;0;1;;0;0;0;0;0.75;36;0;8;13.1845498306211;manha
60000180;11000025;1000000977;600000573;2023;15;2;2;1;;00002391;00000005;;;1;0;1;;0;;;;;0;;;0;0;1;0;0;2;5;1;0;0;1;0;0;;;1;0;6;0;1;;3;1;;1;1;;;1;;1;0;1;0;;;;1;1;1;0;1;;0;0;0;0;0.75;36;0;8;13.1845498306211;manha
60000180;11000025;1000001226;600000728;2023;16;1;1;1;;00004651;00000002;00000023;00002957;1;0;0;;;;;;;0;;;;0;1;0;0;2;5;1;0;0;1;0;0;;;0;0;3;0;1;1;3;1;;1;1;;;1;;1;0;1;0;;;;1;1;1;0;1;;0;0;0;0;0.75;36;0;8;13.1845498306211;manha
60000181;11000025;1000000303;600000196;2023;15;2;3;1;;00000255;00000007;00000002;;1;0;0;;;;0;;;;;;;0;1;0;0;1;5;1;0;0;1;0;0;;;0;0;6;0;1;;3;1;;1;1;;;1;;1;0;1;0;;;;1;1;1;0;1;;0;0;0;0;0.75;36;0;7;8.44585145125166;manha
60000181;11000025;1000000320;600000203;2023;21;2;0;1;;00000241;00000005;;00005053;1;0;0;0;;;;0;;;0;0;;0;1;1;0;1;5;1;0;0;1;0;0;;;1;1;6;0;1;;3;1;;1;1;;;1;;1;0;1;0;;;;1;1;1;0;1;;0;0;0;0;0.75;36;0;7;8.44585145125166;manha
60000181;11000025;1000000971;600000569;2023;14;2;5;1;;00004933;00000009;00000011;00003180;1;1;0;0;;;;;;0;;;;0;1;0;1;1;5;1;0;0;1;0;0;;;0;0;6;0;1;;3;1;;1;1;;;1;;1;0;1;0;;;;1;1;1;0;1;;0;0;0;0;0.75;36;0;7;8.44585145125166;manha
60000181;11000025;1000001126;600000658;2023;16;1;1;1;;00002317;00000004;00000011;00000567;2;0;0;;;;;;;;;;;;1;0;0;1;5;1;0;0;1;0;0;;;0;1;4;0;1;1;3;1;;1;1;;;1;;1;0;1;0;;;;1;1;1;0;1;;0;0;0;0;0.75;36;0;7;8.44585145125166;manha
60000181;11000025;1000001221;600000724;2023;5;1;3;1;;00001764;00000004;00000009;;1;0;0;;0;;;;;;;0;;0;1;0;0;1;5;1;0;0;1;0;0;;;0;0;3;0;1;;3;1;;1;1;;;1;;1;0;1;0;;;;1;1;1;0;1;;0;0;0;0;0.75;36;0;7;8.44585145125166;manha
60000182;11000025;1000000111;600000074;2023;9;1;1;1;;00003661;00000001;00000025;00004546;2;1;0;0;1;;;;;;0;0;;0;1;;0;16;5;1;0;0;1;0;0;1;0;0;0;6;0;1;;3;1;;1;1;;;1;;1;0;1;0;;;;1;1;1;0;1;;0;0;0;0;0.75;36;0;7;30.4985411610687;manha
60000182;11000025;1000000453;600000272;2023;12;2;4;1;;00001124;00000004;;;1;0;1;;;1;0;;;0;;;;0;1;0;0;16;5;1;0;0;1;0;0;4;1;0;0;6;0;1;;3;1;;1;1;;;1;;1;0;1;0;;;;1;1;1;0;1;;0;0;0;0;0.75;36;0;7;30.4985411610687;manha
60000182;11000025;1000000467;600000278;2023;20;2;0;1;;00002909;00000008;00000006;;1;0;0;;;0;;0;0;;0;0;;0;1;0;0;16;5;1;0;0;1;0;0;12;1;0;0;6;0;1;;3;1;;1;1;;;1;;1;0;1;0;;;;1;1;1;0;1;;0;0;0;0;0.75;36;0;7;30.4985411610687;manha
60000182;11000025;1000000597;600000351;2023;15;2;0;1;;00002236;00000002;00000024;00000866;1;0;0;0;;;;;;;;;0;0;1;0;1;16;5;1;0;0;1;0;1;7;1;0;0;6;0;1;;3;1;;1;1;;;1;;1;0;1;0;;;;1;1;1;0;1;;0;0;0;0;0.75;36;0;7;30.4985411610687;manha
60000182;11000025;1000000755;600000446;2023;17;1;0;1;;00001413;00000003;00000014;;2;0;;0;0;;;;;;;;;0;1;0;0;16;5;1;0;0;1;0;0;9;1;0;0;6;0;1;;3;1;;1;1;;;1;;1;0;1;0;;;;1;1;1;0;1;;0;0;0;0;0.75;36;0;7;30.4985411610687;manha
60000182;11000025;1000000956;600000564;2023;12;1;3;1;;00005251;00000004;00000019;00002821;1;0;0;;;0;;0;;;;;;0;1;0;0;16;5;1;0;0;1;0;0;4;1;0;0;6;0;1;1;3;1;;1;1;;;1;;1;0;1;0;;;;1;1;1;0;1;;0;0;0;0;0.75;36;0;7;30.4985411610687;manha
60000182;11000025;1000001089;600000636;2023;11;1;3;1;;00002412;00000004;00000009;00003947;1;1;0;0;;;0;0;;;;;0;0;1;0;0;16;5;1;0;0;1;0;0;3;1;0;0;5;0;1;;3;1;;1;1;;;1;;1;0;1;0;;;;1;1;1;0;1;;0;0;0;0;0.75;36;0;7;30.4985411610687;manha
60000183;11000026;1000000690;600000410;2023;22;2;3;1;;00005434;00000002;;00000504;1;0;0;0;;;;0;;;0;;;0;1;0;0;17;5;1;0;0;1;0;0;13;1;0;0;6;0;1;1;3;1;1;1;;1;0;1;0;0;0;1;;0;1;;;1;0;;;0;;;;;0.5;32;0;13;24.1308582737111;tarde
60000183;11000026;1000000703;600000419;2023;11;2;0;1;;00002361;00000008;00000024;00003572;1;0;0;;0;;;;;;;0;;0;1;;0;17;5;1;0;0;1;0;0;2;1;0;0;6;0;1;1;3;1;1;1;;1;0;1;0;0;0;1;;0;1;;;1;0;;;0;;;;;0.5;32;0;13;24.1308582737111;tarde
60000183;11000026;1000001207;600000712;2023;8;1;3;1;;00004145;00000007;00000005;00003536;1;0;0;;;;;;;;;0;;0;1;0;0;17;5;1;0;0;1;0;0;-1;0;1;0;3;1;1;1;3;1;1;1;;1;0;1;0;0;0;1;;0;1;;;1;0;;;0;;;;;0.5;32;0;13;24.1308582737111;tarde
60000184;11000026;1000000053;600000030;2023;23;1;0;1;;00003958;00000008;;00000516;1;0;0;;;;;0;;;;;;0;1;0;;1;5;1;0;0;1;0;0;;;1;0;6;0;1;;3;1;1;1;;1;0;1;0;0;0;1;;0;1;;;1;0;;;0;;;;;0.5;32;0;19;34.1208228785545;noite
60000185;11000026;1000000011;600000009;2023;11;2;3;1;;00003378;00000005;00000007;00002685;1;0;0;0;;1;;;;;0;;;0;1;0;;17;5;1;0;0;1;0;0;2;1;1;1;6;0;1;1;3;1;1;1;;1;0;1;0;0;0;1;;0;1;;;1;0;;;0;;;;;0.5;32;0;7;4.6509695565328;manha
60000185;11000026;1000000214;600000138;2023;14;1;0;1;;00003571;00000006;00000026;00002716;1;0;1;;;;;;;;;0;;0;1;0;0;17;5;1;0;0;1;0;0;5;1;0;1;6;0;1;1;3;1;1;1;;1;0;1;0;0;0;1;;0;1;;;1;0;;;0;;;;;0.5;32;0;7;4.6509695565328;manha
60000185;11000026;1000001072;600000624;2023;17;1;3;1;;00000139;00000003;;00000997;1;0;0;;;;0;;0;0;;;;0;1;0;;17;5;1;0;0;1;0;0;8;1;0;0;5;0;1;1;3;1;1;1;;1;0;1;0;0;0;1;;0;1;;;1;0;;;0;;;;;0.5;32;0;7;4.6509695565328;manha
60000185;11000026;1000001419;600000900;2023;7;1;0;1;;00004058;00000007;;;1;0;0;;;1;;;;0;;;;0;1;0;0;17;5;1;0;0;1;0;0;-2;0;0;1;1;0;1;;3;1;1;1;;1;0;1;0;0;0;1;;0;1;;;1;0;;;0;;;;;0.5;32;0;7;4.6509695565328;manha
60000186;11000026;1000000145;600000091;2023;23;2;3;1;;00000520;00000008;00000025;;1;0;0;;;;;;;;;;;0;1;0;0;;5;1;0;0;1;0;0;;;0;1;6;0;1;;3;1;1;1;;1;0;1;0;0;0;1;;0;1;;;1;0;;;0;;;;;0.5;32;0;13;12.580724360887;tarde
60000186;11000026;1000000649;600000382;2023;7;2;3;1;;00005144;00000008;;00002233;1;0;0;;;;;;0;;;;;0;1;0;0;;5;1;0;0;1;0;0;;;0;0;6;0;1;1;3;1;1;1;;1;0;1;0;0;0;1;;0;1;;;1;0;;;0;;;;;0.5;32;0;13;12.580724360887;tarde
60000186;11000026;1000001066;600000618;2023;13;2;3;1;;00002640;00000006;;;1;0;0;;;;;;;;;;;;1;0;0;;5;1;0;0;1;0;0;;;0;0;5;0;1;;3;1;1;1;;1;0;1;0;0;0;1;;0;1;;;1;0;;;0;;;;;0.5;32;0;13;12.580724360887;tarde
60000186;11000026;1000001135;600000661;2023;12;1;3;1;;00003352;00000002;00000027;;1;0;1;;;;;;;;;;;0;1;1;0;;5;1;0;0;1;0;0;;;1;0;4;0;1;;3;1;1;1;;1;0;1;0;0;0;1;;0;1;;;1;0;;;0;;;;;0.5;32;0;13;12.580724360887;tarde
60000186;11000026;1000001196;600000704;2023;18;2;1;1;;00000967;00000003;;00003210;1;0;0;;;;0;;;;0;;;0;1;1;1;;5;1;0;0;1;0;1;;;0;1;3;0;1;;3;1;1;1;;1;0;1;0;0;0;1;;0;1;;;1;0;;;0;;;;;0.5;32;0;13;12.580724360887;tarde
60000187;11000026;1000000590;600000346;2023;17;2;0;1;;00002816;00000001;00000007;00003614;1;0;0;;0;;;;;;0;;;0;1;0;0;19;5;1;0;0;1;0;0;6;1;0;0;6;0;1;1;3;1;1;1;;1;0;1;0;0;0;1;;0;1;;;1;0;;;0;;;;;0.5;32;0;8;6.54469073400833;manha
60000188;11000026;1000000522;600000307;2023;9;1;4;1;;00003666;00000006;00000005;;1;0;0;;;;;;;;;;;0;1;0;0;16;5;1;0;0;1;0;1;1;0;0;0;6;0;1;;3;1;1;1;;1;0;1;0;0;0;1;;0;1;;;1;0;;;0;;;;;0.5;32;0;8;34.9999104570597;manha
60000188;11000026;1000000914;600000540;2023;10;2;3;1;;00002541;00000002;;00004303;2;0;0;;;;;;;;;;;;1;0;0;16;5;1;0;0;1;0;0;2;1;1;0;6;1;1;1;3;1;1;1;;1;0;1;0;0;0;1;;0;1;;;1;0;;;0;;;;;0.5;32;0;8;34.9999104570597;manha
60000188;11000026;1000001263;600000760;2023;7;2;1;1;;00002067;00000006;;00000530;1;0;0;;;;;0;;;0;;;0;1;0;0;16;5;1;0;0;1;0;0;-1;0;0;0;3;0;1;1;3;1;1;1;;1;0;1;0;0;0;1;;0;1;;;1;0;;;0;;;;;0.5;32;0;8;34.9999104570597;manha
60000188;11000026;1000001340;600000825;2023;18;2;3;1;;00003814;00000001;00000013;;1;0;0;;0;0;;;;;0;;;0;1;0;0;16;5;1;0;0;1;0;0;10;1;0;0;2;0;1;;3;1;1;1;;1;0;1;0;0;0;1;;0;1;;;1;0;;;0;;;;;0.5;32;0;8;34.9999104570597;manha
60000188;11000026;1000001424;600000905;2023;5;1;1;1;;00003006;00000008;00000010;00003192;1;0;0;;;0;;0;;;;;;0;1;0;0;16;5;1;0;0;1;0;0;-3;0;0;0;1;0;1;;3;1;1;1;;1;0;1;0;0;0;1;;0;1;;;1;0;;;0;;;;;0.5;32;0;8;34.9999104570597;manha
60000188;11000026;1000001451;600000930;2023;4;1;0;1;;00002636;00000002;00000002;00003692;1;0;0;;;;;;;;;;;0;1;0;0;16;5;1;0;0;1;0;0;-4;0;0;0;0;;0;;3;1;1;1;;1;0;1;0;0;0;1;;0;1;;;1;0;;;0;;;;;0.5;32;0;8;34.9999104570597;manha
60000189;11000026;1000000030;600000018;2023;10;2;0;1;;00004432;00000004;00000027;00005448;1;0;0;;;;;;;;;0;;0;1;0;0;;5;1;0;0;1;0;0;;;1;0;6;0;1;;3;1;1;1;;1;0;1;0;0;0;1;;0;1;;;1;0;;;0;;;;;0.5;32;0;7;29.6109614003217;manha
60000189;11000026;1000000877;600000517;2023;14;2;1;1;;00000651;00000004;00000005;;1;0;1;;;;;;;;0;;;;1;0;0;;5;1;0;0;1;0;1;;;0;1;6;0;1;;3;1;1;1;;1;0;1;0;0;0;1;;0;1;;;1;0;;;0;;;;;0.5;32;0;7;29.6109614003217;manha
60000189;11000026;1000001308;600000800;2023;8;1;0;1;;00000181;00000002;;;1;0;0;;;1;;0;0;0;;;;0;1;0;0;;5;1;0;0;1;0;0;;;0;0;2;0;1;;3;1;1;1;;1;0;1;0;0;0;1;;0;1;;;1;0;;;0;;;;;0.5;32;0;7;29.6109614003217;manha
60000190;11000027;1000000812;600000483;2023;14;1;1;1;;00001240;00000009;;00002588;1;0;0;;;1;;;;;;;0;0;1;0;0;22;5;1;0;0;1;0;1;;;0;0;6;0;1;1;4;2;1;;1;1;1;;;;0;;;;0;;0;1;0;1;;0;;;0;2;0.555555555555556;28;0.0714285714285714;7;12.201118079247;manha
60000190;11000027;1000001280;600000774;2023;9;1;0;1;;00002007;00000007;00000020;00003006;1;0;0;0;;1;;;0;;;;;0;1;;0;22;5;1;0;0;1;0;0;;;0;0;2;0;1;1;4;2;1;;1;1;1;;;;0;;;;0;;0;1;0;1;;0;;;0;2;0.555555555555556;28;0.0714285714285714;7;12.201118079247;manha
60000191;11000027;1000001005;600000585;2023;19;1;1;1;;00003870;00000005;;00002233;2;0;1;;;;;;;0;;;;0;1;0;;;5;1;0;0;1;0;0;;;0;0;5;0;1;1;4;2;1;;1;1;1;;;;0;;;;0;;0;1;0;1;;0;;;0;2;0.555555555555556;28;0.0714285714285714;7;20.255122508388;manha
60000191;11000027;1000001152;600000672;2023;19;2;0;1;;00001527;00000001;00000012;;1;0;0;0;;1;0;;;;;;;0;1;0;0;;5;1;0;0;1;0;0;;;0;0;4;0;1;;4;2;1;;1;1;1;;;;0;;;;0;;0;1;0;1;;0;;;0;2;0.555555555555556;28;0.0714285714285714;7;20.255122508388;manha
60000191;11000027;1000001475;600000954;2023;6;1;3;1;;00002978;00000003;00000001;;1;0;1;;;1;;1;;;;;0;0;1;0;0;;5;1;0;0;1;0;0;;;0;0;0;;0;;4;2;1;;1;1;1;;;;0;;;;0;;0;1;0;1;;0;;;0;2;0.555555555555556;28;0.0714285714285714;7;20.255122508388;manha
60000192;11000027;1000000534;600000315;2023;21;2;3;1;;00004286;00000008;00000003;00001701;1;0;0;;;;;;;;;;0;0;1;0;0;16;5;1;0;0;1;0;0;13;1;0;1;6;0;1;;4;2;1;;1;1;1;;;;0;;;;0;;0;1;0;1;;0;;;0;2;0.555555555555556;28;0.0714285714285714;13;44.9398160181008;tarde
60000192;11000027;1000000987;600000577;2023;18;1;3;1;;00001755;00000007;00000027;00004390;1;0;0;;;;;;;;;0;;0;1;0;0;16;5;1;0;0;1;0;0;10;1;0;1;6;0;1;;4;2;1;;1;1;1;;;;0;;;;0;;0;1;0;1;;0;;;0;2;0.555555555555556;28;0.0714285714285714;13;44.9398160181008;tarde
60000193;11000027;1000000444;600000269;2023;17;2;0;1;;00004594;00000001;;;1;0;0;0;;;;;0;;;;;0;1;0;0;2;4;1;0;0;1;0;0;;;1;0;6;0;1;;4;2;1;;1;1;1;;;;0;;;;0;;0;1;0;1;;0;;;0;2;0.555555555555556;28;0.0714285714285714;7;10.24397109868;manha
60000193;11000027;1000000837;600000494;2023;11;1;3;1;;00001239;00000009;00000021;;1;0;0;0;;;0;;;;;0;;0;1;0;0;2;4;1;0;0;1;0;0;;;1;0;6;0;1;;4;2;1;;1;1;1;;;;0;;;;0;;0;1;0;1;;0;;;0;2;0.555555555555556;28;0.0714285714285714;7;10.24397109868;manha
60000193;11000027;1000001214;600000719;2023;16;1;3;1;;00005343;00000005;00000012;00001977;1;0;1;;;;;0;;;;;0;;1;0;0;2;4;1;0;0;1;0;0;;;0;1;3;0;1;;4;2;1;;1;1;1;;;;0;;;;0;;0;1;0;1;;0;;;0;2;0.555555555555556;28;0.0714285714285714;7;10.24397109868;manha
60000193;11000027;1000001227;600000729;2023;7;1;1;1;;00003227;00000007;00000017;00000255;1;0;0;0;;;;;0;;;;;0;1;0;;2;4;1;0;0;1;0;0;;;1;0;3;1;1;1;4;2;1;;1;1;1;;;;0;;;;0;;0;1;0;1;;0;;;0;2;0.555555555555556;28;0.0714285714285714;7;10.24397109868;manha
60000194;11000027;1000000198;600000125;2023;10;1;3;1;;00000089;00000006;00000024;;1;0;0;;;;;0;0;;;;;0;1;0;0;21;2;1;0;0;1;0;0;-3;0;0;0;6;0;1;;4;2;1;;1;1;1;;;;0;;;;0;;0;1;0;1;;0;;;0;2;0.555555555555556;28;0.0714285714285714;7;25.600801645196;manha
60000194;11000027;1000000514;600000302;2023;13;1;1;1;;00002080;00000007;;;1;0;0;;;0;;;;;0;;;0;1;;0;21;2;1;0;0;1;0;0;0;0;0;0;6;0;1;;4;2;1;;1;1;1;;;;0;;;;0;;0;1;0;1;;0;;;0;2;0.555555555555556;28;0.0714285714285714;7;25.600801645196;manha
60000194;11000027;1000000700;600000416;2023;10;1;1;1;;00005115;00000009;00000008;00002858;1;0;0;;;1;;0;;;0;;;0;1;0;0;21;2;1;0;0;1;0;0;-3;0;1;0;6;1;1;1;4;2;1;;1;1;1;;;;0;;;;0;;0;1;0;1;;0;;;0;2;0.555555555555556;28;0.0714285714285714;7;25.600801645196;manha
60000194;11000027;1000000705;600000421;2023;11;1;3;1;;00003253;00000002;00000011;;1;1;1;;;;;;;;;0;;0;1;0;1;21;2;1;0;0;1;0;0;-2;0;1;0;6;0;1;;4;2;1;;1;1;1;;;;0;;;;0;;0;1;0;1;;0;;;0;2;0.555555555555556;28;0.0714285714285714;7;25.600801645196;manha
60000194;11000027;1000000928;600000546;2023;20;1;3;1;;00004178;00000002;00000016;00004253;1;1;1;;;;;;;;;0;;0;1;0;0;21;2;1;0;0;1;0;0;7;1;0;0;6;0;1;;4;2;1;;1;1;1;;;;0;;;;0;;0;1;0;1;;0;;;0;2;0.555555555555556;28;0.0714285714285714;7;25.600801645196;manha
60000194;11000027;1000001382;600000864;2023;15;2;1;1;;00001012;00000006;;;1;0;0;;;0;;;;;;;;0;1;0;0;21;2;1;0;0;1;0;0;2;1;0;0;1;0;1;;4;2;1;;1;1;1;;;;0;;;;0;;0;1;0;1;;0;;;0;2;0.555555555555556;28;0.0714285714285714;7;25.600801645196;manha
60000194;11000027;1000001468;600000947;2023;6;2;1;1;;00003280;00000002;;00002037;1;0;1;;;1;;;;0;;0;0;0;1;0;0;21;2;1;0;0;1;0;0;-7;0;0;0;0;;0;;4;2;1;;1;1;1;;;;0;;;;0;;0;1;0;1;;0;;;0;2;0.555555555555556;28;0.0714285714285714;7;25.600801645196;manha
60000195;11000027;1000000423;600000258;2023;23;1;1;1;;00000317;00000006;;;1;0;0;0;;;;;;;;;;0;1;0;0;16;5;1;0;0;1;0;0;15;1;0;0;6;0;1;;4;2;1;;1;1;1;;;;0;;;;0;;0;1;0;1;;0;;;0;2;0.555555555555556;28;0.0714285714285714;13;34.8789041433483;tarde
60000195;11000027;1000000595;600000349;2023;14;1;3;1;;00001018;00000004;00000022;;1;0;0;;0;;;;0;;0;;;0;1;0;1;16;5;1;0;0;1;0;0;6;1;0;1;6;0;1;;4;2;1;;1;1;1;;;;0;;;;0;;0;1;0;1;;0;;;0;2;0.555555555555556;28;0.0714285714285714;13;34.8789041433483;tarde
60000195;11000027;1000000682;600000403;2023;10;2;3;1;;00000962;00000009;;00003719;1;0;0;;;;;;;0;0;;;0;1;0;0;16;5;1;0;0;1;0;0;2;1;0;0;6;0;1;;4;2;1;;1;1;1;;;;0;;;;0;;0;1;0;1;;0;;;0;2;0.555555555555556;28;0.0714285714285714;13;34.8789041433483;tarde
60000195;11000027;1000000702;600000418;2023;16;2;1;1;;00002786;00000005;00000011;00000734;1;0;0;;;;;;;;;;;0;1;0;0;16;5;1;0;0;1;0;0;8;1;0;1;6;0;1;;4;2;1;;1;1;1;;;;0;;;;0;;0;1;0;1;;0;;;0;2;0.555555555555556;28;0.0714285714285714;13;34.8789041433483;tarde
60000195;11000027;1000000708;600000422;2023;15;2;0;1;;00003526;00000008;00000009;;1;0;0;;;;;0;;;;0;;0;1;0;0;16;5;1;0;0;1;0;0;7;1;0;0;6;0;1;;4;2;1;;1;1;1;;;;0;;;;0;;0;1;0;1;;0;;;0;2;0.555555555555556;28;0.0714285714285714;13;34.8789041433483;tarde
60000195;11000027;1000001355;600000839;2023;17;1;2;1;;00003002;00000002;00000008;;1;0;1;0;;;;0;0;;;;;0;1;0;0;16;5;1;0;0;1;0;0;9;1;0;0;2;0;1;;4;2;1;;1;1;1;;;;0;;;;0;;0;1;0;1;;0;;;0;2;0.555555555555556;28;0.0714285714285714;13;34.8789041433483;tarde
60000196;11000027;1000000245;600000157;2023;14;1;3;1;;00005401;00000004;00000005;00002272;1;0;0;;;;;0;;;;;;0;1;0;0;;5;1;0;0;1;0;0;;;0;0;6;0;1;1;4;2;1;;1;1;1;;;;0;;;;0;;0;1;0;1;;0;;;0;2;0.555555555555556;28;0.0714285714285714;13;19.559420630103;tarde
60000196;11000027;1000000459;600000274;2023;9;2;5;1;;00004239;00000002;00000013;00002819;2;1;0;;;;;;;;;;0;0;1;0;0;;5;1;0;0;1;0;0;;;0;0;6;0;1;1;4;2;1;;1;1;1;;;;0;;;;0;;0;1;0;1;;0;;;0;2;0.555555555555556;28;0.0714285714285714;13;19.559420630103;tarde
60000196;11000027;1000000658;600000386;2023;14;2;0;1;;00003959;00000002;00000025;;1;0;0;;0;;;0;;;;;;0;1;0;0;;5;1;0;0;1;0;0;;;0;0;6;0;1;;4;2;1;;1;1;1;;;;0;;;;0;;0;1;0;1;;0;;;0;2;0.555555555555556;28;0.0714285714285714;13;19.559420630103;tarde
60000197;11000028;1000001117;600000653;2023;10;1;1;1;;00001993;00000009;;;1;0;1;;;1;0;1;;;;;;0;1;0;0;1;2;1;0;0;1;0;0;;;0;0;4;0;1;;3;2;;1;1;1;;1;;;0;0;;1;;;;;0;;1;;0;0;1;;0.666666666666667;35;0.0285714285714286;7;30.38251925027;manha
60000197;11000028;1000001274;600000769;2023;9;1;0;1;;00002168;00000005;00000002;;1;0;0;;0;;;;;;;;;0;1;0;0;1;2;1;0;0;1;0;0;;;0;0;2;0;1;;3;2;;1;1;1;;1;;;0;0;;1;;;;;0;;1;;0;0;1;;0.666666666666667;35;0.0285714285714286;7;30.38251925027;manha
60000197;11000028;1000001388;600000870;2023;6;1;0;1;;00003345;00000006;;00001370;1;0;0;0;0;0;;;;;;0;;0;1;0;0;1;2;1;0;0;1;0;0;;;0;0;1;0;1;1;3;2;;1;1;1;;1;;;0;0;;1;;;;;0;;1;;0;0;1;;0.666666666666667;35;0.0285714285714286;7;30.38251925027;manha
60000198;11000028;1000000397;600000245;2023;25;2;1;1;;00000964;00000001;00000024;;1;0;0;;;;;;;;;;;0;1;0;0;;5;1;0;0;1;0;0;;;0;0;6;0;1;;3;2;;1;1;1;;1;;;0;0;;1;;;;;0;;1;;0;0;1;;0.666666666666667;35;0.0285714285714286;13;31.9070094480412;tarde
60000198;11000028;1000000739;600000440;2023;24;1;1;1;;00004869;00000004;00000018;00001237;1;0;0;;;;0;0;;;;;0;0;1;0;0;;5;1;0;0;1;0;0;;;0;0;6;0;1;1;3;2;;1;1;1;;1;;;0;0;;1;;;;;0;;1;;0;0;1;;0.666666666666667;35;0.0285714285714286;13;31.9070094480412;tarde
60000198;11000028;1000001178;600000692;2023;12;1;0;1;;00001911;00000007;00000019;;1;0;1;;;;;;;;;;;0;1;0;1;;5;1;0;0;1;0;0;;;0;0;4;0;1;;3;2;;1;1;1;;1;;;0;0;;1;;;;;0;;1;;0;0;1;;0.666666666666667;35;0.0285714285714286;13;31.9070094480412;tarde
60000198;11000028;1000001309;600000801;2023;7;1;3;1;;00003479;00000004;00000004;00001357;1;0;1;0;;;;;;;;;;0;1;;0;;5;1;0;0;1;0;0;;;1;0;2;1;1;1;3;2;;1;1;1;;1;;;0;0;;1;;;;;0;;1;;0;0;1;;0.666666666666667;35;0.0285714285714286;13;31.9070094480412;tarde
60000199;11000028;1000000438;600000266;2023;18;2;3;1;;00005275;00000008;00000014;00003051;1;0;0;;;0;0;;;;;;;0;1;0;0;2;5;1;0;0;1;0;0;;;0;0;6;0;1;1;3;2;;1;1;1;;1;;;0;0;;1;;;;;0;;1;;0;0;1;;0.666666666666667;35;0.0285714285714286;7;1.04625006671995;manha
60000199;11000028;1000000474;600000283;2023;14;2;3;1;;00002591;00000009;00000008;00002829;1;0;0;;;;0;;;;;;0;0;1;0;0;2;5;1;0;0;1;0;0;;;0;0;6;0;1;;3;2;;1;1;1;;1;;;0;0;;1;;;;;0;;1;;0;0;1;;0.666666666666667;35;0.0285714285714286;7;1.04625006671995;manha
60000199;11000028;1000001235;600000735;2023;6;1;0;1;;00004908;00000007;00000027;00004941;1;0;0;0;;;;;;;;;0;0;1;0;0;2;5;1;0;0;1;0;0;;;0;0;3;0;1;;3;2;;1;1;1;;1;;;0;0;;1;;;;;0;;1;;0;0;1;;0.666666666666667;35;0.0285714285714286;7;1.04625006671995;manha
60000199;11000028;1000001386;600000868;2023;13;1;3;1;;00001291;00000008;00000020;;1;0;;;0;;;;;;;;;0;1;;0;2;5;1;0;0;1;0;0;;;0;0;1;0;1;;3;2;;1;1;1;;1;;;0;0;;1;;;;;0;;1;;0;0;1;;0.666666666666667;35;0.0285714285714286;7;1.04625006671995;manha
60000199;11000028;1000001515;600000994;2023;17;1;3;1;;00000195;00000005;;;1;0;0;;;1;;;;;;;0;0;1;0;0;2;5;1;0;0;1;0;0;;;0;0;0;;0;;3;2;;1;1;1;;1;;;0;0;;1;;;;;0;;1;;0;0;1;;0.666666666666667;35;0.0285714285714286;7;1.04625006671995;manha
60000200;11000028;1000000973;600000571;2023;22;2;1;1;;00002491;00000004;00000009;00000189;1;0;0;;;;0;;0;;;;;0;1;0;;17;5;1;0;0;1;0;0;13;1;0;0;6;0;1;;3;2;;1;1;1;;1;;;0;0;;1;;;;;0;;1;;0;0;1;;0.666666666666667;35;0.0285714285714286;7;5.46972014475614;manha
60000200;11000028;1000001491;600000970;2023;4;1;0;1;;00000110;00000001;00000024;00001029;1;0;0;0;0;;;0;;;;;;0;1;;0;17;5;1;0;0;1;0;0;-5;0;0;0;0;;0;;3;2;;1;1;1;;1;;;0;0;;1;;;;;0;;1;;0;0;1;;0.666666666666667;35;0.0285714285714286;7;5.46972014475614;manha
60000201;11000028;1000000109;600000072;2023;19;1;3;1;;00004425;00000004;00000017;00001893;1;0;0;;;1;0;0;;0;;;0;0;1;0;;20;5;1;0;0;1;0;0;7;1;0;1;6;0;1;;3;2;;1;1;1;;1;;;0;0;;1;;;;;0;;1;;0;0;1;;0.666666666666667;35;0.0285714285714286;13;22.0794325589668;tarde
60000201;11000028;1000000197;600000124;2023;18;1;3;1;;00003821;00000002;00000012;00004462;1;0;0;;;;;;;;;0;;0;1;;0;20;5;1;0;0;1;0;0;6;1;0;0;6;0;1;1;3;2;;1;1;1;;1;;;0;0;;1;;;;;0;;1;;0;0;1;;0.666666666666667;35;0.0285714285714286;13;22.0794325589668;tarde
60000201;11000028;1000000207;600000133;2023;14;1;0;1;;00003941;00000008;00000006;;1;0;0;;;;;0;;;0;;0;0;1;0;0;20;5;1;0;0;1;0;0;2;1;1;0;6;0;1;;3;2;;1;1;1;;1;;;0;0;;1;;;;;0;;1;;0;0;1;;0.666666666666667;35;0.0285714285714286;13;22.0794325589668;tarde
60000202;11000028;1000000021;600000012;2023;20;2;1;1;;00003809;00000007;00000024;00002821;1;0;0;;;;0;;;;0;;;0;1;0;1;;3;1;0;0;1;0;0;;;0;0;6;0;1;;3;2;;1;1;1;;1;;;0;0;;1;;;;;0;;1;;0;0;1;;0.666666666666667;35;0.0285714285714286;10;23.4685508569237;manha
60000202;11000028;1000000709;600000423;2023;22;2;1;1;;00002317;00000003;00000008;00000665;1;0;;;;;;;;;;;;0;1;;0;;3;1;0;0;1;0;0;;;0;0;6;0;1;1;3;2;;1;1;1;;1;;;0;0;;1;;;;;0;;1;;0;0;1;;0.666666666666667;35;0.0285714285714286;10;23.4685508569237;manha
60000202;11000028;1000001032;600000595;2023;25;2;1;1;;00003962;00000002;00000006;00005326;2;0;0;0;;0;;;;0;;0;;0;1;0;0;;3;1;0;0;1;0;0;;;0;0;5;0;1;1;3;2;;1;1;1;;1;;;0;0;;1;;;;;0;;1;;0;0;1;;0.666666666666667;35;0.0285714285714286;10;23.4685508569237;manha
60000202;11000028;1000001137;600000663;2023;19;2;1;1;;00003552;00000005;00000023;00002701;1;0;0;;;1;;0;;;;0;0;0;1;0;0;;3;1;0;0;1;0;0;;;0;1;4;0;1;1;3;2;;1;1;1;;1;;;0;0;;1;;;;;0;;1;;0;0;1;;0.666666666666667;35;0.0285714285714286;10;23.4685508569237;manha
60000202;11000028;1000001271;600000766;2023;11;2;1;1;;00000136;00000003;;00002139;2;0;1;0;;;;;;;;0;;0;1;0;0;;3;1;0;0;1;0;0;;;0;0;3;0;1;1;3;2;;1;1;1;;1;;;0;0;;1;;;;;0;;1;;0;0;1;;0.666666666666667;35;0.0285714285714286;10;23.4685508569237;manha
60000202;11000028;1000001494;600000973;2023;6;1;3;1;;00003290;00000002;00000025;00000429;1;0;0;;;;;;;;;;;0;1;0;0;;3;1;0;0;1;0;0;;;0;0;0;;0;;3;2;;1;1;1;;1;;;0;0;;1;;;;;0;;1;;0;0;1;;0.666666666666667;35;0.0285714285714286;10;23.4685508569237;manha
60000203;11000028;1000000033;600000020;2023;11;2;0;1;;00002674;00000008;;;1;0;0;0;;1;0;;;;;;;0;1;0;0;40;5;1;0;0;1;0;0;;;1;0;6;0;1;;3;2;;1;1;1;;1;;;0;0;;1;;;;;0;;1;;0;0;1;;0.666666666666667;35;0.0285714285714286;7;13.5050245840102;manha
60000203;11000028;1000000647;600000381;2023;15;2;1;1;;00001541;00000001;;00004016;1;0;0;;0;;;;;;;;;0;1;0;0;40;5;1;0;0;1;0;0;;;0;0;6;0;1;;3;2;;1;1;1;;1;;;0;0;;1;;;;;0;;1;;0;0;1;;0.666666666666667;35;0.0285714285714286;7;13.5050245840102;manha
60000203;11000028;1000001276;600000770;2023;18;2;3;1;;00004065;00000001;00000008;00000182;1;0;0;;;1;;;0;0;;;;0;1;0;0;40;5;1;0;0;1;0;0;;;0;0;2;0;1;1;3;2;;1;1;1;;1;;;0;0;;1;;;;;0;;1;;0;0;1;;0.666666666666667;35;0.0285714285714286;7;13.5050245840102;manha
60000203;11000028;1000001465;600000944;2023;17;2;0;1;;00000794;00000006;00000021;00002414;1;0;1;;;;0;0;;;0;;0;0;1;0;0;40;5;1;0;0;1;0;0;;;0;0;0;;0;;3;2;;1;1;1;;1;;;0;0;;1;;;;;0;;1;;0;0;1;;0.666666666666667;35;0.0285714285714286;7;13.5050245840102;manha
60000204;11000029;1000000957;600000565;2023;23;1;3;1;;00003763;00000004;00000012;;1;0;0;;0;;;;;;;;;0;1;0;0;1;5;1;0;0;1;0;0;;;0;0;6;0;1;;3;2;;1;1;1;1;1;0;;0;0;0;1;1;1;1;1;1;0;;0;0;;;1;0.6875;38;0.0263157894736842;7;5.26283932384104;manha
60000204;11000029;1000000995;600000580;2023;20;1;1;1;;00005435;00000004;;;1;0;0;;;;;0;;;;;;0;1;0;0;1;5;1;0;0;1;0;1;;;1;0;6;0;1;;3;2;;1;1;1;1;1;0;;0;0;0;1;1;1;1;1;1;0;;0;0;;;1;0.6875;38;0.0263157894736842;7;5.26283932384104;manha
60000204;11000029;1000001328;600000815;2023;14;1;1;1;;00001974;00000009;00000011;00003285;1;0;0;;;1;0;0;;0;;;;0;1;0;0;1;5;1;0;0;1;0;0;;;0;0;2;0;1;;3;2;;1;1;1;1;1;0;;0;0;0;1;1;1;1;1;1;0;;0;0;;;1;0.6875;38;0.0263157894736842;7;5.26283932384104;manha
60000206;11000029;1000000204;600000130;2023;20;2;1;1;;00001110;00000008;00000016;00000325;1;0;0;;;;;0;;;;;;0;1;0;0;2;5;1;0;0;1;0;0;;;0;0;6;0;1;;3;2;;1;1;1;1;1;0;;0;0;0;1;1;1;1;1;1;0;;0;0;;;1;0.6875;38;0.0263157894736842;14;9.064034470357;tarde
60000206;11000029;1000000362;600000228;2023;17;1;0;1;;00002485;00000003;;00001191;1;0;0;;;;;;;;;;;0;1;0;0;2;5;1;0;0;1;0;0;;;0;0;6;0;1;1;3;2;;1;1;1;1;1;0;;0;0;0;1;1;1;1;1;1;0;;0;0;;;1;0.6875;38;0.0263157894736842;14;9.064034470357;tarde
60000206;11000029;1000000379;600000240;2023;9;2;0;3;;00000826;00000001;00000008;00002784;1;0;0;;;;;;0;;;0;;0;1;0;0;2;5;1;0;0;1;0;0;;;0;0;6;0;1;1;3;2;;1;1;1;1;1;0;;0;0;0;1;1;1;1;1;1;0;;0;0;;;1;0.6875;38;0.0263157894736842;14;9.064034470357;tarde
60000206;11000029;1000000897;600000529;2023;18;2;1;1;;00000804;00000006;00000003;;1;0;0;0;;;0;;;;;;;0;1;0;0;2;5;1;0;0;1;0;0;;;0;0;6;0;1;;3;2;;1;1;1;1;1;0;;0;0;0;1;1;1;1;1;1;0;;0;0;;;1;0.6875;38;0.0263157894736842;14;9.064034470357;tarde
60000206;11000029;1000001079;600000630;2023;6;2;3;1;;00000287;00000003;00000003;00000508;2;1;0;;;;;;0;;;;0;0;1;0;0;2;5;1;0;0;1;0;0;;;0;0;5;0;1;;3;2;;1;1;1;1;1;0;;0;0;0;1;1;1;1;1;1;0;;0;0;;;1;0.6875;38;0.0263157894736842;14;9.064034470357;tarde
60000206;11000029;1000001120;600000654;2023;21;1;1;1;;00004492;00000004;00000023;00003073;1;0;0;;;;;;;;;;;0;1;0;0;2;5;1;0;0;1;0;0;;;0;0;4;0;1;1;3;2;;1;1;1;1;1;0;;0;0;0;1;1;1;1;1;1;0;;0;0;;;1;0.6875;38;0.0263157894736842;14;9.064034470357;tarde
60000206;11000029;1000001142;600000666;2023;7;2;0;1;;00001412;00000002;00000020;;1;0;0;;;;0;;;;;;;0;1;0;0;2;5;1;0;0;1;0;0;;;0;0;4;0;1;;3;2;;1;1;1;1;1;0;;0;0;0;1;1;1;1;1;1;0;;0;0;;;1;0.6875;38;0.0263157894736842;14;9.064034470357;tarde
60000206;11000029;1000001177;600000691;2023;20;1;0;1;;00003754;00000003;00000011;00004216;1;0;1;;;0;;;;;;;;0;1;0;0;2;5;1;0;0;1;0;0;;;1;0;4;0;1;1;3;2;;1;1;1;1;1;0;;0;0;0;1;1;1;1;1;1;0;;0;0;;;1;0.6875;38;0.0263157894736842;14;9.064034470357;tarde
60000207;11000029;1000000101;600000067;2023;16;1;3;1;;00000612;00000003;;00003745;1;0;0;;;;;0;1;;;;;0;1;0;;16;1;1;0;0;1;0;0;8;1;0;0;6;0;1;1;3;2;;1;1;1;1;1;0;;0;0;0;1;1;1;1;1;1;0;;0;0;;;1;0.6875;38;0.0263157894736842;7;25.2214972348884;manha
60000207;11000029;1000000463;600000276;2023;18;1;0;1;;00004811;00000006;00000027;00000067;1;0;0;;;;;;;;;;;0;1;0;0;16;1;1;0;0;1;0;0;10;1;0;0;6;0;1;;3;2;;1;1;1;1;1;0;;0;0;0;1;1;1;1;1;1;0;;0;0;;;1;0.6875;38;0.0263157894736842;7;25.2214972348884;manha
60000207;11000029;1000000623;600000367;2023;10;1;0;1;;00002310;00000009;00000005;00000558;1;0;0;;;;;0;;;;;0;0;1;0;0;16;1;1;0;0;1;0;0;2;1;0;0;6;0;1;1;3;2;;1;1;1;1;1;0;;0;0;0;1;1;1;1;1;1;0;;0;0;;;1;0.6875;38;0.0263157894736842;7;25.2214972348884;manha
60000207;11000029;1000001139;600000664;2023;14;1;0;1;;00001230;00000002;00000024;;1;0;1;;;1;;;;0;;0;;0;1;0;0;16;1;1;0;0;1;0;0;6;1;0;0;4;0;1;;3;2;;1;1;1;1;1;0;;0;0;0;1;1;1;1;1;1;0;;0;0;;;1;0.6875;38;0.0263157894736842;7;25.2214972348884;manha
60000207;11000029;1000001206;600000711;2023;13;1;3;1;;00004049;00000009;;00003938;1;0;0;;;;;;;;0;;;;1;;0;16;1;1;0;0;1;0;0;5;1;0;0;3;0;1;1;3;2;;1;1;1;1;1;0;;0;0;0;1;1;1;1;1;1;0;;0;0;;;1;0.6875;38;0.0263157894736842;7;25.2214972348884;manha
60000207;11000029;1000001228;600000730;2023;11;1;1;1;;00002105;00000005;00000023;00003251;1;0;1;;;;;;;;;;;0;1;0;0;16;1;1;0;0;1;0;0;3;1;0;0;3;0;1;1;3;2;;1;1;1;1;1;0;;0;0;0;1;1;1;1;1;1;0;;0;0;;;1;0.6875;38;0.0263157894736842;7;25.2214972348884;manha
60000207;11000029;1000001252;600000751;2023;16;2;3;1;;00005313;00000002;00000020;00004704;1;0;0;;;;;;;;;;0;0;1;0;0;16;1;1;0;0;1;0;0;8;1;0;0;3;0;1;1;3;2;;1;1;1;1;1;0;;0;0;0;1;1;1;1;1;1;0;;0;0;;;1;0.6875;38;0.0263157894736842;7;25.2214972348884;manha
60000207;11000029;1000001379;600000861;2023;8;2;3;1;;00003077;00000009;;00003388;1;0;0;0;;0;0;;;;0;;;0;1;;0;16;1;1;0;0;1;0;0;0;0;0;0;1;0;1;1;3;2;;1;1;1;1;1;0;;0;0;0;1;1;1;1;1;1;0;;0;0;;;1;0.6875;38;0.0263157894736842;7;25.2214972348884;manha
60000208;11000029;1000000821;600000487;2023;12;2;3;1;;00003071;00000001;00000024;00004703;2;0;0;;;;;;;;;;0;0;1;0;0;1;4;1;0;0;1;0;1;;;0;1;6;0;1;1;3;2;;1;1;1;1;1;0;;0;0;0;1;1;1;1;1;1;0;;0;0;;;1;0.6875;38;0.0263157894736842;7;6.13963084877469;manha
60000208;11000029;1000000840;600000497;2023;23;2;0;1;;00002283;00000007;00000001;;1;0;0;;1;;0;;;;;;;0;1;0;0;1;4;1;1;0;1;0;1;;;0;1;6;0;1;;3;2;;1;1;1;1;1;0;;0;0;0;1;1;1;1;1;1;0;;0;0;;;1;0.6875;38;0.0263157894736842;7;6.13963084877469;manha
60000208;11000029;1000001071;600000623;2023;13;1;1;1;;00000376;00000004;00000009;;1;0;0;;;;0;0;;;;0;;0;1;0;0;1;4;1;0;0;1;0;0;;;0;0;5;0;1;;3;2;;1;1;1;1;1;0;;0;0;0;1;1;1;1;1;1;0;;0;0;;;1;0.6875;38;0.0263157894736842;7;6.13963084877469;manha
60000208;11000029;1000001296;600000790;2023;9;1;3;1;;00004369;00000002;;00004794;2;0;0;0;;;;;;;;;;0;1;0;0;1;4;1;1;0;1;0;0;;;0;0;2;0;1;;3;2;;1;1;1;1;1;0;;0;0;0;1;1;1;1;1;1;0;;0;0;;;1;0.6875;38;0.0263157894736842;7;6.13963084877469;manha
60000209;11000029;1000000569;600000336;2023;10;2;3;1;;00002719;00000005;;00003038;1;0;1;;;;;;0;;;;;0;1;0;0;;5;1;0;0;1;0;0;;;1;1;6;1;1;1;3;2;;1;1;1;1;1;0;;0;0;0;1;1;1;1;1;1;0;;0;0;;;1;0.6875;38;0.0263157894736842;8;21.9401107402518;manha
60000209;11000029;1000000644;600000378;2023;13;1;0;1;;00005287;00000009;;00004506;1;0;1;;1;;;;;;;;0;0;1;0;0;;5;1;0;0;1;0;1;;;0;0;6;0;1;1;3;2;;1;1;1;1;1;0;;0;0;0;1;1;1;1;1;1;0;;0;0;;;1;0.6875;38;0.0263157894736842;8;21.9401107402518;manha
60000209;11000029;1000000923;600000543;2023;18;2;0;1;;00002681;00000008;00000022;00001776;1;0;0;;;;;0;;;;0;;0;1;0;0;;5;1;0;0;1;0;0;;;0;0;6;0;1;;3;2;;1;1;1;1;1;0;;0;0;0;1;1;1;1;1;1;0;;0;0;;;1;0.6875;38;0.0263157894736842;8;21.9401107402518;manha
60000209;11000029;1000001273;600000768;2023;7;1;0;1;;00005368;00000003;;;2;0;0;;;;0;;;0;;;0;0;1;0;0;;5;1;0;0;1;0;0;;;0;0;3;0;1;;3;2;;1;1;1;1;1;0;;0;0;0;1;1;1;1;1;1;0;;0;0;;;1;0.6875;38;0.0263157894736842;8;21.9401107402518;manha
60000209;11000029;1000001514;600000993;2023;17;1;1;1;;00003500;00000008;00000024;00001038;2;0;0;;;;0;;;0;;0;;0;1;;0;;5;1;0;0;1;0;0;;;0;0;0;;0;;3;2;;1;1;1;1;1;0;;0;0;0;1;1;1;1;1;1;0;;0;0;;;1;0.6875;38;0.0263157894736842;8;21.9401107402518;manha
60000210;11000029;1000000264;600000173;2023;13;1;3;1;;00003271;00000006;00000026;00003726;1;0;0;;;0;0;;;;;;0;0;1;0;1;2;4;1;0;0;1;0;0;;;0;1;6;0;1;1;3;2;;1;1;1;1;1;0;;0;0;0;1;1;1;1;1;1;0;;0;0;;;1;0.6875;38;0.0263157894736842;6;22.1583005879074;manha
60000210;11000029;1000000585;600000345;2023;14;2;0;1;;00005125;00000001;00000014;00001663;1;0;1;;;0;;;0;;;;;;1;0;0;2;4;1;0;0;1;0;0;;;0;1;6;0;1;1;3;2;;1;1;1;1;1;0;;0;0;0;1;1;1;1;1;1;0;;0;0;;;1;0.6875;38;0.0263157894736842;6;22.1583005879074;manha
60000210;11000029;1000001056;600000610;2023;13;1;1;1;;00004089;00000009;00000012;;2;1;1;0;;;;;0;;;;0;0;1;0;0;2;4;1;0;0;1;0;0;;;0;0;5;0;1;;3;2;;1;1;1;1;1;0;;0;0;0;1;1;1;1;1;1;0;;0;0;;;1;0.6875;38;0.0263157894736842;6;22.1583005879074;manha
60000210;11000029;1000001305;600000798;2023;7;1;3;1;;00002776;00000009;00000019;;2;0;0;;1;;;;0;;;;;0;1;0;0;2;4;1;0;0;1;0;0;;;0;0;2;0;1;;3;2;;1;1;1;1;1;0;;0;0;0;1;1;1;1;1;1;0;;0;0;;;1;0.6875;38;0.0263157894736842;6;22.1583005879074;manha
60000211;11000030;1000000631;600000372;2023;16;1;0;1;;00003229;00000009;;;1;0;0;;0;;;0;;;0;;;0;1;0;0;17;5;1;0;0;1;0;0;7;1;0;1;6;0;1;;3;2;;1;;1;1;1;1;;1;1;;1;1;;0;;;9;1;;0;;0;1;1.58333333333333;27;0.037037037037037;13;28.5627583035966;tarde
60000211;11000030;1000000646;600000380;2023;13;1;0;1;;00002528;00000004;00000017;00001666;1;0;0;;;;;;;;;;;0;1;0;0;17;5;1;0;0;1;0;0;4;1;1;1;6;0;1;1;3;2;;1;;1;1;1;1;;1;1;;1;1;;0;;;9;1;;0;;0;1;1.58333333333333;27;0.037037037037037;13;28.5627583035966;tarde
60000211;11000030;1000000868;600000511;2023;14;1;3;1;;00005230;00000006;;;1;0;0;;0;;;;;0;0;;;0;1;0;;17;5;1;0;0;1;0;0;5;1;0;0;6;0;1;;3;2;;1;;1;1;1;1;;1;1;;1;1;;0;;;9;1;;0;;0;1;1.58333333333333;27;0.037037037037037;13;28.5627583035966;tarde
60000211;11000030;1000000991;600000578;2023;18;2;1;1;;00005168;00000006;;00004214;2;0;0;;;;;;;;;;;;1;0;0;17;5;1;0;0;1;0;0;9;1;0;0;6;0;1;1;3;2;;1;;1;1;1;1;;1;1;;1;1;;0;;;9;1;;0;;0;1;1.58333333333333;27;0.037037037037037;13;28.5627583035966;tarde
60000212;11000030;1000000856;600000505;2023;22;1;0;1;;00005089;00000006;00000019;00005139;1;0;0;0;;;;1;;;;;;0;1;0;0;20;5;1;0;0;1;0;0;10;1;0;0;6;0;1;1;3;2;;1;;1;1;1;1;;1;1;;1;1;;0;;;9;1;;0;;0;1;1.58333333333333;27;0.037037037037037;13;16.9128510227893;tarde
60000212;11000030;1000000903;600000533;2023;19;2;1;1;;00003637;00000002;;00001644;2;0;1;;;1;;0;;;;;;0;1;0;0;20;5;1;0;0;1;0;0;7;1;1;0;6;0;1;1;3;2;;1;;1;1;1;1;;1;1;;1;1;;0;;;9;1;;0;;0;1;1.58333333333333;27;0.037037037037037;13;16.9128510227893;tarde
60000213;11000030;1000000364;600000230;2023;12;1;3;1;;00004274;00000007;00000012;00000101;1;0;0;;0;;;1;;;;;;0;1;0;;;5;1;0;0;1;0;0;;;0;0;6;0;1;1;3;2;;1;;1;1;1;1;;1;1;;1;1;;0;;;9;1;;0;;0;1;1.58333333333333;27;0.037037037037037;8;30.2873050270136;manha
60000213;11000030;1000000456;600000273;2023;16;2;1;1;;00004692;00000006;00000005;00003695;1;0;1;;;;;;;;;;;0;1;0;0;;5;1;0;0;1;0;0;;;0;0;6;0;1;1;3;2;;1;;1;1;1;1;;1;1;;1;1;;0;;;9;1;;0;;0;1;1.58333333333333;27;0.037037037037037;8;30.2873050270136;manha
60000213;11000030;1000000592;600000348;2023;21;1;1;1;;00002657;00000005;00000013;00003924;2;0;0;;;;;;;;;;;0;1;0;0;;5;1;0;0;1;0;0;;;0;0;6;0;1;;3;2;;1;;1;1;1;1;;1;1;;1;1;;0;;;9;1;;0;;0;1;1.58333333333333;27;0.037037037037037;8;30.2873050270136;manha
60000213;11000030;1000000638;600000374;2023;9;2;1;1;;00003621;00000003;00000009;00005215;1;0;0;;;;;;0;0;0;;0;0;1;0;1;;5;1;0;0;1;0;0;;;0;1;6;0;1;1;3;2;;1;;1;1;1;1;;1;1;;1;1;;0;;;9;1;;0;;0;1;1.58333333333333;27;0.037037037037037;8;30.2873050270136;manha
60000214;11000030;1000000160;600000100;2023;26;1;1;1;;00003751;00000001;00000008;;1;0;1;;;;;;0;0;;;;0;1;0;0;2;5;1;0;0;1;0;0;;;0;0;6;0;1;;3;2;;1;;1;1;1;1;;1;1;;1;1;;0;;;9;1;;0;;0;1;1.58333333333333;27;0.037037037037037;7;27.1138955157949;manha
60000214;11000030;1000000947;600000558;2023;11;1;0;1;;00003793;00000002;00000020;00001622;1;0;0;;;;;;;;;;;0;1;0;0;2;5;1;0;0;1;0;0;;;0;0;6;0;1;1;3;2;;1;;1;1;1;1;;1;1;;1;1;;0;;;9;1;;0;;0;1;1.58333333333333;27;0.037037037037037;7;27.1138955157949;manha
60000215;11000030;1000001302;600000796;2023;10;1;3;1;;00005319;00000006;00000010;;1;0;0;;;;;;;;;0;;0;1;0;0;29;5;1;0;0;1;0;0;;;0;0;2;0;1;;3;2;;1;;1;1;1;1;;1;1;;1;1;;0;;;9;1;;0;;0;1;1.58333333333333;27;0.037037037037037;18;14.244069904089;noite
60000215;11000030;1000001457;600000936;2023;8;2;1;1;;00002828;00000009;;00002830;1;0;0;;0;;;;0;;;;;0;1;0;0;29;5;1;0;0;1;0;0;;;0;0;0;;0;;3;2;;1;;1;1;1;1;;1;1;;1;1;;0;;;9;1;;0;;0;1;1.58333333333333;27;0.037037037037037;18;14.244069904089;noite
60000216;11000030;1000000192;600000122;2023;20;1;1;1;;00004851;00000005;00000015;00001348;2;0;0;;;;;;;;;0;;0;1;0;0;17;5;1;0;0;1;0;0;11;1;1;0;6;0;1;1;3;2;;1;;1;1;1;1;;1;1;;1;1;;0;;;9;1;;0;;0;1;1.58333333333333;27;0.037037037037037;18;31.1352053756127;noite
60000216;11000030;1000000878;600000518;2023;7;1;0;1;;00000870;00000001;;00000436;1;0;0;;;1;;;;;;;;0;1;0;0;17;5;1;0;0;1;0;0;-2;0;0;0;6;0;1;1;3;2;;1;;1;1;1;1;;1;1;;1;1;;0;;;9;1;;0;;0;1;1.58333333333333;27;0.037037037037037;18;31.1352053756127;noite
60000216;11000030;1000001284;600000778;2023;8;1;5;1;;00002368;00000003;00000014;00001699;1;0;0;;;;;;;;;;;0;1;0;0;17;5;1;0;0;1;0;1;-1;0;0;0;2;0;1;1;3;2;;1;;1;1;1;1;;1;1;;1;1;;0;;;9;1;;0;;0;1;1.58333333333333;27;0.037037037037037;18;31.1352053756127;noite
60000217;11000030;1000001441;600000920;2023;10;2;3;1;;00004107;00000004;;00002895;1;0;0;;;;;;0;;;;0;0;1;0;0;69;5;1;0;0;1;0;0;;;0;0;1;0;1;1;3;2;;1;;1;1;1;1;;1;1;;1;1;;0;;;9;1;;0;;0;1;1.58333333333333;27;0.037037037037037;7;23.0868030409329;manha
