ID_TURMA;CO_ENTIDADE;CO_PESSOA_FISICA;ID_MATRICULA;NU_ANO;NU_IDADE_REFERENCIA;TP_SEXO;TP_COR_RACA;TP_NACIONALIDADE;CO_UF_NASC;CO_MUNICIPIO_NASC;CO_PAIS_RESIDENCIA;CO_UF_END;CO_MUNICIPIO_END;TP_ZONA_RESIDENCIAL;IN_NECESSIDADE_ESPECIAL;IN_TRANSPORTE_PUBLICO;IN_TRANSP_BICICLETA;IN_TRANSP_MICRO_ONIBUS;IN_TRANSP_ONIBUS;IN_TRANSP_TR_ANIMAL;IN_TRANSP_VANS_KOMBI;IN_TRANSP_OUTRO_VEICULO;IN_TRANSP_EMBAR_ATE5;IN_TRANSP_EMBAR_5A15;IN_TRANSP_EMBAR_15A35;IN_TRANSP_EMBAR_35;IN_ESPECIAL_EXCLUSIVA;IN_REGULAR;IN_EJA;IN_PROFISSIONALIZANTE;TP_ETAPA_ENSINO;NU_DIAS_ATIVIDADE;QT_ESCOLAS_ANO;IN_TRANSFERIDO;IN_CONCLUINTE_FINAL;N_MATRICULAS_REG;IN_TROCA_ESCOLA;evadiu;defasagem_idade_serie;flag_defasado;n_reprovacoes_prev;abandono_previo;anos_observados;reprovou_ano_ant;tem_historico;mudou_municipio;TP_DEPENDENCIA;TP_LOCALIZACAO;TP_CATEGORIA_ESCOLA_PRIVADA;IN_AGUA_POTAVEL;IN_AGUA_REDE_PUBLICA;IN_ENERGIA_REDE_PUBLICA;IN_ESGOTO_REDE_PUBLICA;IN_BANHEIRO;IN_BANHEIRO_PNE;IN_BIBLIOTECA_SALA_LEITURA;IN_LABORATORIO_CIENCIAS;IN_LABORATORIO_INFORMATICA;IN_QUADRA_ESPORTES;IN_COMPUTADOR;IN_EQUIP_MULTIMIDIA;IN_DESKTOP_ALUNO;IN_INTERNET;IN_BANDA_LARGA;IN_INTERNET_ALUNOS;IN_ACESSO_INTERNET_COMPUTADOR;IN_ALIMENTACAO;QT_PROF_COORDENADOR;QT_PROF_FONAUDIOLOGO;QT_PROF_NUTRICIONISTA;QT_PROF_PSICOLOGO;QT_PROF_PEDAGOGIA;indice_infra;tamanho_escola;apoio_por_aluno;TX_HR_INICIAL;tamanho_turma;turno
50000001;11000000;1000000037;500000024;2022;15;1;3;1;;00000385;00000004;;00003115;1;0;0;;;;0;;;;0;;;0;1;0;0;;5;1;0;0;1;0;0;;;0;0;5;0;1;;4;1;;1;1;;0;1;;;;;0;1;;;1;;;;;;;;;;0.714285714285714;35;0;13;32.1792619628832;tarde
50000002;11000000;1000000092;500000066;2022;15;1;3;1;;00005232;00000001;00000017;00000060;1;0;0;;0;0;;;;;;0;;0;1;0;0;2;5;1;0;0;1;0;0;;;0;0;5;0;1;;4;1;;1;1;;0;1;;;;;0;1;;;1;;;;;;;;;;0.714285714285714;35;0;13;4.67575617134571;tarde
50000002;11000000;1000000516;500000341;2022;19;2;1;1;;00004608;00000001;00000007;00002805;2;0;0;;;;;0;;;;;;0;1;0;0;2;5;1;0;0;1;0;0;;;0;1;5;0;1;1;4;1;;1;1;;0;1;;;;;0;1;;;1;;;;;;;;;;0.714285714285714;35;0;13;4.67575617134571;tarde
50000002;11000000;1000001281;500000843;2022;7;2;0;1;;00001126;00000007;00000009;;1;0;0;;;;;;0;;;;;0;1;0;0;2;5;1;0;0;1;0;0;;;0;0;1;0;1;;4;1;;1;1;;0;1;;;;;0;1;;;1;;;;;;;;;;0.714285714285714;35;0;13;4.67575617134571;tarde
50000002;11000000;1000001327;500000887;2022;15;1;0;1;;00003853;00000006;;00004238;1;0;0;;;;;;;;0;;0;0;1;0;0;2;5;1;0;0;1;0;0;;;0;0;1;0;1;1;4;1;;1;1;;0;1;;;;;0;1;;;1;;;;;;;;;;0.714285714285714;35;0;13;4.67575617134571;tarde
50000002;11000000;1000001364;500000923;2022;19;2;1;1;;00001750;00000006;;00000260;1;0;0;0;;;;;;0;;;;;1;0;0;2;5;1;0;0;1;0;0;;;0;0;1;0;1;1;4;1;;1;1;;0;1;;;;;0;1;;;1;;;;;;;;;;0.714285714285714;35;0;13;4.67575617134571;tarde
50000003;11000000;1000000074;500000051;2022;15;2;0;1;;00000467;00000006;00000016;00001189;1;0;0;;0;;;;;0;;;;0;1;0;0;14;5;1;0;0;1;0;0;9;1;0;0;5;0;1;;4;1;;1;1;;0;1;;;;;0;1;;;1;;;;;;;;;;0.714285714285714;35;0;13;9.13890686933883;tarde
50000003;11000000;1000000107;500000078;2022;9;2;0;1;;00002271;00000002;00000009;00001756;2;0;0;;;0;;;;;;;;;1;0;0;14;5;1;0;0;1;0;0;3;1;1;0;5;1;1;1;4;1;;1;1;;0;1;;;;;0;1;;;1;;;;;;;;;;0.714285714285714;35;0;13;9.13890686933883;tarde
50000003;11000000;1000000113;500000083;2022;13;2;3;1;;00001849;00000002;00000007;;1;0;0;;;;;;;;;0;;0;1;;0;14;5;1;0;0;1;0;0;7;1;0;0;5;0;1;;4;1;;1;1;;0;1;;;;;0;1;;;1;;;;;;;;;;0.714285714285714;35;0;13;9.13890686933883;tarde
50000003;11000000;1000000253;500000184;2022;12;2;3;1;;00003231;00000003;;;2;0;0;;;;;;0;;;;;0;1;;0;14;5;1;0;0;1;0;0;6;1;0;0;5;0;1;;4;1;;1;1;;0;1;;;;;0;1;;;1;;;;;;;;;;0.714285714285714;35;0;13;9.13890686933883;tarde
50000003;11000000;1000000617;500000403;2022;15;2;3;1;;00000893;00000001;00000023;;1;0;0;;;1;;;;;;;;0;1;0;0;14;5;1;0;0;1;0;0;9;1;0;0;5;0;1;;4;1;;1;1;;0;1;;;;;0;1;;;1;;;;;;;;;;0.714285714285714;35;0;13;9.13890686933883;tarde
50000003;11000000;1000000872;500000564;2022;18;1;1;1;;00004270;00000007;;00000663;1;0;0;;;;;;;;;;0;0;1;0;0;14;5;1;0;0;1;0;0;12;1;0;0;5;0;1;;4;1;;1;1;;0;1;;;;;0;1;;;1;;;;;;;;;;0.714285714285714;35;0;13;9.13890686933883;tarde
50000003;11000000;1000000873;500000565;2022;8;2;1;1;;00002827;00000004;00000016;00005116;1;0;0;;;;;0;;;;;0;0;1;0;0;14;5;1;0;0;1;0;0;2;1;1;0;5;1;1;1;4;1;;1;1;;0;1;;;;;0;1;;;1;;;;;;;;;;0.714285714285714;35;0;13;9.13890686933883;tarde
50000003;11000000;1000001084;500000697;2022;17;1;1;1;;00005342;00000003;00000009;00003636;1;0;0;;;;0;;;;;;0;0;1;0;0;14;5;1;0;0;1;0;0;11;1;0;0;4;0;1;1;4;1;;1;1;;0;1;;;;;0;1;;;1;;;;;;;;;;0.714285714285714;35;0;13;9.13890686933883;tarde
50000003;11000000;1000001152;500000738;2022;18;2;0;1;;00003808;00000008;00000020;;2;1;0;;;;;0;;0;;;;;1;0;0;14;5;1;0;0;1;0;0;12;1;0;0;3;0;1;;4;1;;1;1;;0;1;;;;;0;1;;;1;;;;;;;;;;0.714285714285714;35;0;13;9.13890686933883;tarde
50000003;11000000;1000001267;500000830;2022;9;2;1;1;;00003018;00000004;00000025;00000082;2;0;0;;;;;;;;;;;0;1;0;0;14;5;1;1;0;1;0;0;3;1;0;0;2;0;1;;4;1;;1;1;;0;1;;;;;0;1;;;1;;;;;;;;;;0.714285714285714;35;0;13;9.13890686933883;tarde
50000004;11000000;1000000272;500000196;2022;13;1;3;1;;00004703;00000005;00000022;;1;0;0;;;;;1;;0;;;0;0;1;0;0;1;5;1;0;0;1;0;0;;;0;0;5;0;1;;4;1;;1;1;;0;1;;;;;0;1;;;1;;;;;;;;;;0.714285714285714;35;0;7;11.2175852956716;manha
50000004;11000000;1000000678;500000443;2022;16;1;0;1;;00004236;00000006;00000011;00002403;1;0;0;;;;;;;;;0;;0;1;0;0;1;5;1;0;0;1;0;0;;;1;0;5;0;1;1;4;1;;1;1;;0;1;;;;;0;1;;;1;;;;;;;;;;0.714285714285714;35;0;7;11.2175852956716;manha
50000004;11000000;1000000864;500000557;2022;14;1;1;1;;00004047;00000005;00000003;00002344;1;0;0;;;;;;;;;;;0;1;0;0;1;5;1;0;0;1;0;0;;;0;0;5;0;1;1;4;1;;1;1;;0;1;;;;;0;1;;;1;;;;;;;;;;0.714285714285714;35;0;7;11.2175852956716;manha
50000004;11000000;1000001077;500000692;2022;16;1;3;1;;00004829;00000007;;00002823;1;0;0;0;;0;0;;;;0;;;0;1;0;0;1;5;1;0;0;1;0;0;;;1;0;4;0;1;1;4;1;;1;1;;0;1;;;;;0;1;;;1;;;;;;;;;;0.714285714285714;35;0;7;11.2175852956716;manha
50000005;11000000;1000000591;500000386;2022;8;1;3;1;;00000237;00000006;;;1;0;0;;;;0;;0;;;;;0;1;0;0;;5;1;0;0;1;0;0;;;0;0;5;0;1;;4;1;;1;1;;0;1;;;;;0;1;;;1;;;;;;;;;;0.714285714285714;35;0;7;10.2720177778974;manha
50000005;11000000;1000000738;500000485;2022;11;2;1;1;;00002051;00000003;;00002008;1;0;0;;;;0;;;;;;;0;1;0;0;;5;1;0;0;1;0;0;;;0;0;5;0;1;;4;1;;1;1;;0;1;;;;;0;1;;;1;;;;;;;;;;0.714285714285714;35;0;7;10.2720177778974;manha
50000005;11000000;1000000850;500000550;2022;12;2;3;1;;00003595;00000003;00000022;00000936;1;0;0;;;;;;;;;;;0;1;0;0;;5;1;0;0;1;0;0;;;1;0;5;0;1;1;4;1;;1;1;;0;1;;;;;0;1;;;1;;;;;;;;;;0.714285714285714;35;0;7;10.2720177778974;manha
50000005;11000000;1000000995;500000637;2022;19;1;1;1;;00000551;00000006;00000015;;1;0;0;0;0;;;;;;;;;0;1;0;0;;5;1;0;0;1;0;0;;;1;0;5;0;1;;4;1;;1;1;;0;1;;;;;0;1;;;1;;;;;;;;;;0.714285714285714;35;0;7;10.2720177778974;manha
50000005;11000000;1000001057;500000675;2022;12;2;0;1;;00001911;00000007;00000021;00005240;2;0;0;;;;;;;;;;0;0;1;0;0;;5;1;0;0;1;0;0;;;0;1;4;0;1;1;4;1;;1;1;;0;1;;;;;0;1;;;1;;;;;;;;;;0.714285714285714;35;0;7;10.2720177778974;manha
50000005;11000000;1000001247;500000813;2022;17;2;1;1;;00002564;00000001;00000027;;1;0;0;;;;;;0;;;;0;0;1;0;0;;5;1;0;0;1;0;0;;;0;0;2;0;1;;4;1;;1;1;;0;1;;;;;0;1;;;1;;;;;;;;;;0.714285714285714;35;0;7;10.2720177778974;manha
50000006;11000000;1000000637;500000415;2022;12;1;3;1;;00004722;00000008;;00004862;1;0;1;0;;;;;;;;;;0;1;0;0;14;5;1;0;0;1;0;0;6;1;0;0;5;0;1;1;4;1;;1;1;;0;1;;;;;0;1;;;1;;;;;;;;;;0.714285714285714;35;0;7;9.97460286249407;manha
50000007;11000000;1000000525;500000346;2022;10;1;1;1;;00003368;00000006;00000014;00001909;1;0;0;0;;1;0;0;;;;;0;0;1;0;0;21;5;1;0;0;1;0;0;-3;0;0;0;5;0;1;1;4;1;;1;1;;0;1;;;;;0;1;;;1;;;;;;;;;;0.714285714285714;35;0;7;23.2942248228937;manha
50000007;11000000;1000000529;500000348;2022;16;1;3;1;;00000255;00000003;00000019;00004655;1;0;0;;;;;0;;;;;0;0;1;;;21;5;1;0;0;1;0;0;3;1;0;0;5;0;1;1;4;1;;1;1;;0;1;;;;;0;1;;;1;;;;;;;;;;0.714285714285714;35;0;7;23.2942248228937;manha
50000007;11000000;1000000708;500000468;2022;14;2;0;1;;00004504;00000002;00000021;;1;0;0;0;;;0;;;0;;;;0;1;0;;21;5;1;0;0;1;0;0;1;0;0;0;5;0;1;;4;1;;1;1;;0;1;;;;;0;1;;;1;;;;;;;;;;0.714285714285714;35;0;7;23.2942248228937;manha
50000007;11000000;1000000780;500000509;2022;11;1;0;1;;00004871;00000003;00000026;;1;0;0;;0;;;;;0;;;;0;1;0;0;21;5;1;0;0;1;0;0;-2;0;0;1;5;0;1;;4;1;;1;1;;0;1;;;;;0;1;;;1;;;;;;;;;;0.714285714285714;35;0;7;23.2942248228937;manha
50000008;11000001;1000000328;500000229;2022;10;1;1;1;;00004895;00000002;00000024;00002401;2;0;0;;;;;0;0;;0;;0;0;1;0;0;15;5;1;0;0;1;0;0;3;1;0;0;5;0;1;1;2;2;;;1;1;0;;1;0;0;;0;;1;;;0;;0;;0;;0;;0;0.4;28;0;7;21.6069517610595;manha
50000008;11000001;1000000373;500000260;2022;17;1;1;1;;00000744;00000002;;00004199;1;0;1;;;;;;;;;;0;0;1;0;0;15;5;1;1;0;1;0;0;10;1;0;0;5;0;1;1;2;2;;;1;1;0;;1;0;0;;0;;1;;;0;;0;;0;;0;;0;0.4;28;0;7;21.6069517610595;manha
50000008;11000001;1000000875;500000566;2022;10;2;3;1;;00001890;00000008;;00004708;1;0;0;0;;;;0;;;;;;0;1;0;0;15;5;1;0;0;1;0;0;3;1;0;0;5;0;1;;2;2;;;1;1;0;;1;0;0;;0;;1;;;0;;0;;0;;0;;0;0.4;28;0;7;21.6069517610595;manha
50000008;11000001;1000001041;500000664;2022;11;1;1;1;;00001767;00000001;00000003;00001821;1;0;0;0;;;;;;0;;;;0;1;0;0;15;5;1;0;0;1;0;0;4;1;0;1;4;0;1;;2;2;;;1;1;0;;1;0;0;;0;;1;;;0;;0;;0;;0;;0;0.4;28;0;7;21.6069517610595;manha
50000008;11000001;1000001276;500000838;2022;17;2;3;1;;00000852;00000003;00000019;00001021;2;0;0;;0;1;0;;;;;;;0;1;0;0;15;5;1;0;0;1;0;0;10;1;0;0;1;0;1;1;2;2;;;1;1;0;;1;0;0;;0;;1;;;0;;0;;0;;0;;0;0.4;28;0;7;21.6069517610595;manha
50000009;11000001;1000000696;500000459;2022;12;1;1;1;;00000428;00000007;00000003;00000278;2;0;0;;;;;;;0;;;;0;1;0;0;1;5;1;0;0;1;0;0;;;0;0;5;0;1;;2;2;;;1;1;0;;1;0;0;;0;;1;;;0;;0;;0;;0;;0;0.4;28;0;13;18.2292542280629;tarde
50000009;11000001;1000000804;500000525;2022;12;2;1;1;;00000342;00000005;;00005405;1;0;0;;;;;;;;;0;;0;1;0;;1;5;1;0;0;1;0;0;;;0;0;5;0;1;1;2;2;;;1;1;0;;1;0;0;;0;;1;;;0;;0;;0;;0;;0;0.4;28;0;13;18.2292542280629;tarde
50000009;11000001;1000001373;500000932;2022;6;2;3;1;;00004726;00000003;00000004;00000115;1;0;0;;1;;;0;;0;;;;0;1;0;0;1;5;1;0;0;1;0;0;;;0;0;0;;0;;2;2;;;1;1;0;;1;0;0;;0;;1;;;0;;0;;0;;0;;0;0.4;28;0;13;18.2292542280629;tarde
50000010;11000001;1000000021;500000012;2022;19;2;1;1;;00003208;00000006;00000003;;2;0;0;;0;;;;;;;;;0;1;0;0;2;5;1;0;0;1;0;0;;;0;0;5;0;1;;2;2;;;1;1;0;;1;0;0;;0;;1;;;0;;0;;0;;0;;0;0.4;28;0;17;32.2556955041364;tarde
50000010;11000001;1000000347;500000242;2022;14;2;1;1;;00004440;00000008;00000015;;1;0;1;;;;;;;;0;;;0;1;0;0;2;5;1;0;0;1;0;0;;;0;0;5;0;1;;2;2;;;1;1;0;;1;0;0;;0;;1;;;0;;0;;0;;0;;0;0.4;28;0;17;32.2556955041364;tarde
50000010;11000001;1000000761;500000495;2022;10;1;3;1;;00002592;00000003;00000003;00000087;1;0;0;;;;;;;;;;;0;1;0;0;2;5;1;0;0;1;0;0;;;0;0;5;0;1;1;2;2;;;1;1;0;;1;0;0;;0;;1;;;0;;0;;0;;0;;0;0.4;28;0;17;32.2556955041364;tarde
50000011;11000001;1000000320;500000224;2022;20;2;0;1;;00001567;00000002;00000004;;1;0;1;;;1;;;;;;;0;;1;0;0;14;2;1;0;0;1;0;0;14;1;1;0;5;0;1;;2;2;;;1;1;0;;1;0;0;;0;;1;;;0;;0;;0;;0;;0;0.4;28;0;13;33.2899156166241;tarde
50000011;11000001;1000000496;500000326;2022;9;2;3;1;;00004909;00000003;00000019;;1;0;1;;0;1;;0;0;0;;;;0;1;0;0;14;2;1;0;0;1;0;0;3;1;0;0;5;0;1;;2;2;;;1;1;0;;1;0;0;;0;;1;;;0;;0;;0;;0;;0;0.4;28;0;13;33.2899156166241;tarde
50000012;11000001;1000000817;500000533;2022;17;2;0;1;;00004712;00000003;00000027;00004441;1;1;0;;;;;;;;;;0;0;1;0;0;1;5;1;1;0;1;0;1;;;0;0;5;0;1;;2;2;;;1;1;0;;1;0;0;;0;;1;;;0;;0;;0;;0;;0;0.4;28;0;13;20.9880390577018;tarde
50000012;11000001;1000000928;500000598;2022;19;1;3;1;;00002892;00000007;00000016;;1;0;0;;0;;0;;;0;;;;0;1;0;0;1;5;1;0;0;1;0;0;;;0;0;5;0;1;;2;2;;;1;1;0;;1;0;0;;0;;1;;;0;;0;;0;;0;;0;0.4;28;0;13;20.9880390577018;tarde
50000012;11000001;1000001101;500000705;2022;18;1;0;1;;00004549;00000004;00000025;;1;0;0;;;;;;;;;;0;0;1;1;0;1;5;1;0;0;1;0;0;;;0;0;3;0;1;;2;2;;;1;1;0;;1;0;0;;0;;1;;;0;;0;;0;;0;;0;0.4;28;0;13;20.9880390577018;tarde
50000012;11000001;1000001236;500000803;2022;12;1;3;1;;00001078;00000006;00000008;;1;1;1;0;0;;;;;;;;0;0;1;0;0;1;5;1;0;0;1;0;0;;;0;0;2;0;1;;2;2;;;1;1;0;;1;0;0;;0;;1;;;0;;0;;0;;0;;0;0.4;28;0;13;20.9880390577018;tarde
50000012;11000001;1000001254;500000819;2022;14;2;3;1;;00002411;00000008;00000019;;1;0;0;;;;;;0;;;;;0;1;;0;1;5;1;0;0;1;0;0;;;0;0;2;0;1;;2;2;;;1;1;0;;1;0;0;;0;;1;;;0;;0;;0;;0;;0;0.4;28;0;13;20.9880390577018;tarde
50000013;11000001;1000000125;500000089;2022;20;1;1;1;;00004204;00000006;;;1;0;0;;;0;;;;;;;;0;1;0;;71;1;1;0;0;1;0;1;;;0;0;5;0;1;;2;2;;;1;1;0;;1;0;0;;0;;1;;;0;;0;;0;;0;;0;0.4;28;0;7;21.2968576059211;manha
50000013;11000001;1000000370;500000257;2022;17;2;3;1;;00001228;00000001;00000014;;1;0;0;;;;;;0;;;0;;0;1;0;0;71;1;1;0;0;1;0;0;;;0;0;5;0;1;;2;2;;;1;1;0;;1;0;0;;0;;1;;;0;;0;;0;;0;;0;0.4;28;0;7;21.2968576059211;manha
50000013;11000001;1000000463;500000308;2022;17;1;0;1;;00003374;00000002;00000003;;1;0;1;;;1;0;;;0;0;;;0;1;0;;71;1;1;0;0;1;0;0;;;0;0;5;0;1;;2;2;;;1;1;0;;1;0;0;;0;;1;;;0;;0;;0;;0;;0;0.4;28;0;7;21.2968576059211;manha
50000013;11000001;1000001262;500000826;2022;6;1;3;1;;00001339;00000003;;;1;0;1;;;;0;;0;0;0;;;0;1;0;0;71;1;1;0;0;1;0;0;;;0;0;2;0;1;;2;2;;;1;1;0;;1;0;0;;0;;1;;;0;;0;;0;;0;;0;0.4;28;0;7;21.2968576059211;manha
50000013;11000001;1000001283;500000845;2022;15;2;3;1;;00004094;00000001;;00002552;1;0;0;;;0;;0;;;;;;0;1;0;0;71;1;1;1;0;1;0;0;;;0;0;1;0;1;1;2;2;;;1;1;0;;1;0;0;;0;;1;;;0;;0;;0;;0;;0;0.4;28;0;7;21.2968576059211;manha
50000014;11000001;1000000410;500000276;2022;17;2;3;1;;00002213;00000003;00000019;;1;0;0;0;;;;;;;0;0;;0;1;1;0;22;5;1;0;0;1;0;1;;;0;0;5;0;1;;2;2;;;1;1;0;;1;0;0;;0;;1;;;0;;0;;0;;0;;0;0.4;28;0;7;26.3469374575652;manha
50000014;11000001;1000000897;500000580;2022;17;2;1;1;;00003980;00000001;00000015;;1;0;0;;;0;;;;;0;;;0;1;0;0;22;5;1;0;0;1;0;0;;;0;0;5;0;1;;2;2;;;1;1;0;;1;0;0;;0;;1;;;0;;0;;0;;0;;0;0.4;28;0;7;26.3469374575652;manha
50000014;11000001;1000001241;500000807;2022;6;2;3;1;;00002226;00000005;;00004839;1;1;0;;;;;;;0;;;;0;1;0;0;22;5;1;0;0;1;0;0;;;0;0;2;0;1;1;2;2;;;1;1;0;;1;0;0;;0;;1;;;0;;0;;0;;0;;0;0.4;28;0;7;26.3469374575652;manha
50000014;11000001;1000001434;500000993;2022;12;1;1;1;;00002627;00000001;;00000049;1;0;0;;;;0;;;;;;;0;1;0;0;22;5;1;0;0;1;0;0;;;0;0;0;;0;;2;2;;;1;1;0;;1;0;0;;0;;1;;;0;;0;;0;;0;;0;0.4;28;0;7;26.3469374575652;manha
50000015;11000002;1000000543;500000360;2022;19;1;3;1;;00000492;00000008;00000001;00001513;1;0;0;;;;;;;0;;;;0;1;0;0;19;1;1;0;0;1;0;0;8;1;0;0;5;0;1;1;4;2;;1;0;1;0;;1;;1;0;1;1;1;;1;1;;;;0;;;;;0.75;22;0;7;6.38284002430737;manha
50000015;11000002;1000001068;500000684;2022;15;2;1;1;;00002894;00000004;00000003;00003395;1;0;1;;;0;0;;;;;0;;0;1;0;0;19;1;1;0;0;1;0;0;4;1;0;0;4;0;1;;4;2;;1;0;1;0;;1;;1;0;1;1;1;;1;1;;;;0;;;;;0.75;22;0;7;6.38284002430737;manha
50000015;11000002;1000001200;500000773;2022;35;1;3;1;;00000777;00000005;;00003409;1;0;0;0;0;;;;;;;;;0;1;0;0;19;1;1;0;0;1;0;0;24;1;0;0;2;0;1;1;4;2;;1;0;1;0;;1;;1;0;1;1;1;;1;1;;;;0;;;;;0.75;22;0;7;6.38284002430737;manha
50000015;11000002;1000001252;500000818;2022;15;2;3;1;;00002284;00000008;00000020;00000681;1;0;0;;;;;;;0;;;;0;1;0;;19;1;1;0;0;1;0;0;4;1;0;0;2;0;1;;4;2;;1;0;1;0;;1;;1;0;1;1;1;;1;1;;;;0;;;;;0.75;22;0;7;6.38284002430737;manha
50000016;11000002;1000000180;500000131;2022;6;2;0;1;;00000330;00000008;;00004327;1;0;1;;;1;;;;;;;;0;1;0;0;1;5;1;0;0;1;0;1;;;0;0;5;0;1;1;4;2;;1;0;1;0;;1;;1;0;1;1;1;;1;1;;;;0;;;;;0.75;22;0;7;19.3894044763874;manha
50000016;11000002;1000000542;500000359;2022;12;1;1;1;;00002092;00000004;;00000903;1;0;1;;0;;;;;;;;0;0;1;0;;1;5;1;0;0;1;0;0;;;0;1;5;0;1;1;4;2;;1;0;1;0;;1;;1;0;1;1;1;;1;1;;;;0;;;;;0.75;22;0;7;19.3894044763874;manha
50000016;11000002;1000000601;500000392;2022;16;2;1;1;;00005504;00000004;00000022;00001260;1;0;0;0;;;;1;;0;;;;0;1;0;0;1;5;1;0;0;1;0;1;;;0;0;5;0;1;1;4;2;;1;0;1;0;;1;;1;0;1;1;1;;1;1;;;;0;;;;;0.75;22;0;7;19.3894044763874;manha
50000016;11000002;1000000662;500000433;2022;14;2;1;1;;00001371;00000002;;;1;0;0;;;1;;;0;;;;0;0;1;0;0;1;5;1;0;0;1;0;0;;;0;0;5;0;1;;4;2;;1;0;1;0;;1;;1;0;1;1;1;;1;1;;;;0;;;;;0.75;22;0;7;19.3894044763874;manha
50000017;11000002;1000000974;500000627;2022;18;1;3;1;;00005031;00000005;;00004847;1;0;1;;0;0;;0;;0;;;;0;1;0;0;18;5;1;0;0;1;0;1;8;1;0;0;5;0;1;;4;2;;1;0;1;0;;1;;1;0;1;1;1;;1;1;;;;0;;;;;0.75;22;0;7;19.5931883330923;manha
50000018;11000002;1000000289;500000207;2022;18;1;3;1;;00005492;00000003;;;1;0;0;;;;0;;;;;;;0;1;;0;21;5;1;0;0;1;0;1;5;1;1;0;5;0;1;;4;2;;1;0;1;0;;1;;1;0;1;1;1;;1;1;;;;0;;;;;0.75;22;0;7;12.9330973385368;manha
50000018;11000002;1000000567;500000374;2022;15;2;0;1;;00003112;00000001;;00000655;2;0;0;;;1;;;;;;0;;0;1;0;0;21;5;1;0;0;1;0;0;2;1;1;0;5;0;1;;4;2;;1;0;1;0;;1;;1;0;1;1;1;;1;1;;;;0;;;;;0.75;22;0;7;12.9330973385368;manha
50000019;11000002;1000000831;500000541;2022;20;2;0;1;;00002931;00000002;;00000082;1;0;1;0;;;;;;;;;;0;1;0;0;18;2;1;0;0;1;0;0;10;1;0;0;5;0;1;1;4;2;;1;0;1;0;;1;;1;0;1;1;1;;1;1;;;;0;;;;;0.75;22;0;13;45.8029232751578;tarde
50000020;11000002;1000000153;500000108;2022;20;1;1;1;;00001440;00000008;00000014;;1;0;1;;;;;;;;;;;;1;0;0;2;5;1;0;0;1;0;0;;;1;0;5;0;1;;4;2;;1;0;1;0;;1;;1;0;1;1;1;;1;1;;;;0;;;;;0.75;22;0;7;29.7033925505821;manha
50000020;11000002;1000000800;500000523;2022;24;2;0;1;;00000021;00000002;00000015;;2;0;0;;;;;;;;;;0;0;1;0;0;2;5;1;0;0;1;0;0;;;0;0;5;0;1;;4;2;;1;0;1;0;;1;;1;0;1;1;1;;1;1;;;;0;;;;;0.75;22;0;7;29.7033925505821;manha
50000020;11000002;1000001106;500000710;2022;38;2;3;1;;00001090;00000007;00000019;;1;0;0;;;;0;0;;;;;0;0;1;0;0;2;5;1;0;0;1;0;0;;;0;0;3;0;1;;4;2;;1;0;1;0;;1;;1;0;1;1;1;;1;1;;;;0;;;;;0.75;22;0;7;29.7033925505821;manha
50000020;11000002;1000001222;500000792;2022;20;1;1;1;;00000256;00000005;00000022;00004197;1;0;;0;;1;;;;;;;;0;1;0;0;2;5;1;0;0;1;0;0;;;0;0;2;0;1;;4;2;;1;0;1;0;;1;;1;0;1;1;1;;1;1;;;;0;;;;;0.75;22;0;7;29.7033925505821;manha
50000020;11000002;1000001224;500000793;2022;11;1;1;1;;00002218;00000008;;;1;0;0;0;;1;0;;;;;;0;0;1;1;0;2;5;1;0;0;1;0;0;;;0;0;2;0;1;;4;2;;1;0;1;0;;1;;1;0;1;1;1;;1;1;;;;0;;;;;0.75;22;0;7;29.7033925505821;manha
50000020;11000002;1000001374;500000933;2022;6;2;1;1;;00005295;00000006;00000024;;1;0;0;;;1;;;;;;;;0;1;0;0;2;5;1;0;0;1;0;0;;;0;0;0;;0;;4;2;;1;0;1;0;;1;;1;0;1;1;1;;1;1;;;;0;;;;;0.75;22;0;7;29.7033925505821;manha
50000020;11000002;1000001410;500000969;2022;16;1;3;1;;00001792;00000003;00000014;00000069;2;0;0;;;;;;;;0;0;0;0;1;0;;2;5;1;1;0;1;0;0;;;0;0;0;;0;;4;2;;1;0;1;0;;1;;1;0;1;1;1;;1;1;;;;0;;;;;0.75;22;0;7;29.7033925505821;manha
50000021;11000002;1000001023;500000651;2022;21;1;1;1;;00000624;00000007;;00002994;1;0;0;;;;;;;;;0;;0;1;0;0;18;5;1;0;0;1;0;1;11;1;1;0;4;0;1;1;4;2;;1;0;1;0;;1;;1;0;1;1;1;;1;1;;;;0;;;;;0.75;22;0;7;12.7106203325093;manha
50000022;11000003;1000000158;500000112;2022;19;2;0;1;;00003726;00000007;00000018;00004636;1;0;0;;0;;;;;;;;;0;1;0;;1;5;1;0;0;1;0;1;;;0;0;5;0;1;1;3;1;;;1;;1;1;;0;0;;0;0;1;;;1;;0;;;0;1;0;2;0.5;43;0.0697674418604651;7;6.20240670745261;manha
50000022;11000003;1000000573;500000378;2022;18;1;1;1;;00001253;00000004;;;1;0;;;;1;;;;;;;;0;1;0;0;1;5;1;0;0;1;0;0;;;0;0;5;0;1;;3;1;;;1;;1;1;;0;0;;0;0;1;;;1;;0;;;0;1;0;2;0.5;43;0.0697674418604651;7;6.20240670745261;manha
50000022;11000003;1000000624;500000408;2022;19;2;3;1;;00004399;00000002;00000012;;1;0;0;;;1;;;;;0;;;0;1;1;0;1;5;1;0;0;1;0;0;;;0;1;5;0;1;;3;1;;;1;;1;1;;0;0;;0;0;1;;;1;;0;;;0;1;0;2;0.5;43;0.0697674418604651;7;6.20240670745261;manha
50000022;11000003;1000000653;500000426;2022;10;2;1;1;;00004474;00000006;;;1;0;0;;;1;;0;1;0;0;;;0;1;1;0;1;5;1;0;0;1;0;0;;;0;0;5;0;1;;3;1;;;1;;1;1;;0;0;;0;0;1;;;1;;0;;;0;1;0;2;0.5;43;0.0697674418604651;7;6.20240670745261;manha
50000022;11000003;1000000748;500000489;2022;6;1;0;1;;00003245;00000001;;;1;0;0;;;1;;0;0;;;0;;0;1;0;0;1;5;1;0;0;1;0;0;;;0;0;5;0;1;;3;1;;;1;;1;1;;0;0;;0;0;1;;;1;;0;;;0;1;0;2;0.5;43;0.0697674418604651;7;6.20240670745261;manha
50000022;11000003;1000001092;500000703;2022;17;1;3;1;;00001614;00000003;;00002554;2;0;0;;;;;;;;;;;0;1;0;0;1;5;1;0;0;1;0;0;;;0;0;4;0;1;;3;1;;;1;;1;1;;0;0;;0;0;1;;;1;;0;;;0;1;0;2;0.5;43;0.0697674418604651;7;6.20240670745261;manha
50000022;11000003;1000001423;500000982;2022;14;2;3;1;;00004399;00000004;00000014;00002994;1;0;0;;0;;;;1;;0;;;0;1;0;0;1;5;1;0;0;1;0;0;;;0;0;0;;0;;3;1;;;1;;1;1;;0;0;;0;0;1;;;1;;0;;;0;1;0;2;0.5;43;0.0697674418604651;7;6.20240670745261;manha
50000023;11000003;1000000039;500000026;2022;21;1;1;1;;00002872;00000004;00000027;00003121;1;0;1;;;;0;;;;;;;0;1;;0;70;5;1;0;0;1;0;0;;;0;0;5;0;1;1;3;1;;;1;;1;1;;0;0;;0;0;1;;;1;;0;;;0;1;0;2;0.5;43;0.0697674418604651;7;24.8343634302728;manha
50000023;11000003;1000000278;500000201;2022;13;2;2;1;;00003752;00000006;;;2;0;0;0;;;;0;0;;;;;0;1;0;0;70;5;1;0;0;1;0;0;;;0;0;5;0;1;;3;1;;;1;;1;1;;0;0;;0;0;1;;;1;;0;;;0;1;0;2;0.5;43;0.0697674418604651;7;24.8343634302728;manha
50000023;11000003;1000000297;500000214;2022;21;1;1;1;;00001147;00000002;00000021;00004151;1;0;0;0;0;;;;;;;0;;0;1;0;0;70;5;1;0;0;1;0;0;;;0;0;5;0;1;1;3;1;;;1;;1;1;;0;0;;0;0;1;;;1;;0;;;0;1;0;2;0.5;43;0.0697674418604651;7;24.8343634302728;manha
50000023;11000003;1000000405;500000273;2022;17;2;3;1;;00005315;00000003;;00005068;1;0;0;;;1;0;;;;0;;;0;1;0;0;70;5;1;0;0;1;0;0;;;0;0;5;0;1;1;3;1;;;1;;1;1;;0;0;;0;0;1;;;1;;0;;;0;1;0;2;0.5;43;0.0697674418604651;7;24.8343634302728;manha
50000023;11000003;1000000540;500000357;2022;10;1;0;1;;00003455;00000003;00000017;00000108;1;0;0;;;;0;;;;;;;0;1;0;;70;5;1;0;0;1;0;0;;;1;0;5;0;1;1;3;1;;;1;;1;1;;0;0;;0;0;1;;;1;;0;;;0;1;0;2;0.5;43;0.0697674418604651;7;24.8343634302728;manha
50000023;11000003;1000000557;500000365;2022;16;1;3;1;;00005082;00000005;00000017;00003155;2;0;0;;;;;0;0;;;;;0;1;0;0;70;5;1;0;0;1;0;0;;;0;0;5;0;1;1;3;1;;;1;;1;1;;0;0;;0;0;1;;;1;;0;;;0;1;0;2;0.5;43;0.0697674418604651;7;24.8343634302728;manha
50000024;11000003;1000000030;500000019;2022;9;2;0;1;;00004140;00000007;;;2;0;0;;;;;0;;;;0;;;1;0;0;;5;1;0;0;1;0;0;;;1;0;5;0;1;;3;1;;;1;;1;1;;0;0;;0;0;1;;;1;;0;;;0;1;0;2;0.5;43;0.0697674418604651;7;30.5200483661611;manha
50000024;11000003;1000000101;500000074;2022;15;1;3;1;;00000586;00000005;;00000582;1;0;0;0;0;;0;0;;;;;;0;1;0;0;;5;1;0;0;1;0;0;;;0;0;5;0;1;;3;1;;;1;;1;1;;0;0;;0;0;1;;;1;;0;;;0;1;0;2;0.5;43;0.0697674418604651;7;30.5200483661611;manha
50000024;11000003;1000000644;500000420;2022;12;1;0;1;;00000970;00000004;;00001951;1;0;0;;;;;;0;;;;;0;1;0;0;;5;1;0;0;1;0;0;;;0;0;5;0;1;1;3;1;;;1;;1;1;;0;0;;0;0;1;;;1;;0;;;0;1;0;2;0.5;43;0.0697674418604651;7;30.5200483661611;manha
50000024;11000003;1000000799;500000522;2022;19;1;1;1;;00000934;00000008;;00002389;1;0;0;;;;;;0;0;;;;0;1;0;;;5;1;0;0;1;0;0;;;0;0;5;0;1;1;3;1;;;1;;1;1;;0;0;;0;0;1;;;1;;0;;;0;1;0;2;0.5;43;0.0697674418604651;7;30.5200483661611;manha
50000024;11000003;1000001095;500000704;2022;21;1;3;1;;00001221;00000008;;;1;0;0;;;;;;0;;;;0;0;1;0;0;;5;1;0;0;1;0;0;;;0;0;4;0;1;;3;1;;;1;;1;1;;0;0;;0;0;1;;;1;;0;;;0;1;0;2;0.5;43;0.0697674418604651;7;30.5200483661611;manha
50000024;11000003;1000001171;500000752;2022;15;2;3;1;;00002125;00000007;;;1;0;1;;0;;;;;0;;;;0;1;0;0;;5;1;0;0;1;0;0;;;0;0;3;0;1;;3;1;;;1;;1;1;;0;0;;0;0;1;;;1;;0;;;0;1;0;2;0.5;43;0.0697674418604651;7;30.5200483661611;manha
50000025;11000003;1000000597;500000390;2022;14;2;0;1;;00001188;00000006;00000024;;1;0;0;;0;;;;;;;;;0;1;0;0;;5;1;0;0;1;0;0;;;0;0;5;0;1;;3;1;;;1;;1;1;;0;0;;0;0;1;;;1;;0;;;0;1;0;2;0.5;43;0.0697674418604651;13;10.3831853310112;tarde
50000025;11000003;1000001117;500000718;2022;9;1;1;1;;00005128;00000004;00000026;;1;0;0;;0;0;;;;;;;;0;1;0;0;;5;1;0;0;1;0;0;;;0;0;3;0;1;;3;1;;;1;;1;1;;0;0;;0;0;1;;;1;;0;;;0;1;0;2;0.5;43;0.0697674418604651;13;10.3831853310112;tarde
50000026;11000003;1000000139;500000098;2022;11;2;3;1;;00005094;00000003;00000009;00000869;1;0;0;;;;;;;;;0;;0;1;0;0;15;5;1;0;0;1;0;0;4;1;0;0;5;0;1;1;3;1;;;1;;1;1;;0;0;;0;0;1;;;1;;0;;;0;1;0;2;0.5;43;0.0697674418604651;7;2.3253332125023;manha
50000026;11000003;1000000701;500000463;2022;12;2;1;1;;00005323;00000006;00000004;;1;0;0;;0;;;;;0;;0;0;1;1;0;0;15;5;1;0;0;1;0;0;5;1;0;0;5;0;1;;3;1;;;1;;1;1;;0;0;;0;0;1;;;1;;0;;;0;1;0;2;0.5;43;0.0697674418604651;7;2.3253332125023;manha
50000026;11000003;1000000967;500000623;2022;19;2;3;1;;00000943;00000008;;;1;1;0;;;;;;0;0;;0;;0;1;0;0;15;5;1;0;0;1;0;1;12;1;0;0;5;0;1;;3;1;;;1;;1;1;;0;0;;0;0;1;;;1;;0;;;0;1;0;2;0.5;43;0.0697674418604651;7;2.3253332125023;manha
50000026;11000003;1000001162;500000745;2022;14;2;0;1;;00001490;00000001;;00001958;1;0;0;;;;;;;;;;;0;1;0;0;15;5;1;0;0;1;0;0;7;1;0;0;3;0;1;1;3;1;;;1;;1;1;;0;0;;0;0;1;;;1;;0;;;0;1;0;2;0.5;43;0.0697674418604651;7;2.3253332125023;manha
50000026;11000003;1000001261;500000825;2022;13;1;3;1;;00004046;00000007;00000001;00004430;1;0;0;;;;;;;;;;0;0;1;0;0;15;5;1;0;0;1;0;0;6;1;0;0;2;0;1;;3;1;;;1;;1;1;;0;0;;0;0;1;;;1;;0;;;0;1;0;2;0.5;43;0.0697674418604651;7;2.3253332125023;manha
50000027;11000003;1000000148;500000105;2022;16;1;1;1;;00001245;00000002;;00003393;1;0;0;;;;;;;;;0;0;0;1;0;0;14;5;1;0;0;1;0;1;10;1;0;0;5;0;1;1;3;1;;;1;;1;1;;0;0;;0;0;1;;;1;;0;;;0;1;0;2;0.5;43;0.0697674418604651;13;17.0019614079501;tarde
50000027;11000003;1000000173;500000125;2022;13;2;0;1;;00002008;00000002;00000023;;1;0;0;0;;0;;;;;0;0;;0;1;1;0;14;5;1;0;0;1;0;0;7;1;0;0;5;0;1;;3;1;;;1;;1;1;;0;0;;0;0;1;;;1;;0;;;0;1;0;2;0.5;43;0.0697674418604651;13;17.0019614079501;tarde
50000027;11000003;1000000793;500000518;2022;18;2;3;1;;00002630;00000002;00000004;00001669;1;0;1;;0;;;;;;;;;0;1;;0;14;5;1;0;0;1;0;0;12;1;0;0;5;0;1;1;3;1;;;1;;1;1;;0;0;;0;0;1;;;1;;0;;;0;1;0;2;0.5;43;0.0697674418604651;13;17.0019614079501;tarde
50000027;11000003;1000001107;500000711;2022;17;2;3;1;;00003965;00000008;00000020;00004627;1;0;0;;;;;;;;;;;0;1;0;0;14;5;1;0;0;1;0;0;11;1;0;0;3;0;1;1;3;1;;;1;;1;1;;0;0;;0;0;1;;;1;;0;;;0;1;0;2;0.5;43;0.0697674418604651;13;17.0019614079501;tarde
50000027;11000003;1000001330;500000890;2022;16;1;3;1;;00005151;00000001;;;1;0;0;0;0;;;;;;;;;0;1;0;0;14;5;1;0;0;1;0;1;10;1;0;0;1;0;1;;3;1;;;1;;1;1;;0;0;;0;0;1;;;1;;0;;;0;1;0;2;0.5;43;0.0697674418604651;13;17.0019614079501;tarde
50000028;11000003;1000000036;500000023;2022;18;2;1;1;;00000299;00000001;;00002916;1;0;1;;;;0;0;0;;0;;0;0;1;0;0;;5;1;0;0;1;0;0;;;0;0;5;0;1;;3;1;;;1;;1;1;;0;0;;0;0;1;;;1;;0;;;0;1;0;2;0.5;43;0.0697674418604651;7;32.8410515817814;manha
50000028;11000003;1000000559;500000366;2022;9;2;1;1;;00000558;00000001;;00001344;1;0;0;;0;;;0;;;;;;0;1;0;0;;5;1;0;0;1;0;0;;;0;0;5;0;1;1;3;1;;;1;;1;1;;0;0;;0;0;1;;;1;;0;;;0;1;0;2;0.5;43;0.0697674418604651;7;32.8410515817814;manha
50000028;11000003;1000000671;500000440;2022;22;1;3;1;;00001497;00000006;;00001625;1;0;0;;;;;;;;;;;0;1;0;0;;5;1;0;0;1;0;0;;;1;0;5;0;1;1;3;1;;;1;;1;1;;0;0;;0;0;1;;;1;;0;;;0;1;0;2;0.5;43;0.0697674418604651;7;32.8410515817814;manha
50000028;11000003;1000000683;500000448;2022;5;2;1;1;;00002264;00000001;00000023;;1;0;0;;;;;;;;;;;0;1;0;0;;5;1;0;0;1;0;1;;;1;0;5;0;1;;3;1;;;1;;1;1;;0;0;;0;0;1;;;1;;0;;;0;1;0;2;0.5;43;0.0697674418604651;7;32.8410515817814;manha
50000028;11000003;1000001150;500000736;2022;7;2;2;1;;00003098;00000008;00000024;;1;0;1;;;1;0;;;;;;;0;1;0;0;;5;1;0;0;1;0;0;;;0;0;3;0;1;;3;1;;;1;;1;1;;0;0;;0;0;1;;;1;;0;;;0;1;0;2;0.5;43;0.0697674418604651;7;32.8410515817814;manha
50000028;11000003;1000001218;500000789;2022;18;1;3;1;;00003962;00000006;;;1;0;0;;0;;0;;;;;;;0;1;0;0;;5;1;0;0;1;0;0;;;0;0;2;0;1;;3;1;;;1;;1;1;;0;0;;0;0;1;;;1;;0;;;0;1;0;2;0.5;43;0.0697674418604651;7;32.8410515817814;manha
50000028;11000003;1000001242;500000808;2022;12;1;0;1;;00003675;00000007;;;1;1;0;;;;;;;;;;;;1;0;0;;5;1;0;0;1;0;0;;;0;0;2;0;1;;3;1;;;1;;1;1;;0;0;;0;0;1;;;1;;0;;;0;1;0;2;0.5;43;0.0697674418604651;7;32.8410515817814;manha
50000028;11000003;1000001250;500000816;2022;9;2;0;1;;00003652;00000006;;;1;0;0;;;;;0;;;;;;0;1;0;0;;5;1;0;0;1;0;0;;;0;0;2;0;1;;3;1;;;1;;1;1;;0;0;;0;0;1;;;1;;0;;;0;1;0;2;0.5;43;0.0697674418604651;7;32.8410515817814;manha
50000029;11000004;1000000871;500000563;2022;23;1;1;1;;00002137;00000007;;00004839;1;0;0;;;;;0;;;;;;0;1;0;0;25;6;1;0;0;1;0;0;8;1;0;0;5;0;1;1;3;1;;;1;;0;;0;1;;0;1;1;1;;1;1;;0;;1;;0;;;0.636363636363636;38;0.0263157894736842;7;30.4771580127999;manha
50000029;11000004;1000001176;500000757;2022;7;1;0;1;;00002810;00000004;00000017;00003386;2;0;0;;;;;;;;;;;0;1;0;1;25;6;1;0;0;1;0;0;-8;0;0;0;3;0;1;;3;1;;;1;;0;;0;1;;0;1;1;1;;1;1;;0;;1;;0;;;0.636363636363636;38;0.0263157894736842;7;30.4771580127999;manha
50000030;11000004;1000000091;500000065;2022;18;2;3;1;;00001793;00000001;;00001482;1;0;0;;;;;1;;;;;;0;1;0;0;70;5;1;0;0;1;0;0;;;1;0;5;0;1;;3;1;;;1;;0;;0;1;;0;1;1;1;;1;1;;0;;1;;0;;;0.636363636363636;38;0.0263157894736842;7;9.77973075816408;manha
50000030;11000004;1000000243;500000174;2022;15;1;3;1;;00003516;00000008;;00000773;1;0;0;;;1;;;0;;;0;;0;1;0;0;70;5;1;0;0;1;0;0;;;0;0;5;0;1;1;3;1;;;1;;0;;0;1;;0;1;1;1;;1;1;;0;;1;;0;;;0.636363636363636;38;0.0263157894736842;7;9.77973075816408;manha
50000030;11000004;1000000411;500000277;2022;21;2;3;1;;00001117;00000004;00000007;00003292;1;0;0;;;;;;0;;;;;0;1;0;0;70;5;1;0;0;1;0;0;;;0;0;5;0;1;;3;1;;;1;;0;;0;1;;0;1;1;1;;1;1;;0;;1;;0;;;0.636363636363636;38;0.0263157894736842;7;9.77973075816408;manha
50000030;11000004;1000000471;500000314;2022;18;2;3;1;;00004021;00000008;;;1;0;0;;;;0;0;;;;;;0;1;0;0;70;5;1;0;0;1;0;0;;;0;0;5;0;1;;3;1;;;1;;0;;0;1;;0;1;1;1;;1;1;;0;;1;;0;;;0.636363636363636;38;0.0263157894736842;7;9.77973075816408;manha
50000030;11000004;1000000608;500000397;2022;13;1;3;1;;00005287;00000005;;00000450;1;0;0;;;;;;;;0;;;0;1;0;0;70;5;1;0;0;1;0;0;;;0;0;5;0;1;;3;1;;;1;;0;;0;1;;0;1;1;1;;1;1;;0;;1;;0;;;0.636363636363636;38;0.0263157894736842;7;9.77973075816408;manha
50000030;11000004;1000000766;500000498;2022;6;2;3;1;;00005544;00000008;00000010;00002104;1;0;0;;;;;;;;;0;0;0;1;0;0;70;5;1;0;0;1;0;0;;;0;0;5;0;1;;3;1;;;1;;0;;0;1;;0;1;1;1;;1;1;;0;;1;;0;;;0.636363636363636;38;0.0263157894736842;7;9.77973075816408;manha
50000030;11000004;1000001264;500000828;2022;7;1;1;1;;00004408;00000004;00000009;00002503;1;0;0;;0;;;;;;0;;0;0;1;0;0;70;5;1;0;0;1;0;0;;;0;0;2;0;1;;3;1;;;1;;0;;0;1;;0;1;1;1;;1;1;;0;;1;;0;;;0.636363636363636;38;0.0263157894736842;7;9.77973075816408;manha
50000030;11000004;1000001351;500000910;2022;6;2;0;1;;00001571;00000007;;00000645;1;1;0;;;;0;;;;;;;;1;0;0;70;5;1;0;0;1;0;0;;;0;0;1;0;1;;3;1;;;1;;0;;0;1;;0;1;1;1;;1;1;;0;;1;;0;;;0.636363636363636;38;0.0263157894736842;7;9.77973075816408;manha
50000031;11000004;1000000046;500000030;2022;7;1;0;1;;00003707;00000002;;00003780;1;0;0;;;;;;0;;;;0;0;1;0;0;1;5;1;0;0;1;0;0;;;0;0;5;0;1;1;3;1;;;1;;0;;0;1;;0;1;1;1;;1;1;;0;;1;;0;;;0.636363636363636;38;0.0263157894736842;13;11.6834906709846;tarde
50000031;11000004;1000000336;500000236;2022;12;1;0;1;;00001004;00000006;00000021;00001637;1;0;0;;;;;;;;;;;0;1;0;0;1;5;1;0;0;1;0;0;;;0;0;5;0;1;1;3;1;;;1;;0;;0;1;;0;1;1;1;;1;1;;0;;1;;0;;;0.636363636363636;38;0.0263157894736842;13;11.6834906709846;tarde
50000031;11000004;1000001137;500000728;2022;18;2;1;1;;00003716;00000007;;00004560;1;1;0;;;;;;;;0;;;0;1;0;0;1;5;1;0;0;1;0;0;;;0;1;3;0;1;1;3;1;;;1;;0;;0;1;;0;1;1;1;;1;1;;0;;1;;0;;;0.636363636363636;38;0.0263157894736842;13;11.6834906709846;tarde
50000032;11000004;1000000214;500000157;2022;13;1;0;1;;00004935;00000001;;00003367;1;0;0;;;;;;;;;;;0;1;0;0;26;5;1;0;0;1;0;0;-3;0;0;0;5;0;1;;3;1;;;1;;0;;0;1;;0;1;1;1;;1;1;;0;;1;;0;;;0.636363636363636;38;0.0263157894736842;7;16.5392782574054;manha
50000032;11000004;1000000462;500000307;2022;8;1;3;1;;00004328;00000006;00000003;00002648;1;0;0;0;;1;;;;;;;;0;1;0;0;26;5;1;0;0;1;0;0;-8;0;0;0;5;0;1;;3;1;;;1;;0;;0;1;;0;1;1;1;;1;1;;0;;1;;0;;;0.636363636363636;38;0.0263157894736842;7;16.5392782574054;manha
50000032;11000004;1000001360;500000919;2022;13;1;0;1;;00001830;00000005;;00005399;1;0;0;0;;;;;;;;;;0;1;0;0;26;5;1;0;0;1;0;0;-3;0;0;0;1;0;1;1;3;1;;;1;;0;;0;1;;0;1;1;1;;1;1;;0;;1;;0;;;0.636363636363636;38;0.0263157894736842;7;16.5392782574054;manha
50000033;11000004;1000000612;500000400;2022;10;2;3;1;;00000100;00000003;00000006;;1;0;0;;;;;;;0;;0;;0;1;0;0;20;5;1;0;0;1;0;0;-2;0;0;0;5;0;1;;3;1;;;1;;0;;0;1;;0;1;1;1;;1;1;;0;;1;;0;;;0.636363636363636;38;0.0263157894736842;18;16.3225542521104;noite
50000033;11000004;1000001336;500000896;2022;48;1;0;1;;00001220;00000006;00000004;00002247;2;0;0;;;;;1;0;;;;;0;1;0;0;20;5;1;1;0;1;0;0;36;1;0;0;1;0;1;1;3;1;;;1;;0;;0;1;;0;1;1;1;;1;1;;0;;1;;0;;;0.636363636363636;38;0.0263157894736842;18;16.3225542521104;noite
50000033;11000004;1000001419;500000978;2022;6;1;0;1;;00002872;00000004;00000005;00004880;1;0;0;0;;1;;0;;;;;0;0;1;0;0;20;5;1;0;0;1;0;0;-6;0;0;0;0;;0;;3;1;;;1;;0;;0;1;;0;1;1;1;;1;1;;0;;1;;0;;;0.636363636363636;38;0.0263157894736842;18;16.3225542521104;noite
50000034;11000004;1000000241;500000173;2022;21;2;3;1;;00000624;00000003;00000007;00005005;1;0;0;;0;;;0;;;;;;0;1;0;0;41;5;1;0;0;1;0;0;7;1;0;0;5;0;1;1;3;1;;;1;;0;;0;1;;0;1;1;1;;1;1;;0;;1;;0;;;0.636363636363636;38;0.0263157894736842;13;5.51564389374107;tarde
50000034;11000004;1000000994;500000636;2022;17;1;0;1;;00000252;00000007;00000007;00002156;1;0;0;;;0;;;;;;;;0;1;0;0;41;5;1;0;0;1;0;0;3;1;0;0;5;0;1;;3;1;;;1;;0;;0;1;;0;1;1;1;;1;1;;0;;1;;0;;;0.636363636363636;38;0.0263157894736842;13;5.51564389374107;tarde
50000035;11000004;1000000062;500000040;2022;9;1;3;1;;00003656;00000008;;00002551;1;0;0;;;;0;0;;;;;0;0;1;0;0;2;4;1;0;0;1;0;1;;;1;0;5;1;1;1;3;1;;;1;;0;;0;1;;0;1;1;1;;1;1;;0;;1;;0;;;0.636363636363636;38;0.0263157894736842;13;20.6181586615276;tarde
50000035;11000004;1000000467;500000310;2022;19;2;0;1;;00003772;00000004;00000025;00004534;1;0;0;;;0;;0;0;;;;;0;1;1;0;2;4;1;0;0;1;0;0;;;0;0;5;0;1;;3;1;;;1;;0;;0;1;;0;1;1;1;;1;1;;0;;1;;0;;;0.636363636363636;38;0.0263157894736842;13;20.6181586615276;tarde
50000035;11000004;1000000513;500000338;2022;16;2;0;1;;00005439;00000002;00000027;00005349;1;0;0;;;;;;;;;;;0;1;0;0;2;4;1;0;0;1;0;0;;;0;0;5;0;1;1;3;1;;;1;;0;;0;1;;0;1;1;1;;1;1;;0;;1;;0;;;0.636363636363636;38;0.0263157894736842;13;20.6181586615276;tarde
50000035;11000004;1000000531;500000350;2022;15;2;3;1;;00000513;00000003;00000020;00000643;1;0;1;;;;0;;;;0;;;0;1;0;0;2;4;1;0;0;1;0;0;;;0;0;5;0;1;1;3;1;;;1;;0;;0;1;;0;1;1;1;;1;1;;0;;1;;0;;;0.636363636363636;38;0.0263157894736842;13;20.6181586615276;tarde
50000035;11000004;1000000972;500000625;2022;21;1;1;1;;00000853;00000005;;00000601;1;1;0;;;;;;;;0;;;0;1;0;0;2;4;1;0;0;1;0;0;;;0;0;5;0;1;;3;1;;;1;;0;;0;1;;0;1;1;1;;1;1;;0;;1;;0;;;0.636363636363636;38;0.0263157894736842;13;20.6181586615276;tarde
50000035;11000004;1000001069;500000685;2022;21;2;0;1;;00004440;00000007;;;1;0;0;;;;;;;0;0;;;0;1;0;0;2;4;1;0;0;1;0;0;;;1;0;4;1;1;;3;1;;;1;;0;;0;1;;0;1;1;1;;1;1;;0;;1;;0;;;0.636363636363636;38;0.0263157894736842;13;20.6181586615276;tarde
50000035;11000004;1000001259;500000824;2022;8;1;3;1;;00001778;00000006;00000011;00000670;1;0;0;0;;0;;;0;;;;;;1;0;0;2;4;1;0;0;1;0;0;;;0;0;2;0;1;1;3;1;;;1;;0;;0;1;;0;1;1;1;;1;1;;0;;1;;0;;;0.636363636363636;38;0.0263157894736842;13;20.6181586615276;tarde
50000036;11000005;1000000251;500000182;2022;19;2;1;1;;00002237;00000006;00000013;;1;0;0;;;;0;;;;;;;0;1;0;0;19;5;1;0;0;1;0;0;8;1;0;0;5;0;1;;3;1;;1;0;;0;1;;1;0;1;1;;1;;;1;0;;0;1;0;0;;1;0.583333333333333;29;0.0689655172413793;8;28.7948947073892;manha
50000036;11000005;1000000503;500000332;2022;22;2;1;1;;00001224;00000002;00000016;00003504;1;0;0;;;1;;;;;;;;0;1;;0;19;5;1;0;0;1;0;0;11;1;0;0;5;0;1;1;3;1;;1;0;;0;1;;1;0;1;1;;1;;;1;0;;0;1;0;0;;1;0.583333333333333;29;0.0689655172413793;8;28.7948947073892;manha
50000036;11000005;1000000792;500000517;2022;11;1;1;1;;00002369;00000007;;00001505;1;0;1;;;;0;0;;;;0;;0;1;0;0;19;5;1;0;0;1;0;0;0;0;0;0;5;0;1;1;3;1;;1;0;;0;1;;1;0;1;1;;1;;;1;0;;0;1;0;0;;1;0.583333333333333;29;0.0689655172413793;8;28.7948947073892;manha
50000036;11000005;1000001230;500000799;2022;9;1;1;1;;00004537;00000001;;00004160;1;0;0;;;;;;;;;;;0;1;0;0;19;5;1;0;0;1;0;0;-2;0;0;0;2;0;1;;3;1;;1;0;;0;1;;1;0;1;1;;1;;;1;0;;0;1;0;0;;1;0.583333333333333;29;0.0689655172413793;8;28.7948947073892;manha
50000036;11000005;1000001418;500000977;2022;6;2;3;1;;00000445;00000001;00000003;00005180;1;0;0;;;;;;;;0;;;0;1;0;0;19;5;1;0;0;1;0;0;-5;0;0;0;0;;0;;3;1;;1;0;;0;1;;1;0;1;1;;1;;;1;0;;0;1;0;0;;1;0.583333333333333;29;0.0689655172413793;8;28.7948947073892;manha
50000037;11000005;1000000526;500000347;2022;18;2;3;1;;00003094;00000005;00000005;00003383;1;0;1;;;;;;0;0;;;;0;1;;0;2;5;1;0;0;1;0;0;;;0;0;5;0;1;1;3;1;;1;0;;0;1;;1;0;1;1;;1;;;1;0;;0;1;0;0;;1;0.583333333333333;29;0.0689655172413793;13;2.7263301378116;tarde
50000037;11000005;1000000755;500000492;2022;16;1;0;1;;00005007;00000004;00000005;00001603;1;0;0;;;;;0;;;;0;0;;1;0;0;2;5;1;0;0;1;0;0;;;0;0;5;0;1;;3;1;;1;0;;0;1;;1;0;1;1;;1;;;1;0;;0;1;0;0;;1;0.583333333333333;29;0.0689655172413793;13;2.7263301378116;tarde
50000037;11000005;1000000856;500000554;2022;21;1;0;1;;00002961;00000008;;00005097;1;0;0;;;;;;1;;;;;0;1;0;0;2;5;1;0;0;1;0;0;;;0;0;5;0;1;;3;1;;1;0;;0;1;;1;0;1;1;;1;;;1;0;;0;1;0;0;;1;0.583333333333333;29;0.0689655172413793;13;2.7263301378116;tarde
50000037;11000005;1000001309;500000871;2022;6;1;3;1;;00000016;00000008;00000011;00004625;1;0;0;;;0;;0;0;;0;;0;0;1;0;0;2;5;1;0;0;1;0;0;;;0;0;1;0;1;;3;1;;1;0;;0;1;;1;0;1;1;;1;;;1;0;;0;1;0;0;;1;0.583333333333333;29;0.0689655172413793;13;2.7263301378116;tarde
50000038;11000005;1000000409;500000275;2022;20;1;3;1;;00003293;00000005;00000001;00002258;1;0;0;;;;0;;;;0;;;0;1;0;0;41;5;1;0;0;1;0;0;6;1;1;0;5;0;1;;3;1;;1;0;;0;1;;1;0;1;1;;1;;;1;0;;0;1;0;0;;1;0.583333333333333;29;0.0689655172413793;13;26.0867072572;tarde
50000038;11000005;1000000702;500000464;2022;15;2;1;1;;00004658;00000001;00000025;;1;0;0;;;;;0;;;;;;0;1;0;1;41;5;1;0;0;1;0;0;1;0;0;1;5;0;1;;3;1;;1;0;;0;1;;1;0;1;1;;1;;;1;0;;0;1;0;0;;1;0.583333333333333;29;0.0689655172413793;13;26.0867072572;tarde
50000038;11000005;1000000729;500000479;2022;21;2;1;1;;00002904;00000003;00000006;00003193;1;0;0;;;;;;;;;0;;0;1;0;1;41;5;1;0;0;1;0;0;7;1;0;0;5;0;1;1;3;1;;1;0;;0;1;;1;0;1;1;;1;;;1;0;;0;1;0;0;;1;0.583333333333333;29;0.0689655172413793;13;26.0867072572;tarde
50000038;11000005;1000001207;500000779;2022;7;1;3;1;;00000187;00000004;;00003945;1;0;0;;;0;;;;;;;;;1;0;0;41;5;1;0;0;1;0;0;-7;0;0;0;2;0;1;;3;1;;1;0;;0;1;;1;0;1;1;;1;;;1;0;;0;1;0;0;;1;0.583333333333333;29;0.0689655172413793;13;26.0867072572;tarde
50000039;11000005;1000000052;500000034;2022;20;2;0;1;;00002279;00000007;00000009;00002528;1;0;0;;1;;;;;;;;;0;1;0;0;2;5;1;0;0;1;0;1;;;0;0;5;0;1;1;3;1;;1;0;;0;1;;1;0;1;1;;1;;;1;0;;0;1;0;0;;1;0.583333333333333;29;0.0689655172413793;14;11.1141565907747;tarde
50000039;11000005;1000000192;500000140;2022;19;1;1;1;;00003252;00000008;00000001;00003205;1;0;1;0;;;;;;;;;;0;1;0;0;2;5;1;0;0;1;0;0;;;1;0;5;0;1;1;3;1;;1;0;;0;1;;1;0;1;1;;1;;;1;0;;0;1;0;0;;1;0.583333333333333;29;0.0689655172413793;14;11.1141565907747;tarde
50000039;11000005;1000000226;500000163;2022;16;2;1;1;;00004690;00000007;00000025;00004235;2;0;0;;;;;;;;;;;0;1;1;0;2;5;1;1;0;1;0;0;;;0;1;5;0;1;;3;1;;1;0;;0;1;;1;0;1;1;;1;;;1;0;;0;1;0;0;;1;0.583333333333333;29;0.0689655172413793;14;11.1141565907747;tarde
50000039;11000005;1000000426;500000285;2022;13;1;0;1;;00000053;00000003;00000003;00001249;1;0;0;;;;;;0;;;0;;;1;0;0;2;5;1;0;0;1;0;0;;;0;0;5;0;1;1;3;1;;1;0;;0;1;;1;0;1;1;;1;;;1;0;;0;1;0;0;;1;0.583333333333333;29;0.0689655172413793;14;11.1141565907747;tarde
50000039;11000005;1000000447;500000299;2022;22;1;1;1;;00004372;00000007;00000026;00003190;1;0;0;;;;;;;0;0;;;0;1;;0;2;5;1;0;0;1;0;1;;;1;0;5;0;1;1;3;1;;1;0;;0;1;;1;0;1;1;;1;;;1;0;;0;1;0;0;;1;0.583333333333333;29;0.0689655172413793;14;11.1141565907747;tarde
50000040;11000005;1000000918;500000594;2022;15;1;3;1;;00001198;00000003;00000021;00005305;1;0;0;;0;;;;;0;;0;;0;1;0;0;1;5;1;0;0;1;0;0;;;0;0;5;0;1;1;3;1;;1;0;;0;1;;1;0;1;1;;1;;;1;0;;0;1;0;0;;1;0.583333333333333;29;0.0689655172413793;18;26.0955642396584;noite
50000040;11000005;1000001370;500000929;2022;10;2;0;1;;00004474;00000008;00000005;;2;0;0;;;;;;;;;;;0;1;0;0;1;5;1;0;0;1;0;1;;;0;0;0;;0;;3;1;;1;0;;0;1;;1;0;1;1;;1;;;1;0;;0;1;0;0;;1;0.583333333333333;29;0.0689655172413793;18;26.0955642396584;noite
50000040;11000005;1000001386;500000945;2022;12;1;3;1;;00000769;00000006;;00002947;1;0;0;;1;;;;0;;;;0;0;1;0;0;1;5;1;0;0;1;0;0;;;0;0;0;;0;;3;1;;1;0;;0;1;;1;0;1;1;;1;;;1;0;;0;1;0;0;;1;0.583333333333333;29;0.0689655172413793;18;26.0955642396584;noite
50000041;11000005;1000000987;500000633;2022;17;1;3;1;;00004700;00000008;;;1;0;0;;;1;;;;;;;;0;1;0;0;21;5;1;0;0;1;0;0;4;1;0;1;5;0;1;;3;1;;1;0;;0;1;;1;0;1;1;;1;;;1;0;;0;1;0;0;;1;0.583333333333333;29;0.0689655172413793;13;21.4353559585288;tarde
50000042;11000005;1000000392;500000266;2022;11;2;3;1;;00000804;00000003;00000021;;1;0;0;;1;;;0;;0;;;;0;1;1;0;2;5;1;0;0;1;0;0;;;0;0;5;0;1;;3;1;;1;0;;0;1;;1;0;1;1;;1;;;1;0;;0;1;0;0;;1;0.583333333333333;29;0.0689655172413793;7;18.1447878770996;manha
50000042;11000005;1000000798;500000521;2022;8;2;0;1;;00004123;00000007;00000022;;1;0;0;;;;;;;;;;;0;1;0;0;2;5;1;0;0;1;0;0;;;0;0;5;0;1;;3;1;;1;0;;0;1;;1;0;1;1;;1;;;1;0;;0;1;0;0;;1;0.583333333333333;29;0.0689655172413793;7;18.1447878770996;manha
50000042;11000005;1000001062;500000679;2022;11;2;5;1;;00004236;00000007;00000016;;1;0;0;;0;;;;;;;;;0;1;0;0;2;5;1;0;0;1;0;0;;;0;0;4;0;1;;3;1;;1;0;;0;1;;1;0;1;1;;1;;;1;0;;0;1;0;0;;1;0.583333333333333;29;0.0689655172413793;7;18.1447878770996;manha
50000043;11000006;1000000069;500000046;2022;15;1;0;1;;00002393;00000005;;;1;0;0;;;;;;;;;;;0;1;0;0;1;5;1;0;0;1;0;0;;;0;0;5;0;1;;3;2;;;1;;0;;;1;;;;1;;1;;;;;1;0;;0;0;1;0.833333333333333;33;0.0303030303030303;7;23.7308946263511;manha
50000043;11000006;1000000086;500000061;2022;15;1;3;1;;00001162;00000007;;00003909;1;0;0;;;1;;;;;;0;;0;1;;0;1;5;1;0;0;1;0;0;;;1;0;5;0;1;1;3;2;;;1;;0;;;1;;;;1;;1;;;;;1;0;;0;0;1;0.833333333333333;33;0.0303030303030303;7;23.7308946263511;manha
50000043;11000006;1000000145;500000103;2022;22;2;3;1;;00002875;00000003;00000025;00000699;1;0;0;0;;;;;0;;;;;0;1;0;0;1;5;1;0;0;1;0;0;;;0;1;5;0;1;1;3;2;;;1;;0;;;1;;;;1;;1;;;;;1;0;;0;0;1;0.833333333333333;33;0.0303030303030303;7;23.7308946263511;manha
50000043;11000006;1000000256;500000187;2022;17;1;0;1;;00003110;00000006;;00000904;1;0;0;;;;;;;;;;;0;1;0;0;1;5;1;0;0;1;0;0;;;0;0;5;0;1;1;3;2;;;1;;0;;;1;;;;1;;1;;;;;1;0;;0;0;1;0.833333333333333;33;0.0303030303030303;7;23.7308946263511;manha
50000043;11000006;1000000953;500000615;2022;9;1;0;1;;00001998;00000002;00000003;00002108;1;0;0;;0;;;;;;;;;0;1;0;;1;5;1;0;0;1;0;0;;;0;0;5;0;1;1;3;2;;;1;;0;;;1;;;;1;;1;;;;;1;0;;0;0;1;0.833333333333333;33;0.0303030303030303;7;23.7308946263511;manha
50000044;11000006;1000000427;500000286;2022;14;2;3;1;;00001111;00000003;00000012;;1;0;0;;;;;0;0;;;;;0;1;0;0;;5;1;0;0;1;0;0;;;0;0;5;0;1;;3;2;;;1;;0;;;1;;;;1;;1;;;;;1;0;;0;0;1;0.833333333333333;33;0.0303030303030303;13;14.7384697827511;tarde
50000044;11000006;1000000859;500000555;2022;26;2;0;1;;00004675;00000007;;;1;0;0;;;;;1;;;;;;0;1;1;0;;5;1;0;0;1;0;0;;;0;0;5;0;1;;3;2;;;1;;0;;;1;;;;1;;1;;;;;1;0;;0;0;1;0.833333333333333;33;0.0303030303030303;13;14.7384697827511;tarde
50000044;11000006;1000001050;500000669;2022;12;1;3;1;;00005127;00000006;00000015;;1;0;0;;;1;0;;;;0;;;0;1;0;0;;5;1;0;0;1;0;0;;;0;0;4;0;1;;3;2;;;1;;0;;;1;;;;1;;1;;;;;1;0;;0;0;1;0.833333333333333;33;0.0303030303030303;13;14.7384697827511;tarde
50000045;11000006;1000000084;500000059;2022;22;1;3;1;;00002776;00000007;00000005;00002682;1;0;0;;;;;;;;;;;0;1;0;0;41;5;1;0;0;1;0;0;8;1;1;0;5;0;1;1;3;2;;;1;;0;;;1;;;;1;;1;;;;;1;0;;0;0;1;0.833333333333333;33;0.0303030303030303;13;21.4258198486641;tarde
50000045;11000006;1000000157;500000111;2022;18;2;0;1;;00002084;00000005;00000015;;1;0;0;;;;;;;;;;;;1;0;0;41;5;1;0;0;1;0;0;4;1;0;0;5;0;1;;3;2;;;1;;0;;;1;;;;1;;1;;;;;1;0;;0;0;1;0.833333333333333;33;0.0303030303030303;13;21.4258198486641;tarde
50000045;11000006;1000000999;500000639;2022;18;1;3;1;;00005286;00000007;00000005;00000090;2;0;0;;;;0;;0;0;0;;0;0;1;;0;41;5;1;0;0;1;0;0;4;1;0;0;5;0;1;;3;2;;;1;;0;;;1;;;;1;;1;;;;;1;0;;0;0;1;0.833333333333333;33;0.0303030303030303;13;21.4258198486641;tarde
50000045;11000006;1000001163;500000746;2022;16;2;3;1;;00003081;00000006;00000007;00002136;1;0;0;;;;;;;;;0;;0;1;;0;41;5;1;0;0;1;0;0;2;1;0;0;3;0;1;1;3;2;;;1;;0;;;1;;;;1;;1;;;;;1;0;;0;0;1;0.833333333333333;33;0.0303030303030303;13;21.4258198486641;tarde
50000045;11000006;1000001256;500000821;2022;10;1;3;1;;00001080;00000007;00000019;;1;0;0;;;;;0;;0;;;0;0;1;0;0;41;5;1;0;0;1;0;0;-4;0;0;0;2;0;1;;3;2;;;1;;0;;;1;;;;1;;1;;;;;1;0;;0;0;1;0.833333333333333;33;0.0303030303030303;13;21.4258198486641;tarde
50000046;11000006;1000000171;500000123;2022;20;1;0;1;;00000204;00000006;00000013;00001720;1;0;0;;;;;;;;;;0;0;1;0;0;16;1;1;0;0;1;0;0;12;1;0;0;5;0;1;;3;2;;;1;;0;;;1;;;;1;;1;;;;;1;0;;0;0;1;0.833333333333333;33;0.0303030303030303;13;3.94951184280217;tarde
50000046;11000006;1000000252;500000183;2022;16;2;0;1;;00003677;00000006;;;1;0;0;0;;;;0;;0;0;;;0;1;;0;16;1;1;0;0;1;0;0;8;1;0;0;5;0;1;;3;2;;;1;;0;;;1;;;;1;;1;;;;;1;0;;0;0;1;0.833333333333333;33;0.0303030303030303;13;3.94951184280217;tarde
50000046;11000006;1000000603;500000393;2022;16;2;3;1;;00004963;00000002;00000002;;2;0;1;;;1;0;0;;0;;;;0;1;0;0;16;1;1;0;0;1;0;0;8;1;1;0;5;0;1;;3;2;;;1;;0;;;1;;;;1;;1;;;;;1;0;;0;0;1;0.833333333333333;33;0.0303030303030303;13;3.94951184280217;tarde
50000047;11000006;1000000064;500000041;2022;8;1;3;1;;00004650;00000001;00000012;00003123;2;0;0;;;;;;;;0;;;;1;0;0;14;5;1;0;0;1;0;0;2;1;0;0;5;0;1;1;3;2;;;1;;0;;;1;;;;1;;1;;;;;1;0;;0;0;1;0.833333333333333;33;0.0303030303030303;13;37.8265807703137;tarde
50000047;11000006;1000000621;500000406;2022;21;1;0;1;;00000591;00000005;;00004698;2;0;0;;0;;;;;;;;;0;1;0;0;14;5;1;0;0;1;0;0;15;1;0;0;5;0;1;;3;2;;;1;;0;;;1;;;;1;;1;;;;;1;0;;0;0;1;0.833333333333333;33;0.0303030303030303;13;37.8265807703137;tarde
50000047;11000006;1000000862;500000556;2022;16;1;1;1;;00004364;00000007;00000022;00005415;1;0;0;;0;;;;;;;;;0;1;;0;14;5;1;0;0;1;0;1;10;1;0;0;5;0;1;1;3;2;;;1;;0;;;1;;;;1;;1;;;;;1;0;;0;0;1;0.833333333333333;33;0.0303030303030303;13;37.8265807703137;tarde
50000047;11000006;1000001181;500000762;2022;10;2;3;1;;00004015;00000008;00000017;00001923;1;1;1;;;;;;;;;;;0;1;1;0;14;5;1;0;0;1;0;0;4;1;0;0;3;0;1;1;3;2;;;1;;0;;;1;;;;1;;1;;;;;1;0;;0;0;1;0.833333333333333;33;0.0303030303030303;13;37.8265807703137;tarde
50000047;11000006;1000001282;500000844;2022;16;1;3;1;;00004424;00000008;;00003065;1;0;0;0;;;;;;;0;;;0;1;0;0;14;5;1;0;0;1;0;0;10;1;0;0;1;0;1;1;3;2;;;1;;0;;;1;;;;1;;1;;;;;1;0;;0;0;1;0.833333333333333;33;0.0303030303030303;13;37.8265807703137;tarde
50000048;11000006;1000000071;500000048;2022;19;2;0;1;;00003057;00000007;00000017;00002953;1;0;1;0;;;;;;;;;0;0;1;0;0;22;1;1;0;0;1;0;0;;;0;0;5;0;1;;3;2;;;1;;0;;;1;;;;1;;1;;;;;1;0;;0;0;1;0.833333333333333;33;0.0303030303030303;7;31.6800237109419;manha
50000048;11000006;1000000356;500000247;2022;10;1;1;1;;00004634;00000004;;00000354;1;0;1;0;;;;0;0;;;0;;0;1;0;0;22;1;1;0;0;1;0;0;;;0;0;5;0;1;;3;2;;;1;;0;;;1;;;;1;;1;;;;;1;0;;0;0;1;0.833333333333333;33;0.0303030303030303;7;31.6800237109419;manha
50000048;11000006;1000000605;500000395;2022;13;1;1;1;;00005038;00000002;;00003331;1;0;0;;0;;0;0;;;;;0;0;1;0;0;22;1;1;0;0;1;0;0;;;0;0;5;0;1;1;3;2;;;1;;0;;;1;;;;1;;1;;;;;1;0;;0;0;1;0.833333333333333;33;0.0303030303030303;7;31.6800237109419;manha
50000048;11000006;1000000724;500000475;2022;16;2;0;1;;00004880;00000004;00000013;00002666;2;0;1;;;;;;;;;;;0;1;0;0;22;1;1;0;0;1;0;0;;;0;0;5;0;1;;3;2;;;1;;0;;;1;;;;1;;1;;;;;1;0;;0;0;1;0.833333333333333;33;0.0303030303030303;7;31.6800237109419;manha
50000048;11000006;1000001136;500000727;2022;12;1;3;1;;00002475;00000005;00000009;00004618;1;0;0;0;;;0;;;0;;;;0;1;0;0;22;1;1;0;0;1;0;0;;;0;0;3;0;1;;3;2;;;1;;0;;;1;;;;1;;1;;;;;1;0;;0;0;1;0.833333333333333;33;0.0303030303030303;7;31.6800237109419;manha
50000048;11000006;1000001216;500000787;2022;19;2;3;1;;00002598;00000002;00000001;;1;0;0;0;;;;;0;;;;;0;1;0;0;22;1;1;0;0;1;0;0;;;0;0;2;0;1;;3;2;;;1;;0;;;1;;;;1;;1;;;;;1;0;;0;0;1;0.833333333333333;33;0.0303030303030303;7;31.6800237109419;manha
50000049;11000006;1000000277;500000200;2022;20;1;3;1;;00003894;00000008;00000017;;1;0;0;;0;;;0;0;;;;;0;1;0;0;;5;1;0;0;1;0;1;;;0;0;5;0;1;;3;2;;;1;;0;;;1;;;;1;;1;;;;;1;0;;0;0;1;0.833333333333333;33;0.0303030303030303;7;44.6288031777367;manha
50000049;11000006;1000001377;500000936;2022;21;1;1;1;;00004959;00000005;;00005149;1;0;0;;0;;;;;;;;;0;1;0;0;;5;1;0;0;1;0;0;;;0;0;0;;0;;3;2;;;1;;0;;;1;;;;1;;1;;;;;1;0;;0;0;1;0.833333333333333;33;0.0303030303030303;7;44.6288031777367;manha
50000049;11000006;1000001420;500000979;2022;7;1;2;1;;00000938;00000006;;;1;0;1;;1;;0;0;;;0;;0;0;1;0;0;;5;1;0;0;1;0;0;;;0;0;0;;0;;3;2;;;1;;0;;;1;;;;1;;1;;;;;1;0;;0;0;1;0.833333333333333;33;0.0303030303030303;7;44.6288031777367;manha
50000050;11000007;1000000128;500000091;2022;15;2;3;1;;00003725;00000004;00000019;;1;0;0;0;;;;;;;;;;0;1;0;0;22;5;1;0;0;1;0;0;;;0;0;5;0;1;;3;1;;;;;1;;1;0;0;1;0;1;;;0;;;0;1;;1;;1;2;0.5;36;0.111111111111111;7;22.654315700056;manha
50000050;11000007;1000000274;500000198;2022;7;1;1;1;;00000521;00000005;00000008;00004919;1;1;0;0;;;;;;;;;;0;1;1;0;22;5;1;0;0;1;0;0;;;0;0;5;0;1;1;3;1;;;;;1;;1;0;0;1;0;1;;;0;;;0;1;;1;;1;2;0.5;36;0.111111111111111;7;22.654315700056;manha
50000050;11000007;1000000736;500000483;2022;14;2;0;1;;;00000007;;00004642;1;0;0;;;;;;;;;;;0;1;0;0;22;5;1;0;0;1;0;0;;;1;1;5;0;1;1;3;1;;;;;1;;1;0;0;1;0;1;;;0;;;0;1;;1;;1;2;0.5;36;0.111111111111111;7;22.654315700056;manha
50000051;11000007;1000000188;500000137;2022;19;2;1;1;;00004903;00000003;00000024;00005105;1;0;0;;;1;0;;;0;;;0;0;1;0;;70;5;1;0;0;1;0;0;;;0;0;5;0;1;;3;1;;;;;1;;1;0;0;1;0;1;;;0;;;0;1;;1;;1;2;0.5;36;0.111111111111111;13;18.3327888220083;tarde
50000051;11000007;1000000865;500000558;2022;8;1;0;1;;00003483;00000004;;00004448;1;0;0;;;;;0;;0;0;0;;0;1;0;0;70;5;1;0;0;1;0;0;;;0;0;5;0;1;1;3;1;;;;;1;;1;0;0;1;0;1;;;0;;;0;1;;1;;1;2;0.5;36;0.111111111111111;13;18.3327888220083;tarde
50000051;11000007;1000001317;500000878;2022;7;1;1;1;;00005154;00000002;;00002103;1;0;0;;;;;;;;0;;;0;1;;0;70;5;1;0;0;1;0;0;;;0;0;1;0;1;1;3;1;;;;;1;;1;0;0;1;0;1;;;0;;;0;1;;1;;1;2;0.5;36;0.111111111111111;13;18.3327888220083;tarde
50000051;11000007;1000001375;500000934;2022;7;2;1;1;;00003131;00000003;00000003;00002934;2;0;0;;0;;0;0;;;;;;0;1;0;;70;5;1;0;0;1;0;0;;;0;0;0;;0;;3;1;;;;;1;;1;0;0;1;0;1;;;0;;;0;1;;1;;1;2;0.5;36;0.111111111111111;13;18.3327888220083;tarde
50000052;11000007;1000000008;500000006;2022;11;1;3;1;;00003604;00000008;00000023;00003488;1;0;0;;;;;;;;;;;;1;0;0;20;5;1;0;0;1;0;0;-1;0;0;0;5;0;1;1;3;1;;;;;1;;1;0;0;1;0;1;;;0;;;0;1;;1;;1;2;0.5;36;0.111111111111111;6;1.19629691820592;manha
50000052;11000007;1000000303;500000217;2022;14;2;3;1;;00000313;00000007;00000009;;1;0;0;0;0;1;;;;;;;;0;1;0;;20;5;1;0;0;1;0;0;2;1;0;0;5;0;1;;3;1;;;;;1;;1;0;0;1;0;1;;;0;;;0;1;;1;;1;2;0.5;36;0.111111111111111;6;1.19629691820592;manha
50000052;11000007;1000000851;500000551;2022;9;2;1;1;;00004566;00000008;;00000505;1;0;0;;;0;;;;;;;;0;1;0;0;20;5;1;0;0;1;0;0;-3;0;0;1;5;0;1;;3;1;;;;;1;;1;0;0;1;0;1;;;0;;;0;1;;1;;1;2;0.5;36;0.111111111111111;6;1.19629691820592;manha
50000052;11000007;1000001206;500000778;2022;12;1;3;1;;00001158;00000003;00000014;00000944;2;0;0;;0;;;;;;;0;0;0;1;0;0;20;5;1;0;0;1;0;0;0;0;0;0;2;0;1;1;3;1;;;;;1;;1;0;0;1;0;1;;;0;;;0;1;;1;;1;2;0.5;36;0.111111111111111;6;1.19629691820592;manha
50000052;11000007;1000001269;500000832;2022;15;1;1;1;;00000588;00000004;;00002214;1;0;0;;;;0;;;;;;;0;1;0;0;20;5;1;0;0;1;0;0;3;1;0;0;2;0;1;1;3;1;;;;;1;;1;0;0;1;0;1;;;0;;;0;1;;1;;1;2;0.5;36;0.111111111111111;6;1.19629691820592;manha
50000053;11000007;1000000536;500000354;2022;18;1;3;1;;00004427;00000004;00000015;;2;1;0;;;;;;0;;;;;0;1;0;0;26;5;1;0;0;1;0;0;2;1;0;0;5;0;1;;3;1;;;;;1;;1;0;0;1;0;1;;;0;;;0;1;;1;;1;2;0.5;36;0.111111111111111;13;17.970899422653;tarde
50000053;11000007;1000000620;500000405;2022;13;1;1;1;;00004565;00000008;00000005;00000699;2;0;0;;;;;0;;0;;;;0;1;0;;26;5;1;0;0;1;0;0;-3;0;0;0;5;0;1;1;3;1;;;;;1;;1;0;0;1;0;1;;;0;;;0;1;;1;;1;2;0.5;36;0.111111111111111;13;17.970899422653;tarde
50000053;11000007;1000000659;500000430;2022;16;1;1;1;;00000206;00000008;;00002394;1;0;0;;;;;;;;;0;0;0;1;0;0;26;5;1;0;0;1;0;0;0;0;0;0;5;0;1;;3;1;;;;;1;;1;0;0;1;0;1;;;0;;;0;1;;1;;1;2;0.5;36;0.111111111111111;13;17.970899422653;tarde
50000053;11000007;1000000962;500000621;2022;18;2;3;1;;00000579;00000008;00000021;00000133;1;0;0;;0;0;;;;;;;;0;1;0;0;26;5;1;0;0;1;0;0;2;1;0;0;5;0;1;1;3;1;;;;;1;;1;0;0;1;0;1;;;0;;;0;1;;1;;1;2;0.5;36;0.111111111111111;13;17.970899422653;tarde
50000053;11000007;1000001000;500000640;2022;17;1;1;1;;00004602;00000001;;;2;0;0;;;;;;;;0;;;0;1;0;0;26;5;1;0;0;1;0;0;1;0;1;0;4;1;1;;3;1;;;;;1;;1;0;0;1;0;1;;;0;;;0;1;;1;;1;2;0.5;36;0.111111111111111;13;17.970899422653;tarde
50000053;11000007;1000001289;500000851;2022;8;2;0;1;;00004346;00000006;00000021;00001276;1;0;0;0;;;;;;0;;;;;1;0;0;26;5;1;0;0;1;0;0;-8;0;0;0;1;0;1;;3;1;;;;;1;;1;0;0;1;0;1;;;0;;;0;1;;1;;1;2;0.5;36;0.111111111111111;13;17.970899422653;tarde
50000053;11000007;1000001316;500000877;2022;18;1;0;1;;00000305;00000008;00000017;;2;0;0;;;;0;;0;;;;0;0;1;0;0;26;5;1;0;0;1;0;1;2;1;0;0;1;0;1;;3;1;;;;;1;;1;0;0;1;0;1;;;0;;;0;1;;1;;1;2;0.5;36;0.111111111111111;13;17.970899422653;tarde
50000053;11000007;1000001407;500000966;2022;15;2;1;1;;00005246;00000003;;00005048;1;0;0;;0;;0;0;;;0;;0;0;1;1;0;26;5;1;0;0;1;0;0;-1;0;0;0;0;;0;;3;1;;;;;1;;1;0;0;1;0;1;;;0;;;0;1;;1;;1;2;0.5;36;0.111111111111111;13;17.970899422653;tarde
50000054;11000007;1000000304;500000218;2022;23;1;3;1;;00000186;00000001;;00003342;1;0;0;;;;;;;0;0;;;0;1;0;0;2;5;1;0;0;1;0;0;;;0;0;5;0;1;1;3;1;;;;;1;;1;0;0;1;0;1;;;0;;;0;1;;1;;1;2;0.5;36;0.111111111111111;7;4.0156429214403;manha
50000054;11000007;1000000767;500000499;2022;20;1;1;1;;00002559;00000005;;00001193;1;0;0;;;;0;;;0;;;;0;1;0;0;2;5;1;0;0;1;0;0;;;0;0;5;0;1;1;3;1;;;;;1;;1;0;0;1;0;1;;;0;;;0;1;;1;;1;2;0.5;36;0.111111111111111;7;4.0156429214403;manha
50000055;11000007;1000000866;500000559;2022;18;1;3;1;;00002680;00000007;00000004;00003354;1;0;1;;;;;;;;;;0;0;1;0;0;17;5;1;0;0;1;0;0;9;1;0;0;5;0;1;;3;1;;;;;1;;1;0;0;1;0;1;;;0;;;0;1;;1;;1;2;0.5;36;0.111111111111111;14;29.2272727610543;tarde
50000055;11000007;1000001430;500000989;2022;17;2;3;1;;00000642;00000002;00000017;00002766;1;1;0;;;;;;;0;;0;;0;1;0;0;17;5;1;0;0;1;0;0;8;1;0;0;0;;0;;3;1;;;;;1;;1;0;0;1;0;1;;;0;;;0;1;;1;;1;2;0.5;36;0.111111111111111;14;29.2272727610543;tarde
50000056;11000007;1000000011;500000009;2022;10;2;3;1;;00001020;00000004;;00002021;1;0;0;0;;;;;;0;0;;;0;1;0;0;2;5;1;0;0;1;0;0;;;1;1;5;0;1;1;3;1;;;;;1;;1;0;0;1;0;1;;;0;;;0;1;;1;;1;2;0.5;36;0.111111111111111;13;28.8987913809251;tarde
50000056;11000007;1000000042;500000028;2022;18;2;1;1;;00000537;00000001;00000023;00004133;1;0;0;;;1;;;;;;;0;0;1;0;0;2;5;1;0;0;1;0;1;;;0;0;5;0;1;;3;1;;;;;1;;1;0;0;1;0;1;;;0;;;0;1;;1;;1;2;0.5;36;0.111111111111111;13;28.8987913809251;tarde
50000056;11000007;1000000142;500000100;2022;13;1;3;1;;00002048;00000001;00000001;;1;0;1;;;;;;;;;;;0;1;;;2;5;1;0;0;1;0;1;;;0;1;5;0;1;;3;1;;;;;1;;1;0;0;1;0;1;;;0;;;0;1;;1;;1;2;0.5;36;0.111111111111111;13;28.8987913809251;tarde
50000056;11000007;1000000443;500000296;2022;8;2;0;1;;00001104;00000001;;00002885;1;0;0;;;;0;;;;;;;0;1;0;0;2;5;1;0;0;1;0;1;;;0;0;5;0;1;;3;1;;;;;1;;1;0;0;1;0;1;;;0;;;0;1;;1;;1;2;0.5;36;0.111111111111111;13;28.8987913809251;tarde
50000056;11000007;1000001174;500000755;2022;8;1;3;1;;00001841;00000006;;;1;0;0;0;0;;;;;;;;;0;1;0;0;2;5;1;0;0;1;0;0;;;1;0;3;1;1;;3;1;;;;;1;;1;0;0;1;0;1;;;0;;;0;1;;1;;1;2;0.5;36;0.111111111111111;13;28.8987913809251;tarde
50000057;11000008;1000000057;500000038;2022;19;2;3;1;;00002401;00000001;;00004130;1;0;0;;;0;;;;;;;;0;1;;0;70;6;1;0;0;1;0;0;;;0;0;5;0;1;;3;2;;1;1;1;0;1;0;0;0;;1;1;;1;;1;;0;1;0;0;0;;1;0.642857142857143;25;0.04;13;26.8702627136372;tarde
50000057;11000008;1000000810;500000529;2022;19;2;1;1;;00004973;00000008;00000024;;1;0;0;;0;;;0;;0;;;0;0;1;0;0;70;6;1;0;0;1;0;0;;;0;0;5;0;1;;3;2;;1;1;1;0;1;0;0;0;;1;1;;1;;1;;0;1;0;0;0;;1;0.642857142857143;25;0.04;13;26.8702627136372;tarde
50000057;11000008;1000001251;500000817;2022;10;1;0;1;;00001027;00000006;00000021;00004973;1;0;1;;;;0;;;;;;;0;1;0;0;70;6;1;0;0;1;0;0;;;0;1;2;0;1;1;3;2;;1;1;1;0;1;0;0;0;;1;1;;1;;1;;0;1;0;0;0;;1;0.642857142857143;25;0.04;13;26.8702627136372;tarde
50000057;11000008;1000001291;500000853;2022;10;1;0;1;;00000471;00000008;;00003118;1;0;0;;;;;;;;;;;0;1;0;0;70;6;1;0;0;1;0;0;;;0;0;1;0;1;1;3;2;;1;1;1;0;1;0;0;0;;1;1;;1;;1;;0;1;0;0;0;;1;0.642857142857143;25;0.04;13;26.8702627136372;tarde
50000058;11000008;1000000459;500000306;2022;8;2;5;1;;00003539;00000008;;00001736;1;0;0;0;0;1;;;0;;;;;0;1;0;0;1;5;1;0;0;1;0;0;;;0;0;5;0;1;1;3;2;;1;1;1;0;1;0;0;0;;1;1;;1;;1;;0;1;0;0;0;;1;0.642857142857143;25;0.04;18;7.72946711280383;noite
50000058;11000008;1000000507;500000335;2022;19;1;3;1;;00000296;00000008;;;1;0;1;;0;;;0;0;;;;;0;1;;0;1;5;1;0;0;1;0;0;;;0;0;5;0;1;;3;2;;1;1;1;0;1;0;0;0;;1;1;;1;;1;;0;1;0;0;0;;1;0.642857142857143;25;0.04;18;7.72946711280383;noite
50000059;11000008;1000000198;500000143;2022;9;1;3;1;;00003288;00000008;00000027;;1;0;0;;;;;;;;;0;0;0;1;0;0;15;5;1;0;0;1;0;0;2;1;0;0;5;0;1;;3;2;;1;1;1;0;1;0;0;0;;1;1;;1;;1;;0;1;0;0;0;;1;0.642857142857143;25;0.04;13;33.7499707238749;tarde
50000059;11000008;1000000481;500000318;2022;21;1;0;1;;00002329;00000007;;00004786;1;0;0;;;;;;;;;0;;0;1;0;0;15;5;1;0;0;1;0;0;14;1;0;0;5;0;1;;3;2;;1;1;1;0;1;0;0;0;;1;1;;1;;1;;0;1;0;0;0;;1;0.642857142857143;25;0.04;13;33.7499707238749;tarde
50000059;11000008;1000000837;500000543;2022;10;1;3;1;;00005154;00000004;00000006;00003971;1;0;0;;;1;;0;;;;;;0;1;0;0;15;5;1;0;0;1;0;0;3;1;1;0;5;1;1;;3;2;;1;1;1;0;1;0;0;0;;1;1;;1;;1;;0;1;0;0;0;;1;0.642857142857143;25;0.04;13;33.7499707238749;tarde
50000059;11000008;1000000954;500000616;2022;20;2;1;1;;00004246;00000005;00000002;;1;0;0;;;1;0;;;;;0;;0;1;0;0;15;5;1;0;0;1;0;0;13;1;0;0;5;0;1;;3;2;;1;1;1;0;1;0;0;0;;1;1;;1;;1;;0;1;0;0;0;;1;0.642857142857143;25;0.04;13;33.7499707238749;tarde
50000060;11000008;1000000035;500000022;2022;8;2;1;1;;00000501;00000007;00000022;;1;0;0;;1;;;;;;;;;0;1;0;0;17;5;1;0;0;1;0;0;-1;0;1;0;5;0;1;;3;2;;1;1;1;0;1;0;0;0;;1;1;;1;;1;;0;1;0;0;0;;1;0.642857142857143;25;0.04;7;19.1095819987822;manha
50000060;11000008;1000000232;500000168;2022;16;2;1;1;;00001797;00000008;;00004115;1;1;0;;;;0;;;;;;;0;1;0;1;17;5;1;0;0;1;0;0;7;1;0;0;5;0;1;1;3;2;;1;1;1;0;1;0;0;0;;1;1;;1;;1;;0;1;0;0;0;;1;0.642857142857143;25;0.04;7;19.1095819987822;manha
50000060;11000008;1000000439;500000294;2022;13;1;1;1;;00004388;00000007;00000015;00000120;1;0;0;;;;0;0;;;;;0;0;1;0;;17;5;1;0;0;1;0;0;4;1;0;0;5;0;1;1;3;2;;1;1;1;0;1;0;0;0;;1;1;;1;;1;;0;1;0;0;0;;1;0.642857142857143;25;0.04;7;19.1095819987822;manha
50000060;11000008;1000001173;500000754;2022;16;2;1;1;;00002443;00000002;;00001623;1;0;1;0;0;;;0;;0;;;;0;1;0;0;17;5;1;0;0;1;0;0;7;1;0;0;3;0;1;1;3;2;;1;1;1;0;1;0;0;0;;1;1;;1;;1;;0;1;0;0;0;;1;0.642857142857143;25;0.04;7;19.1095819987822;manha
50000060;11000008;1000001208;500000780;2022;16;1;1;1;;00003676;00000005;00000012;00003432;1;0;0;;;;0;;;;;;;0;1;0;0;17;5;1;0;0;1;0;0;7;1;0;0;2;0;1;1;3;2;;1;1;1;0;1;0;0;0;;1;1;;1;;1;;0;1;0;0;0;;1;0.642857142857143;25;0.04;7;19.1095819987822;manha
50000061;11000008;1000000246;500000177;2022;19;1;1;1;;00002241;00000006;;00005244;2;0;0;;;;;;;;;;0;0;1;0;0;31;5;1;0;0;1;0;0;3;1;0;0;5;0;1;1;3;2;;1;1;1;0;1;0;0;0;;1;1;;1;;1;;0;1;0;0;0;;1;0.642857142857143;25;0.04;7;18.4645544190425;manha
50000061;11000008;1000000340;500000238;2022;20;2;0;1;;00005061;00000008;00000019;;1;0;0;;0;;;;;0;;;;0;1;0;0;31;5;1;0;0;1;0;1;4;1;0;0;5;0;1;;3;2;;1;1;1;0;1;0;0;0;;1;1;;1;;1;;0;1;0;0;0;;1;0.642857142857143;25;0.04;7;18.4645544190425;manha
50000061;11000008;1000001411;500000970;2022;6;2;0;1;;00004160;00000004;00000016;00000028;1;0;1;;;;;;0;;0;;;0;1;0;0;31;5;1;0;0;1;0;1;-10;0;0;0;0;;0;;3;2;;1;1;1;0;1;0;0;0;;1;1;;1;;1;;0;1;0;0;0;;1;0.642857142857143;25;0.04;7;18.4645544190425;manha
50000062;11000008;1000001355;500000914;2022;16;1;2;1;;00002905;00000002;00000018;00003395;1;0;0;;;;;;;;;;;0;1;0;0;21;5;1;0;0;1;0;0;3;1;0;0;1;0;1;1;3;2;;1;1;1;0;1;0;0;0;;1;1;;1;;1;;0;1;0;0;0;;1;0.642857142857143;25;0.04;12;19.2425584746525;tarde
50000063;11000008;1000000159;500000113;2022;10;1;3;1;;00000068;00000005;00000003;;1;0;0;;;;;;;;;;;0;1;;0;19;5;1;0;0;1;0;0;-1;0;0;0;5;0;1;;3;2;;1;1;1;0;1;0;0;0;;1;1;;1;;1;;0;1;0;0;0;;1;0.642857142857143;25;0.04;7;28.3146263472736;manha
50000063;11000008;1000000179;500000130;2022;9;1;0;1;;00003988;00000006;;00000642;1;0;0;0;;;;;;;;0;;0;1;0;0;19;5;1;0;0;1;0;1;-2;0;0;0;5;0;1;1;3;2;;1;1;1;0;1;0;0;0;;1;1;;1;;1;;0;1;0;0;0;;1;0.642857142857143;25;0.04;7;28.3146263472736;manha
50000064;11000009;1000000623;500000407;2022;9;1;0;1;;00002300;00000005;00000026;00005260;2;0;0;;;;;;;;;;;;1;0;0;69;5;1;0;0;1;0;0;;;0;0;5;0;1;;3;1;;1;;1;1;1;0;0;0;0;;;;;;1;;9;1;1;;0;;;1.36363636363636;38;0.0263157894736842;12;27.2627468279097;tarde
50000064;11000009;1000001017;500000647;2022;10;2;0;1;;00002490;00000003;00000006;00003455;1;0;0;0;;;;;;;;;0;0;1;0;0;69;5;1;0;0;1;0;1;;;0;0;4;0;1;;3;1;;1;;1;1;1;0;0;0;0;;;;;;1;;9;1;1;;0;;;1.36363636363636;38;0.0263157894736842;12;27.2627468279097;tarde
50000065;11000009;1000000227;500000164;2022;19;1;3;1;;00002768;00000008;00000016;00003123;1;0;0;;;;;;;;;;;0;1;0;0;18;5;1;0;0;1;0;0;9;1;0;1;5;0;1;;3;1;;1;;1;1;1;0;0;0;0;;;;;;1;;9;1;1;;0;;;1.36363636363636;38;0.0263157894736842;13;8.94375323900022;tarde
50000065;11000009;1000000379;500000263;2022;8;2;0;3;;00001023;00000003;00000008;00004200;1;0;0;0;;;;;;;;;;0;1;0;0;18;5;1;0;0;1;0;0;-2;0;0;0;5;0;1;1;3;1;;1;;1;1;1;0;0;0;0;;;;;;1;;9;1;1;;0;;;1.36363636363636;38;0.0263157894736842;13;8.94375323900022;tarde
50000065;11000009;1000000808;500000527;2022;16;1;1;1;;00004668;00000006;00000002;;1;0;0;;;;;;;;;;;0;1;0;0;18;5;1;0;0;1;0;0;6;1;2;0;5;1;1;;3;1;;1;;1;1;1;0;0;0;0;;;;;;1;;9;1;1;;0;;;1.36363636363636;38;0.0263157894736842;13;8.94375323900022;tarde
50000065;11000009;1000001044;500000667;2022;29;1;1;1;;00001214;00000002;;00003420;1;0;0;0;;;;;;;0;;;0;1;0;0;18;5;1;0;0;1;0;0;19;1;0;0;4;0;1;;3;1;;1;;1;1;1;0;0;0;0;;;;;;1;;9;1;1;;0;;;1.36363636363636;38;0.0263157894736842;13;8.94375323900022;tarde
50000065;11000009;1000001142;500000732;2022;6;2;0;1;;00001198;00000003;00000027;00003801;1;0;0;0;0;;;0;;;;;;0;1;0;0;18;5;1;0;0;1;0;0;-4;0;0;0;3;0;1;;3;1;;1;;1;1;1;0;0;0;0;;;;;;1;;9;1;1;;0;;;1.36363636363636;38;0.0263157894736842;13;8.94375323900022;tarde
50000065;11000009;1000001278;500000840;2022;13;1;1;1;;00000313;00000004;00000018;00004608;1;0;0;0;0;1;;0;;0;;0;;0;1;0;0;18;5;1;0;0;1;0;0;3;1;0;0;1;0;1;;3;1;;1;;1;1;1;0;0;0;0;;;;;;1;;9;1;1;;0;;;1.36363636363636;38;0.0263157894736842;13;8.94375323900022;tarde
50000065;11000009;1000001301;500000863;2022;17;2;3;1;;00000316;00000008;00000009;00003582;1;0;0;;;;0;;;;;0;0;0;1;0;0;18;5;1;0;0;1;0;0;7;1;0;0;1;0;1;1;3;1;;1;;1;1;1;0;0;0;0;;;;;;1;;9;1;1;;0;;;1.36363636363636;38;0.0263157894736842;13;8.94375323900022;tarde
50000066;11000009;1000000049;500000032;2022;11;1;1;1;;00004036;00000008;00000021;00004266;1;0;0;;;;;;0;;;;;0;1;0;0;21;5;1;0;0;1;0;0;-2;0;0;0;5;0;1;;3;1;;1;;1;1;1;0;0;0;0;;;;;;1;;9;1;1;;0;;;1.36363636363636;38;0.0263157894736842;7;23.5379842238035;manha
50000066;11000009;1000001055;500000673;2022;15;1;1;1;;00003963;00000008;00000002;00003403;2;0;1;;0;1;0;0;;;;;;0;1;0;0;21;5;1;0;0;1;0;1;2;1;0;0;4;0;1;1;3;1;;1;;1;1;1;0;0;0;0;;;;;;1;;9;1;1;;0;;;1.36363636363636;38;0.0263157894736842;7;23.5379842238035;manha
50000067;11000009;1000000316;500000222;2022;16;1;0;1;;00005081;00000007;00000011;00005180;1;0;0;;;;;;;;;;;0;1;0;0;14;5;1;0;0;1;0;0;10;1;1;0;5;0;1;;3;1;;1;;1;1;1;0;0;0;0;;;;;;1;;9;1;1;;0;;;1.36363636363636;38;0.0263157894736842;7;17.9720530379564;manha
50000067;11000009;1000000510;500000336;2022;19;2;1;1;;00002855;00000005;;;1;0;0;;;;;;;;;;;0;1;0;0;14;5;1;0;0;1;0;0;13;1;1;0;5;0;1;;3;1;;1;;1;1;1;0;0;0;0;;;;;;1;;9;1;1;;0;;;1.36363636363636;38;0.0263157894736842;7;17.9720530379564;manha
50000067;11000009;1000000690;500000455;2022;21;2;3;1;;00003112;00000005;00000011;00003121;1;0;;;;;;;0;;;;0;0;1;0;0;14;5;1;0;0;1;0;0;15;1;0;0;5;0;1;;3;1;;1;;1;1;1;0;0;0;0;;;;;;1;;9;1;1;;0;;;1.36363636363636;38;0.0263157894736842;7;17.9720530379564;manha
50000067;11000009;1000000778;500000507;2022;9;1;1;1;;00000359;00000002;00000011;00001923;2;0;1;0;0;;;;;0;;;;0;1;1;0;14;5;1;0;0;1;0;0;3;1;0;0;5;0;1;;3;1;;1;;1;1;1;0;0;0;0;;;;;;1;;9;1;1;;0;;;1.36363636363636;38;0.0263157894736842;7;17.9720530379564;manha
50000067;11000009;1000001425;500000984;2022;8;1;0;1;;00001746;00000004;00000005;;1;0;0;;;;0;;;;;;;0;1;0;0;14;5;1;0;0;1;0;0;2;1;0;0;0;;0;;3;1;;1;;1;1;1;0;0;0;0;;;;;;1;;9;1;1;;0;;;1.36363636363636;38;0.0263157894736842;7;17.9720530379564;manha
50000068;11000009;1000000040;500000027;2022;20;1;1;1;;00001098;00000004;00000018;00005390;1;0;0;;0;1;0;;;0;;;;0;1;1;0;16;5;1;0;0;1;0;1;12;1;0;0;5;0;1;;3;1;;1;;1;1;1;0;0;0;0;;;;;;1;;9;1;1;;0;;;1.36363636363636;38;0.0263157894736842;13;27.3967315314803;tarde
50000068;11000009;1000000143;500000101;2022;22;1;2;1;;00001886;00000008;;00004885;2;0;0;;;;;0;;;;;;0;1;0;0;16;5;1;0;0;1;0;0;14;1;0;0;5;0;1;;3;1;;1;;1;1;1;0;0;0;0;;;;;;1;;9;1;1;;0;;;1.36363636363636;38;0.0263157894736842;13;27.3967315314803;tarde
50000068;11000009;1000000178;500000129;2022;22;2;0;1;;00001120;00000008;00000012;00000309;1;0;0;;;;;;;;;;0;0;1;0;0;16;5;1;0;0;1;0;0;14;1;1;0;5;0;1;;3;1;;1;;1;1;1;0;0;0;0;;;;;;1;;9;1;1;;0;;;1.36363636363636;38;0.0263157894736842;13;27.3967315314803;tarde
50000068;11000009;1000000208;500000152;2022;15;2;3;1;;00002855;00000005;00000018;00002704;1;0;0;;0;;;0;;0;;;;0;1;0;0;16;5;1;0;0;1;0;0;7;1;0;0;5;0;1;1;3;1;;1;;1;1;1;0;0;0;0;;;;;;1;;9;1;1;;0;;;1.36363636363636;38;0.0263157894736842;13;27.3967315314803;tarde
50000068;11000009;1000000649;500000424;2022;6;2;3;1;;00001190;00000002;00000003;00000689;1;0;0;;;;;;;;;;;0;1;0;0;16;5;1;0;0;1;0;0;-2;0;0;0;5;0;1;1;3;1;;1;;1;1;1;0;0;0;0;;;;;;1;;9;1;1;;0;;;1.36363636363636;38;0.0263157894736842;13;27.3967315314803;tarde
50000068;11000009;1000001033;500000657;2022;13;1;1;1;;00003485;00000003;00000018;00004101;1;0;0;;;;;0;;0;;;;0;1;0;0;16;5;1;0;0;1;0;0;5;1;1;0;4;0;1;;3;1;;1;;1;1;1;0;0;0;0;;;;;;1;;9;1;1;;0;;;1.36363636363636;38;0.0263157894736842;13;27.3967315314803;tarde
50000068;11000009;1000001390;500000949;2022;16;1;3;1;;00005393;00000002;00000017;;1;0;0;;;;;;0;0;;0;0;0;1;0;0;16;5;1;0;0;1;0;0;8;1;0;0;0;;0;;3;1;;1;;1;1;1;0;0;0;0;;;;;;1;;9;1;1;;0;;;1.36363636363636;38;0.0263157894736842;13;27.3967315314803;tarde
50000069;11000009;1000000072;500000049;2022;15;2;3;1;;00001960;00000008;00000027;;1;0;0;;;;;;0;;;;;0;1;0;0;14;5;1;0;0;1;0;0;9;1;0;1;5;0;1;;3;1;;1;;1;1;1;0;0;0;0;;;;;;1;;9;1;1;;0;;;1.36363636363636;38;0.0263157894736842;11;14.3063812330365;manha
50000069;11000009;1000000533;500000351;2022;11;1;3;1;;00004529;00000006;00000019;00001491;1;0;0;0;;;;;;;;;;0;1;0;0;14;5;1;0;0;1;0;0;5;1;0;0;5;0;1;1;3;1;;1;;1;1;1;0;0;0;0;;;;;;1;;9;1;1;;0;;;1.36363636363636;38;0.0263157894736842;11;14.3063812330365;manha
50000069;11000009;1000000600;500000391;2022;13;1;0;1;;00000876;00000002;00000007;00001758;1;0;0;;;;;;;;;;;0;1;0;0;14;5;1;0;0;1;0;0;7;1;0;1;5;0;1;1;3;1;;1;;1;1;1;0;0;0;0;;;;;;1;;9;1;1;;0;;;1.36363636363636;38;0.0263157894736842;11;14.3063812330365;manha
50000070;11000009;1000000354;500000245;2022;9;2;1;1;;00002517;00000001;00000025;;1;0;0;;;;0;;0;0;;;;0;1;0;0;15;2;1;0;0;1;0;0;2;1;1;1;5;0;1;;3;1;;1;;1;1;1;0;0;0;0;;;;;;1;;9;1;1;;0;;;1.36363636363636;38;0.0263157894736842;8;28.9232005912345;manha
50000070;11000009;1000000502;500000331;2022;12;1;0;1;;00003047;00000003;;00003634;1;0;0;;;;;;;;0;;;0;1;0;0;15;2;1;0;0;1;0;0;5;1;0;1;5;0;1;1;3;1;;1;;1;1;1;0;0;0;0;;;;;;1;;9;1;1;;0;;;1.36363636363636;38;0.0263157894736842;8;28.9232005912345;manha
50000070;11000009;1000000505;500000334;2022;7;1;3;1;;00000634;00000005;00000010;00005369;1;0;0;;;0;;0;;;;;0;0;1;0;0;15;2;1;0;0;1;0;0;0;0;1;1;5;0;1;1;3;1;;1;;1;1;1;0;0;0;0;;;;;;1;;9;1;1;;0;;;1.36363636363636;38;0.0263157894736842;8;28.9232005912345;manha
50000070;11000009;1000000838;500000544;2022;26;2;0;1;;00003789;00000003;00000011;;1;0;0;;;;;;0;;;;0;0;1;0;0;15;2;1;0;0;1;0;0;19;1;0;0;5;0;1;;3;1;;1;;1;1;1;0;0;0;0;;;;;;1;;9;1;1;;0;;;1.36363636363636;38;0.0263157894736842;8;28.9232005912345;manha
50000070;11000009;1000001305;500000867;2022;6;1;3;1;;00000881;00000004;00000016;00001099;1;0;0;0;;0;;;;;;;0;0;1;0;0;15;2;1;0;0;1;0;0;-1;0;0;0;1;0;1;;3;1;;1;;1;1;1;0;0;0;0;;;;;;1;;9;1;1;;0;;;1.36363636363636;38;0.0263157894736842;8;28.9232005912345;manha
50000070;11000009;1000001349;500000908;2022;30;2;0;1;;00004441;00000002;00000012;;1;0;0;;;;0;;;;;;;0;1;0;0;15;2;1;0;0;1;0;0;23;1;0;0;1;0;1;;3;1;;1;;1;1;1;0;0;0;0;;;;;;1;;9;1;1;;0;;;1.36363636363636;38;0.0263157894736842;8;28.9232005912345;manha
50000071;11000010;1000001035;500000659;2022;12;2;0;1;;00004100;00000008;;;1;0;0;0;;;0;;;;;;;0;1;;0;17;5;1;0;0;1;0;0;3;1;0;0;4;0;1;;2;1;;1;0;1;1;;1;1;1;1;;0;;0;1;;1;;;2;;0;;2;0.75;37;0.108108108108108;13;27.4969633389264;tarde
50000071;11000010;1000001272;500000835;2022;17;2;2;1;;00002545;00000008;00000001;00005066;1;0;0;;;;;;;;;;;0;1;0;0;17;5;1;0;0;1;0;0;8;1;0;0;2;0;1;;2;1;;1;0;1;1;;1;1;1;1;;0;;0;1;;1;;;2;;0;;2;0.75;37;0.108108108108108;13;27.4969633389264;tarde
50000071;11000010;1000001441;500001000;2022;9;2;3;1;;00000685;00000006;;00000977;1;0;0;;;;;;0;;;;;0;1;0;1;17;5;1;0;0;1;0;0;0;0;0;0;0;;0;;2;1;;1;0;1;1;;1;1;1;1;;0;;0;1;;1;;;2;;0;;2;0.75;37;0.108108108108108;13;27.4969633389264;tarde
50000072;11000010;1000000137;500000096;2022;17;2;1;1;;00003381;00000001;;;2;1;0;;;;0;;;;;;;0;1;0;;20;5;1;0;0;1;0;1;5;1;0;0;5;0;1;;2;1;;1;0;1;1;;1;1;1;1;;0;;0;1;;1;;;2;;0;;2;0.75;37;0.108108108108108;7;23.1419622467365;manha
50000072;11000010;1000000511;500000337;2022;9;2;3;1;;00001864;00000007;00000004;;1;0;0;;;1;;;;;;;;0;1;0;0;20;5;1;0;0;1;0;0;-3;0;1;0;5;1;1;;2;1;;1;0;1;1;;1;1;1;1;;0;;0;1;;1;;;2;;0;;2;0.75;37;0.108108108108108;7;23.1419622467365;manha
50000072;11000010;1000000565;500000372;2022;14;1;1;1;;00003567;00000003;00000008;00001811;1;0;0;;;;;;0;;;;;0;1;;0;20;5;1;0;0;1;0;0;2;1;0;0;5;0;1;;2;1;;1;0;1;1;;1;1;1;1;;0;;0;1;;1;;;2;;0;;2;0.75;37;0.108108108108108;7;23.1419622467365;manha
50000072;11000010;1000000998;500000638;2022;13;2;0;1;;00003923;00000003;00000007;00005067;1;0;;;;;0;;0;;;;;0;1;0;0;20;5;1;0;0;1;0;0;1;0;1;0;5;0;1;;2;1;;1;0;1;1;;1;1;1;1;;0;;0;1;;1;;;2;;0;;2;0.75;37;0.108108108108108;7;23.1419622467365;manha
50000072;11000010;1000001189;500000768;2022;12;1;1;1;;00004370;00000008;00000008;;1;0;0;;;;;;;;;0;;0;1;0;0;20;5;1;0;0;1;0;0;0;0;1;0;2;0;1;;2;1;;1;0;1;1;;1;1;1;1;;0;;0;1;;1;;;2;;0;;2;0.75;37;0.108108108108108;7;23.1419622467365;manha
50000072;11000010;1000001326;500000886;2022;20;2;1;1;;00005292;00000003;00000017;00002322;1;0;;0;;1;0;;;;;;;0;1;0;0;20;5;1;0;0;1;0;0;8;1;0;0;1;0;1;;2;1;;1;0;1;1;;1;1;1;1;;0;;0;1;;1;;;2;;0;;2;0.75;37;0.108108108108108;7;23.1419622467365;manha
50000072;11000010;1000001339;500000898;2022;13;1;1;1;;00001423;00000004;00000027;00003878;1;0;1;;;0;;;;0;;;0;0;1;0;0;20;5;1;0;0;1;0;0;1;0;0;0;1;0;1;;2;1;;1;0;1;1;;1;1;1;1;;0;;0;1;;1;;;2;;0;;2;0.75;37;0.108108108108108;7;23.1419622467365;manha
50000074;11000010;1000000854;500000553;2022;11;2;1;1;;00000501;00000004;00000027;00000076;1;0;1;;;;0;;;;;;;0;1;0;0;;5;1;0;0;1;0;0;;;2;0;5;1;1;;2;1;;1;0;1;1;;1;1;1;1;;0;;0;1;;1;;;2;;0;;2;0.75;37;0.108108108108108;13;13.2272585737519;tarde
50000075;11000010;1000000010;500000008;2022;13;2;1;1;;00000240;00000004;00000018;00002529;1;0;0;0;;;;;;;;;0;0;1;0;0;14;4;1;0;0;1;0;0;7;1;1;0;5;0;1;;2;1;;1;0;1;1;;1;1;1;1;;0;;0;1;;1;;;2;;0;;2;0.75;37;0.108108108108108;13;23.7281896150671;tarde
50000075;11000010;1000000095;500000069;2022;9;2;1;1;;00003480;00000006;00000009;00001860;2;0;0;;;;0;;;;;;;0;1;0;0;14;4;1;0;0;1;0;0;3;1;0;0;5;0;1;1;2;1;;1;0;1;1;;1;1;1;1;;0;;0;1;;1;;;2;;0;;2;0.75;37;0.108108108108108;13;23.7281896150671;tarde
50000075;11000010;1000000156;500000110;2022;19;1;0;1;;00002317;00000002;;00000444;1;0;0;;0;;;;;;;;;0;1;0;;14;4;1;0;0;1;0;0;13;1;0;0;5;0;1;;2;1;;1;0;1;1;;1;1;1;1;;0;;0;1;;1;;;2;;0;;2;0.75;37;0.108108108108108;13;23.7281896150671;tarde
50000075;11000010;1000000236;500000169;2022;17;1;1;1;;00001759;00000008;00000017;;2;0;0;;;;;;;;0;;0;0;1;0;0;14;4;1;0;0;1;0;0;11;1;0;0;5;0;1;;2;1;;1;0;1;1;;1;1;1;1;;0;;0;1;;1;;;2;;0;;2;0.75;37;0.108108108108108;13;23.7281896150671;tarde
50000075;11000010;1000000882;500000570;2022;11;1;1;1;;00000502;00000008;00000020;00005017;1;0;0;;;;;;;0;;;;0;1;0;0;14;4;1;0;0;1;0;0;5;1;0;0;5;0;1;;2;1;;1;0;1;1;;1;1;1;1;;0;;0;1;;1;;;2;;0;;2;0.75;37;0.108108108108108;13;23.7281896150671;tarde
50000075;11000010;1000001005;500000642;2022;18;1;1;1;;00003190;00000003;00000001;00004869;1;0;1;;;;;;0;;0;;;0;1;;0;14;4;1;0;0;1;0;0;12;1;0;0;4;0;1;1;2;1;;1;0;1;1;;1;1;1;1;;0;;0;1;;1;;;2;;0;;2;0.75;37;0.108108108108108;13;23.7281896150671;tarde
50000075;11000010;1000001307;500000869;2022;18;1;3;1;;00005140;00000002;00000003;00003439;2;0;1;;;;0;;;0;;;0;0;1;0;0;14;4;1;0;0;1;0;0;12;1;0;0;1;0;1;1;2;1;;1;0;1;1;;1;1;1;1;;0;;0;1;;1;;;2;;0;;2;0.75;37;0.108108108108108;13;23.7281896150671;tarde
50000076;11000010;1000000566;500000373;2022;9;2;3;1;;00003566;00000004;00000006;00000782;1;0;0;;0;;;;;;;;;0;1;0;0;;5;1;0;0;1;0;0;;;0;0;5;0;1;;2;1;;1;0;1;1;;1;1;1;1;;0;;0;1;;1;;;2;;0;;2;0.75;37;0.108108108108108;13;18.5858662554529;tarde
50000076;11000010;1000000665;500000435;2022;9;1;3;1;;00002135;00000004;00000013;00005144;1;0;0;;;;;;;;;;0;0;1;0;1;;5;1;0;0;1;0;0;;;0;0;5;0;1;;2;1;;1;0;1;1;;1;1;1;1;;0;;0;1;;1;;;2;;0;;2;0.75;37;0.108108108108108;13;18.5858662554529;tarde
50000076;11000010;1000000713;500000471;2022;9;2;3;1;;00003783;00000008;00000009;;1;0;0;;;;;;0;;;;;0;1;0;0;;5;1;0;0;1;0;0;;;0;0;5;0;1;;2;1;;1;0;1;1;;1;1;1;1;;0;;0;1;;1;;;2;;0;;2;0.75;37;0.108108108108108;13;18.5858662554529;tarde
50000076;11000010;1000000903;500000585;2022;18;2;1;1;;00004781;00000005;00000018;00000352;1;0;1;;;;;0;;0;;;;0;1;0;0;;5;1;0;0;1;0;0;;;1;0;5;0;1;;2;1;;1;0;1;1;;1;1;1;1;;0;;0;1;;1;;;2;;0;;2;0.75;37;0.108108108108108;13;18.5858662554529;tarde
50000076;11000010;1000001198;500000772;2022;10;2;0;1;;00004725;00000008;00000001;;1;0;0;;;;;0;;;;0;;0;1;0;0;;5;1;0;0;1;0;0;;;0;0;2;0;1;;2;1;;1;0;1;1;;1;1;1;1;;0;;0;1;;1;;;2;;0;;2;0.75;37;0.108108108108108;13;18.5858662554529;tarde
50000076;11000010;1000001426;500000985;2022;19;1;3;1;;00002084;00000005;;00003483;1;0;0;;;;;;;;0;0;;0;1;0;0;;5;1;0;0;1;0;0;;;0;0;0;;0;;2;1;;1;0;1;1;;1;1;1;1;;0;;0;1;;1;;;2;;0;;2;0.75;37;0.108108108108108;13;18.5858662554529;tarde
50000077;11000010;1000000168;500000120;2022;17;1;3;1;;00003513;00000006;;00002266;1;0;0;;;;0;;;;;;0;0;1;1;0;;5;1;0;0;1;0;1;;;0;0;5;0;1;1;2;1;;1;0;1;1;;1;1;1;1;;0;;0;1;;1;;;2;;0;;2;0.75;37;0.108108108108108;7;26.8403900961857;manha
50000077;11000010;1000000424;500000284;2022;12;2;1;1;;00002577;00000004;00000007;00000774;2;0;0;0;;;;;;0;;0;;0;1;0;0;;5;1;0;0;1;0;0;;;0;0;5;0;1;1;2;1;;1;0;1;1;;1;1;1;1;;0;;0;1;;1;;;2;;0;;2;0.75;37;0.108108108108108;7;26.8403900961857;manha
50000077;11000010;1000000492;500000324;2022;8;1;1;1;;00001819;00000006;00000003;00000227;1;0;0;;;;;;;;0;0;;0;1;0;0;;5;1;0;0;1;0;0;;;0;1;5;0;1;1;2;1;;1;0;1;1;;1;1;1;1;;0;;0;1;;1;;;2;;0;;2;0.75;37;0.108108108108108;7;26.8403900961857;manha
50000077;11000010;1000000606;500000396;2022;9;1;1;1;;00003157;00000005;;00000273;1;0;0;;;;0;;;0;;;;0;1;0;0;;5;1;0;0;1;0;0;;;0;0;5;0;1;1;2;1;;1;0;1;1;;1;1;1;1;;0;;0;1;;1;;;2;;0;;2;0.75;37;0.108108108108108;7;26.8403900961857;manha
50000077;11000010;1000000668;500000438;2022;8;2;1;1;;00000300;00000001;;00003722;1;0;0;;;;;;;;;;;0;1;0;0;;5;1;0;0;1;0;0;;;1;0;5;1;1;;2;1;;1;0;1;1;;1;1;1;1;;0;;0;1;;1;;;2;;0;;2;0.75;37;0.108108108108108;7;26.8403900961857;manha
50000077;11000010;1000000900;500000583;2022;17;2;3;1;;00001939;00000005;00000022;00003050;1;0;0;;;;;;;0;;;;0;1;0;0;;5;1;0;0;1;0;1;;;0;0;5;0;1;1;2;1;;1;0;1;1;;1;1;1;1;;0;;0;1;;1;;;2;;0;;2;0.75;37;0.108108108108108;7;26.8403900961857;manha
50000077;11000010;1000001178;500000759;2022;11;1;0;1;;00000075;00000005;00000013;00002747;1;0;0;;;;;;;;;;;0;1;0;0;;5;1;0;0;1;0;0;;;0;0;3;0;1;1;2;1;;1;0;1;1;;1;1;1;1;;0;;0;1;;1;;;2;;0;;2;0.75;37;0.108108108108108;7;26.8403900961857;manha
50000078;11000011;1000000238;500000170;2022;12;2;3;1;;00001813;00000007;00000009;;1;0;0;0;;;;0;;;;;;0;1;0;0;22;5;1;0;0;1;0;0;;;1;1;5;0;1;;2;2;;1;1;1;;;;1;;0;1;1;1;;;;1;0;0;1;1;0;0;2;0.727272727272727;38;0.105263157894737;12;12.7660450676922;tarde
50000078;11000011;1000000642;500000418;2022;21;1;1;1;;00001675;00000002;00000004;;2;0;1;;;;;;;;;;;0;1;0;0;22;5;1;0;0;1;0;0;;;0;1;5;0;1;;2;2;;1;1;1;;;;1;;0;1;1;1;;;;1;0;0;1;1;0;0;2;0.727272727272727;38;0.105263157894737;12;12.7660450676922;tarde
50000078;11000011;1000001121;500000720;2022;6;2;1;3;;00004326;00000001;;00000133;1;1;0;;0;;;;0;;;0;0;0;1;0;0;22;5;1;0;0;1;0;0;;;0;0;3;0;1;1;2;2;;1;1;1;;;;1;;0;1;1;1;;;;1;0;0;1;1;0;0;2;0.727272727272727;38;0.105263157894737;12;12.7660450676922;tarde
50000078;11000011;1000001380;500000939;2022;14;1;3;1;;00004446;00000003;00000007;00000500;2;0;0;;;;;;;0;;;;0;1;0;0;22;5;1;0;0;1;0;0;;;0;0;0;;0;;2;2;;1;1;1;;;;1;;0;1;1;1;;;;1;0;0;1;1;0;0;2;0.727272727272727;38;0.105263157894737;12;12.7660450676922;tarde
50000078;11000011;1000001412;500000971;2022;4;2;3;1;;00002233;00000003;00000021;;2;0;0;;;;;0;;;;0;;0;1;0;;22;5;1;0;0;1;0;0;;;0;0;0;;0;;2;2;;1;1;1;;;;1;;0;1;1;1;;;;1;0;0;1;1;0;0;2;0.727272727272727;38;0.105263157894737;12;12.7660450676922;tarde
50000079;11000011;1000000085;500000060;2022;21;1;0;1;;00003432;00000002;;;2;0;0;0;;;;;;;;;;0;1;0;;2;5;1;0;0;1;0;0;;;0;0;5;0;1;;2;2;;1;1;1;;;;1;;0;1;1;1;;;;1;0;0;1;1;0;0;2;0.727272727272727;38;0.105263157894737;18;17.839654738782;noite
50000079;11000011;1000000538;500000355;2022;12;2;1;1;;00004104;00000003;;;2;0;1;;;;;;;;0;;;0;1;1;0;2;5;1;0;0;1;0;0;;;0;0;5;0;1;;2;2;;1;1;1;;;;1;;0;1;1;1;;;;1;0;0;1;1;0;0;2;0.727272727272727;38;0.105263157894737;18;17.839654738782;noite
50000079;11000011;1000000657;500000428;2022;17;2;0;1;;00005245;00000007;00000015;00005283;2;0;0;;0;;;0;;;;;;0;1;;0;2;5;1;0;0;1;0;0;;;1;1;5;0;1;1;2;2;;1;1;1;;;;1;;0;1;1;1;;;;1;0;0;1;1;0;0;2;0.727272727272727;38;0.105263157894737;18;17.839654738782;noite
50000079;11000011;1000000735;500000482;2022;13;1;1;1;;00004233;00000007;00000014;00001670;1;0;0;;;;;;0;;;;0;0;1;0;0;2;5;1;0;0;1;0;0;;;1;0;5;1;1;1;2;2;;1;1;1;;;;1;;0;1;1;1;;;;1;0;0;1;1;0;0;2;0.727272727272727;38;0.105263157894737;18;17.839654738782;noite
50000079;11000011;1000000973;500000626;2022;21;2;1;1;;00001992;00000006;;;1;0;0;0;;;;0;0;;;;0;0;1;0;1;2;5;1;0;0;1;0;0;;;0;0;5;0;1;;2;2;;1;1;1;;;;1;;0;1;1;1;;;;1;0;0;1;1;0;0;2;0.727272727272727;38;0.105263157894737;18;17.839654738782;noite
50000080;11000011;1000000115;500000084;2022;12;2;3;1;;00003727;00000007;00000021;00004831;2;0;0;0;0;1;;;;;0;0;0;;1;0;0;16;5;1;0;0;1;0;1;4;1;1;0;5;0;1;1;2;2;;1;1;1;;;;1;;0;1;1;1;;;;1;0;0;1;1;0;0;2;0.727272727272727;38;0.105263157894737;13;9.50550120091066;tarde
50000080;11000011;1000000260;500000189;2022;10;1;3;1;;00001579;00000006;;;1;0;0;0;;1;;;;0;;;;0;1;0;0;16;5;1;0;0;1;0;0;2;1;0;1;5;0;1;;2;2;;1;1;1;;;;1;;0;1;1;1;;;;1;0;0;1;1;0;0;2;0.727272727272727;38;0.105263157894737;13;9.50550120091066;tarde
50000080;11000011;1000000271;500000195;2022;22;2;0;1;;00003298;00000001;;00005207;1;0;1;0;;;0;;;;;;;0;1;0;0;16;5;1;0;0;1;0;0;14;1;1;0;5;0;1;1;2;2;;1;1;1;;;;1;;0;1;1;1;;;;1;0;0;1;1;0;0;2;0.727272727272727;38;0.105263157894737;13;9.50550120091066;tarde
50000080;11000011;1000000363;500000252;2022;43;1;1;1;;00005261;00000001;00000021;00003977;1;0;0;;;;0;0;;;;;;0;1;0;;16;5;1;0;0;1;0;0;35;1;0;0;5;0;1;1;2;2;;1;1;1;;;;1;;0;1;1;1;;;;1;0;0;1;1;0;0;2;0.727272727272727;38;0.105263157894737;13;9.50550120091066;tarde
50000080;11000011;1000001026;500000653;2022;14;2;0;1;;00001712;00000005;;00000607;1;0;0;;;;;0;0;0;;;;0;1;0;0;16;5;1;0;0;1;0;0;6;1;0;1;4;0;1;1;2;2;;1;1;1;;;;1;;0;1;1;1;;;;1;0;0;1;1;0;0;2;0.727272727272727;38;0.105263157894737;13;9.50550120091066;tarde
50000080;11000011;1000001036;500000660;2022;8;2;1;1;;00003850;00000008;;00000963;1;0;0;;;;;0;;;;;0;0;1;0;1;16;5;1;0;0;1;0;0;0;0;0;0;4;0;1;1;2;2;;1;1;1;;;;1;;0;1;1;1;;;;1;0;0;1;1;0;0;2;0.727272727272727;38;0.105263157894737;13;9.50550120091066;tarde
50000080;11000011;1000001120;500000719;2022;20;1;1;1;;00004543;00000007;00000010;00003699;1;0;0;0;;;0;0;;;;;;0;1;0;0;16;5;1;0;0;1;0;0;12;1;0;0;3;0;1;;2;2;;1;1;1;;;;1;;0;1;1;1;;;;1;0;0;1;1;0;0;2;0.727272727272727;38;0.105263157894737;13;9.50550120091066;tarde
50000081;11000011;1000000280;500000203;2022;13;2;3;1;;00005348;00000004;;00004827;1;0;0;;;;;;;;;;0;0;1;0;0;1;5;1;0;0;1;0;0;;;0;0;5;0;1;;2;2;;1;1;1;;;;1;;0;1;1;1;;;;1;0;0;1;1;0;0;2;0.727272727272727;38;0.105263157894737;19;41.2220355886966;noite
50000081;11000011;1000000750;500000490;2022;15;2;1;1;;00000089;00000005;00000008;00004631;1;0;0;;0;;;;;;;;;0;1;0;0;1;5;1;0;0;1;0;0;;;0;1;5;0;1;1;2;2;;1;1;1;;;;1;;0;1;1;1;;;;1;0;0;1;1;0;0;2;0.727272727272727;38;0.105263157894737;19;41.2220355886966;noite
50000081;11000011;1000000984;500000632;2022;13;2;3;1;;00001371;00000002;00000023;;1;0;0;;;;;;;;;;;0;1;0;0;1;5;1;0;0;1;0;0;;;0;0;5;0;1;;2;2;;1;1;1;;;;1;;0;1;1;1;;;;1;0;0;1;1;0;0;2;0.727272727272727;38;0.105263157894737;19;41.2220355886966;noite
50000081;11000011;1000001334;500000894;2022;19;1;0;1;;00001317;00000005;00000022;00004997;1;0;0;;;;0;;;0;;0;;0;1;0;0;1;5;1;0;0;1;0;0;;;0;0;1;0;1;;2;2;;1;1;1;;;;1;;0;1;1;1;;;;1;0;0;1;1;0;0;2;0.727272727272727;38;0.105263157894737;19;41.2220355886966;noite
50000082;11000011;1000000452;500000301;2022;10;1;1;1;;00002914;00000001;;;1;0;0;;;1;;;;0;;0;;0;1;;;15;5;1;0;0;1;0;0;3;1;1;0;5;0;1;;2;2;;1;1;1;;;;1;;0;1;1;1;;;;1;0;0;1;1;0;0;2;0.727272727272727;38;0.105263157894737;13;26.482503619045;tarde
50000082;11000011;1000001296;500000858;2022;8;1;3;1;;00004567;00000006;00000020;;1;0;0;;1;;0;;;;;;;0;1;1;0;15;5;1;0;0;1;0;0;1;0;0;0;1;0;1;;2;2;;1;1;1;;;;1;;0;1;1;1;;;;1;0;0;1;1;0;0;2;0.727272727272727;38;0.105263157894737;13;26.482503619045;tarde
50000082;11000011;1000001322;500000882;2022;10;2;0;1;;00000255;00000008;;00000767;2;0;0;;;;;;0;;;0;;0;1;0;1;15;5;1;0;0;1;0;0;3;1;0;0;1;0;1;1;2;2;;1;1;1;;;;1;;0;1;1;1;;;;1;0;0;1;1;0;0;2;0.727272727272727;38;0.105263157894737;13;26.482503619045;tarde
50000082;11000011;1000001396;500000955;2022;44;1;0;1;;00002125;00000001;00000010;00000889;2;0;0;;1;;;;;;;;;0;1;0;0;15;5;1;0;0;1;0;0;37;1;0;0;0;;0;;2;2;;1;1;1;;;;1;;0;1;1;1;;;;1;0;0;1;1;0;0;2;0.727272727272727;38;0.105263157894737;13;26.482503619045;tarde
50000083;11000011;1000000019;500000011;2022;21;1;1;1;;00001598;00000004;;00003161;2;0;0;;;;;;0;;;;0;0;1;0;0;67;4;1;0;0;1;0;0;;;0;0;5;0;1;1;2;2;;1;1;1;;;;1;;0;1;1;1;;;;1;0;0;1;1;0;0;2;0.727272727272727;38;0.105263157894737;7;19.533223741455;manha
50000083;11000011;1000000781;500000510;2022;11;2;0;1;;00002721;00000003;;00000281;1;0;0;;;1;;;;;;;;0;1;0;0;67;4;1;0;0;1;0;0;;;0;0;5;0;1;;2;2;;1;1;1;;;;1;;0;1;1;1;;;;1;0;0;1;1;0;0;2;0.727272727272727;38;0.105263157894737;7;19.533223741455;manha
50000083;11000011;1000001297;500000859;2022;7;2;3;1;;00003491;00000005;00000011;00000118;2;0;0;;0;1;0;;0;0;0;;0;0;1;0;0;67;4;1;0;0;1;0;0;;;0;0;1;0;1;;2;2;;1;1;1;;;;1;;0;1;1;1;;;;1;0;0;1;1;0;0;2;0.727272727272727;38;0.105263157894737;7;19.533223741455;manha
50000084;11000011;1000000501;500000330;2022;19;2;3;1;;00003336;00000003;00000001;00000434;1;0;0;0;;;;;;;0;;;0;1;0;0;18;5;1;0;0;1;0;1;9;1;0;0;5;0;1;;2;2;;1;1;1;;;;1;;0;1;1;1;;;;1;0;0;1;1;0;0;2;0.727272727272727;38;0.105263157894737;19;0.00824582297354937;noite
50000084;11000011;1000000564;500000371;2022;16;2;3;1;;00003458;00000005;;;1;0;0;;;;;;;;;0;0;0;1;0;;18;5;1;0;0;1;0;0;6;1;1;0;5;0;1;;2;2;;1;1;1;;;;1;;0;1;1;1;;;;1;0;0;1;1;0;0;2;0.727272727272727;38;0.105263157894737;19;0.00824582297354937;noite
50000084;11000011;1000001175;500000756;2022;6;2;3;1;;00003249;00000005;00000001;;1;1;1;;;;;0;0;0;0;0;;0;1;0;0;18;5;1;0;0;1;0;0;-4;0;0;1;3;0;1;;2;2;;1;1;1;;;;1;;0;1;1;1;;;;1;0;0;1;1;0;0;2;0.727272727272727;38;0.105263157894737;19;0.00824582297354937;noite
50000084;11000011;1000001187;500000766;2022;7;2;1;1;;00002046;00000007;;;1;0;0;0;;;;;;;;;;0;1;0;0;18;5;1;0;0;1;0;0;-3;0;0;1;3;0;1;;2;2;;1;1;1;;;;1;;0;1;1;1;;;;1;0;0;1;1;0;0;2;0.727272727272727;38;0.105263157894737;19;0.00824582297354937;noite
50000084;11000011;1000001342;500000901;2022;13;1;3;1;;00003579;00000002;00000019;00002747;2;0;0;;;;;;;;;;0;0;1;;0;18;5;1;0;0;1;0;0;3;1;0;0;1;0;1;1;2;2;;1;1;1;;;;1;;0;1;1;1;;;;1;0;0;1;1;0;0;2;0.727272727272727;38;0.105263157894737;19;0.00824582297354937;noite
50000085;11000012;1000000122;500000087;2022;21;1;0;1;;00003224;00000007;;00001920;1;0;0;;;;0;;;;;;;0;1;0;0;14;5;1;0;0;1;0;0;15;1;0;0;5;0;1;;2;1;;;1;;1;1;1;1;0;0;;1;;0;;;;;0;0;;0;0;0;0.6;31;0;7;11.3864754675888;manha
50000085;11000012;1000000290;500000208;2022;23;2;0;1;;00002397;00000004;00000014;00004249;1;0;0;;0;;0;;;;;;;0;1;0;0;14;5;1;0;0;1;0;0;17;1;0;0;5;0;1;;2;1;;;1;;1;1;1;1;0;0;;1;;0;;;;;0;0;;0;0;0;0.6;31;0;7;11.3864754675888;manha
50000086;11000012;1000000709;500000469;2022;21;2;1;1;;00000420;00000007;00000001;00004906;1;0;0;;;;;0;;0;;;;0;1;0;0;19;5;1;0;0;1;0;0;10;1;0;0;5;0;1;1;2;1;;;1;;1;1;1;1;0;0;;1;;0;;;;;0;0;;0;0;0;0.6;31;0;7;29.5385107607581;manha
50000086;11000012;1000000774;500000504;2022;9;2;0;1;;00003061;00000008;00000020;00000374;1;0;0;;;;;;;;;;;0;1;0;0;19;5;1;0;0;1;0;0;-2;0;0;0;5;0;1;;2;1;;;1;;1;1;1;1;0;0;;1;;0;;;;;0;0;;0;0;0;0.6;31;0;7;29.5385107607581;manha
50000086;11000012;1000001213;500000785;2022;18;2;0;1;;00001745;00000007;;00002086;2;0;1;;;;;;;;;;;0;1;0;0;19;5;1;0;0;1;0;0;7;1;0;0;2;0;1;;2;1;;;1;;1;1;1;1;0;0;;1;;0;;;;;0;0;;0;0;0;0.6;31;0;7;29.5385107607581;manha
50000087;11000012;1000000006;500000004;2022;9;2;3;1;;00005195;00000001;00000011;00000885;1;0;0;;1;;0;;;;;;;0;1;0;0;2;5;1;0;0;1;0;0;;;0;0;5;0;1;;2;1;;;1;;1;1;1;1;0;0;;1;;0;;;;;0;0;;0;0;0;0.6;31;0;7;7.26767063024454;manha
50000087;11000012;1000000324;500000227;2022;21;2;0;1;;00001331;00000001;00000008;00003951;1;0;0;;;;;;;;;;;0;1;0;;2;5;1;0;0;1;0;0;;;0;0;5;0;1;;2;1;;;1;;1;1;1;1;0;0;;1;;0;;;;;0;0;;0;0;0;0.6;31;0;7;7.26767063024454;manha
50000087;11000012;1000000491;500000323;2022;13;2;1;1;;00004220;00000003;00000022;;1;0;0;;;;;;;;;;0;0;1;0;0;2;5;1;0;0;1;0;0;;;0;0;5;0;1;;2;1;;;1;;1;1;1;1;0;0;;1;;0;;;;;0;0;;0;0;0;0.6;31;0;7;7.26767063024454;manha
50000087;11000012;1000000784;500000513;2022;10;2;1;1;;00003595;00000005;;00004459;1;0;0;;;;;;;;0;;0;0;1;0;0;2;5;1;0;0;1;0;0;;;0;0;5;0;1;;2;1;;;1;;1;1;1;1;0;0;;1;;0;;;;;0;0;;0;0;0;0.6;31;0;7;7.26767063024454;manha
50000088;11000012;1000000183;500000132;2022;16;2;0;1;;00000381;00000004;00000023;;1;0;0;;;;;;;;;;;0;1;0;0;16;5;1;0;0;1;0;0;8;1;0;0;5;0;1;;2;1;;;1;;1;1;1;1;0;0;;1;;0;;;;;0;0;;0;0;0;0.6;31;0;13;7.60423065861687;tarde
50000088;11000012;1000000430;500000289;2022;12;2;1;1;;00000806;00000004;00000006;00002634;1;0;0;;0;0;;;0;;;0;;0;1;0;0;16;5;1;0;0;1;0;0;4;1;0;0;5;0;1;;2;1;;;1;;1;1;1;1;0;0;;1;;0;;;;;0;0;;0;0;0;0.6;31;0;13;7.60423065861687;tarde
50000088;11000012;1000000453;500000302;2022;11;2;4;1;;00000397;00000008;00000026;00002561;2;0;0;0;0;1;;;;;0;;;0;1;0;0;16;5;1;0;0;1;0;0;3;1;0;0;5;0;1;1;2;1;;;1;;1;1;1;1;0;0;;1;;0;;;;;0;0;;0;0;0;0.6;31;0;13;7.60423065861687;tarde
50000088;11000012;1000000610;500000399;2022;13;1;1;1;;00001386;00000005;00000017;;1;1;0;;;;;;;;;;0;0;1;;0;16;5;1;0;0;1;0;0;5;1;1;0;5;0;1;;2;1;;;1;;1;1;1;1;0;0;;1;;0;;;;;0;0;;0;0;0;0.6;31;0;13;7.60423065861687;tarde
50000088;11000012;1000000941;500000606;2022;12;2;1;1;;00002330;00000003;00000025;;1;0;0;;;;;;;;;;;0;1;0;0;16;5;1;0;0;1;0;0;4;1;0;0;5;0;1;;2;1;;;1;;1;1;1;1;0;0;;1;;0;;;;;0;0;;0;0;0;0.6;31;0;13;7.60423065861687;tarde
50000089;11000012;1000000196;500000141;2022;12;2;3;1;;00004985;00000003;00000003;;2;0;0;;;0;;;;0;;;;0;1;0;0;71;5;1;0;0;1;0;0;;;0;0;5;0;1;;2;1;;;1;;1;1;1;1;0;0;;1;;0;;;;;0;0;;0;0;0;0.6;31;0;13;39.8355799326673;tarde
50000089;11000012;1000000727;500000477;2022;13;2;1;1;;00004723;00000008;;;1;0;0;0;;;0;;;0;;;0;;1;0;;71;5;1;0;0;1;0;0;;;0;0;5;0;1;;2;1;;;1;;1;1;1;1;0;0;;1;;0;;;;;0;0;;0;0;0;0.6;31;0;13;39.8355799326673;tarde
50000089;11000012;1000001170;500000751;2022;14;1;1;1;;00003363;00000001;;00004861;2;0;1;;;;;;;;;;;0;1;0;0;71;5;1;0;0;1;0;0;;;0;0;3;0;1;;2;1;;;1;;1;1;1;1;0;0;;1;;0;;;;;0;0;;0;0;0;0.6;31;0;13;39.8355799326673;tarde
50000089;11000012;1000001298;500000860;2022;18;1;3;1;;00000825;00000004;;00005242;2;1;0;0;;;;0;;;;;;0;1;0;0;71;5;1;0;0;1;0;0;;;0;0;1;0;1;1;2;1;;;1;;1;1;1;1;0;0;;1;;0;;;;;0;0;;0;0;0;0.6;31;0;13;39.8355799326673;tarde
50000090;11000012;1000000100;500000073;2022;11;2;0;1;;00001483;00000008;00000015;00005083;1;0;0;;0;;;0;;;;;;0;1;0;0;19;2;1;0;0;1;0;1;0;0;0;0;5;0;1;;2;1;;;1;;1;1;1;1;0;0;;1;;0;;;;;0;0;;0;0;0;0.6;31;0;7;24.4590570800938;manha
50000090;11000012;1000001323;500000883;2022;12;2;1;1;;00002569;00000005;00000026;00001123;1;0;0;;;;;;;;;;;0;1;0;0;19;2;1;0;0;1;0;1;1;0;0;0;1;0;1;1;2;1;;;1;;1;1;1;1;0;0;;1;;0;;;;;0;0;;0;0;0;0.6;31;0;7;24.4590570800938;manha
50000091;11000012;1000000185;500000134;2022;9;2;2;1;;00001090;00000007;;00002652;1;0;0;;;;;;;;;;;0;1;;0;26;5;1;0;0;1;0;0;-7;0;0;1;5;0;1;1;2;1;;;1;;1;1;1;1;0;0;;1;;0;;;;;0;0;;0;0;0;0.6;31;0;7;20.3496110043488;manha
50000091;11000012;1000001089;500000701;2022;10;1;3;1;;00004667;00000004;00000014;;1;0;0;;;;;;;;;;;0;1;0;0;26;5;1;0;0;1;0;0;-6;0;0;0;4;0;1;;2;1;;;1;;1;1;1;1;0;0;;1;;0;;;;;0;0;;0;0;0;0.6;31;0;7;20.3496110043488;manha
50000092;11000013;1000000089;500000064;2022;16;2;3;1;;00001874;00000006;00000008;00000370;1;0;0;;1;;;;;;;;;0;1;1;0;1;5;1;0;0;1;0;0;;;0;1;5;0;1;;3;2;;;1;1;1;1;;1;;0;0;1;;;1;;;0;;;;1;1;2;0.7;31;0.129032258064516;13;7.43375326739624;tarde
50000092;11000013;1000000530;500000349;2022;8;1;0;1;;00004250;00000008;;00002894;1;0;0;;;0;;;0;;;0;;0;1;0;0;1;5;1;0;0;1;0;0;;;0;0;5;0;1;1;3;2;;;1;1;1;1;;1;;0;0;1;;;1;;;0;;;;1;1;2;0.7;31;0.129032258064516;13;7.43375326739624;tarde
50000092;11000013;1000001020;500000649;2022;10;2;0;1;;00005193;00000001;;;2;0;1;;;;;;;;;;;0;1;0;0;1;5;1;0;0;1;0;0;;;0;0;4;0;1;;3;2;;;1;1;1;1;;1;;0;0;1;;;1;;;0;;;;1;1;2;0.7;31;0.129032258064516;13;7.43375326739624;tarde
50000093;11000013;1000000514;500000339;2022;12;1;1;1;;00002647;00000002;;;1;0;0;;;0;;;;;;;;0;1;0;0;15;5;1;0;0;1;0;0;5;1;0;0;5;0;1;;3;2;;;1;1;1;1;;1;;0;0;1;;;1;;;0;;;;1;1;2;0.7;31;0.129032258064516;13;14.4792394002434;tarde
50000093;11000013;1000000654;500000427;2022;12;2;1;1;;00004159;00000008;;00000980;1;1;0;;;0;0;;;;;;0;0;1;0;0;15;5;1;0;0;1;0;1;5;1;1;1;5;1;1;;3;2;;;1;1;1;1;;1;;0;0;1;;;1;;;0;;;;1;1;2;0.7;31;0.129032258064516;13;14.4792394002434;tarde
50000093;11000013;1000001048;500000668;2022;7;1;0;1;;00002959;00000002;00000012;00001165;1;0;1;;;;0;;;;;;;0;1;1;0;15;5;1;0;0;1;0;0;0;0;0;0;4;0;1;1;3;2;;;1;1;1;1;;1;;0;0;1;;;1;;;0;;;;1;1;2;0.7;31;0.129032258064516;13;14.4792394002434;tarde
50000093;11000013;1000001059;500000677;2022;21;2;0;1;;00000916;00000001;00000001;;1;0;1;;;;;;;0;;;;0;1;0;0;15;5;1;0;0;1;0;0;14;1;0;0;4;0;1;;3;2;;;1;1;1;1;;1;;0;0;1;;;1;;;0;;;;1;1;2;0.7;31;0.129032258064516;13;14.4792394002434;tarde
50000094;11000013;1000000535;500000353;2022;17;2;3;1;;00002547;00000005;00000001;00002824;1;0;1;;;;;;;;0;;;0;1;0;;27;5;1;0;0;1;0;0;0;0;0;0;5;0;1;;3;2;;;1;1;1;1;;1;;0;0;1;;;1;;;0;;;;1;1;2;0.7;31;0.129032258064516;7;10.4025702551007;manha
50000094;11000013;1000000681;500000446;2022;23;1;3;1;;00002218;00000004;;00002145;1;1;0;;;;;;;;;;;0;1;0;1;27;5;1;0;0;1;0;0;6;1;0;1;5;0;1;1;3;2;;;1;1;1;1;;1;;0;0;1;;;1;;;0;;;;1;1;2;0.7;31;0.129032258064516;7;10.4025702551007;manha
50000095;11000013;1000000038;500000025;2022;24;1;1;1;;00001164;00000008;00000024;;1;0;0;0;;1;;0;;;;;;0;1;0;0;2;5;1;0;0;1;0;0;;;1;0;5;0;1;;3;2;;;1;1;1;1;;1;;0;0;1;;;1;;;0;;;;1;1;2;0.7;31;0.129032258064516;7;23.5291935503483;manha
50000095;11000013;1000000102;500000075;2022;15;2;0;1;;00003435;00000004;;00003234;2;0;0;;;;;;;;;;;0;1;0;0;2;5;1;0;0;1;0;0;;;0;0;5;0;1;1;3;2;;;1;1;1;1;;1;;0;0;1;;;1;;;0;;;;1;1;2;0.7;31;0.129032258064516;7;23.5291935503483;manha
50000095;11000013;1000000401;500000271;2022;12;2;2;1;;00002574;00000006;00000005;00002344;1;0;0;;;1;;0;;;;;;;1;0;;2;5;1;1;0;1;0;0;;;0;0;5;0;1;1;3;2;;;1;1;1;1;;1;;0;0;1;;;1;;;0;;;;1;1;2;0.7;31;0.129032258064516;7;23.5291935503483;manha
50000095;11000013;1000000660;500000431;2022;9;1;1;1;;00003058;00000005;00000011;;1;0;0;;;;;;;;;;;0;1;0;0;2;5;1;0;0;1;0;0;;;0;0;5;0;1;;3;2;;;1;1;1;1;;1;;0;0;1;;;1;;;0;;;;1;1;2;0.7;31;0.129032258064516;7;23.5291935503483;manha
50000095;11000013;1000000787;500000515;2022;11;1;2;1;;00002978;00000002;00000022;00004017;1;0;0;;;;;;;;0;0;;0;1;0;0;2;5;1;0;0;1;0;0;;;0;0;5;0;1;;3;2;;;1;1;1;1;;1;;0;0;1;;;1;;;0;;;;1;1;2;0.7;31;0.129032258064516;7;23.5291935503483;manha
50000095;11000013;1000001070;500000686;2022;8;1;1;1;;00000615;00000003;00000009;;1;0;0;;0;;;;;;;;;0;1;1;0;2;5;1;0;0;1;0;0;;;0;0;4;0;1;;3;2;;;1;1;1;1;;1;;0;0;1;;;1;;;0;;;;1;1;2;0.7;31;0.129032258064516;7;23.5291935503483;manha
50000095;11000013;1000001287;500000849;2022;17;1;3;1;;00001189;00000004;00000027;00002425;1;0;0;;0;;;;;;0;;;0;1;0;0;2;5;1;0;0;1;0;0;;;0;0;1;0;1;;3;2;;;1;1;1;1;;1;;0;0;1;;;1;;;0;;;;1;1;2;0.7;31;0.129032258064516;7;23.5291935503483;manha
50000095;11000013;1000001362;500000921;2022;12;1;3;1;;00004137;00000004;;00003992;1;0;0;;;;;;;;0;;;0;1;;0;2;5;1;0;0;1;0;0;;;0;0;1;0;1;;3;2;;;1;1;1;1;;1;;0;0;1;;;1;;;0;;;;1;1;2;0.7;31;0.129032258064516;7;23.5291935503483;manha
50000096;11000013;1000000504;500000333;2022;17;1;1;1;;00002854;00000001;00000024;;2;0;0;;;;0;;;;;;;0;1;0;0;15;5;1;0;0;1;0;1;10;1;0;0;5;0;1;;3;2;;;1;1;1;1;;1;;0;0;1;;;1;;;0;;;;1;1;2;0.7;31;0.129032258064516;13;17.7087269641925;tarde
50000096;11000013;1000000881;500000569;2022;9;2;0;1;;00003421;00000003;;;1;0;1;;0;1;;;;;;;0;0;1;0;0;15;5;1;0;0;1;0;0;2;1;0;0;5;0;1;;3;2;;;1;1;1;1;;1;;0;0;1;;;1;;;0;;;;1;1;2;0.7;31;0.129032258064516;13;17.7087269641925;tarde
50000097;11000013;1000000365;500000254;2022;21;2;1;1;;00002940;00000007;00000007;00003332;1;0;0;;1;;;;;;;;;0;1;0;0;26;5;1;0;0;1;0;0;5;1;0;0;5;0;1;;3;2;;;1;1;1;1;;1;;0;0;1;;;1;;;0;;;;1;1;2;0.7;31;0.129032258064516;13;42.2526124138385;tarde
50000097;11000013;1000000614;500000402;2022;8;2;1;1;;00003650;00000005;00000027;;1;0;0;;;;;;;;;;;0;1;0;0;26;5;1;0;0;1;0;0;-8;0;0;1;5;0;1;;3;2;;;1;1;1;1;;1;;0;0;1;;;1;;;0;;;;1;1;2;0.7;31;0.129032258064516;13;42.2526124138385;tarde
50000097;11000013;1000000705;500000467;2022;10;1;3;1;;00004424;00000005;00000012;00002826;1;0;1;;;;;0;;;0;;;0;1;0;0;26;5;1;0;0;1;0;0;-6;0;1;0;5;0;1;;3;2;;;1;1;1;1;;1;;0;0;1;;;1;;;0;;;;1;1;2;0.7;31;0.129032258064516;13;42.2526124138385;tarde
50000097;11000013;1000001359;500000918;2022;16;1;0;1;;00004262;00000002;00000014;00002265;1;0;0;;;;;0;;;;;0;0;1;0;0;26;5;1;0;0;1;0;0;0;0;1;0;1;1;1;;3;2;;;1;1;1;1;;1;;0;0;1;;;1;;;0;;;;1;1;2;0.7;31;0.129032258064516;13;42.2526124138385;tarde
50000097;11000013;1000001383;500000942;2022;11;1;1;1;;00001492;00000006;;;1;0;0;;;;;;;0;;;0;0;1;0;0;26;5;1;0;0;1;0;0;-5;0;0;0;0;;0;;3;2;;;1;1;1;1;;1;;0;0;1;;;1;;;0;;;;1;1;2;0.7;31;0.129032258064516;13;42.2526124138385;tarde
50000098;11000013;1000000231;500000167;2022;19;2;3;1;;00004182;00000001;00000008;00003586;1;0;1;;;;;;;;;0;;0;1;0;0;1;5;1;0;0;1;0;0;;;1;0;5;1;1;;3;2;;;1;1;1;1;;1;;0;0;1;;;1;;;0;;;;1;1;2;0.7;31;0.129032258064516;13;32.3994000791572;tarde
50000098;11000013;1000000330;500000231;2022;6;2;1;1;;00002381;00000007;00000003;00000953;1;0;0;;;;0;;;;;;;0;1;;0;1;5;1;0;0;1;0;0;;;0;1;5;0;1;1;3;2;;;1;1;1;1;;1;;0;0;1;;;1;;;0;;;;1;1;2;0.7;31;0.129032258064516;13;32.3994000791572;tarde
50000098;11000013;1000000469;500000312;2022;23;2;0;1;;00004179;00000007;00000002;;1;0;0;;;;;;;;;;0;0;1;0;0;1;5;1;0;0;1;0;1;;;0;0;5;0;1;;3;2;;;1;1;1;1;;1;;0;0;1;;;1;;;0;;;;1;1;2;0.7;31;0.129032258064516;13;32.3994000791572;tarde
50000098;11000013;1000001384;500000943;2022;13;1;3;1;;00000514;00000006;;;1;0;0;;;;0;0;;0;;;0;0;1;0;0;1;5;1;0;0;1;0;0;;;0;0;0;;0;;3;2;;;1;1;1;1;;1;;0;0;1;;;1;;;0;;;;1;1;2;0.7;31;0.129032258064516;13;32.3994000791572;tarde
50000099;11000014;1000000769;500000501;2022;12;2;3;1;;00000132;00000006;00000025;00000371;2;0;0;;0;;;;;;;;;0;1;0;0;16;5;1;0;0;1;0;1;4;1;0;1;5;0;1;;3;1;;;;;0;;;;;1;0;;1;;1;;;;1;1;0;0;;1;0.666666666666667;38;0.0526315789473684;13;27.7214186056517;tarde
50000099;11000014;1000001368;500000927;2022;13;2;1;1;;00000065;00000005;;00002153;1;0;1;;;;;;;;;;0;0;1;0;;16;5;1;0;0;1;0;0;5;1;0;0;0;;0;;3;1;;;;;0;;;;;1;0;;1;;1;;;;1;1;0;0;;1;0.666666666666667;38;0.0526315789473684;13;27.7214186056517;tarde
50000100;11000014;1000000026;500000015;2022;20;2;3;1;;00004945;00000005;00000014;00001627;1;0;0;0;;;;;;;;;;0;1;0;0;2;5;1;0;0;1;0;0;;;0;0;5;0;1;1;3;1;;;;;0;;;;;1;0;;1;;1;;;;1;1;0;0;;1;0.666666666666667;38;0.0526315789473684;7;0.124655175022781;manha
50000100;11000014;1000000207;500000151;2022;13;1;0;1;;00004169;00000003;00000003;00004269;1;0;0;;;1;;;0;;;;;0;1;0;;2;5;1;0;0;1;0;0;;;1;0;5;0;1;1;3;1;;;;;0;;;;;1;0;;1;;1;;;;1;1;0;0;;1;0.666666666666667;38;0.0526315789473684;7;0.124655175022781;manha
50000100;11000014;1000000581;500000381;2022;6;1;3;1;;00002664;00000008;00000014;00005027;1;0;0;;1;1;;;;;;;0;0;1;1;0;2;5;1;0;0;1;0;0;;;0;1;5;0;1;;3;1;;;;;0;;;;;1;0;;1;;1;;;;1;1;0;0;;1;0.666666666666667;38;0.0526315789473684;7;0.124655175022781;manha
50000100;11000014;1000000592;500000387;2022;20;1;1;1;;00000215;00000005;;;1;0;0;;0;;;0;;;;;;0;1;0;0;2;5;1;0;0;1;0;0;;;0;0;5;0;1;;3;1;;;;;0;;;;;1;0;;1;;1;;;;1;1;0;0;;1;0.666666666666667;38;0.0526315789473684;7;0.124655175022781;manha
50000100;11000014;1000000726;500000476;2022;14;1;3;1;;00002607;00000002;00000005;00000812;1;0;0;;0;;0;;;;0;;;0;1;0;0;2;5;1;0;0;1;0;0;;;0;0;5;0;1;1;3;1;;;;;0;;;;;1;0;;1;;1;;;;1;1;0;0;;1;0.666666666666667;38;0.0526315789473684;7;0.124655175022781;manha
50000100;11000014;1000000739;500000486;2022;23;1;1;1;;00003367;00000006;00000025;00004182;1;0;0;0;;;;0;0;0;;;;0;1;0;;2;5;1;0;0;1;0;0;;;0;0;5;0;1;1;3;1;;;;;0;;;;;1;0;;1;;1;;;;1;1;0;0;;1;0.666666666666667;38;0.0526315789473684;7;0.124655175022781;manha
50000100;11000014;1000001167;500000750;2022;17;1;0;1;;00004272;00000005;;00001327;2;0;1;0;;;;;0;;0;;;0;1;0;0;2;5;1;0;0;1;0;0;;;0;0;3;0;1;1;3;1;;;;;0;;;;;1;0;;1;;1;;;;1;1;0;0;;1;0.666666666666667;38;0.0526315789473684;7;0.124655175022781;manha
50000101;11000014;1000000047;500000031;2022;11;2;1;1;;00003927;00000007;00000012;;1;1;0;;0;;;;;;;;;0;1;0;0;1;5;1;0;0;1;0;0;;;0;0;5;0;1;;3;1;;;;;0;;;;;1;0;;1;;1;;;;1;1;0;0;;1;0.666666666666667;38;0.0526315789473684;8;14.4462061813101;manha
50000101;11000014;1000000247;500000178;2022;19;1;0;1;;00000225;00000008;00000018;;1;0;0;;;;;;;0;0;;;0;1;0;0;1;5;1;0;0;1;0;0;;;0;0;5;0;1;;3;1;;;;;0;;;;;1;0;;1;;1;;;;1;1;0;0;;1;0.666666666666667;38;0.0526315789473684;8;14.4462061813101;manha
50000101;11000014;1000001257;500000822;2022;5;1;5;1;;00005523;00000002;;;1;0;0;;;;0;;;;0;;;0;1;0;0;1;5;1;0;0;1;0;0;;;0;0;2;0;1;;3;1;;;;;0;;;;;1;0;;1;;1;;;;1;1;0;0;;1;0.666666666666667;38;0.0526315789473684;8;14.4462061813101;manha
50000101;11000014;1000001286;500000848;2022;12;2;1;1;;00001072;00000002;;00000653;1;0;1;;;0;;0;;;;0;;0;1;0;0;1;5;1;0;0;1;0;0;;;0;0;1;0;1;1;3;1;;;;;0;;;;;1;0;;1;;1;;;;1;1;0;0;;1;0.666666666666667;38;0.0526315789473684;8;14.4462061813101;manha
50000102;11000014;1000000717;500000473;2022;16;2;0;1;;00001694;00000006;;00000253;1;0;0;;;1;;;;;;;;0;1;0;0;17;5;1;0;0;1;0;0;7;1;0;0;5;0;1;1;3;1;;;;;0;;;;;1;0;;1;;1;;;;1;1;0;0;;1;0.666666666666667;38;0.0526315789473684;13;19.5229490078054;tarde
50000102;11000014;1000000757;500000494;2022;19;2;1;1;;00003476;00000001;;00002158;1;1;0;0;;;;;;;0;;;0;1;0;0;17;5;1;0;0;1;0;0;10;1;0;0;5;0;1;1;3;1;;;;;0;;;;;1;0;;1;;1;;;;1;1;0;0;;1;0.666666666666667;38;0.0526315789473684;13;19.5229490078054;tarde
50000103;11000014;1000000151;500000107;2022;14;2;1;1;;00001335;00000005;00000012;00003616;1;0;0;;0;0;0;;;;;0;;0;1;0;0;;4;1;0;0;1;0;0;;;0;0;5;0;1;1;3;1;;;;;0;;;;;1;0;;1;;1;;;;1;1;0;0;;1;0.666666666666667;38;0.0526315789473684;7;17.8654476453085;manha
50000103;11000014;1000000285;500000204;2022;19;2;2;1;;00000968;00000006;00000006;00004721;2;0;0;;0;1;;;;;;;0;0;1;0;1;;4;1;0;0;1;0;0;;;0;0;5;0;1;;3;1;;;;;0;;;;;1;0;;1;;1;;;;1;1;0;0;;1;0.666666666666667;38;0.0526315789473684;7;17.8654476453085;manha
50000103;11000014;1000000625;500000409;2022;10;2;1;1;;00001749;00000006;00000027;00004494;1;0;0;;;;;;;;0;;;0;1;0;0;;4;1;0;0;1;0;1;;;0;0;5;0;1;;3;1;;;;;0;;;;;1;0;;1;;1;;;;1;1;0;0;;1;0.666666666666667;38;0.0526315789473684;7;17.8654476453085;manha
50000103;11000014;1000001271;500000834;2022;10;2;1;1;;00003977;00000002;00000014;00004096;1;0;0;;;;;;;;;0;0;0;1;0;0;;4;1;0;0;1;0;0;;;0;0;2;0;1;;3;1;;;;;0;;;;;1;0;;1;;1;;;;1;1;0;0;;1;0.666666666666667;38;0.0526315789473684;7;17.8654476453085;manha
50000104;11000014;1000000268;500000194;2022;6;2;3;1;;00005070;00000008;00000013;;1;0;0;0;;;;;;0;0;;;0;1;0;1;21;5;1;0;0;1;0;0;-7;0;0;0;5;0;1;;3;1;;;;;0;;;;;1;0;;1;;1;;;;1;1;0;0;;1;0.666666666666667;38;0.0526315789473684;7;43.9689799789339;manha
50000104;11000014;1000000680;500000445;2022;13;2;3;1;;00003300;00000008;00000025;;1;0;0;;;;;;;;;;0;0;1;0;0;21;5;1;0;0;1;0;0;0;0;0;0;5;0;1;;3;1;;;;;0;;;;;1;0;;1;;1;;;;1;1;0;0;;1;0.666666666666667;38;0.0526315789473684;7;43.9689799789339;manha
50000104;11000014;1000000704;500000466;2022;9;2;1;1;;00003895;00000007;;;1;0;0;;0;;;;;;;;;0;1;0;0;21;5;1;0;0;1;0;0;-4;0;0;0;5;0;1;;3;1;;;;;0;;;;;1;0;;1;;1;;;;1;1;0;0;;1;0.666666666666667;38;0.0526315789473684;7;43.9689799789339;manha
50000104;11000014;1000001149;500000735;2022;13;2;0;1;;00003339;00000006;;;1;0;0;;;;;;;;;;;0;1;0;0;21;5;1;0;0;1;0;0;0;0;0;0;3;0;1;;3;1;;;;;0;;;;;1;0;;1;;1;;;;1;1;0;0;;1;0.666666666666667;38;0.0526315789473684;7;43.9689799789339;manha
50000104;11000014;1000001212;500000784;2022;11;1;1;1;;00004772;00000002;00000011;00004926;1;0;0;;;;;;;0;;;;0;1;0;;21;5;1;0;0;1;0;0;-2;0;0;0;2;0;1;1;3;1;;;;;0;;;;;1;0;;1;;1;;;;1;1;0;0;;1;0.666666666666667;38;0.0526315789473684;7;43.9689799789339;manha
50000104;11000014;1000001401;500000960;2022;8;2;3;1;;00000899;00000008;00000011;00000177;1;0;0;0;;;;;;;;;0;0;1;0;0;21;5;1;0;0;1;0;0;-5;0;0;0;0;;0;;3;1;;;;;0;;;;;1;0;;1;;1;;;;1;1;0;0;;1;0.666666666666667;38;0.0526315789473684;7;43.9689799789339;manha
50000105;11000014;1000000164;500000117;2022;12;2;3;1;;00003155;00000004;00000015;00002266;1;0;1;;;;;;0;0;;;;0;1;0;0;71;5;1;0;0;1;0;0;;;0;0;5;0;1;;3;1;;;;;0;;;;;1;0;;1;;1;;;;1;1;0;0;;1;0.666666666666667;38;0.0526315789473684;7;20.9488281654194;manha
50000105;11000014;1000000165;500000118;2022;19;2;0;1;;00002787;00000006;00000009;00000112;2;0;0;;0;;;;;;;;;0;1;;0;71;5;1;0;0;1;0;0;;;0;0;5;0;1;1;3;1;;;;;0;;;;;1;0;;1;;1;;;;1;1;0;0;;1;0.666666666666667;38;0.0526315789473684;7;20.9488281654194;manha
50000105;11000014;1000000339;500000237;2022;16;2;3;1;;00000334;00000002;00000019;00002535;1;0;0;;;;0;;;;;;0;0;1;0;0;71;5;1;0;0;1;0;0;;;0;0;5;0;1;1;3;1;;;;;0;;;;;1;0;;1;;1;;;;1;1;0;0;;1;0.666666666666667;38;0.0526315789473684;7;20.9488281654194;manha
50000105;11000014;1000000480;500000317;2022;15;1;0;1;;00000549;00000002;;;1;0;0;;;;0;;;;;;;0;1;0;0;71;5;1;0;0;1;0;0;;;1;0;5;0;1;;3;1;;;;;0;;;;;1;0;;1;;1;;;;1;1;0;0;;1;0.666666666666667;38;0.0526315789473684;7;20.9488281654194;manha
50000105;11000014;1000000571;500000377;2022;15;2;3;1;;00002860;00000003;00000004;00000376;2;0;0;;;;;;;;;;;0;1;0;0;71;5;1;0;0;1;0;0;;;0;0;5;0;1;;3;1;;;;;0;;;;;1;0;;1;;1;;;;1;1;0;0;;1;0.666666666666667;38;0.0526315789473684;7;20.9488281654194;manha
50000105;11000014;1000001290;500000852;2022;9;1;0;1;;00001755;00000002;00000021;00000952;1;0;1;0;;;0;;;;;0;;0;1;0;0;71;5;1;1;0;1;0;0;;;0;0;1;0;1;;3;1;;;;;0;;;;;1;0;;1;;1;;;;1;1;0;0;;1;0.666666666666667;38;0.0526315789473684;7;20.9488281654194;manha
50000106;11000015;1000000822;500000537;2022;14;1;3;1;;00002829;00000008;00000008;;1;0;1;;;;;;;;0;0;;0;1;0;0;17;5;1;0;0;1;0;0;5;1;0;0;5;0;1;;2;1;;1;;1;1;1;1;;;;0;;0;1;1;;;;;1;0;;0;3;0.777777777777778;25;0.16;7;16.2872513453476;manha
50000106;11000015;1000001366;500000925;2022;4;1;0;1;;00002918;00000003;00000008;00000825;2;1;0;;;;0;0;1;;;0;;0;1;0;0;17;5;1;0;0;1;0;0;-5;0;0;0;0;;0;;2;1;;1;;1;1;1;1;;;;0;;0;1;1;;;;;1;0;;0;3;0.777777777777778;25;0.16;7;16.2872513453476;manha
50000107;11000015;1000000628;500000411;2022;10;2;3;1;;00002436;00000006;00000009;00001072;1;0;0;;1;;;;;;0;;;0;1;0;0;15;5;1;0;0;1;0;0;3;1;0;1;5;0;1;1;2;1;;1;;1;1;1;1;;;;0;;0;1;1;;;;;1;0;;0;3;0.777777777777778;25;0.16;7;10.1801493228413;manha
50000107;11000015;1000001177;500000758;2022;19;1;0;1;;00000212;00000002;;00005448;1;0;0;;;;;;;;0;;;0;1;0;0;15;5;1;0;0;1;0;0;12;1;1;0;3;0;1;1;2;1;;1;;1;1;1;1;;;;0;;0;1;1;;;;;1;0;;0;3;0.777777777777778;25;0.16;7;10.1801493228413;manha
50000107;11000015;1000001188;500000767;2022;4;2;1;1;;00004660;00000003;00000002;;2;0;0;;0;;0;;;;;;;0;1;0;0;15;5;1;0;0;1;0;0;-3;0;0;0;2;0;1;;2;1;;1;;1;1;1;1;;;;0;;0;1;1;;;;;1;0;;0;3;0.777777777777778;25;0.16;7;10.1801493228413;manha
50000107;11000015;1000001312;500000874;2022;9;2;0;1;;00002135;00000002;;00004180;1;0;0;;;;;;;;;;;0;1;0;0;15;5;1;0;0;1;0;0;2;1;0;0;1;0;1;1;2;1;;1;;1;1;1;1;;;;0;;0;1;1;;;;;1;0;;0;3;0.777777777777778;25;0.16;7;10.1801493228413;manha
50000107;11000015;1000001398;500000957;2022;13;1;1;1;;00002247;00000008;;00005210;2;1;0;;0;;;;0;;;0;;0;1;;0;15;5;1;0;0;1;0;0;6;1;0;0;0;;0;;2;1;;1;;1;1;1;1;;;;0;;0;1;1;;;;;1;0;;0;3;0.777777777777778;25;0.16;7;10.1801493228413;manha
50000108;11000015;1000000088;500000063;2022;17;1;3;1;;00002764;00000006;;;1;0;0;;0;;;0;;0;;0;;0;1;0;0;25;2;1;0;0;1;0;0;2;1;0;0;5;0;1;;2;1;;1;;1;1;1;1;;;;0;;0;1;1;;;;;1;0;;0;3;0.777777777777778;25;0.16;7;1.86781849712133;manha
50000108;11000015;1000000931;500000601;2022;29;2;0;1;;00004414;00000008;00000009;00005411;1;0;1;;;;;;;0;;;;0;1;0;0;25;2;1;0;0;1;0;0;14;1;0;0;5;0;1;1;2;1;;1;;1;1;1;1;;;;0;;0;1;1;;;;;1;0;;0;3;0.777777777777778;25;0.16;7;1.86781849712133;manha
50000108;11000015;1000001231;500000800;2022;8;1;0;1;;00001957;00000007;;00004553;1;0;0;;;;0;1;;;;;;0;1;1;0;25;2;1;0;0;1;0;0;-7;0;0;0;2;0;1;1;2;1;;1;;1;1;1;1;;;;0;;0;1;1;;;;;1;0;;0;3;0.777777777777778;25;0.16;7;1.86781849712133;manha
50000109;11000015;1000000944;500000609;2022;9;2;1;1;;00000352;00000006;00000005;00001069;1;0;0;;;;0;;;;;;;0;1;0;0;1;5;1;0;0;1;0;0;;;0;1;5;0;1;1;2;1;;1;;1;1;1;1;;;;0;;0;1;1;;;;;1;0;;0;3;0.777777777777778;25;0.16;14;15.8614808123093;tarde
50000109;11000015;1000000991;500000634;2022;17;2;1;1;;00002520;00000002;00000019;00001205;1;0;0;;;;;;;0;;;;0;1;0;1;1;5;1;0;0;1;0;0;;;0;0;5;0;1;;2;1;;1;;1;1;1;1;;;;0;;0;1;1;;;;;1;0;;0;3;0.777777777777778;25;0.16;14;15.8614808123093;tarde
50000110;11000015;1000000422;500000282;2022;40;1;3;1;;00002993;00000003;00000007;;1;0;0;;;;0;;;;;;;0;1;0;0;;5;1;0;0;1;0;0;;;0;0;5;0;1;;2;1;;1;;1;1;1;1;;;;0;;0;1;1;;;;;1;0;;0;3;0.777777777777778;25;0.16;13;18.7277631950565;tarde
50000110;11000015;1000001125;500000722;2022;4;1;3;1;;00004444;00000003;00000012;00002377;1;0;1;;;;;;;;0;0;0;0;1;0;0;;5;1;0;0;1;0;0;;;0;0;3;0;1;;2;1;;1;;1;1;1;1;;;;0;;0;1;1;;;;;1;0;;0;3;0.777777777777778;25;0.16;13;18.7277631950565;tarde
50000110;11000015;1000001146;500000733;2022;14;2;3;1;;00000941;00000006;00000014;00002834;1;0;1;;;;;0;;;;;;0;1;0;0;;5;1;0;0;1;0;0;;;0;0;3;0;1;1;2;1;;1;;1;1;1;1;;;;0;;0;1;1;;;;;1;0;;0;3;0.777777777777778;25;0.16;13;18.7277631950565;tarde
50000111;11000015;1000000421;500000281;2022;13;1;0;1;;00004681;00000006;00000008;;2;0;0;;;;;;;;;;;0;1;0;0;;1;1;0;0;1;0;0;;;0;0;5;0;1;;2;1;;1;;1;1;1;1;;;;0;;0;1;1;;;;;1;0;;0;3;0.777777777777778;25;0.16;8;24.7494577628095;manha
50000111;11000015;1000000889;500000574;2022;22;2;3;1;;00002752;00000008;00000003;00000185;1;0;0;;;;;;;;;;0;0;1;0;0;;1;1;0;0;1;0;0;;;0;0;5;0;1;1;2;1;;1;;1;1;1;1;;;;0;;0;1;1;;;;;1;0;;0;3;0.777777777777778;25;0.16;8;24.7494577628095;manha
50000111;11000015;1000000977;500000629;2022;14;2;2;1;;00001091;00000001;00000012;;1;0;0;;;;;;;;;;;0;1;0;0;;1;1;0;0;1;0;0;;;1;0;5;1;1;;2;1;;1;;1;1;1;1;;;;0;;0;1;1;;;;;1;0;;0;3;0.777777777777778;25;0.16;8;24.7494577628095;manha
50000111;11000015;1000001219;500000790;2022;8;2;1;1;;00002299;00000008;00000003;00005146;2;0;0;;0;;;0;0;0;;0;0;0;1;0;0;;1;1;0;0;1;0;0;;;0;0;2;0;1;1;2;1;;1;;1;1;1;1;;;;0;;0;1;1;;;;;1;0;;0;3;0.777777777777778;25;0.16;8;24.7494577628095;manha
50000112;11000015;1000000065;500000042;2022;19;1;3;1;;00002243;00000002;00000005;00004437;2;0;0;;;;;;;;;;;0;1;0;;19;6;1;0;0;1;0;0;8;1;0;0;5;0;1;;2;1;;1;;1;1;1;1;;;;0;;0;1;1;;;;;1;0;;0;3;0.777777777777778;25;0.16;13;31.161780852126;tarde
50000112;11000015;1000000423;500000283;2022;22;1;1;1;;00001017;00000001;;00001300;1;0;0;;;;;0;;0;;;;0;1;0;1;19;6;1;0;0;1;0;0;11;1;0;0;5;0;1;1;2;1;;1;;1;1;1;1;;;;0;;0;1;1;;;;;1;0;;0;3;0.777777777777778;25;0.16;13;31.161780852126;tarde
50000113;11000016;1000000321;500000225;2022;20;1;3;1;;;00000007;00000027;;1;0;0;0;;;;;;;;;;0;1;0;1;22;2;1;0;0;1;0;0;;;0;0;5;0;1;;3;2;;;;1;0;0;;1;;1;;1;0;0;1;1;0;;;26;0;0;0;0;0.545454545454545;31;0.838709677419355;7;26.8577011709567;manha
50000113;11000016;1000000596;500000389;2022;12;1;3;1;;00001534;00000006;;00002101;1;1;0;;1;1;;;0;;;;;0;1;0;0;22;2;1;0;0;1;0;0;;;0;0;5;0;1;1;3;2;;;;1;0;0;;1;;1;;1;0;0;1;1;0;;;26;0;0;0;0;0.545454545454545;31;0.838709677419355;7;26.8577011709567;manha
50000113;11000016;1000001164;500000747;2022;10;1;3;1;;00004906;00000008;00000007;00003759;1;0;0;;;1;;;;;;0;0;0;1;0;0;22;2;1;0;0;1;0;0;;;0;0;3;0;1;1;3;2;;;;1;0;0;;1;;1;;1;0;0;1;1;0;;;26;0;0;0;0;0.545454545454545;31;0.838709677419355;7;26.8577011709567;manha
50000113;11000016;1000001234;500000801;2022;9;2;1;1;;00000519;00000002;00000007;;1;0;0;;;;;;0;;0;;0;0;1;0;0;22;2;1;0;0;1;0;0;;;0;0;2;0;1;;3;2;;;;1;0;0;;1;;1;;1;0;0;1;1;0;;;26;0;0;0;0;0.545454545454545;31;0.838709677419355;7;26.8577011709567;manha
50000113;11000016;1000001397;500000956;2022;9;1;3;1;;00002206;00000007;00000016;00004607;1;0;0;0;;;0;0;;;;;;0;1;0;0;22;2;1;0;0;1;0;0;;;0;0;0;;0;;3;2;;;;1;0;0;;1;;1;;1;0;0;1;1;0;;;26;0;0;0;0;0.545454545454545;31;0.838709677419355;7;26.8577011709567;manha
50000114;11000016;1000000244;500000175;2022;12;1;0;1;;00002666;00000002;00000016;;1;0;0;;;;;;;;;;;0;1;0;0;21;5;1;0;0;1;0;0;-1;0;0;0;5;0;1;;3;2;;;;1;0;0;;1;;1;;1;0;0;1;1;0;;;26;0;0;0;0;0.545454545454545;31;0.838709677419355;13;28.6064135946799;tarde
50000114;11000016;1000000265;500000193;2022;19;2;0;1;;00002984;00000001;00000015;00001772;1;0;0;;;;;;0;;;;0;0;1;0;0;21;5;1;0;0;1;0;0;6;1;0;0;5;0;1;1;3;2;;;;1;0;0;;1;;1;;1;0;0;1;1;0;;;26;0;0;0;0;0.545454545454545;31;0.838709677419355;13;28.6064135946799;tarde
50000114;11000016;1000000809;500000528;2022;12;1;1;1;;00004583;00000008;00000021;00002880;1;0;1;;;;;;;0;;;;0;1;0;0;21;5;1;0;0;1;0;0;-1;0;0;0;5;0;1;1;3;2;;;;1;0;0;;1;;1;;1;0;0;1;1;0;;;26;0;0;0;0;0.545454545454545;31;0.838709677419355;13;28.6064135946799;tarde
50000115;11000016;1000000029;500000018;2022;8;1;1;1;;00004839;00000004;;00000279;2;0;0;0;;;0;;;0;;1;;0;1;0;0;17;5;1;0;0;1;0;0;-1;0;0;0;5;0;1;1;3;2;;;;1;0;0;;1;;1;;1;0;0;1;1;0;;;26;0;0;0;0;0.545454545454545;31;0.838709677419355;7;7.55551991169341;manha
50000115;11000016;1000000053;500000035;2022;22;1;0;1;;00002862;00000008;00000010;;1;0;1;;;0;;;;0;;;;0;1;0;;17;5;1;0;0;1;0;0;13;1;1;0;5;0;1;;3;2;;;;1;0;0;;1;;1;;1;0;0;1;1;0;;;26;0;0;0;0;0.545454545454545;31;0.838709677419355;7;7.55551991169341;manha
50000115;11000016;1000000398;500000269;2022;12;1;1;1;;00004100;00000007;;00004143;1;0;0;0;;;;0;;;;;;0;1;0;0;17;5;1;0;0;1;0;0;3;1;0;0;5;0;1;1;3;2;;;;1;0;0;;1;;1;;1;0;0;1;1;0;;;26;0;0;0;0;0.545454545454545;31;0.838709677419355;7;7.55551991169341;manha
50000115;11000016;1000001165;500000748;2022;18;1;0;1;;00004018;00000007;00000020;00002086;2;0;0;;;1;;;;;;;;0;1;0;0;17;5;1;0;0;1;0;0;9;1;0;0;3;0;1;1;3;2;;;;1;0;0;;1;;1;;1;0;0;1;1;0;;;26;0;0;0;0;0.545454545454545;31;0.838709677419355;7;7.55551991169341;manha
50000115;11000016;1000001435;500000994;2022;41;2;1;1;;00000830;00000002;00000020;;1;0;0;;;;;;0;0;;;0;0;1;0;0;17;5;1;0;0;1;0;0;32;1;0;0;0;;0;;3;2;;;;1;0;0;;1;;1;;1;0;0;1;1;0;;;26;0;0;0;0;0.545454545454545;31;0.838709677419355;7;7.55551991169341;manha
50000116;11000016;1000000094;500000068;2022;6;2;3;1;;00002194;00000006;;;1;0;0;;;;;;;;;;;0;1;0;0;2;5;1;0;0;1;0;0;;;0;0;5;0;1;;3;2;;;;1;0;0;;1;;1;;1;0;0;1;1;0;;;26;0;0;0;0;0.545454545454545;31;0.838709677419355;13;29.3960250343662;tarde
50000116;11000016;1000000710;500000470;2022;7;2;1;1;;00000989;00000006;;00004426;1;0;0;;;1;;;;;;;;0;1;1;0;2;5;1;0;0;1;0;0;;;1;1;5;0;1;1;3;2;;;;1;0;0;;1;;1;;1;0;0;1;1;0;;;26;0;0;0;0;0.545454545454545;31;0.838709677419355;13;29.3960250343662;tarde
50000116;11000016;1000000892;500000577;2022;11;1;1;1;;00001642;00000005;00000009;;1;0;1;;;;;;;;;0;;0;1;0;;2;5;1;0;0;1;0;0;;;0;0;5;0;1;;3;2;;;;1;0;0;;1;;1;;1;0;0;1;1;0;;;26;0;0;0;0;0.545454545454545;31;0.838709677419355;13;29.3960250343662;tarde
50000117;11000016;1000000703;500000465;2022;10;2;0;1;;00001911;00000003;;00003893;1;0;0;0;1;;0;;;0;;0;0;0;1;0;0;19;5;1;0;0;1;0;0;-1;0;0;0;5;0;1;1;3;2;;;;1;0;0;;1;;1;;1;0;0;1;1;0;;;26;0;0;0;0;0.545454545454545;31;0.838709677419355;13;20.3755762474611;tarde
50000117;11000016;1000001091;500000702;2022;16;1;3;1;;00003056;00000002;00000026;;1;0;0;;;;;;;;0;;;0;1;0;1;19;5;1;1;0;1;0;0;5;1;0;0;4;0;1;;3;2;;;;1;0;0;;1;;1;;1;0;0;1;1;0;;;26;0;0;0;0;0.545454545454545;31;0.838709677419355;13;20.3755762474611;tarde
50000117;11000016;1000001196;500000771;2022;17;2;1;1;;00000396;00000007;00000020;;1;0;0;;;;;;;;;;;0;1;0;0;19;5;1;0;0;1;0;0;6;1;0;1;2;0;1;;3;2;;;;1;0;0;;1;;1;;1;0;0;1;1;0;;;26;0;0;0;0;0.545454545454545;31;0.838709677419355;13;20.3755762474611;tarde
50000118;11000016;1000000951;500000614;2022;20;2;3;1;;00002717;00000005;00000027;;1;0;1;;0;;;0;;;;;;0;1;0;0;;5;1;0;0;1;0;0;;;0;1;5;0;1;;3;2;;;;1;0;0;;1;;1;;1;0;0;1;1;0;;;26;0;0;0;0;0.545454545454545;31;0.838709677419355;11;6.67795933783054;manha
50000119;11000016;1000000191;500000139;2022;22;1;0;1;;00002944;00000006;;00004797;2;0;0;;;;;;;0;;;;0;1;0;0;1;5;1;0;0;1;0;0;;;0;1;5;0;1;1;3;2;;;;1;0;0;;1;;1;;1;0;0;1;1;0;;;26;0;0;0;0;0.545454545454545;31;0.838709677419355;7;2.88135834038258;manha
50000119;11000016;1000000399;500000270;2022;17;1;0;1;;00000130;00000002;00000015;00002990;1;0;1;;;;;;0;;;0;0;0;1;1;;1;5;1;0;0;1;0;1;;;0;0;5;0;1;1;3;2;;;;1;0;0;;1;;1;;1;0;0;1;1;0;;;26;0;0;0;0;0.545454545454545;31;0.838709677419355;7;2.88135834038258;manha
50000119;11000016;1000000438;500000293;2022;17;2;3;1;;00004563;00000005;00000022;00001763;1;0;1;0;;1;;1;;;;;;0;1;0;;1;5;1;0;0;1;0;0;;;0;0;5;0;1;1;3;2;;;;1;0;0;;1;;1;;1;0;0;1;1;0;;;26;0;0;0;0;0.545454545454545;31;0.838709677419355;7;2.88135834038258;manha
50000119;11000016;1000001328;500000888;2022;13;1;1;1;;00004907;00000001;00000020;;1;0;0;;;;0;;;0;;;;0;1;0;0;1;5;1;0;0;1;0;0;;;0;0;1;0;1;;3;2;;;;1;0;0;;1;;1;;1;0;0;1;1;0;;;26;0;0;0;0;0.545454545454545;31;0.838709677419355;7;2.88135834038258;manha
50000120;11000017;1000000205;500000149;2022;13;1;3;1;;00002284;00000006;;00000003;1;0;1;;;;;;;;;;0;0;1;0;0;2;5;1;0;0;1;0;0;;;0;1;5;0;1;;4;1;;1;;1;0;;;;;;1;1;0;1;1;1;1;1;1;2;0;1;;2;0.833333333333333;29;0.172413793103448;13;33.1903296720702;tarde
50000120;11000017;1000000927;500000597;2022;14;1;1;1;;00004675;00000005;00000007;00000704;1;0;0;;;;;;;;;;;0;1;0;0;2;5;1;0;0;1;0;0;;;0;0;5;0;1;1;4;1;;1;;1;0;;;;;;1;1;0;1;1;1;1;1;1;2;0;1;;2;0.833333333333333;29;0.172413793103448;13;33.1903296720702;tarde
50000120;11000017;1000001325;500000885;2022;10;2;0;1;;00003530;00000006;;00004728;1;0;;0;;;;;0;0;;;;0;1;0;0;2;5;1;0;0;1;0;0;;;0;0;1;0;1;1;4;1;;1;;1;0;;;;;;1;1;0;1;1;1;1;1;1;2;0;1;;2;0.833333333333333;29;0.172413793103448;13;33.1903296720702;tarde
50000120;11000017;1000001427;500000986;2022;8;2;0;1;;00004899;00000007;00000018;00001942;1;0;0;;;;;;0;;;0;;0;1;0;0;2;5;1;0;0;1;0;0;;;0;0;0;;0;;4;1;;1;;1;0;;;;;;1;1;0;1;1;1;1;1;1;2;0;1;;2;0.833333333333333;29;0.172413793103448;13;33.1903296720702;tarde
50000121;11000017;1000000584;500000383;2022;15;1;0;1;;00002691;00000005;;;1;0;0;;;;0;0;;;0;0;;0;1;0;0;;5;1;0;0;1;0;0;;;0;1;5;0;1;;4;1;;1;;1;0;;;;;;1;1;0;1;1;1;1;1;1;2;0;1;;2;0.833333333333333;29;0.172413793103448;7;40.2497885208577;manha
50000121;11000017;1000000979;500000630;2022;17;2;0;1;;00001705;00000006;;00000646;2;0;0;;;;;;;0;;0;;;1;0;0;;5;1;0;0;1;0;0;;;0;0;5;0;1;;4;1;;1;;1;0;;;;;;1;1;0;1;1;1;1;1;1;2;0;1;;2;0.833333333333333;29;0.172413793103448;7;40.2497885208577;manha
50000121;11000017;1000001436;500000995;2022;16;1;1;1;;00005193;00000006;00000018;00004438;1;0;1;;0;1;;;;;;;;0;1;0;0;;5;1;0;0;1;0;0;;;0;0;0;;0;;4;1;;1;;1;0;;;;;;1;1;0;1;1;1;1;1;1;2;0;1;;2;0.833333333333333;29;0.172413793103448;7;40.2497885208577;manha
50000122;11000017;1000001228;500000797;2022;10;1;1;1;;00000742;00000001;00000005;00002220;1;0;0;;;;0;;0;;;;;0;1;0;0;18;5;1;0;0;1;0;0;0;0;0;0;2;0;1;1;4;1;;1;;1;0;;;;;;1;1;0;1;1;1;1;1;1;2;0;1;;2;0.833333333333333;29;0.172413793103448;13;31.3013334257994;tarde
50000122;11000017;1000001347;500000906;2022;13;1;0;1;;00001837;00000006;00000013;;1;0;0;;;;;;;0;1;;;0;1;0;0;18;5;1;0;0;1;0;0;3;1;0;0;1;0;1;;4;1;;1;;1;0;;;;;;1;1;0;1;1;1;1;1;1;2;0;1;;2;0.833333333333333;29;0.172413793103448;13;31.3013334257994;tarde
50000123;11000017;1000000650;500000425;2022;15;1;0;1;;00000380;00000008;00000024;00002229;1;0;0;;;;;;;0;;;;0;1;0;0;26;5;1;0;0;1;0;0;-1;0;0;0;5;0;1;1;4;1;;1;;1;0;;;;;;1;1;0;1;1;1;1;1;1;2;0;1;;2;0.833333333333333;29;0.172413793103448;7;40.5810902705416;manha
50000123;11000017;1000000794;500000519;2022;21;1;1;1;;00004025;00000003;00000007;00004357;1;0;0;;;;;0;0;;;0;;0;1;0;0;26;5;1;0;0;1;0;0;5;1;0;0;5;0;1;;4;1;;1;;1;0;;;;;;1;1;0;1;1;1;1;1;1;2;0;1;;2;0.833333333333333;29;0.172413793103448;7;40.5810902705416;manha
50000124;11000017;1000000083;500000058;2022;11;2;0;1;;00003981;00000008;00000025;00004545;1;0;1;;;;;;;0;;;0;0;1;0;0;71;5;1;0;0;1;0;0;;;0;0;5;0;1;1;4;1;;1;;1;0;;;;;;1;1;0;1;1;1;1;1;1;2;0;1;;2;0.833333333333333;29;0.172413793103448;18;20.5600321176462;noite
50000124;11000017;1000000494;500000325;2022;13;1;0;1;;00000892;00000006;;00000815;2;0;1;;;;;0;;;;;;0;1;0;0;71;5;1;0;0;1;0;0;;;0;0;5;0;1;1;4;1;;1;;1;0;;;;;;1;1;0;1;1;1;1;1;1;2;0;1;;2;0.833333333333333;29;0.172413793103448;18;20.5600321176462;noite
50000124;11000017;1000000771;500000502;2022;17;1;1;1;;00003406;00000006;00000002;00003068;2;0;0;;;;;0;;;;;;0;1;0;1;71;5;1;0;0;1;0;0;;;0;0;5;0;1;1;4;1;;1;;1;0;;;;;;1;1;0;1;1;1;1;1;1;2;0;1;;2;0.833333333333333;29;0.172413793103448;18;20.5600321176462;noite
50000124;11000017;1000001102;500000706;2022;7;2;3;1;;00002722;00000008;00000005;00005421;1;1;0;;;;;;;;;;;0;1;0;0;71;5;1;0;0;1;0;0;;;0;0;3;0;1;1;4;1;;1;;1;0;;;;;;1;1;0;1;1;1;1;1;1;2;0;1;;2;0.833333333333333;29;0.172413793103448;18;20.5600321176462;noite
50000125;11000017;1000000162;500000115;2022;21;1;0;1;;00001017;00000004;00000008;;1;0;0;;;;;;;0;;;;0;1;0;0;18;5;1;0;0;1;0;0;11;1;0;0;5;0;1;;4;1;;1;;1;0;;;;;;1;1;0;1;1;1;1;1;1;2;0;1;;2;0.833333333333333;29;0.172413793103448;13;13.8945226254873;tarde
50000125;11000017;1000000245;500000176;2022;13;1;3;1;;00004650;00000006;00000015;00004875;1;0;0;0;;1;;0;;0;;;;0;1;0;0;18;5;1;0;0;1;0;0;3;1;0;0;5;0;1;1;4;1;;1;;1;0;;;;;;1;1;0;1;1;1;1;1;1;2;0;1;;2;0.833333333333333;29;0.172413793103448;13;13.8945226254873;tarde
50000125;11000017;1000000291;500000209;2022;9;1;1;1;;00000340;00000002;00000025;;1;0;0;;;;0;0;;;;;;0;1;0;1;18;5;1;0;0;1;0;0;-1;0;0;0;5;0;1;;4;1;;1;;1;0;;;;;;1;1;0;1;1;1;1;1;1;2;0;1;;2;0.833333333333333;29;0.172413793103448;13;13.8945226254873;tarde
50000126;11000017;1000000078;500000054;2022;12;1;0;1;;00000486;00000002;;00002449;1;0;1;;;;;;;;0;0;;0;1;0;0;41;5;1;0;0;1;0;0;-2;0;0;1;5;0;1;;4;1;;1;;1;0;;;;;;1;1;0;1;1;1;1;1;1;2;0;1;;2;0.833333333333333;29;0.172413793103448;7;32.3541298869532;manha
50000126;11000017;1000000468;500000311;2022;20;1;0;1;;00004149;00000001;00000027;00003333;2;0;0;;;1;;;0;;;;0;0;1;0;0;41;5;1;0;0;1;0;0;6;1;1;1;5;0;1;1;4;1;;1;;1;0;;;;;;1;1;0;1;1;1;1;1;1;2;0;1;;2;0.833333333333333;29;0.172413793103448;7;32.3541298869532;manha
50000126;11000017;1000000747;500000488;2022;22;1;0;1;;00001163;00000004;00000023;;1;0;0;0;;;0;;;;;;0;0;1;0;0;41;5;1;0;0;1;0;0;8;1;0;0;5;0;1;;4;1;;1;;1;0;;;;;;1;1;0;1;1;1;1;1;1;2;0;1;;2;0.833333333333333;29;0.172413793103448;7;32.3541298869532;manha
50000126;11000017;1000000756;500000493;2022;12;2;0;1;;00002648;00000008;00000014;00000842;1;0;0;;;;0;;;;;;;0;1;0;0;41;5;1;0;0;1;0;0;-2;0;1;0;5;0;1;;4;1;;1;;1;0;;;;;;1;1;0;1;1;1;1;1;1;2;0;1;;2;0.833333333333333;29;0.172413793103448;7;32.3541298869532;manha
50000126;11000017;1000001105;500000709;2022;20;2;3;1;;;00000001;00000027;00004474;2;0;1;;;;;0;0;;;;;;1;0;0;41;5;1;0;0;1;0;0;6;1;0;0;3;0;1;1;4;1;;1;;1;0;;;;;;1;1;0;1;1;1;1;1;1;2;0;1;;2;0.833333333333333;29;0.172413793103448;7;32.3541298869532;manha
50000127;11000018;1000000350;500000243;2022;13;1;1;1;;00001171;00000008;;00000871;1;0;1;;;;;;;;;;;0;1;0;0;25;2;1;0;0;1;0;0;-2;0;0;0;5;0;1;;2;1;;;1;1;0;1;0;0;0;1;0;;0;0;;;;0;;1;;;0;;0.333333333333333;29;0.0344827586206897;7;3.01889208611101;manha
50000127;11000018;1000000562;500000369;2022;18;2;0;1;;00000378;00000007;;00003144;1;0;0;;0;;;0;;;;;;0;1;0;0;25;2;1;0;0;1;0;1;3;1;1;0;5;0;1;1;2;1;;;1;1;0;1;0;0;0;1;0;;0;0;;;;0;;1;;;0;;0.333333333333333;29;0.0344827586206897;7;3.01889208611101;manha
50000127;11000018;1000001153;500000739;2022;16;1;3;1;;00001092;00000002;00000004;00000224;2;0;0;0;;;;;;;;0;;0;1;0;0;25;2;1;0;0;1;0;0;1;0;0;0;3;0;1;1;2;1;;;1;1;0;1;0;0;0;1;0;;0;0;;;;0;;1;;;0;;0.333333333333333;29;0.0344827586206897;7;3.01889208611101;manha
50000127;11000018;1000001440;500000999;2022;15;2;2;1;;00005513;00000005;00000022;;1;0;0;;;;;;0;;;;;0;1;0;0;25;2;1;0;0;1;0;0;0;0;0;0;0;;0;;2;1;;;1;1;0;1;0;0;0;1;0;;0;0;;;;0;;1;;;0;;0.333333333333333;29;0.0344827586206897;7;3.01889208611101;manha
50000128;11000018;1000000737;500000484;2022;10;2;1;1;;00000475;00000004;00000024;;1;0;0;;;;;;;;;;0;0;1;0;0;1;5;1;0;0;1;0;0;;;0;0;5;0;1;;2;1;;;1;1;0;1;0;0;0;1;0;;0;0;;;;0;;1;;;0;;0.333333333333333;29;0.0344827586206897;13;4.55159273464233;tarde
50000128;11000018;1000001158;500000743;2022;19;2;1;1;;00003048;00000004;00000002;00003408;1;0;0;;0;;;;;;;;;0;1;0;0;1;5;1;0;0;1;0;1;;;0;0;3;0;1;1;2;1;;;1;1;0;1;0;0;0;1;0;;0;0;;;;0;;1;;;0;;0.333333333333333;29;0.0344827586206897;13;4.55159273464233;tarde
50000128;11000018;1000001346;500000905;2022;22;2;3;1;;00003124;00000001;;00004197;2;0;0;0;;;;;;;;;;0;1;0;0;1;5;1;0;0;1;0;0;;;0;0;1;0;1;;2;1;;;1;1;0;1;0;0;0;1;0;;0;0;;;;0;;1;;;0;;0.333333333333333;29;0.0344827586206897;13;4.55159273464233;tarde
50000129;11000018;1000000646;500000422;2022;12;1;0;1;;00000990;00000003;00000011;00004980;1;0;1;;;;;;;;;;;0;1;1;0;;5;1;0;0;1;0;0;;;1;1;5;0;1;1;2;1;;;1;1;0;1;0;0;0;1;0;;0;0;;;;0;;1;;;0;;0.333333333333333;29;0.0344827586206897;7;35.5868357950822;manha
50000129;11000018;1000001031;500000655;2022;12;2;3;1;;00005351;00000005;00000008;00005067;1;0;0;;;;;;;;;;;0;1;0;0;;5;1;0;0;1;0;0;;;0;0;4;0;1;1;2;1;;;1;1;0;1;0;0;0;1;0;;0;0;;;;0;;1;;;0;;0.333333333333333;29;0.0344827586206897;7;35.5868357950822;manha
50000129;11000018;1000001065;500000681;2022;13;2;3;1;;00003217;00000006;;00000306;2;0;1;;;;;;0;;;;;0;1;0;0;;5;1;0;0;1;0;0;;;0;0;4;0;1;;2;1;;;1;1;0;1;0;0;0;1;0;;0;0;;;;0;;1;;;0;;0.333333333333333;29;0.0344827586206897;7;35.5868357950822;manha
50000130;11000018;1000000298;500000215;2022;19;1;0;1;;00002769;00000005;00000002;00002812;1;0;0;;;;;;;;0;;;0;1;0;0;2;5;1;0;0;1;0;0;;;0;0;5;0;1;1;2;1;;;1;1;0;1;0;0;0;1;0;;0;0;;;;0;;1;;;0;;0.333333333333333;29;0.0344827586206897;13;5.97933681216091;tarde
50000130;11000018;1000000765;500000497;2022;10;2;3;1;;00004985;00000003;00000009;00001235;1;0;0;;;;0;;;;;;;0;1;0;0;2;5;1;0;0;1;0;0;;;1;0;5;0;1;1;2;1;;;1;1;0;1;0;0;0;1;0;;0;0;;;;0;;1;;;0;;0.333333333333333;29;0.0344827586206897;13;5.97933681216091;tarde
50000130;11000018;1000000906;500000588;2022;14;1;1;1;;00001980;00000006;;;1;0;0;;;;;;;;;0;;0;1;0;0;2;5;1;0;0;1;0;0;;;0;0;5;0;1;;2;1;;;1;1;0;1;0;0;0;1;0;;0;0;;;;0;;1;;;0;;0.333333333333333;29;0.0344827586206897;13;5.97933681216091;tarde
50000130;11000018;1000001032;500000656;2022;24;2;1;1;;00000777;00000007;00000002;00001692;1;0;0;0;;;;;;;;;;0;1;0;0;2;5;1;0;0;1;0;0;;;0;0;4;0;1;1;2;1;;;1;1;0;1;0;0;0;1;0;;0;0;;;;0;;1;;;0;;0.333333333333333;29;0.0344827586206897;13;5.97933681216091;tarde
50000130;11000018;1000001088;500000700;2022;14;1;1;1;;00005350;00000004;;00001246;1;0;0;;;;;;0;;;0;;0;1;;0;2;5;1;0;0;1;0;1;;;0;0;4;0;1;1;2;1;;;1;1;0;1;0;0;0;1;0;;0;0;;;;0;;1;;;0;;0.333333333333333;29;0.0344827586206897;13;5.97933681216091;tarde
50000130;11000018;1000001388;500000947;2022;5;1;0;1;;00004109;00000006;00000018;00003854;1;0;1;0;;;;;;;0;;;0;1;0;0;2;5;1;0;0;1;0;0;;;0;0;0;;0;;2;1;;;1;1;0;1;0;0;0;1;0;;0;0;;;;0;;1;;;0;;0.333333333333333;29;0.0344827586206897;13;5.97933681216091;tarde
50000130;11000018;1000001389;500000948;2022;4;1;0;1;;00002496;00000003;;;1;0;1;;1;0;;0;;;;;;0;1;0;0;2;5;1;0;0;1;0;0;;;0;0;0;;0;;2;1;;;1;1;0;1;0;0;0;1;0;;0;0;;;;0;;1;;;0;;0.333333333333333;29;0.0344827586206897;13;5.97933681216091;tarde
50000131;11000018;1000000763;500000496;2022;18;2;1;1;;00000155;00000004;00000017;;1;0;0;;;;;;;;0;0;0;0;1;1;;2;5;1;0;0;1;0;0;;;0;0;5;0;1;;2;1;;;1;1;0;1;0;0;0;1;0;;0;0;;;;0;;1;;;0;;0.333333333333333;29;0.0344827586206897;7;19.2563951190095;manha
50000131;11000018;1000001043;500000666;2022;11;1;3;1;;00001265;00000004;;00000455;1;0;0;;;1;0;;;;;;;;1;;0;2;5;1;0;0;1;0;0;;;0;0;4;0;1;1;2;1;;;1;1;0;1;0;0;0;1;0;;0;0;;;;0;;1;;;0;;0.333333333333333;29;0.0344827586206897;7;19.2563951190095;manha
50000131;11000018;1000001217;500000788;2022;5;2;1;1;;00001805;00000001;00000006;00001601;1;0;0;;;;0;;;;0;;;0;1;0;0;2;5;1;0;0;1;0;0;;;0;0;2;0;1;;2;1;;;1;1;0;1;0;0;0;1;0;;0;0;;;;0;;1;;;0;;0.333333333333333;29;0.0344827586206897;7;19.2563951190095;manha
50000132;11000018;1000000222;500000162;2022;12;2;3;1;;00002827;00000001;00000006;;1;0;0;;;;;;;;0;0;;0;1;0;0;16;5;1;0;0;1;0;0;4;1;0;0;5;0;1;;2;1;;;1;1;0;1;0;0;0;1;0;;0;0;;;;0;;1;;;0;;0.333333333333333;29;0.0344827586206897;12;28.3539470564574;tarde
50000133;11000018;1000000465;500000309;2022;11;1;3;1;;00001407;00000004;00000024;00000687;1;0;0;0;;;;;;;;;;0;1;0;0;17;5;1;0;0;1;0;0;2;1;0;1;5;0;1;;2;1;;;1;1;0;1;0;0;0;1;0;;0;0;;;;0;;1;;;0;;0.333333333333333;29;0.0344827586206897;19;8.54932086076587;noite
50000133;11000018;1000000734;500000481;2022;17;1;3;1;;00005182;00000007;00000026;;2;0;1;;;;;;;;;;;0;1;0;0;17;5;1;0;0;1;0;0;8;1;0;0;5;0;1;;2;1;;;1;1;0;1;0;0;0;1;0;;0;0;;;;0;;1;;;0;;0.333333333333333;29;0.0344827586206897;19;8.54932086076587;noite
50000133;11000018;1000001058;500000676;2022;24;2;0;1;;00003068;00000001;00000004;00004178;1;0;0;;;;;;;;;;;;1;0;0;17;5;1;0;0;1;0;0;15;1;0;0;4;0;1;1;2;1;;;1;1;0;1;0;0;0;1;0;;0;0;;;;0;;1;;;0;;0.333333333333333;29;0.0344827586206897;19;8.54932086076587;noite
50000133;11000018;1000001122;500000721;2022;6;1;3;1;;00005384;00000004;00000013;;2;0;0;;1;;;0;;;;0;0;0;1;0;0;17;5;1;0;0;1;0;0;-3;0;0;0;3;0;1;;2;1;;;1;1;0;1;0;0;0;1;0;;0;0;;;;0;;1;;;0;;0.333333333333333;29;0.0344827586206897;19;8.54932086076587;noite
50000134;11000019;1000000595;500000388;2022;13;1;3;1;;00003695;00000005;00000004;;1;0;1;0;1;;;;0;;;;;0;1;0;0;1;5;1;0;0;1;0;0;;;0;0;5;0;1;;4;1;;1;1;;;;0;;0;1;;1;1;0;1;1;1;0;0;;;;;;0.615384615384615;41;0;13;15.1644296594895;tarde
50000134;11000019;1000001066;500000682;2022;12;2;3;1;;00005023;00000003;00000013;;1;0;0;;;;0;;;;;;;;1;1;0;1;5;1;0;0;1;0;0;;;0;0;4;0;1;;4;1;;1;1;;;;0;;0;1;;1;1;0;1;1;1;0;0;;;;;;0.615384615384615;41;0;13;15.1644296594895;tarde
50000134;11000019;1000001229;500000798;2022;4;1;0;1;;00005452;00000008;00000006;00003321;1;0;0;0;;;;0;;;;;;0;1;0;0;1;5;1;0;0;1;0;0;;;0;0;2;0;1;;4;1;;1;1;;;;0;;0;1;;1;1;0;1;1;1;0;0;;;;;;0.615384615384615;41;0;13;15.1644296594895;tarde
50000134;11000019;1000001293;500000855;2022;15;1;1;1;;00001554;00000001;;;1;0;1;;;;;;;;;;0;0;1;0;0;1;5;1;0;0;1;0;0;;;0;0;1;0;1;;4;1;;1;1;;;;0;;0;1;;1;1;0;1;1;1;0;0;;;;;;0.615384615384615;41;0;13;15.1644296594895;tarde
50000134;11000019;1000001416;500000975;2022;5;1;0;1;;00001192;00000006;00000020;00002240;1;0;0;;;;;;;;;;;0;1;0;0;1;5;1;0;0;1;0;0;;;0;0;0;;0;;4;1;;1;1;;;;0;;0;1;;1;1;0;1;1;1;0;0;;;;;;0.615384615384615;41;0;13;15.1644296594895;tarde
50000135;11000019;1000000688;500000453;2022;9;1;3;1;;00002489;00000005;00000001;;1;0;0;;;;0;;0;;;;;0;1;0;0;20;5;1;0;0;1;0;0;-3;0;0;0;5;0;1;;4;1;;1;1;;;;0;;0;1;;1;1;0;1;1;1;0;0;;;;;;0.615384615384615;41;0;13;28.886853690492;tarde
50000135;11000019;1000001052;500000671;2022;13;2;1;1;;00005529;00000008;;;1;0;0;;;;;;;;0;;;;1;0;0;20;5;1;0;0;1;0;0;1;0;0;0;4;0;1;;4;1;;1;1;;;;0;;0;1;;1;1;0;1;1;1;0;0;;;;;;0.615384615384615;41;0;13;28.886853690492;tarde
50000135;11000019;1000001202;500000774;2022;9;2;0;1;;00002426;00000006;;;1;0;1;;;;;;;;;;;0;1;0;0;20;5;1;0;0;1;0;0;-3;0;0;0;2;0;1;;4;1;;1;1;;;;0;;0;1;;1;1;0;1;1;1;0;0;;;;;;0.615384615384615;41;0;13;28.886853690492;tarde
50000135;11000019;1000001319;500000880;2022;12;2;0;1;;00003385;00000007;00000011;00001083;1;1;0;;;;0;0;;;;0;;0;1;0;0;20;5;1;0;0;1;0;0;0;0;0;0;1;0;1;1;4;1;;1;1;;;;0;;0;1;;1;1;0;1;1;1;0;0;;;;;;0.615384615384615;41;0;13;28.886853690492;tarde
50000136;11000019;1000000120;500000086;2022;14;2;3;1;;00003758;00000003;;;1;0;0;;;1;;;;0;0;;;0;1;0;0;14;5;1;0;0;1;0;0;8;1;0;0;5;0;1;;4;1;;1;1;;;;0;;0;1;;1;1;0;1;1;1;0;0;;;;;;0.615384615384615;41;0;13;9.37914651469328;tarde
50000136;11000019;1000000371;500000258;2022;14;1;0;1;;00004548;00000007;;;1;0;0;;;;;;0;;;;;0;1;0;1;14;5;1;0;0;1;0;0;8;1;0;0;5;0;1;;4;1;;1;1;;;;0;;0;1;;1;1;0;1;1;1;0;0;;;;;;0.615384615384615;41;0;13;9.37914651469328;tarde
50000136;11000019;1000000375;500000261;2022;35;1;3;1;;00004551;00000005;;00001890;1;0;0;;;;;0;;;;0;;0;1;0;0;14;5;1;0;0;1;0;0;29;1;0;0;5;0;1;;4;1;;1;1;;;;0;;0;1;;1;1;0;1;1;1;0;0;;;;;;0.615384615384615;41;0;13;9.37914651469328;tarde
50000136;11000019;1000001204;500000776;2022;4;1;3;1;;00002562;00000002;00000008;00004236;2;0;0;;;;;;;;;;;0;1;0;0;14;5;1;0;0;1;0;0;-2;0;0;0;2;0;1;1;4;1;;1;1;;;;0;;0;1;;1;1;0;1;1;1;0;0;;;;;;0.615384615384615;41;0;13;9.37914651469328;tarde
50000136;11000019;1000001226;500000795;2022;15;1;1;1;;00005097;00000003;00000022;00003112;2;0;0;;;;;;;0;;0;;0;1;0;0;14;5;1;0;0;1;0;0;9;1;0;0;2;0;1;;4;1;;1;1;;;;0;;0;1;;1;1;0;1;1;1;0;0;;;;;;0.615384615384615;41;0;13;9.37914651469328;tarde
50000136;11000019;1000001277;500000839;2022;16;2;0;1;;00001235;00000003;;00004258;1;0;0;;;;;;0;;;;0;0;1;0;0;14;5;1;0;0;1;0;0;10;1;0;0;1;0;1;;4;1;;1;1;;;;0;;0;1;;1;1;0;1;1;1;0;0;;;;;;0.615384615384615;41;0;13;9.37914651469328;tarde
50000137;11000019;1000000212;500000155;2022;14;2;1;1;;00002755;00000003;;;1;0;0;0;;1;;0;;;;;;0;1;0;0;25;5;1;0;0;1;0;0;-1;0;1;0;5;0;1;;4;1;;1;1;;;;0;;0;1;;1;1;0;1;1;1;0;0;;;;;;0.615384615384615;41;0;7;24.5228429266717;manha
50000137;11000019;1000001258;500000823;2022;6;2;3;1;;00001657;00000003;;;1;0;0;;0;;;;0;;;;;0;1;0;0;25;5;1;0;0;1;0;0;-9;0;0;0;2;0;1;;4;1;;1;1;;;;0;;0;1;;1;1;0;1;1;1;0;0;;;;;;0.615384615384615;41;0;7;24.5228429266717;manha
50000138;11000019;1000000025;500000014;2022;12;1;3;1;;00002034;00000004;;00004458;1;0;0;0;;;;;;;;;;0;1;0;0;1;1;1;0;0;1;0;1;;;0;0;5;0;1;1;4;1;;1;1;;;;0;;0;1;;1;1;0;1;1;1;0;0;;;;;;0.615384615384615;41;0;8;7.35068748123013;manha
50000138;11000019;1000000824;500000538;2022;18;2;1;1;;00001936;00000002;;00003277;1;0;0;;;0;;;;;;;0;0;1;0;0;1;1;1;0;0;1;0;0;;;0;1;5;0;1;1;4;1;;1;1;;;;0;;0;1;;1;1;0;1;1;1;0;0;;;;;;0.615384615384615;41;0;8;7.35068748123013;manha
50000139;11000019;1000000446;500000298;2022;19;2;0;1;;00002331;00000005;00000010;00002643;2;0;0;;;;;;;;;;;0;1;0;0;21;5;1;0;0;1;0;0;6;1;0;0;5;0;1;;4;1;;1;1;;;;0;;0;1;;1;1;0;1;1;1;0;0;;;;;;0.615384615384615;41;0;12;6.13821753067896;tarde
50000139;11000019;1000000497;500000327;2022;16;2;0;1;;00002708;00000005;00000008;00002553;2;0;1;;;1;;;;;;;;;1;0;0;21;5;1;0;0;1;0;1;3;1;0;0;5;0;1;1;4;1;;1;1;;;;0;;0;1;;1;1;0;1;1;1;0;0;;;;;;0.615384615384615;41;0;12;6.13821753067896;tarde
50000139;11000019;1000000661;500000432;2022;7;2;2;1;;00002355;00000008;;;1;0;0;;;;;;0;0;;;;0;1;0;0;21;5;1;0;0;1;0;0;-6;0;0;0;5;0;1;;4;1;;1;1;;;;0;;0;1;;1;1;0;1;1;1;0;0;;;;;;0.615384615384615;41;0;12;6.13821753067896;tarde
50000139;11000019;1000000884;500000571;2022;6;1;0;1;;00000673;00000007;;00004482;1;0;0;0;;;;0;;;;;;;1;0;0;21;5;1;0;0;1;0;0;-7;0;0;0;5;0;1;;4;1;;1;1;;;;0;;0;1;;1;1;0;1;1;1;0;0;;;;;;0.615384615384615;41;0;12;6.13821753067896;tarde
50000139;11000019;1000001135;500000726;2022;11;1;3;1;;00002979;00000005;;;1;0;1;0;;0;;;;0;;0;;0;1;0;0;21;5;1;0;0;1;0;0;-2;0;1;0;3;0;1;;4;1;;1;1;;;;0;;0;1;;1;1;0;1;1;1;0;0;;;;;;0.615384615384615;41;0;12;6.13821753067896;tarde
50000139;11000019;1000001211;500000783;2022;7;2;1;1;;00000687;00000001;;00001258;1;0;0;;0;;;;;;;;;0;1;;0;21;5;1;0;0;1;0;0;-6;0;1;0;2;0;1;1;4;1;;1;1;;;;0;;0;1;;1;1;0;1;1;1;0;0;;;;;;0.615384615384615;41;0;12;6.13821753067896;tarde
50000139;11000019;1000001299;500000861;2022;10;1;1;1;;00005284;00000004;;00000058;1;0;0;;;;;0;0;;;;;;1;;0;21;5;1;0;0;1;0;0;-3;0;0;0;1;0;1;1;4;1;;1;1;;;;0;;0;1;;1;1;0;1;1;1;0;0;;;;;;0.615384615384615;41;0;12;6.13821753067896;tarde
50000140;11000019;1000000066;500000043;2022;16;2;3;1;;00002492;00000008;00000018;;2;0;0;;;;;;;0;;;;0;1;0;0;;5;1;0;0;1;0;0;;;0;0;5;0;1;;4;1;;1;1;;;;0;;0;1;;1;1;0;1;1;1;0;0;;;;;;0.615384615384615;41;0;13;23.6579569557216;tarde
50000140;11000019;1000000160;500000114;2022;25;1;1;1;;00003745;00000004;00000021;;1;0;0;;;;;;;;0;;;0;1;0;0;;5;1;0;0;1;0;0;;;0;0;5;0;1;;4;1;;1;1;;;;0;;0;1;;1;1;0;1;1;1;0;0;;;;;;0.615384615384615;41;0;13;23.6579569557216;tarde
50000140;11000019;1000000169;500000121;2022;19;1;1;1;;00001091;00000003;00000009;00005181;1;1;0;;;;;;;;;;;0;1;0;0;;5;1;0;0;1;0;0;;;1;0;5;0;1;1;4;1;;1;1;;;;0;;0;1;;1;1;0;1;1;1;0;0;;;;;;0.615384615384615;41;0;13;23.6579569557216;tarde
50000140;11000019;1000000184;500000133;2022;9;1;3;1;;00003092;00000006;00000009;00000314;2;0;0;;;;;0;;;;;;0;1;0;0;;5;1;0;0;1;0;0;;;0;0;5;0;1;1;4;1;;1;1;;;;0;;0;1;;1;1;0;1;1;1;0;0;;;;;;0.615384615384615;41;0;13;23.6579569557216;tarde
50000140;11000019;1000000378;500000262;2022;18;2;0;1;;00002611;00000001;00000016;;1;0;0;0;;;;;;0;;;;0;1;0;0;;5;1;0;0;1;0;0;;;0;0;5;0;1;;4;1;;1;1;;;;0;;0;1;;1;1;0;1;1;1;0;0;;;;;;0.615384615384615;41;0;13;23.6579569557216;tarde
50000140;11000019;1000001027;500000654;2022;20;2;0;1;;00005317;00000007;;00000177;1;0;0;;0;;0;;;;;;0;0;1;0;0;;5;1;0;0;1;0;0;;;0;0;4;0;1;1;4;1;;1;1;;;;0;;0;1;;1;1;0;1;1;1;0;0;;;;;;0.615384615384615;41;0;13;23.6579569557216;tarde
50000140;11000019;1000001037;500000661;2022;15;1;3;1;;00000462;00000007;00000009;;2;0;0;;;;;;;;0;0;;0;1;0;0;;5;1;0;0;1;0;1;;;0;0;4;0;1;;4;1;;1;1;;;;0;;0;1;;1;1;0;1;1;1;0;0;;;;;;0.615384615384615;41;0;13;23.6579569557216;tarde
50000141;11000020;1000000569;500000375;2022;9;2;3;1;;00002714;00000001;00000003;00005220;1;0;0;;;;;;;;0;;;0;1;0;0;;5;1;0;0;1;0;0;;;0;1;5;0;1;1;2;2;;1;;1;0;;;0;0;1;;;;1;1;;;0;1;;;;0;7;0.6;34;0.205882352941176;7;19.7206260962412;manha
50000141;11000020;1000001001;500000641;2022;15;1;1;1;;00002628;00000002;00000012;00000180;1;0;0;;;;0;;;;;;;0;1;0;1;;5;1;0;0;1;0;0;;;0;0;4;0;1;1;2;2;;1;;1;0;;;0;0;1;;;;1;1;;;0;1;;;;0;7;0.6;34;0.205882352941176;7;19.7206260962412;manha
50000141;11000020;1000001182;500000763;2022;16;1;0;1;;00004025;00000006;;00004189;1;0;0;;;;;;0;0;;;;;1;0;0;;5;1;0;0;1;0;0;;;0;0;3;0;1;1;2;2;;1;;1;0;;;0;0;1;;;;1;1;;;0;1;;;;0;7;0.6;34;0.205882352941176;7;19.7206260962412;manha
50000142;11000020;1000000007;500000005;2022;19;2;3;1;;00001966;00000003;;00003002;1;0;0;;;;;0;;;;;;0;1;0;0;1;5;1;0;0;1;0;0;;;0;0;5;0;1;1;2;2;;1;;1;0;;;0;0;1;;;;1;1;;;0;1;;;;0;7;0.6;34;0.205882352941176;7;22.0421580644324;manha
50000142;11000020;1000000440;500000295;2022;11;1;2;1;;00000317;00000003;00000013;00002747;1;0;1;;0;;;;;;;;0;;1;0;0;1;5;1;0;0;1;0;0;;;0;0;5;0;1;1;2;2;;1;;1;0;;;0;0;1;;;;1;1;;;0;1;;;;0;7;0.6;34;0.205882352941176;7;22.0421580644324;manha
50000142;11000020;1000000488;500000321;2022;17;2;3;1;;00003522;00000005;00000026;;1;0;0;;0;;;0;0;;;;0;0;1;0;0;1;5;1;0;0;1;0;0;;;0;0;5;0;1;;2;2;;1;;1;0;;;0;0;1;;;;1;1;;;0;1;;;;0;7;0.6;34;0.205882352941176;7;22.0421580644324;manha
50000142;11000020;1000001348;500000907;2022;4;1;0;1;;00001574;00000006;00000020;00003151;1;0;;;;;;;1;;;0;;0;1;0;1;1;5;1;0;0;1;0;0;;;0;0;1;0;1;;2;2;;1;;1;0;;;0;0;1;;;;1;1;;;0;1;;;;0;7;0.6;34;0.205882352941176;7;22.0421580644324;manha
50000142;11000020;1000001403;500000962;2022;34;2;3;1;;00002074;00000001;;00002739;1;0;0;;;;;0;;;;;;0;1;0;;1;5;1;0;0;1;0;0;;;0;0;0;;0;;2;2;;1;;1;0;;;0;0;1;;;;1;1;;;0;1;;;;0;7;0.6;34;0.205882352941176;7;22.0421580644324;manha
50000143;11000020;1000000199;500000144;2022;9;2;1;1;;00002424;00000002;00000025;00000186;1;0;1;;;;;;;;;;;0;1;0;0;;5;1;0;0;1;0;0;;;0;0;5;0;1;1;2;2;;1;;1;0;;;0;0;1;;;;1;1;;;0;1;;;;0;7;0.6;34;0.205882352941176;7;28.386109090643;manha
50000143;11000020;1000000828;500000540;2022;15;1;1;1;;00001987;00000004;00000009;;1;0;0;;0;;;;;;;0;;0;1;0;0;;5;1;0;0;1;0;0;;;0;1;5;0;1;;2;2;;1;;1;0;;;0;0;1;;;;1;1;;;0;1;;;;0;7;0.6;34;0.205882352941176;7;28.386109090643;manha
50000143;11000020;1000000899;500000582;2022;10;2;1;1;;00001563;00000007;;00005027;1;0;0;;;;;;;;;;;0;1;0;0;;5;1;0;0;1;0;0;;;1;0;5;0;1;1;2;2;;1;;1;0;;;0;0;1;;;;1;1;;;0;1;;;;0;7;0.6;34;0.205882352941176;7;28.386109090643;manha
50000143;11000020;1000001249;500000815;2022;20;2;0;1;;00003066;00000006;00000019;00004162;2;0;1;;;;;;;;;;0;0;1;0;1;;5;1;0;0;1;0;0;;;0;0;2;0;1;1;2;2;;1;;1;0;;;0;0;1;;;;1;1;;;0;1;;;;0;7;0.6;34;0.205882352941176;7;28.386109090643;manha
50000144;11000020;1000000197;500000142;2022;17;1;3;1;;00001265;00000005;00000007;00004695;1;1;0;;;1;0;;;;;;;0;1;0;0;14;5;1;0;0;1;0;0;11;1;0;0;5;0;1;;2;2;;1;;1;0;;;0;0;1;;;;1;1;;;0;1;;;;0;7;0.6;34;0.205882352941176;13;27.6716335339006;tarde
50000144;11000020;1000000840;500000546;2022;22;2;0;1;;00001618;00000003;00000003;00004095;1;0;0;0;;;;;;;;;;0;1;0;0;14;5;1;0;0;1;0;0;16;1;0;1;5;0;1;;2;2;;1;;1;0;;;0;0;1;;;;1;1;;;0;1;;;;0;7;0.6;34;0.205882352941176;13;27.6716335339006;tarde
50000145;11000020;1000000791;500000516;2022;20;2;3;1;;00005103;00000003;00000024;00004690;1;0;0;;;;;1;;;;;;0;1;0;0;71;5;1;0;0;1;0;0;;;0;0;5;0;1;;2;2;;1;;1;0;;;0;0;1;;;;1;1;;;0;1;;;;0;7;0.6;34;0.205882352941176;7;45.3209020821378;manha
50000146;11000020;1000000176;500000127;2022;8;2;1;1;;00000160;00000007;00000011;00000585;1;0;1;;;0;;;;;;0;;0;1;0;0;69;5;1;0;0;1;0;0;;;0;0;5;0;1;1;2;2;;1;;1;0;;;0;0;1;;;;1;1;;;0;1;;;;0;7;0.6;34;0.205882352941176;12;9.84208753448911;tarde
50000146;11000020;1000000240;500000172;2022;17;2;1;1;;00003699;00000002;00000017;00002646;1;0;0;;0;;;;;;0;;;0;1;;0;69;5;1;0;0;1;0;0;;;0;0;5;0;1;1;2;2;;1;;1;0;;;0;0;1;;;;1;1;;;0;1;;;;0;7;0.6;34;0.205882352941176;12;9.84208753448911;tarde
50000146;11000020;1000000498;500000328;2022;19;1;1;1;;00001647;00000005;00000009;00001076;1;0;0;;0;;;;;;;;;0;1;0;0;69;5;1;0;0;1;0;0;;;0;0;5;0;1;1;2;2;;1;;1;0;;;0;0;1;;;;1;1;;;0;1;;;;0;7;0.6;34;0.205882352941176;12;9.84208753448911;tarde
50000146;11000020;1000000785;500000514;2022;17;2;1;1;;00005509;00000007;;00000351;1;1;0;;0;;;;;;;;;0;1;0;0;69;5;1;0;0;1;0;0;;;1;0;5;0;1;1;2;2;;1;;1;0;;;0;0;1;;;;1;1;;;0;1;;;;0;7;0.6;34;0.205882352941176;12;9.84208753448911;tarde
50000146;11000020;1000001042;500000665;2022;13;1;0;1;;00001939;00000003;00000007;;1;0;0;;;;;;;;0;;;0;1;1;0;69;5;1;0;0;1;0;0;;;0;0;4;0;1;;2;2;;1;;1;0;;;0;0;1;;;;1;1;;;0;1;;;;0;7;0.6;34;0.205882352941176;12;9.84208753448911;tarde
50000147;11000020;1000000082;500000057;2022;14;2;3;1;;00000845;00000006;00000003;00004406;1;0;0;;;1;;0;0;0;;;;0;1;0;0;14;5;1;0;0;1;0;0;8;1;1;0;5;0;1;1;2;2;;1;;1;0;;;0;0;1;;;;1;1;;;0;1;;;;0;7;0.6;34;0.205882352941176;7;25.3415947733447;manha
50000147;11000020;1000000355;500000246;2022;13;1;1;1;;00002774;00000007;00000002;;1;0;0;;;;;;;;;;;0;1;0;0;14;5;1;0;0;1;0;0;7;1;1;0;5;1;1;;2;2;;1;;1;0;;;0;0;1;;;;1;1;;;0;1;;;;0;7;0.6;34;0.205882352941176;7;25.3415947733447;manha
50000147;11000020;1000000372;500000259;2022;9;1;0;1;;00002977;00000002;00000020;00004196;1;0;1;;;;;;;;;;;0;1;0;0;14;5;1;0;0;1;0;0;3;1;0;0;5;0;1;1;2;2;;1;;1;0;;;0;0;1;;;;1;1;;;0;1;;;;0;7;0.6;34;0.205882352941176;7;25.3415947733447;manha
50000147;11000020;1000001155;500000740;2022;18;1;1;1;;00003032;00000001;00000014;00000958;1;0;;0;;;;;;;;;;0;1;0;0;14;5;1;0;0;1;0;0;12;1;0;0;3;0;1;;2;2;;1;;1;0;;;0;0;1;;;;1;1;;;0;1;;;;0;7;0.6;34;0.205882352941176;7;25.3415947733447;manha
50000147;11000020;1000001304;500000866;2022;4;2;0;1;;00001191;00000008;00000024;;1;0;0;;;;;;;;;0;;0;1;0;0;14;5;1;0;0;1;0;0;-2;0;0;0;1;0;1;;2;2;;1;;1;0;;;0;0;1;;;;1;1;;;0;1;;;;0;7;0.6;34;0.205882352941176;7;25.3415947733447;manha
50000147;11000020;1000001387;500000946;2022;13;1;1;1;;00003076;00000002;;;2;0;1;;;;;0;0;;;;;0;1;0;0;14;5;1;0;0;1;0;0;7;1;0;0;0;;0;;2;2;;1;;1;0;;;0;0;1;;;;1;1;;;0;1;;;;0;7;0.6;34;0.205882352941176;7;25.3415947733447;manha
50000148;11000021;1000001134;500000725;2022;18;1;1;1;;00000505;00000007;00000004;;1;0;0;;;;;;;;;;;0;1;0;0;16;5;1;0;0;1;0;0;10;1;0;1;3;0;1;;3;1;;1;1;;1;1;;0;0;0;;;0;0;1;;1;0;1;;;0;;;0.538461538461538;30;0;19;1.75135393626988;noite
50000149;11000021;1000000135;500000095;2022;21;1;0;1;;00002533;00000006;00000025;00001019;1;0;0;;;;;0;;;;;;0;1;0;0;2;5;1;0;0;1;0;0;;;1;0;5;0;1;1;3;1;;1;1;;1;1;;0;0;0;;;0;0;1;;1;0;1;;;0;;;0.538461538461538;30;0;7;23.7848303548526;manha
50000149;11000021;1000000943;500000608;2022;14;1;0;1;;00003525;00000007;00000023;;1;0;0;;0;;;;;;;;0;0;1;0;0;2;5;1;0;0;1;0;0;;;0;0;5;0;1;;3;1;;1;1;;1;1;;0;0;0;;;0;0;1;;1;0;1;;;0;;;0.538461538461538;30;0;7;23.7848303548526;manha
50000149;11000021;1000000947;500000611;2022;10;1;0;1;;00004032;00000007;00000021;00001372;1;0;1;;0;1;;;;;;;;;1;0;;2;5;1;0;0;1;0;0;;;0;0;5;0;1;1;3;1;;1;1;;1;1;;0;0;0;;;0;0;1;;1;0;1;;;0;;;0.538461538461538;30;0;7;23.7848303548526;manha
50000150;11000021;1000000075;500000052;2022;10;2;2;1;;00001544;00000003;;00004100;1;0;;;0;;;;;;;0;0;0;1;0;0;20;5;1;0;0;1;0;0;-2;0;1;0;5;0;1;1;3;1;;1;1;;1;1;;0;0;0;;;0;0;1;;1;0;1;;;0;;;0.538461538461538;30;0;13;23.8233578333166;tarde
50000150;11000021;1000000141;500000099;2022;17;1;1;1;;00003618;00000002;;00003912;1;0;0;;;;;;0;;0;;;0;1;0;0;20;5;1;0;0;1;0;0;5;1;2;0;5;0;1;1;3;1;;1;1;;1;1;;0;0;0;;;0;0;1;;1;0;1;;;0;;;0.538461538461538;30;0;13;23.8233578333166;tarde
50000150;11000021;1000000288;500000206;2022;14;2;2;1;;00003898;00000005;00000004;00003643;1;0;0;;;;;;;;;;;0;1;0;0;20;5;1;0;0;1;0;0;2;1;1;0;5;0;1;;3;1;;1;1;;1;1;;0;0;0;;;0;0;1;;1;0;1;;;0;;;0.538461538461538;30;0;13;23.8233578333166;tarde
50000150;11000021;1000000867;500000560;2022;19;2;1;1;;00002121;00000001;00000023;;2;0;1;0;;1;;0;;;;;;0;1;0;0;20;5;1;0;0;1;0;0;7;1;0;0;5;0;1;;3;1;;1;1;;1;1;;0;0;0;;;0;0;1;;1;0;1;;;0;;;0.538461538461538;30;0;13;23.8233578333166;tarde
50000150;11000021;1000001053;500000672;2022;16;1;3;1;;00002046;00000007;00000021;00003110;1;0;1;;;;;0;;0;;;;0;1;0;0;20;5;1;0;0;1;0;1;4;1;0;1;4;0;1;1;3;1;;1;1;;1;1;;0;0;0;;;0;0;1;;1;0;1;;;0;;;0.538461538461538;30;0;13;23.8233578333166;tarde
50000150;11000021;1000001086;500000698;2022;12;2;1;1;;00000470;00000001;;;1;0;1;;0;;;;0;;0;;;0;1;0;;20;5;1;0;0;1;0;0;0;0;0;1;4;0;1;;3;1;;1;1;;1;1;;0;0;0;;;0;0;1;;1;0;1;;;0;;;0.538461538461538;30;0;13;23.8233578333166;tarde
50000150;11000021;1000001335;500000895;2022;9;1;0;1;;00002885;00000003;;00000290;1;0;0;;;;;;;;;;;0;1;0;0;20;5;1;0;0;1;0;0;-3;0;0;0;1;0;1;1;3;1;;1;1;;1;1;;0;0;0;;;0;0;1;;1;0;1;;;0;;;0.538461538461538;30;0;13;23.8233578333166;tarde
50000150;11000021;1000001381;500000940;2022;15;1;3;1;;00002853;00000003;00000022;00001368;1;0;0;;;;;;;;;;;0;1;1;0;20;5;1;0;0;1;0;0;3;1;0;0;0;;0;;3;1;;1;1;;1;1;;0;0;0;;;0;0;1;;1;0;1;;;0;;;0.538461538461538;30;0;13;23.8233578333166;tarde
50000151;11000021;1000000218;500000160;2022;12;2;1;1;;00001904;00000001;;;1;0;0;0;;0;0;;0;;;;;0;1;0;0;18;5;1;0;0;1;0;0;2;1;0;0;5;0;1;;3;1;;1;1;;1;1;;0;0;0;;;0;0;1;;1;0;1;;;0;;;0.538461538461538;30;0;13;9.83789574936964;tarde
50000151;11000021;1000000228;500000165;2022;18;2;3;1;;00002298;00000007;;;1;0;0;;;;;;;;;0;;0;1;0;0;18;5;1;0;0;1;0;0;8;1;0;0;5;0;1;;3;1;;1;1;;1;1;;0;0;0;;;0;0;1;;1;0;1;;;0;;;0.538461538461538;30;0;13;9.83789574936964;tarde
50000151;11000021;1000000329;500000230;2022;9;2;2;1;;00000756;00000001;00000025;00005422;1;0;1;;;1;;;;0;;;;0;1;0;0;18;5;1;0;0;1;0;0;-1;0;1;0;5;0;1;1;3;1;;1;1;;1;1;;0;0;0;;;0;0;1;;1;0;1;;;0;;;0.538461538461538;30;0;13;9.83789574936964;tarde
50000151;11000021;1000000768;500000500;2022;20;1;0;1;;00002788;00000008;;00001147;1;0;0;;0;;0;;;;;;;0;1;0;0;18;5;1;0;0;1;0;0;10;1;1;0;5;0;1;1;3;1;;1;1;;1;1;;0;0;0;;;0;0;1;;1;0;1;;;0;;;0.538461538461538;30;0;13;9.83789574936964;tarde
50000151;11000021;1000001071;500000687;2022;12;1;1;1;;00002900;00000004;00000017;;1;0;0;;0;1;0;;;;;;;0;1;0;0;18;5;1;0;0;1;0;0;2;1;0;0;4;0;1;;3;1;;1;1;;1;1;;0;0;0;;;0;0;1;;1;0;1;;;0;;;0.538461538461538;30;0;13;9.83789574936964;tarde
50000152;11000021;1000000109;500000080;2022;18;1;3;1;;00001979;00000001;;;1;1;0;;;;0;;;;;;;0;1;0;0;19;5;1;0;0;1;0;0;7;1;0;1;5;0;1;;3;1;;1;1;;1;1;;0;0;0;;;0;0;1;;1;0;1;;;0;;;0.538461538461538;30;0;7;23.2970554358326;manha
50000152;11000021;1000000144;500000102;2022;9;2;1;1;;00004961;00000001;00000011;00001971;2;0;0;;;1;0;;;;;0;;0;1;0;0;19;5;1;0;0;1;0;0;-2;0;0;0;5;0;1;1;3;1;;1;1;;1;1;;0;0;0;;;0;0;1;;1;0;1;;;0;;;0.538461538461538;30;0;7;23.2970554358326;manha
50000152;11000021;1000000561;500000368;2022;15;2;0;1;;00000275;00000006;;00002050;1;0;0;;;;;;;;;;;0;1;0;0;19;5;1;0;0;1;0;0;4;1;0;0;5;0;1;1;3;1;;1;1;;1;1;;0;0;0;;;0;0;1;;1;0;1;;;0;;;0.538461538461538;30;0;7;23.2970554358326;manha
50000152;11000021;1000001147;500000734;2022;17;2;1;1;;00005179;00000001;;00001867;1;0;0;;;;0;;;;;;;;1;1;0;19;5;1;0;0;1;0;0;6;1;0;0;3;0;1;1;3;1;;1;1;;1;1;;0;0;0;;;0;0;1;;1;0;1;;;0;;;0.538461538461538;30;0;7;23.2970554358326;manha
50000152;11000021;1000001300;500000862;2022;13;1;1;1;;00002344;00000005;;;1;1;0;;;;0;;;;;;;0;1;0;0;19;5;1;0;0;1;0;0;2;1;0;0;1;0;1;;3;1;;1;1;;1;1;;0;0;0;;;0;0;1;;1;0;1;;;0;;;0.538461538461538;30;0;7;23.2970554358326;manha
50000153;11000021;1000001284;500000846;2022;7;1;5;1;;00003977;00000006;00000015;00001746;1;0;0;;0;;;;;;;;;0;1;0;0;41;5;1;0;0;1;0;0;-7;0;0;0;1;0;1;;3;1;;1;1;;1;1;;0;0;0;;;0;0;1;;1;0;1;;;0;;;0.538461538461538;30;0;7;21.5864667284768;manha
50000153;11000021;1000001437;500000996;2022;43;1;1;1;;00005194;00000001;00000015;00000331;1;0;0;;;;;0;;;0;;;0;1;0;0;41;5;1;0;0;1;0;1;29;1;0;0;0;;0;;3;1;;1;1;;1;1;;0;0;0;;;0;0;1;;1;0;1;;;0;;;0.538461538461538;30;0;7;21.5864667284768;manha
50000154;11000021;1000000190;500000138;2022;15;1;3;1;;00002635;00000001;00000020;00004586;2;0;0;;0;;;;;;;;;0;1;0;0;21;5;1;0;0;1;0;0;2;1;0;0;5;0;1;;3;1;;1;1;;1;1;;0;0;0;;;0;0;1;;1;0;1;;;0;;;0.538461538461538;30;0;7;26.1570535553619;manha
50000154;11000021;1000000250;500000181;2022;14;1;1;1;;00004595;00000004;00000013;;1;0;0;;;;;;;;;0;;0;1;0;0;21;5;1;0;0;1;0;0;1;0;0;0;5;0;1;;3;1;;1;1;;1;1;;0;0;0;;;0;0;1;;1;0;1;;;0;;;0.538461538461538;30;0;7;26.1570535553619;manha
50000154;11000021;1000001180;500000761;2022;10;2;0;1;;00005415;00000002;00000016;00003127;2;0;0;;;;;;;0;;;;0;1;0;1;21;5;1;0;0;1;0;0;-3;0;0;0;3;0;1;1;3;1;;1;1;;1;1;;0;0;0;;;0;0;1;;1;0;1;;;0;;;0.538461538461538;30;0;7;26.1570535553619;manha
50000155;11000022;1000000287;500000205;2022;18;1;1;1;;00004848;00000006;;00003892;1;0;1;;;;;;0;;;;;0;1;1;0;19;5;1;0;0;1;0;0;7;1;0;0;5;0;1;1;3;1;;1;;1;1;1;;1;0;;1;1;0;;1;1;0;;1;;0;0;0;3;0.769230769230769;28;0.107142857142857;13;7.00394336134195;tarde
50000155;11000022;1000000360;500000249;2022;21;2;3;1;;00000067;00000005;;;1;0;0;;;1;;;;;;;0;0;1;0;0;19;5;1;0;0;1;0;0;10;1;0;0;5;0;1;;3;1;;1;;1;1;1;;1;0;;1;1;0;;1;1;0;;1;;0;0;0;3;0.769230769230769;28;0.107142857142857;13;7.00394336134195;tarde
50000155;11000022;1000000429;500000288;2022;12;2;3;1;;00005216;00000005;00000020;00001792;2;0;0;;;;;;;0;;;;0;1;0;0;19;5;1;0;0;1;0;0;1;0;0;0;5;0;1;;3;1;;1;;1;1;1;;1;0;;1;1;0;;1;1;0;;1;;0;0;0;3;0.769230769230769;28;0.107142857142857;13;7.00394336134195;tarde
50000155;11000022;1000000926;500000596;2022;19;1;3;1;;00000177;00000002;00000013;;1;0;;;;1;;;;;;;;0;1;0;0;19;5;1;0;0;1;0;0;8;1;1;0;5;0;1;;3;1;;1;;1;1;1;;1;0;;1;1;0;;1;1;0;;1;;0;0;0;3;0.769230769230769;28;0.107142857142857;13;7.00394336134195;tarde
50000155;11000022;1000000956;500000618;2022;11;1;3;1;;00003951;00000002;;00003990;1;0;0;;0;;;0;;;;0;;0;1;0;0;19;5;1;0;0;1;0;0;0;0;0;0;5;0;1;1;3;1;;1;;1;1;1;;1;0;;1;1;0;;1;1;0;;1;;0;0;0;3;0.769230769230769;28;0.107142857142857;13;7.00394336134195;tarde
50000155;11000022;1000001019;500000648;2022;29;2;0;1;;00000813;00000007;00000025;00001588;1;0;0;;;;;0;;;0;0;;0;1;0;0;19;5;1;0;0;1;0;0;18;1;0;0;4;0;1;;3;1;;1;;1;1;1;;1;0;;1;1;0;;1;1;0;;1;;0;0;0;3;0.769230769230769;28;0.107142857142857;13;7.00394336134195;tarde
50000155;11000022;1000001138;500000729;2022;16;2;1;1;;00001183;00000003;00000026;;1;0;;0;;;;;;;;;;0;1;0;0;19;5;1;0;0;1;0;1;5;1;0;0;3;0;1;;3;1;;1;;1;1;1;;1;0;;1;1;0;;1;1;0;;1;;0;0;0;3;0.769230769230769;28;0.107142857142857;13;7.00394336134195;tarde
50000156;11000022;1000000435;500000291;2022;18;2;0;1;;00001770;00000005;;00001640;1;0;0;;;;;;0;0;;0;0;0;1;0;0;2;5;1;0;0;1;0;0;;;0;0;5;0;1;1;3;1;;1;;1;1;1;;1;0;;1;1;0;;1;1;0;;1;;0;0;0;3;0.769230769230769;28;0.107142857142857;7;25.6623098102864;manha
50000156;11000022;1000001034;500000658;2022;12;1;0;1;;00003391;00000005;00000026;;1;0;1;;;;0;;;;;;;0;1;0;0;2;5;1;0;0;1;0;0;;;0;0;4;0;1;;3;1;;1;;1;1;1;;1;0;;1;1;0;;1;1;0;;1;;0;0;0;3;0.769230769230769;28;0.107142857142857;7;25.6623098102864;manha
50000157;11000022;1000000017;500000010;2022;17;1;0;1;;00001235;00000008;00000019;00001055;1;0;0;;0;1;;0;0;;;;;0;1;0;0;;5;1;0;0;1;0;0;;;0;0;5;0;1;1;3;1;;1;;1;1;1;;1;0;;1;1;0;;1;1;0;;1;;0;0;0;3;0.769230769230769;28;0.107142857142857;13;13.8821599446237;tarde
50000157;11000022;1000000033;500000021;2022;10;2;0;1;;00000345;00000008;00000019;00003651;2;0;0;0;;;;;;0;;;;0;1;;0;;5;1;0;0;1;0;0;;;1;0;5;0;1;;3;1;;1;;1;1;1;;1;0;;1;1;0;;1;1;0;;1;;0;0;0;3;0.769230769230769;28;0.107142857142857;13;13.8821599446237;tarde
50000157;11000022;1000000433;500000290;2022;17;1;0;1;;00005169;00000007;00000015;;2;0;0;;;;;;;;;;;0;1;0;0;;5;1;0;0;1;0;0;;;1;0;5;0;1;;3;1;;1;;1;1;1;;1;0;;1;1;0;;1;1;0;;1;;0;0;0;3;0.769230769230769;28;0.107142857142857;13;13.8821599446237;tarde
50000157;11000022;1000001076;500000691;2022;17;1;3;1;;00005015;00000007;;;1;0;1;;;0;;;;;0;;;;1;0;0;;5;1;0;0;1;0;0;;;0;0;4;0;1;;3;1;;1;;1;1;1;;1;0;;1;1;0;;1;1;0;;1;;0;0;0;3;0.769230769230769;28;0.107142857142857;13;13.8821599446237;tarde
50000157;11000022;1000001082;500000695;2022;11;1;2;1;;00000023;00000007;00000011;00002867;1;0;0;;;;0;;;;;;;0;1;0;0;;5;1;0;0;1;0;0;;;0;0;4;0;1;1;3;1;;1;;1;1;1;;1;0;;1;1;0;;1;1;0;;1;;0;0;0;3;0.769230769230769;28;0.107142857142857;13;13.8821599446237;tarde
50000158;11000022;1000000133;500000093;2022;26;1;2;1;;00003262;00000007;00000014;;1;0;0;;0;;;;;;;;;0;1;0;0;1;5;1;0;0;1;0;0;;;0;0;5;0;1;;3;1;;1;;1;1;1;;1;0;;1;1;0;;1;1;0;;1;;0;0;0;3;0.769230769230769;28;0.107142857142857;7;32.9436186037492;manha
50000158;11000022;1000000575;500000379;2022;11;1;3;1;;00003429;00000008;00000008;00000708;1;0;0;0;;;;0;;;;;;0;1;0;0;1;5;1;0;0;1;0;0;;;1;0;5;0;1;;3;1;;1;;1;1;1;;1;0;;1;1;0;;1;1;0;;1;;0;0;0;3;0.769230769230769;28;0.107142857142857;7;32.9436186037492;manha
50000158;11000022;1000001157;500000742;2022;13;2;3;1;;00002142;00000004;00000013;;1;0;0;;;;;;;;;;;0;1;0;0;1;5;1;0;0;1;0;0;;;1;0;3;0;1;;3;1;;1;;1;1;1;;1;0;;1;1;0;;1;1;0;;1;;0;0;0;3;0.769230769230769;28;0.107142857142857;7;32.9436186037492;manha
50000159;11000022;1000000907;500000589;2022;15;2;0;1;;00004918;00000004;;00004377;1;1;0;0;;;;;;0;;0;;;1;0;0;40;5;1;0;0;1;0;0;;;0;0;5;0;1;1;3;1;;1;;1;1;1;;1;0;;1;1;0;;1;1;0;;1;;0;0;0;3;0.769230769230769;28;0.107142857142857;9;24.7551210585516;manha
50000159;11000022;1000000965;500000622;2022;7;1;1;1;;00001522;00000005;;00002466;1;0;0;;;;;;;;;;;0;1;0;0;40;5;1;0;0;1;0;0;;;0;0;5;0;1;;3;1;;1;;1;1;1;;1;0;;1;1;0;;1;1;0;;1;;0;0;0;3;0.769230769230769;28;0.107142857142857;9;24.7551210585516;manha
50000159;11000022;1000001083;500000696;2022;6;1;2;1;;00003953;00000002;00000010;;2;0;0;;;1;0;;;;;0;;;1;;0;40;5;1;0;0;1;0;0;;;0;0;4;0;1;;3;1;;1;;1;1;1;;1;0;;1;1;0;;1;1;0;;1;;0;0;0;3;0.769230769230769;28;0.107142857142857;9;24.7551210585516;manha
50000159;11000022;1000001110;500000713;2022;14;1;3;1;;00004386;00000003;00000009;;1;0;0;;0;;;;;0;;;;0;1;0;0;40;5;1;0;0;1;0;0;;;0;0;3;0;1;;3;1;;1;;1;1;1;;1;0;;1;1;0;;1;1;0;;1;;0;0;0;3;0.769230769230769;28;0.107142857142857;9;24.7551210585516;manha
50000160;11000022;1000000914;500000592;2022;9;2;3;1;;00000286;00000008;00000010;00003065;1;0;0;;;;0;;;;0;;;0;1;0;0;17;5;1;0;0;1;0;0;0;0;0;0;5;0;1;1;3;1;;1;;1;1;1;;1;0;;1;1;0;;1;1;0;;1;;0;0;0;3;0.769230769230769;28;0.107142857142857;7;24.4498789182398;manha
50000161;11000022;1000000687;500000452;2022;17;2;1;1;;00005378;00000004;;00004323;1;0;0;;;;;;;;;;;0;1;1;0;1;5;1;0;0;1;0;0;;;0;0;5;0;1;1;3;1;;1;;1;1;1;;1;0;;1;1;0;;1;1;0;;1;;0;0;0;3;0.769230769230769;28;0.107142857142857;7;30.5042391084135;manha
50000162;11000023;1000000055;500000036;2022;9;1;1;1;;00000208;00000004;00000011;;1;0;0;0;;;0;0;;;0;;;0;1;0;0;;5;1;0;0;1;0;0;;;0;1;5;0;1;;3;2;;1;1;1;;;;1;;0;0;0;1;;;1;0;1;1;2;0;;0;0;0.666666666666667;27;0.0740740740740741;7;14.5121102733538;manha
50000162;11000023;1000000776;500000505;2022;6;2;3;1;;00000329;00000003;00000001;00004412;1;0;0;;1;;;0;;;;;;0;1;1;0;;5;1;0;0;1;0;0;;;0;0;5;0;1;;3;2;;1;1;1;;;;1;;0;0;0;1;;;1;0;1;1;2;0;;0;0;0.666666666666667;27;0.0740740740740741;7;14.5121102733538;manha
50000162;11000023;1000001179;500000760;2022;19;1;1;1;;00003470;00000004;;00003829;1;0;0;;;;;;;;;;;0;1;0;0;;5;1;0;0;1;0;0;;;0;0;3;0;1;1;3;2;;1;1;1;;;;1;;0;0;0;1;;;1;0;1;1;2;0;;0;0;0.666666666666667;27;0.0740740740740741;7;14.5121102733538;manha
50000163;11000023;1000000700;500000462;2022;9;1;1;1;;00003389;00000002;00000011;00004505;2;0;0;;0;;;;;0;;0;;0;1;0;0;14;5;1;0;0;1;0;0;3;1;0;0;5;0;1;;3;2;;1;1;1;;;;1;;0;0;0;1;;;1;0;1;1;2;0;;0;0;0.666666666666667;27;0.0740740740740741;8;2.16990151908249;manha
50000163;11000023;1000001243;500000809;2022;17;2;3;1;;00002785;00000005;00000017;00004684;1;0;0;;;1;;;;;;;;0;1;0;0;14;5;1;0;0;1;0;0;11;1;0;0;2;0;1;1;3;2;;1;1;1;;;;1;;0;0;0;1;;;1;0;1;1;2;0;;0;0;0.666666666666667;27;0.0740740740740741;8;2.16990151908249;manha
50000164;11000023;1000000331;500000232;2022;18;2;3;1;;00000513;00000005;;00001316;1;0;0;;;;0;;;;;;0;0;1;0;0;17;5;1;0;0;1;0;0;9;1;0;0;5;0;1;;3;2;;1;1;1;;;;1;;0;0;0;1;;;1;0;1;1;2;0;;0;0;0.666666666666667;27;0.0740740740740741;13;44.0911938361824;tarde
50000164;11000023;1000000629;500000412;2022;13;2;0;1;;00003736;00000007;00000014;00000257;1;0;0;;;;;;;;;;;0;1;0;0;17;5;1;0;0;1;0;0;4;1;0;1;5;0;1;;3;2;;1;1;1;;;;1;;0;0;0;1;;;1;0;1;1;2;0;;0;0;0.666666666666667;27;0.0740740740740741;13;44.0911938361824;tarde
50000164;11000023;1000001413;500000972;2022;12;2;1;1;;00002134;00000007;;00003513;1;0;0;0;1;;;0;;;;;;0;1;0;0;17;5;1;0;0;1;0;0;3;1;0;0;0;;0;;3;2;;1;1;1;;;;1;;0;0;0;1;;;1;0;1;1;2;0;;0;0;0.666666666666667;27;0.0740740740740741;13;44.0911938361824;tarde
50000165;11000023;1000000032;500000020;2022;20;2;0;1;;00002707;00000006;00000015;00005039;1;0;0;;;;;;;0;;;0;0;1;1;0;;5;1;0;0;1;0;0;;;0;1;5;0;1;1;3;2;;1;1;1;;;;1;;0;0;0;1;;;1;0;1;1;2;0;;0;0;0.666666666666667;27;0.0740740740740741;7;9.22450948623009;manha
50000165;11000023;1000001417;500000976;2022;7;2;3;1;;00004203;00000005;00000011;;1;0;0;;0;;;;;;0;;;0;1;0;0;;5;1;0;0;1;0;0;;;0;0;0;;0;;3;2;;1;1;1;;;;1;;0;0;0;1;;;1;0;1;1;2;0;;0;0;0.666666666666667;27;0.0740740740740741;7;9.22450948623009;manha
50000166;11000023;1000000045;500000029;2022;5;2;1;1;;00002164;00000001;00000003;00003599;1;0;1;;;1;;;0;0;;;;0;1;1;0;16;5;1;0;0;1;0;1;-3;0;1;0;5;0;1;;3;2;;1;1;1;;;;1;;0;0;0;1;;;1;0;1;1;2;0;;0;0;0.666666666666667;27;0.0740740740740741;7;6.26259703654796;manha
50000166;11000023;1000000832;500000542;2022;18;1;1;1;;00003206;00000004;;00000386;1;0;0;;;;;;;;;;0;0;1;0;0;16;5;1;0;0;1;0;0;10;1;0;0;5;0;1;;3;2;;1;1;1;;;;1;;0;0;0;1;;;1;0;1;1;2;0;;0;0;0.666666666666667;27;0.0740740740740741;7;6.26259703654796;manha
50000166;11000023;1000000891;500000576;2022;13;2;3;1;;00005273;00000007;00000015;00003259;1;0;0;;;0;;;;0;;;;0;1;0;0;16;5;1;0;0;1;0;1;5;1;1;0;5;0;1;;3;2;;1;1;1;;;;1;;0;0;0;1;;;1;0;1;1;2;0;;0;0;0.666666666666667;27;0.0740740740740741;7;6.26259703654796;manha
50000166;11000023;1000001235;500000802;2022;5;1;0;1;;00000350;00000001;00000013;;1;0;0;;;;;0;;;;;0;0;1;;0;16;5;1;0;0;1;0;0;-3;0;0;0;2;0;1;;3;2;;1;1;1;;;;1;;0;0;0;1;;;1;0;1;1;2;0;;0;0;0.666666666666667;27;0.0740740740740741;7;6.26259703654796;manha
50000167;11000023;1000000362;500000251;2022;16;1;0;1;;00005413;00000003;00000020;00002321;1;0;0;;;;;;;;;0;;0;1;;0;27;5;1;0;0;1;0;0;-1;0;0;0;5;0;1;1;3;2;;1;1;1;;;;1;;0;0;0;1;;;1;0;1;1;2;0;;0;0;0.666666666666667;27;0.0740740740740741;7;40.920084092766;manha
50000168;11000023;1000000134;500000094;2022;8;2;1;1;;00001371;00000008;;00002383;1;0;0;;;;;;;;;;;0;1;0;;1;5;1;0;0;1;0;0;;;0;1;5;0;1;1;3;2;;1;1;1;;;;1;;0;0;0;1;;;1;0;1;1;2;0;;0;0;0.666666666666667;27;0.0740740740740741;13;29.1223887458909;tarde
50000168;11000023;1000000343;500000240;2022;14;2;3;1;;00000587;00000002;;00003569;1;0;1;0;;;;;0;;;0;;0;1;0;0;1;5;1;0;0;1;0;0;;;1;0;5;0;1;1;3;2;;1;1;1;;;;1;;0;0;0;1;;;1;0;1;1;2;0;;0;0;0.666666666666667;27;0.0740740740740741;13;29.1223887458909;tarde
50000168;11000023;1000000667;500000437;2022;20;1;0;1;;00004158;00000008;;00004600;1;0;0;;;;;;0;0;;;;0;1;0;0;1;5;1;0;0;1;0;0;;;0;1;5;0;1;1;3;2;;1;1;1;;;;1;;0;0;0;1;;;1;0;1;1;2;0;;0;0;0.666666666666667;27;0.0740740740740741;13;29.1223887458909;tarde
50000168;11000023;1000000853;500000552;2022;20;1;1;1;;;00000007;00000015;;1;1;0;;;;;;;;0;;;0;1;0;0;1;5;1;0;0;1;0;0;;;1;0;5;0;1;;3;2;;1;1;1;;;;1;;0;0;0;1;;;1;0;1;1;2;0;;0;0;0.666666666666667;27;0.0740740740740741;13;29.1223887458909;tarde
50000169;11000024;1000000229;500000166;2022;15;2;0;1;;00000507;00000002;00000008;00005457;1;0;0;;0;;;;;;;;0;0;1;0;0;;5;1;0;0;1;0;0;;;0;0;5;0;1;1;1;1;;1;1;1;0;;;0;0;;0;1;;0;1;0;;9;1;;0;0;0;;1.15384615384615;37;0;7;26.3036785949953;manha
50000169;11000024;1000001395;500000954;2022;36;1;1;1;;00003767;00000007;00000011;;1;1;0;;0;;;;;;;0;;0;1;0;1;;5;1;0;0;1;0;0;;;0;0;0;;0;;1;1;;1;1;1;0;;;0;0;;0;1;;0;1;0;;9;1;;0;0;0;;1.15384615384615;37;0;7;26.3036785949953;manha
50000169;11000024;1000001408;500000967;2022;11;1;0;1;;00002354;00000007;;00005316;1;0;1;;;;0;;;;;;;;1;0;0;;5;1;0;0;1;0;0;;;0;0;0;;0;;1;1;;1;1;1;0;;;0;0;;0;1;;0;1;0;;9;1;;0;0;0;;1.15384615384615;37;0;7;26.3036785949953;manha
50000170;11000024;1000000079;500000055;2022;18;2;0;1;;00000963;00000004;00000005;;1;0;1;0;0;;;;;;;;;0;1;0;1;18;5;1;0;0;1;0;0;8;1;1;0;5;0;1;;1;1;;1;1;1;0;;;0;0;;0;1;;0;1;0;;9;1;;0;0;0;;1.15384615384615;37;0;13;15.9033405932132;tarde
50000170;11000024;1000000450;500000300;2022;20;1;2;1;;00002066;00000005;00000004;00000860;1;0;0;;1;;;;;;;;;0;1;1;;18;5;1;0;0;1;0;1;10;1;0;0;5;0;1;1;1;1;;1;1;1;0;;;0;0;;0;1;;0;1;0;;9;1;;0;0;0;;1.15384615384615;37;0;13;15.9033405932132;tarde
50000170;11000024;1000000801;500000524;2022;7;1;3;1;;00003281;00000007;00000015;00004765;1;0;0;;0;1;;0;;;;0;0;0;1;0;0;18;5;1;0;0;1;0;0;-3;0;0;0;5;0;1;1;1;1;;1;1;1;0;;;0;0;;0;1;;0;1;0;;9;1;;0;0;0;;1.15384615384615;37;0;13;15.9033405932132;tarde
50000170;11000024;1000001064;500000680;2022;12;2;3;1;;00001830;00000002;00000016;;1;0;0;;0;;0;;;;0;;;0;1;0;1;18;5;1;0;0;1;0;0;2;1;0;0;4;0;1;;1;1;;1;1;1;0;;;0;0;;0;1;;0;1;0;;9;1;;0;0;0;;1.15384615384615;37;0;13;15.9033405932132;tarde
50000170;11000024;1000001402;500000961;2022;8;1;0;1;;00003000;00000002;;00002309;1;0;0;;;;;;;0;;;;0;1;;;18;5;1;0;0;1;0;0;-2;0;0;0;0;;0;;1;1;;1;1;1;0;;;0;0;;0;1;;0;1;0;;9;1;;0;0;0;;1.15384615384615;37;0;13;15.9033405932132;tarde
50000170;11000024;1000001428;500000987;2022;17;2;3;1;;00005166;00000005;00000027;;1;0;0;;;1;;;;;;;0;0;1;0;;18;5;1;0;0;1;0;0;7;1;0;0;0;;0;;1;1;;1;1;1;0;;;0;0;;0;1;;0;1;0;;9;1;;0;0;0;;1.15384615384615;37;0;13;15.9033405932132;tarde
50000171;11000024;1000000027;500000016;2022;24;2;0;1;;00003098;00000002;00000009;00001430;1;0;1;;;;0;;;;;0;;0;1;0;0;14;6;1;0;0;1;0;0;18;1;0;0;5;0;1;1;1;1;;1;1;1;0;;;0;0;;0;1;;0;1;0;;9;1;;0;0;0;;1.15384615384615;37;0;7;23.9711250551045;manha
50000171;11000024;1000000070;500000047;2022;18;2;1;1;;00000007;00000006;00000025;00004376;1;0;0;0;1;;;;0;0;;0;;0;1;0;0;14;6;1;0;0;1;0;0;12;1;0;1;5;0;1;;1;1;;1;1;1;0;;;0;0;;0;1;;0;1;0;;9;1;;0;0;0;;1.15384615384615;37;0;7;23.9711250551045;manha
50000171;11000024;1000000170;500000122;2022;9;1;1;1;;00002898;00000003;00000013;00004832;1;0;0;;;;;;;;;;;0;1;0;0;14;6;1;0;0;1;0;0;3;1;0;0;5;0;1;1;1;1;;1;1;1;0;;;0;0;;0;1;;0;1;0;;9;1;;0;0;0;;1.15384615384615;37;0;7;23.9711250551045;manha
50000171;11000024;1000000305;500000219;2022;25;1;1;1;;00005240;00000007;;00001893;1;0;1;;;;;;;;;;;0;1;0;0;14;6;1;0;0;1;0;0;19;1;1;0;5;1;1;1;1;1;;1;1;1;0;;;0;0;;0;1;;0;1;0;;9;1;;0;0;0;;1.15384615384615;37;0;7;23.9711250551045;manha
50000171;11000024;1000000546;500000362;2022;11;2;1;1;;00002856;00000001;;00001568;1;0;0;0;;1;;0;;;;;;0;1;0;0;14;6;1;0;0;1;0;0;5;1;0;0;5;0;1;;1;1;;1;1;1;0;;;0;0;;0;1;;0;1;0;;9;1;;0;0;0;;1.15384615384615;37;0;7;23.9711250551045;manha
50000171;11000024;1000000672;500000441;2022;17;2;2;1;;00004708;00000002;00000008;;1;0;0;0;0;;;;0;;;;0;0;1;0;0;14;6;1;0;0;1;0;0;11;1;0;0;5;0;1;;1;1;;1;1;1;0;;;0;0;;0;1;;0;1;0;;9;1;;0;0;0;;1.15384615384615;37;0;7;23.9711250551045;manha
50000171;11000024;1000001255;500000820;2022;19;2;3;1;;00003726;00000003;00000025;00004410;2;0;1;;;;;;;0;0;;;0;1;;0;14;6;1;0;0;1;0;0;13;1;0;0;2;0;1;1;1;1;;1;1;1;0;;;0;0;;0;1;;0;1;0;;9;1;;0;0;0;;1.15384615384615;37;0;7;23.9711250551045;manha
50000171;11000024;1000001363;500000922;2022;12;1;3;1;;00000475;00000003;00000014;00001646;1;0;0;;;;;0;;;0;;;0;1;0;0;14;6;1;0;0;1;0;0;6;1;0;0;1;0;1;1;1;1;;1;1;1;0;;;0;0;;0;1;;0;1;0;;9;1;;0;0;0;;1.15384615384615;37;0;7;23.9711250551045;manha
50000172;11000024;1000000200;500000145;2022;7;2;3;1;;00000170;00000004;00000019;00000716;1;0;0;;;;;0;;;;;;0;1;0;0;20;5;1;0;0;1;0;0;-5;0;0;0;5;0;1;;1;1;;1;1;1;0;;;0;0;;0;1;;0;1;0;;9;1;;0;0;0;;1.15384615384615;37;0;13;18.4617037430871;tarde
50000172;11000024;1000000474;500000316;2022;13;2;3;1;;00000818;00000002;00000009;;1;0;0;0;;;0;;;;;;0;0;1;0;0;20;5;1;1;0;1;0;0;1;0;0;0;5;0;1;;1;1;;1;1;1;0;;;0;0;;0;1;;0;1;0;;9;1;;0;0;0;;1.15384615384615;37;0;13;18.4617037430871;tarde
50000172;11000024;1000001039;500000663;2022;16;2;1;1;;00001629;00000008;;;1;0;1;;;0;;;;;;;;;1;0;0;20;5;1;0;0;1;0;0;4;1;0;0;4;0;1;;1;1;;1;1;1;0;;;0;0;;0;1;;0;1;0;;9;1;;0;0;0;;1.15384615384615;37;0;13;18.4617037430871;tarde
50000172;11000024;1000001274;500000837;2022;8;1;0;1;;00004060;00000004;00000014;00000852;1;0;0;;;;;;;;;;;0;1;0;0;20;5;1;0;0;1;0;0;-4;0;0;0;1;0;1;;1;1;;1;1;1;0;;;0;0;;0;1;;0;1;0;;9;1;;0;0;0;;1.15384615384615;37;0;13;18.4617037430871;tarde
50000173;11000024;1000000209;500000153;2022;16;2;0;1;;00001325;00000003;00000020;00003062;1;0;0;;;;;;;0;;0;;0;1;0;0;21;5;1;0;0;1;0;0;3;1;0;0;5;0;1;1;1;1;;1;1;1;0;;;0;0;;0;1;;0;1;0;;9;1;;0;0;0;;1.15384615384615;37;0;7;42.3394572427496;manha
50000173;11000024;1000000547;500000363;2022;15;1;1;1;;00001255;00000002;00000002;00005003;1;0;0;;;;;0;;;1;;0;0;1;0;0;21;5;1;0;0;1;0;0;2;1;0;0;5;0;1;1;1;1;;1;1;1;0;;;0;0;;0;1;;0;1;0;;9;1;;0;0;0;;1.15384615384615;37;0;7;42.3394572427496;manha
50000173;11000024;1000000585;500000384;2022;13;2;0;1;;00005079;00000003;00000017;00003775;2;0;0;;;;;;;;0;0;;0;1;0;0;21;5;1;0;0;1;0;0;0;0;0;1;5;0;1;1;1;1;;1;1;1;0;;;0;0;;0;1;;0;1;0;;9;1;;0;0;0;;1.15384615384615;37;0;7;42.3394572427496;manha
50000174;11000024;1000000097;500000071;2022;12;1;0;1;;00002188;00000008;00000018;00000363;1;0;0;;;;;0;;;;;;0;1;0;0;1;5;1;0;0;1;0;0;;;0;0;5;0;1;1;1;1;;1;1;1;0;;;0;0;;0;1;;0;1;0;;9;1;;0;0;0;;1.15384615384615;37;0;;22.2415623243433;
50000174;11000024;1000000259;500000188;2022;11;1;1;1;;00000004;00000001;00000003;;2;0;0;0;;0;;;;;0;;;0;1;0;0;1;5;1;0;0;1;0;0;;;0;0;5;0;1;;1;1;;1;1;1;0;;;0;0;;0;1;;0;1;0;;9;1;;0;0;0;;1.15384615384615;37;0;;22.2415623243433;
50000174;11000024;1000000456;500000304;2022;15;2;1;1;;00001660;00000001;;00001862;1;0;0;0;;;;;;;0;;;;1;0;0;1;5;1;0;0;1;0;0;;;0;0;5;0;1;1;1;1;;1;1;1;0;;;0;0;;0;1;;0;1;0;;9;1;;0;0;0;;1.15384615384615;37;0;;22.2415623243433;
50000174;11000024;1000000896;500000579;2022;20;2;3;1;;00002765;00000004;00000027;00003840;1;0;0;;;;0;;;;;;;;1;;0;1;5;1;0;0;1;0;0;;;1;0;5;0;1;1;1;1;;1;1;1;0;;;0;0;;0;1;;0;1;0;;9;1;;0;0;0;;1.15384615384615;37;0;;22.2415623243433;
50000174;11000024;1000001205;500000777;2022;10;2;0;1;;00004827;00000003;;;1;0;0;;;;;;;;;;;0;1;1;0;1;5;1;0;0;1;0;0;;;0;0;2;0;1;;1;1;;1;1;1;0;;;0;0;;0;1;;0;1;0;;9;1;;0;0;0;;1.15384615384615;37;0;;22.2415623243433;
50000174;11000024;1000001279;500000841;2022;15;2;0;1;;00004131;00000001;00000020;00003709;1;0;0;;;;;;;;;0;0;0;1;0;0;1;5;1;0;0;1;0;0;;;0;0;1;0;1;1;1;1;;1;1;1;0;;;0;0;;0;1;;0;1;0;;9;1;;0;0;0;;1.15384615384615;37;0;;22.2415623243433;
50000175;11000024;1000000080;500000056;2022;21;1;3;1;;00002904;00000008;00000017;;1;0;0;;;;;0;;;;;0;0;1;0;0;14;5;1;0;0;1;0;0;15;1;0;0;5;0;1;;1;1;;1;1;1;0;;;0;0;;0;1;;0;1;0;;9;1;;0;0;0;;1.15384615384615;37;0;19;36.6584099521861;noite
50000175;11000024;1000000206;500000150;2022;35;1;3;1;;00000830;00000006;;00003321;1;0;0;;;;0;;;;;;;0;1;0;0;14;5;1;0;0;1;0;0;29;1;1;0;5;0;1;1;1;1;;1;1;1;0;;;0;0;;0;1;;0;1;0;;9;1;;0;0;0;;1.15384615384615;37;0;19;36.6584099521861;noite
50000175;11000024;1000001139;500000730;2022;13;1;0;1;;00005134;00000006;00000020;00002406;2;0;0;;0;;;;;0;;;;0;1;0;0;14;5;1;0;0;1;0;0;7;1;0;0;3;0;1;1;1;1;;1;1;1;0;;;0;0;;0;1;;0;1;0;;9;1;;0;0;0;;1.15384615384615;37;0;19;36.6584099521861;noite
50000175;11000024;1000001393;500000952;2022;13;2;3;1;;00005490;00000004;00000019;00001541;1;0;0;;1;1;;;;;;;0;0;1;0;0;14;5;1;0;0;1;0;0;7;1;0;0;0;;0;;1;1;;1;1;1;0;;;0;0;;0;1;;0;1;0;;9;1;;0;0;0;;1.15384615384615;37;0;19;36.6584099521861;noite
50000176;11000025;1000001185;500000765;2022;21;1;1;1;;00000828;00000008;;00003858;1;0;0;;0;;;0;;;;;;0;1;0;0;21;5;1;0;0;1;0;0;8;1;0;0;3;0;1;;2;1;;1;0;1;;1;;1;0;0;1;;;1;1;;;0;1;0;;;0;;0.666666666666667;36;0;7;32.2839929629117;manha
50000176;11000025;1000001292;500000854;2022;12;1;3;1;;00000501;00000008;00000014;00002826;1;0;0;;0;;0;;;;;;;0;1;;0;21;5;1;0;0;1;0;0;-1;0;0;0;1;0;1;;2;1;;1;0;1;;1;;1;0;0;1;;;1;1;;;0;1;0;;;0;;0.666666666666667;36;0;7;32.2839929629117;manha
50000176;11000025;1000001329;500000889;2022;5;1;3;1;;00000420;00000002;;00003839;1;0;0;;;;;;;;;;0;;1;0;0;21;5;1;0;0;1;0;0;-8;0;0;1;1;0;1;1;2;1;;1;0;1;;1;;1;0;0;1;;;1;1;;;0;1;0;;;0;;0.666666666666667;36;0;7;32.2839929629117;manha
50000177;11000025;1000000087;500000062;2022;17;1;3;1;;00003734;00000005;00000008;;1;1;0;;1;;;0;;;;0;;0;1;0;0;27;5;1;0;0;1;0;0;0;0;0;0;5;0;1;;2;1;;1;0;1;;1;;1;0;0;1;;;1;1;;;0;1;0;;;0;;0.666666666666667;36;0;13;45.0891370810568;tarde
50000177;11000025;1000000093;500000067;2022;25;1;3;1;;00000429;00000005;;;1;0;0;;;;0;;;;;;;0;1;0;0;27;5;1;0;0;1;0;0;8;1;0;0;5;0;1;;2;1;;1;0;1;;1;;1;0;0;1;;;1;1;;;0;1;0;;;0;;0.666666666666667;36;0;13;45.0891370810568;tarde
50000177;11000025;1000000934;500000603;2022;9;2;1;1;;00004705;00000008;;;1;0;0;;;1;;;;;;;;0;1;0;0;27;5;1;0;0;1;0;0;-8;0;1;0;5;0;1;;2;1;;1;0;1;;1;;1;0;0;1;;;1;1;;;0;1;0;;;0;;0.666666666666667;36;0;13;45.0891370810568;tarde
50000177;11000025;1000001172;500000753;2022;16;1;0;1;;00003634;00000005;;00001367;1;0;0;;;;;;;;;0;;0;1;0;0;27;5;1;0;0;1;0;0;-1;0;1;0;3;1;1;;2;1;;1;0;1;;1;;1;0;0;1;;;1;1;;;0;1;0;;;0;;0.666666666666667;36;0;13;45.0891370810568;tarde
50000177;11000025;1000001345;500000904;2022;19;2;3;1;;00001454;00000006;00000016;;1;0;0;;;;;;;;;;;0;1;;0;27;5;1;0;1;1;0;;2;1;0;0;1;0;1;;2;1;;1;0;1;;1;;1;0;0;1;;;1;1;;;0;1;0;;;0;;0.666666666666667;36;0;13;45.0891370810568;tarde
50000177;11000025;1000001424;500000983;2022;4;1;1;1;;00002474;00000007;00000001;;1;0;0;;;0;;;;;;;;0;1;0;0;27;5;1;0;0;1;0;0;-13;0;0;0;0;;0;;2;1;;1;0;1;;1;;1;0;0;1;;;1;1;;;0;1;0;;;0;;0.666666666666667;36;0;13;45.0891370810568;tarde
50000178;11000025;1000000028;500000017;2022;13;1;1;1;;00004299;00000005;00000006;00004643;1;0;0;;;;;;;;;;;0;1;0;0;2;5;1;0;0;1;0;0;;;0;0;5;0;1;1;2;1;;1;0;1;;1;;1;0;0;1;;;1;1;;;0;1;0;;;0;;0.666666666666667;36;0;7;16.916501277592;manha
50000178;11000025;1000001352;500000911;2022;11;2;0;1;;00001481;00000001;00000013;00003379;1;0;0;;;;;;0;;0;;;0;1;1;0;2;5;1;0;0;1;0;1;;;0;0;1;0;1;1;2;1;;1;0;1;;1;;1;0;0;1;;;1;1;;;0;1;0;;;0;;0.666666666666667;36;0;7;16.916501277592;manha
50000178;11000025;1000001378;500000937;2022;4;2;3;1;;00001464;00000002;;;1;0;0;;;;0;0;;;;;;0;1;0;0;2;5;1;0;0;1;0;0;;;0;0;0;;0;;2;1;;1;0;1;;1;;1;0;0;1;;;1;1;;;0;1;0;;;0;;0.666666666666667;36;0;7;16.916501277592;manha
50000179;11000025;1000000397;500000268;2022;24;2;1;1;;00000052;00000005;;;1;0;0;;;;;;;;;;;0;1;0;0;70;5;1;0;0;1;0;0;;;0;0;5;0;1;;2;1;;1;0;1;;1;;1;0;0;1;;;1;1;;;0;1;0;;;0;;0.666666666666667;36;0;13;32.3940438160207;tarde
50000179;11000025;1000000917;500000593;2022;21;2;1;1;;00000869;00000003;00000002;00003805;2;0;0;;;;;1;;0;;;0;0;1;0;0;70;5;1;0;0;1;0;0;;;0;0;5;0;1;1;2;1;;1;0;1;;1;;1;0;0;1;;;1;1;;;0;1;0;;;0;;0.666666666666667;36;0;13;32.3940438160207;tarde
50000179;11000025;1000001302;500000864;2022;9;1;3;1;;00005251;00000003;00000010;;1;0;0;;0;;;;;;;;;0;1;0;0;70;5;1;0;0;1;0;0;;;0;0;1;0;1;;2;1;;1;0;1;;1;;1;0;0;1;;;1;1;;;0;1;0;;;0;;0.666666666666667;36;0;13;32.3940438160207;tarde
50000179;11000025;1000001331;500000891;2022;9;1;1;1;;00000293;00000002;00000003;00003704;1;0;;;;;0;;;;;;;0;1;;0;70;5;1;0;0;1;0;0;;;0;0;1;0;1;1;2;1;;1;0;1;;1;;1;0;0;1;;;1;1;;;0;1;0;;;0;;0.666666666666667;36;0;13;32.3940438160207;tarde
50000180;11000025;1000000067;500000044;2022;8;1;3;1;;00000259;00000006;00000012;;2;0;0;;;;;;;;0;;0;0;1;1;0;69;5;1;0;0;1;0;0;;;0;0;5;0;1;;2;1;;1;0;1;;1;;1;0;0;1;;;1;1;;;0;1;0;;;0;;0.666666666666667;36;0;7;10.8912297803909;manha
50000180;11000025;1000000820;500000535;2022;15;2;1;1;;00004257;00000003;00000015;00002146;2;0;0;;;;;;0;;;0;0;0;1;0;0;69;5;1;0;0;1;0;0;;;0;0;5;0;1;;2;1;;1;0;1;;1;;1;0;0;1;;;1;1;;;0;1;0;;;0;;0.666666666666667;36;0;7;10.8912297803909;manha
50000180;11000025;1000000842;500000547;2022;17;2;1;1;;00001186;00000001;00000009;00003144;1;1;0;;;;;0;;;;;;0;1;0;0;69;5;1;0;0;1;0;0;;;0;0;5;0;1;1;2;1;;1;0;1;;1;;1;0;0;1;;;1;1;;;0;1;0;;;0;;0.666666666666667;36;0;7;10.8912297803909;manha
50000180;11000025;1000001073;500000689;2022;7;1;3;1;;00000069;00000003;00000008;;1;0;0;;;;;;;;;;0;0;1;1;0;69;5;1;0;0;1;0;0;;;1;0;4;0;1;;2;1;;1;0;1;;1;;1;0;0;1;;;1;1;;;0;1;0;;;0;;0.666666666666667;36;0;7;10.8912297803909;manha
50000180;11000025;1000001079;500000694;2022;5;2;3;1;;00005546;00000003;00000011;;1;0;0;;0;;;0;;0;;;;0;1;0;0;69;5;1;0;0;1;0;0;;;0;0;4;0;1;;2;1;;1;0;1;;1;;1;0;0;1;;;1;1;;;0;1;0;;;0;;0.666666666666667;36;0;7;10.8912297803909;manha
50000181;11000025;1000000517;500000342;2022;16;2;3;1;;00002226;00000006;;00000316;2;0;1;;1;;;;;;;0;0;0;1;0;0;14;5;1;0;0;1;0;0;10;1;0;0;5;0;1;1;2;1;;1;0;1;;1;;1;0;0;1;;;1;1;;;0;1;0;;;0;;0.666666666666667;36;0;7;23.6833009624388;manha
50000181;11000025;1000000552;500000364;2022;10;1;3;1;;00003743;00000001;00000027;;1;0;1;;;;;;;0;;;;0;1;0;0;14;5;1;0;0;1;0;1;4;1;0;0;5;0;1;;2;1;;1;0;1;;1;;1;0;0;1;;;1;1;;;0;1;0;;;0;;0.666666666666667;36;0;7;23.6833009624388;manha
50000181;11000025;1000001114;500000715;2022;6;2;3;1;;00000610;00000001;;;2;0;0;0;;;0;;;;;0;;0;1;0;0;14;5;1;0;0;1;0;0;0;0;0;0;3;0;1;;2;1;;1;0;1;;1;;1;0;0;1;;;1;1;;;0;1;0;;;0;;0.666666666666667;36;0;7;23.6833009624388;manha
50000181;11000025;1000001371;500000930;2022;5;1;0;1;;00000522;00000003;00000018;00002318;1;0;0;;;;;;;;;;;0;1;0;0;14;5;1;0;0;1;0;0;-1;0;0;0;0;;0;;2;1;;1;0;1;;1;;1;0;0;1;;;1;1;;;0;1;0;;;0;;0.666666666666667;36;0;7;23.6833009624388;manha
50000181;11000025;1000001433;500000992;2022;4;2;0;1;;00001785;00000008;00000017;;1;0;0;;;1;;;;;;;;0;1;;0;14;5;1;0;0;1;0;0;-2;0;0;0;0;;0;;2;1;;1;0;1;;1;;1;0;0;1;;;1;1;;;0;1;0;;;0;;0.666666666666667;36;0;7;23.6833009624388;manha
50000182;11000025;1000000098;500000072;2022;9;1;1;1;;00004916;00000002;00000027;00000659;1;0;1;0;;;;;;;;;0;0;1;0;0;20;5;1;0;0;1;0;0;-3;0;0;0;5;0;1;1;2;1;;1;0;1;;1;;1;0;0;1;;;1;1;;;0;1;0;;;0;;0.666666666666667;36;0;13;28.5016690590419;tarde
50000182;11000025;1000000418;500000279;2022;20;1;3;1;;00001096;00000004;00000027;00002708;1;0;0;;;;0;;;;;;;0;1;0;0;20;5;1;0;0;1;0;0;8;1;0;0;5;0;1;1;2;1;;1;0;1;;1;;1;0;0;1;;;1;1;;;0;1;0;;;0;;0.666666666666667;36;0;13;28.5016690590419;tarde
50000182;11000025;1000000728;500000478;2022;20;1;1;1;;00003682;00000005;;;1;0;1;;;;;;0;;;;0;0;1;0;0;20;5;1;0;0;1;0;0;8;1;0;0;5;0;1;;2;1;;1;0;1;;1;;1;0;0;1;;;1;1;;;0;1;0;;;0;;0.666666666666667;36;0;13;28.5016690590419;tarde
50000183;11000026;1000000119;500000085;2022;8;1;1;1;;00005134;00000002;00000012;00000006;1;1;0;;;;;;;;;;;0;1;0;0;26;3;1;0;0;1;0;0;-8;0;0;0;5;0;1;1;4;2;;1;;1;0;1;1;1;;0;;1;;1;;1;;;;;0;0;0;;0.8;37;0;6;10.3924055502284;manha
50000183;11000026;1000000175;500000126;2022;19;1;1;1;;00004132;00000007;;;1;0;0;;;;;;;;;;;0;1;0;0;26;3;1;0;0;1;0;0;3;1;0;0;5;0;1;;4;2;;1;;1;0;1;1;1;;0;;1;;1;;1;;;;;0;0;0;;0.8;37;0;6;10.3924055502284;manha
50000183;11000026;1000000177;500000128;2022;21;1;1;1;;00000066;00000008;00000009;00004391;1;0;0;;;1;;0;;;;;;0;1;0;0;26;3;1;0;0;1;0;0;5;1;0;0;5;0;1;1;4;2;;1;;1;0;1;1;1;;0;;1;;1;;1;;;;;0;0;0;;0.8;37;0;6;10.3924055502284;manha
50000183;11000026;1000000689;500000454;2022;12;2;0;1;;00001968;00000001;00000008;;1;0;0;;;;;;;0;;;0;0;1;0;0;26;3;1;0;0;1;0;0;-4;0;2;0;5;0;1;;4;2;;1;;1;0;1;1;1;;0;;1;;1;;1;;;;;0;0;0;;0.8;37;0;6;10.3924055502284;manha
50000183;11000026;1000001061;500000678;2022;20;1;1;1;;00001729;00000002;00000018;;1;0;0;0;;;;;;;;;;0;1;0;0;26;3;1;0;0;1;0;0;4;1;0;0;4;0;1;;4;2;;1;;1;0;1;1;1;;0;;1;;1;;1;;;;;0;0;0;;0.8;37;0;6;10.3924055502284;manha
50000183;11000026;1000001332;500000892;2022;16;1;1;1;;00000775;00000003;00000020;00004746;1;0;0;0;;;;;;;;;;;1;0;0;26;3;1;0;0;1;0;0;0;0;0;0;1;0;1;1;4;2;;1;;1;0;1;1;1;;0;;1;;1;;1;;;;;0;0;0;;0.8;37;0;6;10.3924055502284;manha
50000184;11000026;1000000361;500000250;2022;11;1;0;1;;00002999;00000008;00000014;00000637;1;0;0;;;;;;;;;;;;1;0;0;21;5;1;0;0;1;0;0;-2;0;0;0;5;0;1;;4;2;;1;;1;0;1;1;1;;0;;1;;1;;1;;;;;0;0;0;;0.8;37;0;13;23.6541016784031;tarde
50000184;11000026;1000000658;500000429;2022;13;2;0;1;;00001211;00000002;00000003;00004695;1;0;0;;;;;;;;0;;;0;1;0;0;21;5;1;0;0;1;0;0;0;0;0;0;5;0;1;1;4;2;;1;;1;0;1;1;1;;0;;1;;1;;1;;;;;0;0;0;;0.8;37;0;13;23.6541016784031;tarde
50000184;11000026;1000000898;500000581;2022;10;1;0;1;;00000311;00000004;00000004;00003733;1;0;0;;;;;;;;;0;;0;1;0;0;21;5;1;0;0;1;0;0;-3;0;0;1;5;0;1;1;4;2;;1;;1;0;1;1;1;;0;;1;;1;;1;;;;;0;0;0;;0.8;37;0;13;23.6541016784031;tarde
50000184;11000026;1000001268;500000831;2022;8;1;0;1;;00003127;00000004;00000007;;2;0;0;;;1;;;0;;;;;0;1;0;0;21;5;1;0;0;1;0;0;-5;0;0;0;2;0;1;;4;2;;1;;1;0;1;1;1;;0;;1;;1;;1;;;;;0;0;0;;0.8;37;0;13;23.6541016784031;tarde
50000184;11000026;1000001288;500000850;2022;13;1;0;1;;00004481;00000003;00000024;;1;0;0;;;;;;0;;;;;0;1;0;0;21;5;1;0;0;1;0;0;0;0;0;0;1;0;1;;4;2;;1;;1;0;1;1;1;;0;;1;;1;;1;;;;;0;0;0;;0.8;37;0;13;23.6541016784031;tarde
50000185;11000026;1000000484;500000320;2022;7;1;1;1;;00000123;00000004;;00003664;1;0;0;;;;;;;;;;;0;1;0;0;2;5;1;0;0;1;0;0;;;1;0;5;0;1;1;4;2;;1;;1;0;1;1;1;;0;;1;;1;;1;;;;;0;0;0;;0.8;37;0;12;7.57211658172309;tarde
50000185;11000026;1000001245;500000811;2022;10;2;0;1;;00000079;00000002;;00003196;1;0;0;;;1;;;0;;;;;0;1;0;0;2;5;1;0;0;1;0;0;;;0;0;2;0;1;1;4;2;;1;;1;0;1;1;1;;0;;1;;1;;1;;;;;0;0;0;;0.8;37;0;12;7.57211658172309;tarde
50000186;11000026;1000000009;500000007;2022;10;1;0;1;;00004751;00000003;00000021;00004446;1;0;0;;;;;0;;;;;0;0;1;0;;22;5;1;0;0;1;0;0;;;0;1;5;0;1;1;4;2;;1;;1;0;1;1;1;;0;;1;;1;;1;;;;;0;0;0;;0.8;37;0;7;20.6316296814475;manha
50000186;11000026;1000000693;500000456;2022;8;1;0;1;;00001754;00000002;00000014;00000420;1;0;1;;0;;;;0;;;;;0;1;0;0;22;5;1;0;0;1;0;0;;;0;0;5;0;1;1;4;2;;1;;1;0;1;1;1;;0;;1;;1;;1;;;;;0;0;0;;0.8;37;0;7;20.6316296814475;manha
50000186;11000026;1000001067;500000683;2022;15;2;1;1;;00001629;00000007;00000027;00001845;1;0;1;0;;1;;;;;;;;0;1;0;0;22;5;1;0;0;1;0;0;;;0;1;4;0;1;;4;2;;1;;1;0;1;1;1;;0;;1;;1;;1;;;;;0;0;0;;0.8;37;0;7;20.6316296814475;manha
50000187;11000026;1000000878;500000568;2022;6;1;0;1;;00004056;00000007;00000007;00003029;1;0;0;;;0;;;;0;0;;;0;1;0;0;;5;1;1;0;1;0;0;;;0;0;5;0;1;1;4;2;;1;;1;0;1;1;1;;0;;1;;1;;1;;;;;0;0;0;;0.8;37;0;13;11.2960499443579;tarde
50000187;11000026;1000000894;500000578;2022;20;1;1;1;;00000226;00000008;;00000401;2;0;0;;;;0;;;0;;;;0;1;1;0;;5;1;0;0;1;0;0;;;0;0;5;0;1;1;4;2;;1;;1;0;1;1;1;;0;;1;;1;;1;;;;;0;0;0;;0.8;37;0;13;11.2960499443579;tarde
50000187;11000026;1000001151;500000737;2022;11;2;0;1;;00002411;00000007;00000023;00000065;1;0;0;0;0;;;;;;;;;0;1;0;0;;5;1;0;0;1;0;0;;;0;0;3;0;1;;4;2;;1;;1;0;1;1;1;;0;;1;;1;;1;;;;;0;0;0;;0.8;37;0;13;11.2960499443579;tarde
50000187;11000026;1000001221;500000791;2022;4;1;3;1;;00003522;00000001;00000004;00000421;1;0;0;;;;;;0;;;;;0;1;0;0;;5;1;0;0;1;0;0;;;0;0;2;0;1;;4;2;;1;;1;0;1;1;1;;0;;1;;1;;1;;;;;0;0;0;;0.8;37;0;13;11.2960499443579;tarde
50000187;11000026;1000001227;500000796;2022;6;1;1;1;;00000080;00000006;00000003;00000358;2;0;0;;;1;;;;;;;;0;1;0;0;;5;1;0;0;1;0;0;;;0;0;2;0;1;;4;2;;1;;1;0;1;1;1;;0;;1;;1;;1;;;;;0;0;0;;0.8;37;0;13;11.2960499443579;tarde
50000188;11000026;1000000515;500000340;2022;14;1;1;1;;00001504;00000005;00000013;00002364;1;0;1;0;;;;;;;;;;0;1;0;0;;2;1;0;0;1;0;0;;;1;0;5;1;1;1;4;2;;1;;1;0;1;1;1;;0;;1;;1;;1;;;;;0;0;0;;0.8;37;0;13;19.2705262464006;tarde
50000188;11000026;1000000904;500000586;2022;21;2;1;1;;00005105;00000007;00000001;00003612;1;0;0;;0;;;;;;;;;0;1;0;0;;2;1;0;0;1;0;0;;;1;0;5;0;1;;4;2;;1;;1;0;1;1;1;;0;;1;;1;;1;;;;;0;0;0;;0.8;37;0;13;19.2705262464006;tarde
50000188;11000026;1000000909;500000590;2022;17;1;0;1;;00002199;00000007;;;1;0;0;;;;;;;;;;0;0;1;0;0;;2;1;0;0;1;0;0;;;0;1;5;0;1;;4;2;;1;;1;0;1;1;1;;0;;1;;1;;1;;;;;0;0;0;;0.8;37;0;13;19.2705262464006;tarde
50000189;11000026;1000000333;500000233;2022;20;1;1;1;;00003855;00000002;;00002412;1;0;0;;0;;;;;;;;;0;1;0;;1;6;1;0;0;1;0;0;;;0;0;5;0;1;1;4;2;;1;;1;0;1;1;1;;0;;1;;1;;1;;;;;0;0;0;;0.8;37;0;7;4.41953557077795;manha
50000189;11000026;1000000364;500000253;2022;11;1;3;1;;00000129;00000006;00000020;00004898;1;0;0;;;;;;;;;;;;1;0;0;1;6;1;0;0;1;0;0;;;0;0;5;0;1;1;4;2;;1;;1;0;1;1;1;;0;;1;;1;;1;;;;;0;0;0;;0.8;37;0;7;4.41953557077795;manha
50000189;11000026;1000000381;500000264;2022;13;2;1;1;;00000582;00000001;00000007;;2;0;0;;;;0;0;;;;;;0;1;0;0;1;6;1;0;0;1;0;0;;;1;0;5;0;1;;4;2;;1;;1;0;1;1;1;;0;;1;;1;;1;;;;;0;0;0;;0.8;37;0;7;4.41953557077795;manha
50000189;11000026;1000001022;500000650;2022;13;2;3;1;;00003418;00000006;;00005110;1;0;0;;;;;;0;;;;;0;1;0;0;1;6;1;0;0;1;0;0;;;0;0;4;0;1;1;4;2;;1;;1;0;1;1;1;;0;;1;;1;;1;;;;;0;0;0;;0.8;37;0;7;4.41953557077795;manha
50000189;11000026;1000001072;500000688;2022;16;1;3;1;;00005212;00000002;;00000036;1;0;0;;;;;;0;;;;;0;1;0;0;1;6;1;0;0;1;0;0;;;0;0;4;0;1;1;4;2;;1;;1;0;1;1;1;;0;;1;;1;;1;;;;;0;0;0;;0.8;37;0;7;4.41953557077795;manha
50000189;11000026;1000001273;500000836;2022;6;1;0;1;;00002390;00000003;;00003577;1;0;0;;;;0;;;;;;;0;1;0;0;1;6;1;0;0;1;0;0;;;0;0;2;0;1;1;4;2;;1;;1;0;1;1;1;;0;;1;;1;;1;;;;;0;0;0;;0.8;37;0;7;4.41953557077795;manha
50000189;11000026;1000001333;500000893;2022;4;2;1;1;;00004836;00000007;;;1;0;0;;;;;;;;0;;;0;1;0;0;1;6;1;0;0;1;0;0;;;0;0;1;0;1;;4;2;;1;;1;0;1;1;1;;0;;1;;1;;1;;;;;0;0;0;;0.8;37;0;7;4.41953557077795;manha
50000190;11000027;1000000262;500000191;2022;16;1;1;1;;00002617;00000003;;00004956;2;0;0;;;;;;;;;;;0;1;1;0;;5;1;0;0;1;0;0;;;0;0;5;0;1;1;3;2;;1;;1;0;1;0;1;;0;0;;0;;1;;0;0;1;0;;0;0;;0.461538461538462;28;0;13;30.9834054694511;tarde
50000190;11000027;1000000444;500000297;2022;16;2;0;1;;00001378;00000005;;00001977;1;0;0;;;0;;;0;;;;0;0;1;0;0;;5;1;0;0;1;0;0;;;1;0;5;1;1;1;3;2;;1;;1;0;1;0;1;;0;0;;0;;1;;0;0;1;0;;0;0;;0.461538461538462;28;0;13;30.9834054694511;tarde
50000190;11000027;1000000640;500000417;2022;16;2;1;1;;00001871;00000007;;00004183;1;0;0;;0;;;;;;;;;0;1;0;0;;5;1;0;0;1;0;0;;;0;0;5;0;1;1;3;2;;1;;1;0;1;0;1;;0;0;;0;;1;;0;0;1;0;;0;0;;0.461538461538462;28;0;13;30.9834054694511;tarde
50000191;11000027;1000000936;500000604;2022;18;2;3;1;;00002137;00000001;;00004101;1;0;0;;;1;;;;;;;0;0;1;0;0;;2;1;0;0;1;0;1;;;0;0;5;0;1;1;3;2;;1;;1;0;1;0;1;;0;0;;0;;1;;0;0;1;0;;0;0;;0.461538461538462;28;0;13;8.61787703586742;tarde
50000191;11000027;1000001280;500000842;2022;8;1;0;1;;00004827;00000004;;00003190;1;0;1;;;;;;;;;;;0;1;0;0;;2;1;0;0;1;0;0;;;0;0;1;0;1;1;3;2;;1;;1;0;1;0;1;;0;0;;0;;1;;0;0;1;0;;0;0;;0.461538461538462;28;0;13;8.61787703586742;tarde
50000191;11000027;1000001303;500000865;2022;5;1;1;1;;00003952;00000004;;;1;0;0;;;;;;0;;0;0;0;0;1;0;0;;2;1;0;0;1;0;1;;;0;0;1;0;1;;3;2;;1;;1;0;1;0;1;;0;0;;0;;1;;0;0;1;0;;0;0;;0.461538461538462;28;0;13;8.61787703586742;tarde
50000192;11000027;1000000679;500000444;2022;14;2;1;1;;00002479;00000008;00000022;00000759;1;0;0;;;;0;;;;;;;0;1;0;0;41;5;1;0;0;1;0;0;0;0;2;0;5;0;1;1;3;2;;1;;1;0;1;0;1;;0;0;;0;;1;;0;0;1;0;;0;0;;0.461538461538462;28;0;13;5.83751137834042;tarde
50000192;11000027;1000001369;500000928;2022;6;2;0;1;;00002271;00000006;00000025;00001288;1;0;0;0;0;;;;;;;;;0;1;;0;41;5;1;0;0;1;0;1;-8;0;0;0;0;;0;;3;2;;1;;1;0;1;0;1;;0;0;;0;;1;;0;0;1;0;;0;0;;0.461538461538462;28;0;13;5.83751137834042;tarde
50000193;11000027;1000000146;500000104;2022;19;2;0;1;;00003130;00000002;00000002;00001817;1;0;0;;;;0;;;0;;;;0;1;0;0;17;5;1;0;0;1;0;0;10;1;0;0;5;0;1;;3;2;;1;;1;0;1;0;1;;0;0;;0;;1;;0;0;1;0;;0;0;;0.461538461538462;28;0;7;15.6797674065456;manha
50000193;11000027;1000000359;500000248;2022;13;2;3;1;;00002533;00000003;00000001;00005315;1;0;0;;;;;;;;;;;0;1;0;0;17;5;1;0;0;1;0;0;4;1;0;0;5;0;1;1;3;2;;1;;1;0;1;0;1;;0;0;;0;;1;;0;0;1;0;;0;0;;0.461538461538462;28;0;7;15.6797674065456;manha
50000193;11000027;1000000645;500000421;2022;10;1;3;1;;00000569;00000004;00000003;00002393;2;0;0;;;;;;;;0;;;0;1;0;0;17;5;1;0;0;1;0;0;1;0;0;0;5;0;1;1;3;2;;1;;1;0;1;0;1;;0;0;;0;;1;;0;0;1;0;;0;0;;0.461538461538462;28;0;7;15.6797674065456;manha
50000193;11000027;1000000805;500000526;2022;19;1;1;1;;00003582;00000008;;00002426;1;0;0;;;;0;;;;;;;0;1;0;;17;5;1;0;0;1;0;0;10;1;0;0;5;0;1;;3;2;;1;;1;0;1;0;1;;0;0;;0;;1;;0;0;1;0;;0;0;;0.461538461538462;28;0;7;15.6797674065456;manha
50000193;11000027;1000001405;500000964;2022;7;1;3;1;;00005235;00000002;;00002298;1;0;0;0;;;;;;;;0;;0;1;0;0;17;5;1;0;0;1;0;0;-2;0;0;0;0;;0;;3;2;;1;;1;0;1;0;1;;0;0;;0;;1;;0;0;1;0;;0;0;;0.461538461538462;28;0;7;15.6797674065456;manha
50000194;11000027;1000001244;500000810;2022;19;2;1;1;;00001264;00000006;;;1;0;0;;;0;;;;;;;;0;1;0;0;1;4;1;0;0;1;0;0;;;0;0;2;0;1;;3;2;;1;;1;0;1;0;1;;0;0;;0;;1;;0;0;1;0;;0;0;;0.461538461538462;28;0;7;5.97320275381208;manha
50000194;11000027;1000001357;500000916;2022;17;1;0;1;;00004836;00000004;00000009;;2;0;0;;1;;;;0;0;;;;0;1;0;0;1;4;1;0;0;1;0;0;;;0;0;1;0;1;;3;2;;1;;1;0;1;0;1;;0;0;;0;;1;;0;0;1;0;;0;0;;0.461538461538462;28;0;7;5.97320275381208;manha
50000194;11000027;1000001439;500000998;2022;12;2;3;1;;00004005;00000006;00000009;00004517;1;0;0;;;;;;;;;;;0;1;0;0;1;4;1;0;0;1;0;0;;;0;0;0;;0;;3;2;;1;;1;0;1;0;1;;0;0;;0;;1;;0;0;1;0;;0;0;;0.461538461538462;28;0;7;5.97320275381208;manha
50000195;11000027;1000000394;500000267;2022;10;2;1;1;;00003521;00000005;;00002441;1;0;0;;;;;0;;;;0;;0;1;;0;14;5;1;0;0;1;0;0;4;1;1;0;5;1;1;1;3;2;;1;;1;0;1;0;1;;0;0;;0;;1;;0;0;1;0;;0;0;;0.461538461538462;28;0;13;25.4663434566464;tarde
50000196;11000027;1000000210;500000154;2022;12;2;3;1;;00004928;00000002;00000007;;1;0;0;0;0;;;;;0;;;;0;1;0;0;21;2;1;0;0;1;0;0;-1;0;0;1;5;0;1;;3;2;;1;;1;0;1;0;1;;0;0;;0;;1;;0;0;1;0;;0;0;;0.461538461538462;28;0;7;21.6130933258683;manha
50000196;11000027;1000000294;500000211;2022;14;1;0;1;;00003347;00000005;;;2;0;0;;;;;;;;;;0;0;1;0;0;21;2;1;0;0;1;0;0;1;0;0;0;5;0;1;;3;2;;1;;1;0;1;0;1;;0;0;;0;;1;;0;0;1;0;;0;0;;0.461538461538462;28;0;7;21.6130933258683;manha
50000196;11000027;1000000499;500000329;2022;18;1;3;1;;00004060;00000006;;00005334;1;0;0;;;;;1;0;;;;;0;1;0;0;21;2;1;0;0;1;0;1;5;1;0;0;5;0;1;1;3;2;;1;;1;0;1;0;1;;0;0;;0;;1;;0;0;1;0;;0;0;;0.461538461538462;28;0;7;21.6130933258683;manha
50000196;11000027;1000000613;500000401;2022;14;2;1;1;;00004555;00000005;00000002;00003990;1;0;1;;;;;0;;;;;;0;1;0;0;21;2;1;0;0;1;0;0;1;0;0;0;5;0;1;;3;2;;1;;1;0;1;0;1;;0;0;;0;;1;;0;0;1;0;;0;0;;0.461538461538462;28;0;7;21.6130933258683;manha
50000196;11000027;1000000888;500000573;2022;8;1;3;1;;00001309;00000005;00000006;00001485;1;1;0;0;;;0;;;;;0;;0;1;0;0;21;2;1;0;0;1;0;0;-5;0;0;0;5;0;1;1;3;2;;1;;1;0;1;0;1;;0;0;;0;;1;;0;0;1;0;;0;0;;0.461538461538462;28;0;7;21.6130933258683;manha
50000196;11000027;1000000971;500000624;2022;13;2;5;1;;00002443;00000005;00000013;;1;0;0;;;;;;;;0;;;0;1;0;0;21;2;1;0;0;1;0;0;0;0;0;0;5;0;1;;3;2;;1;;1;0;1;0;1;;0;0;;0;;1;;0;0;1;0;;0;0;;0.461538461538462;28;0;7;21.6130933258683;manha
50000197;11000028;1000000812;500000531;2022;13;1;1;1;;;00000006;;00002144;1;0;0;0;;;;;;;;;0;0;1;0;0;19;5;1;0;0;1;0;0;2;1;0;0;5;0;1;1;2;2;;1;;1;1;1;;;0;;;0;1;1;;;0;1;0;;0;1;;3;0.636363636363636;31;0.129032258064516;13;25.4341154720169;tarde
50000197;11000028;1000000929;500000599;2022;13;2;3;1;;00000503;00000008;00000026;00001621;1;0;0;;0;;;;;;0;;;0;1;0;0;19;5;1;0;0;1;0;0;2;1;0;0;5;0;1;1;2;2;;1;;1;1;1;;;0;;;0;1;1;;;0;1;0;;0;1;;3;0.636363636363636;31;0.129032258064516;13;25.4341154720169;tarde
50000197;11000028;1000001056;500000674;2022;12;1;1;1;;00005138;00000001;00000018;00003075;1;0;0;0;;;;0;;0;;;;0;1;0;0;19;5;1;0;0;1;0;0;1;0;0;0;4;0;1;;2;2;;1;;1;1;1;;;0;;;0;1;1;;;0;1;0;;0;1;;3;0.636363636363636;31;0.129032258064516;13;25.4341154720169;tarde
50000197;11000028;1000001265;500000829;2022;16;2;3;1;;00001572;00000003;00000003;;1;0;0;;;;0;;;0;;;;0;1;0;0;19;5;1;0;0;1;0;0;5;1;0;0;2;0;1;;2;2;;1;;1;1;1;;;0;;;0;1;1;;;0;1;0;;0;1;;3;0.636363636363636;31;0.129032258064516;13;25.4341154720169;tarde
50000198;11000028;1000000138;500000097;2022;9;2;1;1;;00002300;00000003;;;2;0;0;;;;0;;0;;;;;0;1;0;0;14;5;1;0;0;1;0;0;3;1;0;0;5;0;1;;2;2;;1;;1;1;1;;;0;;;0;1;1;;;0;1;0;;0;1;;3;0.636363636363636;31;0.129032258064516;13;16.7689093912486;tarde
50000198;11000028;1000000590;500000385;2022;16;2;0;1;;00001155;00000005;;00001863;1;0;0;;;;;;0;;;;;0;1;0;0;14;5;1;0;0;1;0;0;10;1;0;0;5;0;1;1;2;2;;1;;1;1;1;;;0;;;0;1;1;;;0;1;0;;0;1;;3;0.636363636363636;31;0.129032258064516;13;16.7689093912486;tarde
50000198;11000028;1000000684;500000449;2022;14;1;3;1;;00002784;00000007;00000009;;1;0;0;;;0;;0;;;;0;;0;1;;0;14;5;1;0;0;1;0;0;8;1;0;0;5;0;1;;2;2;;1;;1;1;1;;;0;;;0;1;1;;;0;1;0;;0;1;;3;0.636363636363636;31;0.129032258064516;13;16.7689093912486;tarde
50000198;11000028;1000000870;500000562;2022;22;2;2;1;;00003085;00000007;00000016;00003016;2;0;0;;;;;0;;;;;;0;1;0;0;14;5;1;0;0;1;0;0;16;1;0;0;5;0;1;1;2;2;;1;;1;1;1;;;0;;;0;1;1;;;0;1;0;;0;1;;3;0.636363636363636;31;0.129032258064516;13;16.7689093912486;tarde
50000198;11000028;1000001015;500000646;2022;17;1;3;1;;00002766;00000004;00000015;00000785;1;0;0;;;0;;;0;;;0;;0;1;0;0;14;5;1;0;0;1;0;1;11;1;0;0;4;0;1;1;2;2;;1;;1;1;1;;;0;;;0;1;1;;;0;1;0;;0;1;;3;0.636363636363636;31;0.129032258064516;13;16.7689093912486;tarde
50000198;11000028;1000001318;500000879;2022;7;1;0;1;;00000965;00000002;00000018;;1;0;0;;0;;;;;;;0;;0;1;0;0;14;5;1;0;0;1;0;0;1;0;0;0;1;0;1;;2;2;;1;;1;1;1;;;0;;;0;1;1;;;0;1;0;;0;1;;3;0.636363636363636;31;0.129032258064516;13;16.7689093912486;tarde
50000198;11000028;1000001337;500000897;2022;22;1;1;1;;00000794;00000003;00000017;00004522;1;0;;;;;;;;0;;;0;0;1;0;0;14;5;1;0;0;1;0;0;16;1;0;0;1;0;1;1;2;2;;1;;1;1;1;;;0;;;0;1;1;;;0;1;0;;0;1;;3;0.636363636363636;31;0.129032258064516;13;16.7689093912486;tarde
50000199;11000028;1000000103;500000076;2022;20;1;1;1;;00004765;00000004;00000022;00004184;2;0;1;;;0;;;;;;;;0;1;0;0;18;5;1;0;0;1;0;1;10;1;0;0;5;0;1;;2;2;;1;;1;1;1;;;0;;;0;1;1;;;0;1;0;;0;1;;3;0.636363636363636;31;0.129032258064516;7;9.90245156921446;manha
50000199;11000028;1000000154;500000109;2022;10;2;0;1;;00004687;00000007;00000027;00001885;1;0;0;;;;;0;;;;;;0;1;0;0;18;5;1;0;0;1;0;0;0;0;1;0;5;0;1;1;2;2;;1;;1;1;1;;;0;;;0;1;1;;;0;1;0;;0;1;;3;0.636363636363636;31;0.129032258064516;7;9.90245156921446;manha
50000199;11000028;1000000219;500000161;2022;7;2;3;1;;00002314;00000004;00000026;00004065;1;0;0;;;;0;;;;;0;;0;1;;0;18;5;1;0;0;1;0;0;-3;0;0;0;5;0;1;;2;2;;1;;1;1;1;;;0;;;0;1;1;;;0;1;0;;0;1;;3;0.636363636363636;31;0.129032258064516;7;9.90245156921446;manha
50000199;11000028;1000000249;500000180;2022;26;2;0;1;;00003517;00000006;;00002911;2;0;0;;;1;;;;0;;;;0;1;0;0;18;5;1;0;0;1;0;0;16;1;0;0;5;0;1;;2;2;;1;;1;1;1;;;0;;;0;1;1;;;0;1;0;;0;1;;3;0.636363636363636;31;0.129032258064516;7;9.90245156921446;manha
50000199;11000028;1000000335;500000235;2022;13;2;3;1;;00003940;00000003;;00004418;1;0;1;;;0;;;;;0;;;0;1;0;0;18;5;1;0;0;1;0;1;3;1;0;0;5;0;1;1;2;2;;1;;1;1;1;;;0;;;0;1;1;;;0;1;0;;0;1;;3;0.636363636363636;31;0.129032258064516;7;9.90245156921446;manha
50000199;11000028;1000000560;500000367;2022;22;2;3;1;;00001933;00000003;00000009;;1;0;0;;;0;;;;;0;;;0;1;0;0;18;5;1;0;0;1;0;0;12;1;0;0;5;0;1;;2;2;;1;;1;1;1;;;0;;;0;1;1;;;0;1;0;;0;1;;3;0.636363636363636;31;0.129032258064516;7;9.90245156921446;manha
50000199;11000028;1000000826;500000539;2022;15;2;1;1;;00002101;00000006;00000011;;1;0;0;;;;;0;;;;;;0;1;0;;18;5;1;0;0;1;0;0;5;1;1;0;5;0;1;;2;2;;1;;1;1;1;;;0;;;0;1;1;;;0;1;0;;0;1;;3;0.636363636363636;31;0.129032258064516;7;9.90245156921446;manha
50000199;11000028;1000000839;500000545;2022;18;2;3;1;;00004993;00000008;;00000659;1;0;0;;;;;;;0;0;;;0;1;0;0;18;5;1;1;0;1;0;0;8;1;0;1;5;0;1;1;2;2;;1;;1;1;1;;;0;;;0;1;1;;;0;1;0;;0;1;;3;0.636363636363636;31;0.129032258064516;7;9.90245156921446;manha
50000199;11000028;1000000933;500000602;2022;26;1;0;1;;00003699;00000007;00000025;00000808;1;1;0;;;;;0;0;;;;;0;1;0;0;18;5;1;0;0;1;0;0;16;1;0;0;5;0;1;1;2;2;;1;;1;1;1;;;0;;;0;1;1;;;0;1;0;;0;1;;3;0.636363636363636;31;0.129032258064516;7;9.90245156921446;manha
50000200;11000028;1000000239;500000171;2022;20;1;3;1;;00004300;00000007;00000022;00001616;1;0;1;;0;;0;;;0;;;;0;1;0;0;26;5;1;0;0;1;0;0;4;1;0;0;5;0;1;;2;2;;1;;1;1;1;;;0;;;0;1;1;;;0;1;0;;0;1;;3;0.636363636363636;31;0.129032258064516;7;10.8820212550927;manha
50000200;11000028;1000001248;500000814;2022;4;1;0;1;;00000732;00000008;00000024;00001959;1;0;0;;;;;0;;;;;;;1;0;0;26;5;1;0;0;1;0;0;-12;0;0;0;2;0;1;1;2;2;;1;;1;1;1;;;0;;;0;1;1;;;0;1;0;;0;1;;3;0.636363636363636;31;0.129032258064516;7;10.8820212550927;manha
50000200;11000028;1000001367;500000926;2022;6;2;3;1;;00002043;00000007;;00000728;1;0;0;;;;;0;;;0;;0;0;1;0;;26;5;1;0;0;1;0;0;-10;0;0;0;0;;0;;2;2;;1;;1;1;1;;;0;;;0;1;1;;;0;1;0;;0;1;;3;0.636363636363636;31;0.129032258064516;7;10.8820212550927;manha
50000201;11000028;1000000647;500000423;2022;14;2;1;1;;00005500;00000007;00000015;;1;0;1;;;;;;;;0;;0;0;1;0;0;;5;1;0;0;1;0;0;;;0;0;5;0;1;;2;2;;1;;1;1;1;;;0;;;0;1;1;;;0;1;0;;0;1;;3;0.636363636363636;31;0.129032258064516;7;39.9249520171434;manha
50000201;11000028;1000001239;500000806;2022;11;2;1;1;;00004122;00000001;;;1;0;0;0;1;;;;;;;;;0;1;0;0;;5;1;0;0;1;0;0;;;0;0;2;0;1;;2;2;;1;;1;1;1;;;0;;;0;1;1;;;0;1;0;;0;1;;3;0.636363636363636;31;0.129032258064516;7;39.9249520171434;manha
50000201;11000028;1000001314;500000875;2022;14;2;1;1;;00005004;00000006;00000022;;1;0;0;;;;;;;;;0;0;0;1;0;0;;5;1;0;0;1;0;0;;;1;0;1;1;1;;2;2;;1;;1;1;1;;;0;;;0;1;1;;;0;1;0;;0;1;;3;0.636363636363636;31;0.129032258064516;7;39.9249520171434;manha
50000201;11000028;1000001394;500000953;2022;15;1;3;1;;00000968;00000004;;00001072;2;0;0;;;;;;;;;;;0;1;0;0;;5;1;0;0;1;0;0;;;0;0;0;;0;;2;2;;1;;1;1;1;;;0;;;0;1;1;;;0;1;0;;0;1;;3;0.636363636363636;31;0.129032258064516;7;39.9249520171434;manha
50000202;11000028;1000000489;500000322;2022;18;1;0;1;;00000590;00000003;;00004202;2;0;0;;;1;0;;;;;;;0;1;1;0;14;5;1;0;0;1;0;0;12;1;0;0;5;0;1;;2;2;;1;;1;1;1;;;0;;;0;1;1;;;0;1;0;;0;1;;3;0.636363636363636;31;0.129032258064516;13;27.0976011629682;tarde
50000203;11000028;1000000519;500000343;2022;21;2;0;1;;00002127;00000001;00000026;00000144;1;0;0;;;;0;1;0;;;;;0;1;0;0;2;5;1;0;0;1;0;0;;;1;0;5;1;1;1;2;2;;1;;1;1;1;;;0;;;0;1;1;;;0;1;0;;0;1;;3;0.636363636363636;31;0.129032258064516;13;34.5583510976285;tarde
50000203;11000028;1000000697;500000460;2022;28;2;3;1;;00002074;00000002;00000003;00000018;2;1;0;;;;;;;;;;;0;1;0;0;2;5;1;0;0;1;0;1;;;1;0;5;1;1;1;2;2;;1;;1;1;1;;;0;;;0;1;1;;;0;1;0;;0;1;;3;0.636363636363636;31;0.129032258064516;13;34.5583510976285;tarde
50000204;11000029;1000000273;500000197;2022;19;2;0;1;;00002702;00000001;00000008;00002697;1;0;0;;;;;;;;;;;0;1;0;0;;5;1;0;0;1;0;0;;;0;1;5;0;1;1;4;2;;1;;1;1;;;0;0;0;0;;1;;1;1;0;;1;0;0;0;;2;0.583333333333333;25;0.08;7;16.5758607396856;manha
50000204;11000029;1000000368;500000255;2022;20;2;1;1;;00005383;00000007;00000011;00001709;1;0;0;;;;;;0;;0;;;0;1;0;0;;5;1;0;0;1;0;0;;;0;0;5;0;1;1;4;2;;1;;1;1;;;0;0;0;0;;1;;1;1;0;;1;0;0;0;;2;0.583333333333333;25;0.08;7;16.5758607396856;manha
50000204;11000029;1000001078;500000693;2022;25;1;0;1;;00001938;00000006;00000018;00003603;1;0;0;;;;;;0;0;;;;0;1;0;0;;5;1;0;0;1;0;0;;;0;0;4;0;1;1;4;2;;1;;1;1;;;0;0;0;0;;1;;1;1;0;;1;0;0;0;;2;0.583333333333333;25;0.08;7;16.5758607396856;manha
50000204;11000029;1000001294;500000856;2022;15;2;3;1;;00000063;00000005;00000011;00004613;1;0;0;0;0;;;;;;;;;0;1;0;0;;5;1;0;0;1;0;0;;;0;0;1;0;1;;4;2;;1;;1;1;;;0;0;0;0;;1;;1;1;0;;1;0;0;0;;2;0.583333333333333;25;0.08;7;16.5758607396856;manha
50000205;11000029;1000000686;500000451;2022;19;2;1;1;;00000352;00000002;00000025;00002069;1;0;0;;;0;;;0;;;0;;0;1;0;1;2;5;1;0;0;1;0;0;;;0;0;5;0;1;1;4;2;;1;;1;1;;;0;0;0;0;;1;;1;1;0;;1;0;0;0;;2;0.583333333333333;25;0.08;7;32.1504983364139;manha
50000205;11000029;1000000945;500000610;2022;20;1;1;1;;00005157;00000002;;;1;0;0;;0;;0;0;;0;;;;0;1;0;0;2;5;1;0;0;1;0;0;;;0;0;5;0;1;;4;2;;1;;1;1;;;0;0;0;0;;1;;1;1;0;;1;0;0;0;;2;0.583333333333333;25;0.08;7;32.1504983364139;manha
50000205;11000029;1000001051;500000670;2022;18;1;1;1;;00004734;00000008;00000002;;1;0;0;;;1;;;;;;;;0;1;0;0;2;5;1;0;0;1;0;0;;;0;1;4;0;1;;4;2;;1;;1;1;;;0;0;0;0;;1;;1;1;0;;1;0;0;0;;2;0.583333333333333;25;0.08;7;32.1504983364139;manha
50000206;11000029;1000000685;500000450;2022;8;1;0;1;;00004386;00000007;00000021;00005021;1;0;0;;;0;;;;;;;;0;1;0;0;18;5;1;0;0;1;0;0;-2;0;0;0;5;0;1;1;4;2;;1;;1;1;;;0;0;0;0;;1;;1;1;0;;1;0;0;0;;2;0.583333333333333;25;0.08;7;10.2170196385123;manha
50000206;11000029;1000001183;500000764;2022;8;1;3;1;;00001559;00000006;00000020;00004864;2;0;1;;;;;;;;;;0;0;1;0;0;18;5;1;0;0;1;0;0;-2;0;1;0;3;0;1;1;4;2;;1;;1;1;;;0;0;0;0;;1;;1;1;0;;1;0;0;0;;2;0.583333333333333;25;0.08;7;10.2170196385123;manha
50000207;11000029;1000000254;500000185;2022;18;2;0;1;;00000117;00000004;;00002574;1;0;0;;;0;;;;;0;;0;0;1;0;0;1;5;1;0;0;1;0;0;;;0;0;5;0;1;;4;2;;1;;1;1;;;0;0;0;0;;1;;1;1;0;;1;0;0;0;;2;0.583333333333333;25;0.08;13;19.798377326224;tarde
50000207;11000029;1000000255;500000186;2022;22;1;1;1;;00000674;00000006;00000009;00002100;1;0;0;;;;;0;0;0;;;0;0;1;0;0;1;5;1;0;0;1;0;0;;;0;0;5;0;1;1;4;2;;1;;1;1;;;0;0;0;0;;1;;1;1;0;;1;0;0;0;;2;0.583333333333333;25;0.08;13;19.798377326224;tarde
50000207;11000029;1000000719;500000474;2022;10;2;1;1;;00005477;00000006;00000027;00001165;1;1;1;0;;;0;;;;0;0;;0;1;0;0;1;5;1;0;0;1;0;0;;;0;0;5;0;1;1;4;2;;1;;1;1;;;0;0;0;0;;1;;1;1;0;;1;0;0;0;;2;0.583333333333333;25;0.08;13;19.798377326224;tarde
50000207;11000029;1000001399;500000958;2022;15;1;1;1;;00004889;00000005;00000022;;2;0;0;;0;;;;;;;;0;0;1;0;0;1;5;1;0;0;1;0;0;;;0;0;0;;0;;4;2;;1;;1;1;;;0;0;0;0;;1;;1;1;0;;1;0;0;0;;2;0.583333333333333;25;0.08;13;19.798377326224;tarde
50000208;11000029;1000000982;500000631;2022;13;1;0;1;;00000277;00000008;00000025;00004455;1;0;0;;;;;;;;0;;;0;1;1;0;17;5;1;0;0;1;0;0;4;1;0;0;5;0;1;;4;2;;1;;1;1;;;0;0;0;0;;1;;1;1;0;;1;0;0;0;;2;0.583333333333333;25;0.08;9;23.0257293523755;manha
50000208;11000029;1000001024;500000652;2022;9;1;3;1;;00000905;00000007;;00002093;2;0;0;;;;;;;;;;;0;1;0;0;17;5;1;1;0;1;0;0;0;0;0;0;4;0;1;1;4;2;;1;;1;1;;;0;0;0;0;;1;;1;1;0;;1;0;0;0;;2;0.583333333333333;25;0.08;9;23.0257293523755;manha
50000208;11000029;1000001140;500000731;2022;18;1;1;1;;;00000004;;;1;0;0;;;;;;;;;0;;0;1;1;0;17;5;1;0;0;1;0;0;9;1;0;0;3;0;1;;4;2;;1;;1;1;;;0;0;0;0;;1;;1;1;0;;1;0;0;0;;2;0.583333333333333;25;0.08;9;23.0257293523755;manha
50000209;11000029;1000000296;500000213;2022;9;1;2;1;;00002192;00000001;00000003;00005149;1;0;0;0;;;;;;0;;;;0;1;0;0;41;5;1;0;0;1;0;0;-5;0;0;1;5;0;1;1;4;2;;1;;1;1;;;0;0;0;0;;1;;1;1;0;;1;0;0;0;;2;0.583333333333333;25;0.08;14;16.1918624909595;tarde
50000210;11000029;1000000524;500000345;2022;11;2;1;1;;00002208;00000001;00000002;;2;0;0;;;;;;;;;;;0;1;0;0;1;5;1;0;0;1;0;0;;;0;0;5;0;1;;4;2;;1;;1;1;;;0;0;0;0;;1;;1;1;0;;1;0;0;0;;2;0.583333333333333;25;0.08;8;21.5307122084778;manha
50000210;11000029;1000001111;500000714;2022;12;1;1;1;;00004633;00000004;00000002;;1;0;0;;0;;;;;;;;;0;1;1;0;1;5;1;0;0;1;0;0;;;0;0;3;0;1;;4;2;;1;;1;1;;;0;0;0;0;;1;;1;1;0;;1;0;0;0;;2;0.583333333333333;25;0.08;8;21.5307122084778;manha
50000210;11000029;1000001246;500000812;2022;9;2;3;1;;00005404;00000001;00000019;00002036;1;0;0;0;;;;;0;;;;;0;1;;0;1;5;1;0;0;1;0;0;;;0;0;2;0;1;1;4;2;;1;;1;1;;;0;0;0;0;;1;;1;1;0;;1;0;0;0;;2;0.583333333333333;25;0.08;8;21.5307122084778;manha
50000211;11000030;1000000631;500000413;2022;15;1;0;1;;00000898;00000001;00000008;00004303;1;0;0;;;;0;;;0;;;;0;1;0;0;1;5;1;0;0;1;0;0;;;0;1;5;0;1;;3;2;1;;1;1;;;0;1;0;0;;1;1;0;1;1;1;;;0;0;0;;;0.666666666666667;30;0;13;17.7848475647625;tarde
50000211;11000030;1000000715;500000472;2022;9;1;1;1;;00002025;00000001;00000005;00005067;1;0;0;;;;;;;;;;;0;1;0;0;1;5;1;0;0;1;0;0;;;1;0;5;0;1;1;3;2;1;;1;1;;;0;1;0;0;;1;1;0;1;1;1;;;0;0;0;;;0.666666666666667;30;0;13;17.7848475647625;tarde
50000211;11000030;1000000754;500000491;2022;19;1;3;1;;00000830;00000002;00000022;;1;0;0;;;0;;;0;0;;;0;0;1;0;0;1;5;1;0;0;1;0;0;;;0;0;5;0;1;;3;2;1;;1;1;;;0;1;0;0;;1;1;0;1;1;1;;;0;0;0;;;0.666666666666667;30;0;13;17.7848475647625;tarde
50000211;11000030;1000001075;500000690;2022;8;1;1;1;;00000648;00000002;00000025;;1;0;0;;;1;;;;0;;;;0;1;;0;1;5;1;0;0;1;0;0;;;0;0;4;0;1;;3;2;1;;1;1;;;0;1;0;0;;1;1;0;1;1;1;;;0;0;0;;;0.666666666666667;30;0;13;17.7848475647625;tarde
50000211;11000030;1000001210;500000782;2022;13;1;1;1;;00001944;00000003;00000007;00003532;1;0;0;;;;;;;;;;0;0;1;0;0;1;5;1;0;0;1;0;0;;;0;0;2;0;1;1;3;2;1;;1;1;;;0;1;0;0;;1;1;0;1;1;1;;;0;0;0;;;0.666666666666667;30;0;13;17.7848475647625;tarde
50000211;11000030;1000001340;500000899;2022;17;2;3;1;;00001797;00000008;;00004012;1;0;0;;;;0;;0;;0;;;0;1;0;0;1;5;1;0;0;1;0;0;;;0;0;1;0;1;1;3;2;1;;1;1;;;0;1;0;0;;1;1;0;1;1;1;;;0;0;0;;;0.666666666666667;30;0;13;17.7848475647625;tarde
50000211;11000030;1000001354;500000913;2022;5;2;1;1;;00000842;00000008;00000013;;1;0;1;;;1;;;;;;;;0;1;0;0;1;5;1;0;0;1;0;0;;;0;0;1;0;1;;3;2;1;;1;1;;;0;1;0;0;;1;1;0;1;1;1;;;0;0;0;;;0.666666666666667;30;0;13;17.7848475647625;tarde
50000211;11000030;1000001358;500000917;2022;18;1;3;1;;00005363;00000004;;00003524;1;0;0;0;;;0;1;;;;;;0;1;0;0;1;5;1;0;0;1;0;0;;;0;0;1;0;1;1;3;2;1;;1;1;;;0;1;0;0;;1;1;0;1;1;1;;;0;0;0;;;0.666666666666667;30;0;13;17.7848475647625;tarde
50000212;11000030;1000000582;500000382;2022;10;1;0;1;;00000691;00000008;;;1;0;1;;;;;;0;0;;;;0;1;0;0;21;5;1;0;0;1;0;0;-3;0;0;0;5;0;1;;3;2;1;;1;1;;;0;1;0;0;;1;1;0;1;1;1;;;0;0;0;;;0.666666666666667;30;0;13;6.60420472268015;tarde
50000212;11000030;1000001012;500000644;2022;17;1;1;1;;00002353;00000008;00000011;00005219;1;0;0;;;;0;;0;;0;;;0;1;0;0;21;5;1;0;0;1;0;0;4;1;1;0;4;0;1;1;3;2;1;;1;1;;;0;1;0;0;;1;1;0;1;1;1;;;0;0;0;;;0.666666666666667;30;0;13;6.60420472268015;tarde
50000212;11000030;1000001432;500000991;2022;10;2;3;1;;00001791;00000003;00000011;00002470;1;0;0;0;;;0;;;;0;;;0;1;0;0;21;5;1;0;0;1;0;0;-3;0;0;0;0;;0;;3;2;1;;1;1;;;0;1;0;0;;1;1;0;1;1;1;;;0;0;0;;;0.666666666666667;30;0;13;6.60420472268015;tarde
50000213;11000030;1000000353;500000244;2022;19;1;1;1;;00000746;00000006;00000006;00003940;2;0;0;0;;;;0;;;;;;0;1;0;0;15;5;1;0;0;1;0;0;12;1;0;0;5;0;1;;3;2;1;;1;1;;;0;1;0;0;;1;1;0;1;1;1;;;0;0;0;;;0.666666666666667;30;0;19;32.0878871704917;noite
50000213;11000030;1000000694;500000457;2022;18;1;1;1;;00004006;00000001;00000019;00001337;1;0;0;;0;;;;;;;;;0;1;0;0;15;5;1;0;0;1;0;0;11;1;0;0;5;0;1;1;3;2;1;;1;1;;;0;1;0;0;;1;1;0;1;1;1;;;0;0;0;;;0.666666666666667;30;0;19;32.0878871704917;noite
50000214;11000030;1000000108;500000079;2022;12;1;5;1;;00002160;00000008;00000016;00005359;1;1;0;;0;;;;;;;;;0;1;0;0;14;5;1;0;0;1;0;0;6;1;0;0;5;0;1;;3;2;1;;1;1;;;0;1;0;0;;1;1;0;1;1;1;;;0;0;0;;;0.666666666666667;30;0;7;40.4372894223779;manha
50000214;11000030;1000000961;500000620;2022;11;1;3;1;;00002632;00000003;00000013;00004916;1;0;0;;;1;;0;;;;;;0;1;0;0;14;5;1;1;0;1;0;0;5;1;0;1;5;0;1;1;3;2;1;;1;1;;;0;1;0;0;;1;1;0;1;1;1;;;0;0;0;;;0.666666666666667;30;0;7;40.4372894223779;manha
50000214;11000030;1000001409;500000968;2022;11;2;3;1;;00003123;00000004;00000026;00003096;1;0;1;;;;;;;;;0;0;0;1;0;0;14;5;1;0;0;1;0;0;5;1;0;0;0;;0;;3;2;1;;1;1;;;0;1;0;0;;1;1;0;1;1;1;;;0;0;0;;;0.666666666666667;30;0;7;40.4372894223779;manha
50000215;11000030;1000000682;500000447;2022;9;2;3;1;;00001098;00000007;;;2;0;0;;;;;;;0;;;;0;1;0;0;2;6;1;0;0;1;0;0;;;0;0;5;0;1;;3;2;1;;1;1;;;0;1;0;0;;1;1;0;1;1;1;;;0;0;0;;;0.666666666666667;30;0;7;27.6454223191831;manha
50000215;11000030;1000001422;500000981;2022;4;2;1;1;;00001871;00000004;;00001588;1;0;0;;;;0;;;;;;;0;1;;0;2;6;1;0;0;1;0;0;;;0;0;0;;0;;3;2;1;;1;1;;;0;1;0;0;;1;1;0;1;1;1;;;0;0;0;;;0.666666666666667;30;0;7;27.6454223191831;manha
50000216;11000030;1000000643;500000419;2022;8;2;1;1;;00002700;00000002;;00003161;1;0;0;;;;0;;;0;;;;0;1;0;0;1;5;1;0;0;1;0;0;;;0;1;5;0;1;;3;2;1;;1;1;;;0;1;0;0;;1;1;0;1;1;1;;;0;0;0;;;0.666666666666667;30;0;8;17.784609310329;manha
50000216;11000030;1000001263;500000827;2022;6;2;1;1;;00002828;00000004;00000018;00002644;1;0;0;;;;;;;;;;;0;1;0;0;1;5;1;0;0;1;0;0;;;0;0;2;0;1;;3;2;1;;1;1;;;0;1;0;0;;1;1;0;1;1;1;;;0;0;0;;;0.666666666666667;30;0;8;17.784609310329;manha
50000216;11000030;1000001356;500000915;2022;4;2;1;1;;00002600;00000003;00000026;;1;0;0;;;;0;;;0;;;;0;1;0;0;1;5;1;0;0;1;0;0;;;0;0;1;0;1;;3;2;1;;1;1;;;0;1;0;0;;1;1;0;1;1;1;;;0;0;0;;;0.666666666666667;30;0;8;17.784609310329;manha
50000217;11000030;1000000534;500000352;2022;20;2;3;1;;00000652;00000004;00000017;;1;0;0;;;;0;;;;0;;;0;1;0;0;20;5;1;0;0;1;0;0;8;1;0;1;5;0;1;;3;2;1;;1;1;;;0;1;0;0;;1;1;0;1;1;1;;;0;0;0;;;0.666666666666667;30;0;7;18.5718556691427;manha
50000217;11000030;1000001013;500000645;2022;20;2;1;1;;00002488;00000007;;;1;0;0;;;;;0;;;;;;0;1;0;0;20;5;1;0;0;1;0;1;8;1;0;0;4;0;1;;3;2;1;;1;1;;;0;1;0;0;;1;1;0;1;1;1;;;0;0;0;;;0.666666666666667;30;0;7;18.5718556691427;manha
50000217;11000030;1000001385;500000944;2022;8;1;0;1;;00002023;00000008;00000024;;1;0;1;;;;0;1;;0;0;0;;0;1;0;0;20;5;1;0;0;1;0;0;-4;0;0;0;0;;0;;3;2;1;;1;1;;;0;1;0;0;;1;1;0;1;1;1;;;0;0;0;;;0.666666666666667;30;0;7;18.5718556691427;manha
